ta1A 0 1000000 0.0648110
ta1A 1000000 2000000 0.0538260
ta1A 2000000 3000000 0.1103670
ta1A 3000000 4000000 0.0309390
ta1A 4000000 5000000 0.0577130
ta1A 5000000 6000000 0.0359060
ta1A 6000000 7000000 0.0428050
ta1A 7000000 8000000 0.0280030
ta1A 8000000 9000000 0.0294560
ta1A 9000000 10000000 0.0374050
ta1A 10000000 11000000 0.0630220
ta1A 11000000 12000000 0.0544080
ta1A 12000000 13000000 0.0358210
ta1A 13000000 14000000 0.0326170
ta1A 14000000 15000000 0.0295620
ta1A 15000000 16000000 0.0407100
ta1A 16000000 17000000 0.0549910
ta1A 17000000 18000000 0.0305840
ta1A 18000000 19000000 0.0262650
ta1A 19000000 20000000 0.4622750
ta1A 20000000 21000000 0.3661060
ta1A 21000000 22000000 0.0546420
ta1A 22000000 23000000 0.1288870
ta1A 23000000 24000000 0.0433790
ta1A 24000000 25000000 0.0372770
ta1A 25000000 26000000 0.0340370
ta1A 26000000 27000000 0.0470240
ta1A 27000000 28000000 0.0311080
ta1A 28000000 29000000 0.0270700
ta1A 29000000 30000000 0.0222110
ta1A 30000000 31000000 0.1504890
ta1A 31000000 32000000 0.0321110
ta1A 32000000 33000000 0.0315980
ta1A 33000000 34000000 0.0269570
ta1A 34000000 35000000 0.0273290
ta1A 35000000 36000000 0.0262140
ta1A 36000000 37000000 0.0307430
ta1A 37000000 38000000 0.0222420
ta1A 38000000 39000000 0.0201840
ta1A 39000000 40000000 0.0285240
ta1A 40000000 41000000 0.0237680
ta1A 41000000 42000000 0.0297920
ta1A 42000000 43000000 0.0422140
ta1A 43000000 44000000 0.0394660
ta1A 44000000 45000000 0.0246050
ta1A 45000000 46000000 0.0214450
ta1A 46000000 47000000 0.0289010
ta1A 47000000 48000000 0.0302440
ta1A 48000000 49000000 0.0250840
ta1A 49000000 50000000 0.0171830
ta1A 50000000 51000000 0.0241170
ta1A 51000000 52000000 0.0267560
ta1A 52000000 53000000 0.0275400
ta1A 53000000 54000000 0.0319570
ta1A 54000000 55000000 0.0276120
ta1A 55000000 56000000 0.0258740
ta1A 56000000 57000000 0.0177440
ta1A 57000000 58000000 0.0288690
ta1A 58000000 59000000 0.0282290
ta1A 59000000 60000000 0.0389510
ta1A 60000000 61000000 0.0223180
ta1A 61000000 62000000 0.0233520
ta1A 62000000 63000000 0.0204950
ta1A 63000000 64000000 0.0293650
ta1A 64000000 65000000 0.0207780
ta1A 65000000 66000000 0.0182370
ta1A 66000000 67000000 0.0241880
ta1A 67000000 68000000 0.0290450
ta1A 68000000 69000000 0.0372180
ta1A 69000000 70000000 0.0302580
ta1A 70000000 71000000 0.0221600
ta1A 71000000 72000000 0.0191700
ta1A 72000000 73000000 0.0178180
ta1A 73000000 74000000 0.0393230
ta1A 74000000 75000000 0.0272160
ta1A 75000000 76000000 0.0330410
ta1A 76000000 77000000 0.0227840
ta1A 77000000 78000000 0.0273730
ta1A 78000000 79000000 0.0251290
ta1A 79000000 80000000 0.0265610
ta1A 80000000 81000000 0.0220180
ta1A 81000000 82000000 0.0174940
ta1A 82000000 83000000 0.0190470
ta1A 83000000 84000000 0.0288050
ta1A 84000000 85000000 0.0164530
ta1A 85000000 86000000 0.0201620
ta1A 86000000 87000000 0.0240750
ta1A 87000000 88000000 0.0278380
ta1A 88000000 89000000 0.0367220
ta1A 89000000 90000000 0.0217360
ta1A 90000000 91000000 0.0264420
ta1A 91000000 92000000 0.0233160
ta1A 92000000 93000000 0.0224230
ta1A 93000000 94000000 0.0260180
ta1A 94000000 95000000 0.0271680
ta1A 95000000 96000000 0.0226430
ta1A 96000000 97000000 0.0236640
ta1A 97000000 98000000 0.0305020
ta1A 98000000 99000000 0.0262620
ta1A 99000000 100000000 0.0246800
ta1A 100000000 101000000 0.0323950
ta1A 101000000 102000000 0.0190530
ta1A 102000000 103000000 0.0215960
ta1A 103000000 104000000 0.0203160
ta1A 104000000 105000000 0.0215030
ta1A 105000000 106000000 0.0135190
ta1A 106000000 107000000 0.0238400
ta1A 107000000 108000000 0.0256180
ta1A 108000000 109000000 0.0130480
ta1A 109000000 110000000 0.0168190
ta1A 110000000 111000000 0.0357600
ta1A 111000000 112000000 0.0281870
ta1A 112000000 113000000 0.0177710
ta1A 113000000 114000000 0.0255280
ta1A 114000000 115000000 0.0211710
ta1A 115000000 116000000 0.0197620
ta1A 116000000 117000000 0.0170030
ta1A 117000000 118000000 0.0220620
ta1A 118000000 119000000 0.0240040
ta1A 119000000 120000000 0.0185750
ta1A 120000000 121000000 0.0291990
ta1A 121000000 122000000 0.0225440
ta1A 122000000 123000000 0.0209800
ta1A 123000000 124000000 0.0258030
ta1A 124000000 125000000 0.0203110
ta1A 125000000 126000000 0.0243500
ta1A 126000000 127000000 0.0232610
ta1A 127000000 128000000 0.0216040
ta1A 128000000 129000000 0.0233500
ta1A 129000000 130000000 0.0250840
ta1A 130000000 131000000 0.0188710
ta1A 131000000 132000000 0.0169930
ta1A 132000000 133000000 0.0241190
ta1A 133000000 134000000 0.0208380
ta1A 134000000 135000000 0.0220810
ta1A 135000000 136000000 0.0152820
ta1A 136000000 137000000 0.0196920
ta1A 137000000 138000000 0.0219420
ta1A 138000000 139000000 0.0230550
ta1A 139000000 140000000 0.0201890
ta1A 140000000 141000000 0.0270220
ta1A 141000000 142000000 0.0199610
ta1A 142000000 143000000 0.0180360
ta1A 143000000 144000000 0.0279040
ta1A 144000000 145000000 0.0192940
ta1A 145000000 146000000 0.0251820
ta1A 146000000 147000000 0.0196820
ta1A 147000000 148000000 0.0202730
ta1A 148000000 149000000 0.0243030
ta1A 149000000 150000000 0.0159050
ta1A 150000000 151000000 0.0202740
ta1A 151000000 152000000 0.0215660
ta1A 152000000 153000000 0.0194030
ta1A 153000000 154000000 0.0228260
ta1A 154000000 155000000 0.0146060
ta1A 155000000 156000000 0.0188090
ta1A 156000000 157000000 0.0235420
ta1A 157000000 158000000 0.0145590
ta1A 158000000 159000000 0.0192090
ta1A 159000000 160000000 0.0132850
ta1A 160000000 161000000 0.0220700
ta1A 161000000 162000000 0.0272110
ta1A 162000000 163000000 0.0250920
ta1A 163000000 164000000 0.1739950
ta1A 164000000 165000000 0.0230400
ta1A 165000000 166000000 0.0250330
ta1A 166000000 167000000 0.0161830
ta1A 167000000 168000000 0.0195770
ta1A 168000000 169000000 0.1233430
ta1A 169000000 170000000 0.0156520
ta1A 170000000 171000000 0.0147900
ta1A 171000000 172000000 0.0165230
ta1A 172000000 173000000 0.0187850
ta1A 173000000 174000000 0.0194280
ta1A 174000000 175000000 0.0184050
ta1A 175000000 176000000 0.0136920
ta1A 176000000 177000000 0.0131900
ta1A 177000000 178000000 0.0210010
ta1A 178000000 179000000 0.0240780
ta1A 179000000 180000000 0.0178590
ta1A 180000000 181000000 0.0162600
ta1A 181000000 182000000 0.0173790
ta1A 182000000 183000000 0.0173330
ta1A 183000000 184000000 0.0198300
ta1A 184000000 185000000 0.0161430
ta1A 185000000 186000000 0.0192840
ta1A 186000000 187000000 0.0106520
ta1A 187000000 188000000 0.0177450
ta1A 188000000 189000000 0.0179840
ta1A 189000000 190000000 0.0208780
ta1A 190000000 191000000 0.0166550
ta1A 191000000 192000000 0.0194040
ta1A 192000000 193000000 0.0153280
ta1A 193000000 194000000 0.0208270
ta1A 194000000 195000000 0.0122540
ta1A 195000000 196000000 0.0127460
ta1A 196000000 197000000 0.0214430
ta1A 197000000 198000000 0.0181170
ta1A 198000000 199000000 0.0239370
ta1A 199000000 200000000 0.0226650
ta1A 200000000 201000000 0.0177360
ta1A 201000000 202000000 0.0182750
ta1A 202000000 203000000 0.0203930
ta1A 203000000 204000000 0.0270110
ta1A 204000000 205000000 0.0153650
ta1A 205000000 206000000 0.0244450
ta1A 206000000 207000000 0.0206640
ta1A 207000000 208000000 0.0179010
ta1A 208000000 209000000 0.0191060
ta1A 209000000 210000000 0.0169920
ta1A 210000000 211000000 0.0179630
ta1A 211000000 212000000 0.0171740
ta1A 212000000 213000000 0.0237840
ta1A 213000000 214000000 0.0228500
ta1A 214000000 215000000 0.0201360
ta1A 215000000 216000000 0.0232280
ta1A 216000000 217000000 0.0246390
ta1A 217000000 218000000 0.0243400
ta1A 218000000 219000000 0.0351400
ta1A 219000000 220000000 0.0215200
ta1A 220000000 221000000 0.0168690
ta1A 221000000 222000000 0.0230170
ta1A 222000000 223000000 0.0188670
ta1A 223000000 224000000 0.0171730
ta1A 224000000 225000000 0.0157860
ta1A 225000000 226000000 0.0183860
ta1A 226000000 227000000 0.0199410
ta1A 227000000 228000000 0.0148430
ta1A 228000000 229000000 0.0197770
ta1A 229000000 230000000 0.0142150
ta1A 230000000 231000000 0.0164110
ta1A 231000000 232000000 0.0176240
ta1A 232000000 233000000 0.0242070
ta1A 233000000 234000000 0.0239750
ta1A 234000000 235000000 0.0233590
ta1A 235000000 236000000 0.0210350
ta1A 236000000 237000000 0.0172210
ta1A 237000000 238000000 0.0139150
ta1A 238000000 239000000 0.0208030
ta1A 239000000 240000000 0.0139900
ta1A 240000000 241000000 0.0173670
ta1A 241000000 242000000 0.0174000
ta1A 242000000 243000000 0.0177420
ta1A 243000000 244000000 0.0211890
ta1A 244000000 245000000 0.0188480
ta1A 245000000 246000000 0.0251850
ta1A 246000000 247000000 0.0242460
ta1A 247000000 248000000 0.0652870
ta1A 248000000 249000000 0.1512590
ta1A 249000000 250000000 0.0179990
ta1A 250000000 251000000 0.0215700
ta1A 251000000 252000000 0.0193310
ta1A 252000000 253000000 0.0146290
ta1A 253000000 254000000 0.0211750
ta1A 254000000 255000000 0.0250210
ta1A 255000000 256000000 0.0196520
ta1A 256000000 257000000 0.0229830
ta1A 257000000 258000000 0.0226460
ta1A 258000000 259000000 0.0226480
ta1A 259000000 260000000 0.0212170
ta1A 260000000 261000000 0.0149900
ta1A 261000000 262000000 0.0196130
ta1A 262000000 263000000 0.0262320
ta1A 263000000 264000000 0.0160590
ta1A 264000000 265000000 0.0178290
ta1A 265000000 266000000 0.0191780
ta1A 266000000 267000000 0.0169520
ta1A 267000000 268000000 0.0147160
ta1A 268000000 269000000 0.0257590
ta1A 269000000 270000000 0.0184170
ta1A 270000000 271000000 0.0170700
ta1A 271000000 272000000 0.0232750
ta1A 272000000 273000000 0.0234590
ta1A 273000000 274000000 0.0172540
ta1A 274000000 275000000 0.0209880
ta1A 275000000 276000000 0.0202890
ta1A 276000000 277000000 0.0171520
ta1A 277000000 278000000 0.0202250
ta1A 278000000 279000000 0.0149230
ta1A 279000000 280000000 0.0187030
ta1A 280000000 281000000 0.0254300
ta1A 281000000 282000000 0.0209950
ta1A 282000000 283000000 0.0193740
ta1A 283000000 284000000 0.0186280
ta1A 284000000 285000000 0.0204280
ta1A 285000000 286000000 0.0185220
ta1A 286000000 287000000 0.0155220
ta1A 287000000 288000000 0.0183200
ta1A 288000000 289000000 0.0204580
ta1A 289000000 290000000 0.0170490
ta1A 290000000 291000000 0.0191230
ta1A 291000000 292000000 0.0164210
ta1A 292000000 293000000 0.0256240
ta1A 293000000 294000000 0.0180870
ta1A 294000000 295000000 0.0209840
ta1A 295000000 296000000 0.0192610
ta1A 296000000 297000000 0.0230070
ta1A 297000000 298000000 0.0477590
ta1A 298000000 299000000 0.0203360
ta1A 299000000 300000000 0.0228780
ta1A 300000000 301000000 0.0222910
ta1A 301000000 302000000 0.0149110
ta1A 302000000 303000000 0.0168410
ta1A 303000000 304000000 0.0279300
ta1A 304000000 305000000 0.0241710
ta1A 305000000 306000000 0.0181380
ta1A 306000000 307000000 0.0222980
ta1A 307000000 308000000 0.0154510
ta1A 308000000 309000000 0.0195220
ta1A 309000000 310000000 0.0177560
ta1A 310000000 311000000 0.0175060
ta1A 311000000 312000000 0.0201650
ta1A 312000000 313000000 0.0195560
ta1A 313000000 314000000 0.0194570
ta1A 314000000 315000000 0.0201260
ta1A 315000000 316000000 0.0258340
ta1A 316000000 317000000 0.0256250
ta1A 317000000 318000000 0.0235970
ta1A 318000000 319000000 0.0195920
ta1A 319000000 320000000 0.0204720
ta1A 320000000 321000000 0.0189270
ta1A 321000000 322000000 0.0197970
ta1A 322000000 323000000 0.0211400
ta1A 323000000 324000000 0.0225570
ta1A 324000000 325000000 0.0271210
ta1A 325000000 326000000 0.0201720
ta1A 326000000 327000000 0.0204470
ta1A 327000000 328000000 0.0212310
ta1A 328000000 329000000 0.0154600
ta1A 329000000 330000000 0.0176550
ta1A 330000000 331000000 0.0166260
ta1A 331000000 332000000 0.0255420
ta1A 332000000 333000000 0.0173440
ta1A 333000000 334000000 0.0248570
ta1A 334000000 335000000 0.0249340
ta1A 335000000 336000000 0.0194380
ta1A 336000000 337000000 0.0254330
ta1A 337000000 338000000 0.0229140
ta1A 338000000 339000000 0.0276280
ta1A 339000000 340000000 0.0298460
ta1A 340000000 341000000 0.0141110
ta1A 341000000 342000000 0.0154980
ta1A 342000000 343000000 0.0183740
ta1A 343000000 344000000 0.0126350
ta1A 344000000 345000000 0.0210360
ta1A 345000000 346000000 0.0124910
ta1A 346000000 347000000 0.0161790
ta1A 347000000 348000000 0.0192760
ta1A 348000000 349000000 0.0230440
ta1A 349000000 350000000 0.0158800
ta1A 350000000 351000000 0.0148330
ta1A 351000000 352000000 0.0211510
ta1A 352000000 353000000 0.0174220
ta1A 353000000 354000000 0.0234900
ta1A 354000000 355000000 0.0218380
ta1A 355000000 356000000 0.0212070
ta1A 356000000 357000000 0.0163740
ta1A 357000000 358000000 0.0212450
ta1A 358000000 359000000 0.0240330
ta1A 359000000 360000000 0.0251030
ta1A 360000000 361000000 0.0316400
ta1A 361000000 362000000 0.0158540
ta1A 362000000 363000000 0.0197910
ta1A 363000000 364000000 0.0175030
ta1A 364000000 365000000 0.0169270
ta1A 365000000 366000000 0.0239670
ta1A 366000000 367000000 0.0299070
ta1A 367000000 368000000 0.0310550
ta1A 368000000 369000000 0.0236780
ta1A 369000000 370000000 0.0199340
ta1A 370000000 371000000 0.0234530
ta1A 371000000 372000000 0.0273890
ta1A 372000000 373000000 0.0462490
ta1A 373000000 374000000 0.0224620
ta1A 374000000 375000000 0.0180200
ta1A 375000000 376000000 0.0162270
ta1A 376000000 377000000 0.0203560
ta1A 377000000 378000000 0.0208470
ta1A 378000000 379000000 0.0188370
ta1A 379000000 380000000 0.0244800
ta1A 380000000 381000000 0.0272340
ta1A 381000000 382000000 0.0177670
ta1A 382000000 383000000 0.0178460
ta1A 383000000 384000000 0.0228880
ta1A 384000000 385000000 0.0340770
ta1A 385000000 386000000 0.0242160
ta1A 386000000 387000000 0.0159080
ta1A 387000000 388000000 0.0156480
ta1A 388000000 389000000 0.0190260
ta1A 389000000 390000000 0.0172600
ta1A 390000000 391000000 0.0172600
ta1A 391000000 392000000 0.0125190
ta1A 392000000 393000000 0.0164090
ta1A 393000000 394000000 0.0399430
ta1A 394000000 395000000 0.0204700
ta1A 395000000 396000000 0.0252250
ta1A 396000000 397000000 0.0194190
ta1A 397000000 398000000 0.0164820
ta1A 398000000 399000000 0.0153830
ta1A 399000000 400000000 0.0269830
ta1A 400000000 401000000 0.0197640
ta1A 401000000 402000000 0.0216960
ta1A 402000000 403000000 0.0239380
ta1A 403000000 404000000 0.0253390
ta1A 404000000 405000000 0.0197360
ta1A 405000000 406000000 0.0275710
ta1A 406000000 407000000 0.0185950
ta1A 407000000 408000000 0.0218890
ta1A 408000000 409000000 0.0203270
ta1A 409000000 410000000 0.0177620
ta1A 410000000 411000000 0.0205070
ta1A 411000000 412000000 0.0242200
ta1A 412000000 413000000 0.0201890
ta1A 413000000 414000000 0.0208420
ta1A 414000000 415000000 0.0248760
ta1A 415000000 416000000 0.0227920
ta1A 416000000 417000000 0.0183160
ta1A 417000000 418000000 0.0230810
ta1A 418000000 419000000 0.0235650
ta1A 419000000 420000000 0.0204260
ta1A 420000000 421000000 0.5141840
ta1A 421000000 422000000 0.0239730
ta1A 422000000 423000000 0.0191530
ta1A 423000000 424000000 0.0177290
ta1A 424000000 425000000 0.0232420
ta1A 425000000 426000000 0.0258720
ta1A 426000000 427000000 0.0202470
ta1A 427000000 428000000 0.0238420
ta1A 428000000 429000000 0.0287870
ta1A 429000000 430000000 0.0226120
ta1A 430000000 431000000 0.0222560
ta1A 431000000 432000000 0.0336090
ta1A 432000000 433000000 0.0215350
ta1A 433000000 434000000 0.0207920
ta1A 434000000 435000000 0.0158220
ta1A 435000000 436000000 0.0158970
ta1A 436000000 437000000 0.0200610
ta1A 437000000 438000000 0.0216910
ta1A 438000000 439000000 0.0189400
ta1A 439000000 440000000 0.0180010
ta1A 440000000 441000000 0.0319880
ta1A 441000000 442000000 0.0252920
ta1A 442000000 443000000 0.0159320
ta1A 443000000 444000000 0.0257060
ta1A 444000000 445000000 0.0165310
ta1A 445000000 446000000 0.0187460
ta1A 446000000 447000000 0.0171670
ta1A 447000000 448000000 0.0191950
ta1A 448000000 449000000 0.0202820
ta1A 449000000 450000000 0.0265580
ta1A 450000000 451000000 0.0216260
ta1A 451000000 452000000 0.0241700
ta1A 452000000 453000000 0.0174610
ta1A 453000000 454000000 0.0229660
ta1A 454000000 455000000 0.0148180
ta1A 455000000 456000000 0.0267080
ta1A 456000000 457000000 0.0247970
ta1A 457000000 458000000 0.0136900
ta1A 458000000 459000000 0.0233040
ta1A 459000000 460000000 0.0223350
ta1A 460000000 461000000 0.0170450
ta1A 461000000 462000000 0.0174610
ta1A 462000000 463000000 0.0151030
ta1A 463000000 464000000 0.0294720
ta1A 464000000 465000000 0.0233760
ta1A 465000000 466000000 0.0166150
ta1A 466000000 467000000 0.0182240
ta1A 467000000 468000000 0.0219840
ta1A 468000000 469000000 0.0222530
ta1A 469000000 470000000 0.0176380
ta1A 470000000 471000000 0.0234150
ta1A 471000000 472000000 0.0249830
ta1A 472000000 473000000 0.0260510
ta1A 473000000 474000000 0.0136240
ta1A 474000000 475000000 0.0196180
ta1A 475000000 476000000 0.0227260
ta1A 476000000 477000000 0.0193670
ta1A 477000000 478000000 0.0155200
ta1A 478000000 479000000 0.0235810
ta1A 479000000 480000000 0.0183860
ta1A 480000000 481000000 0.0335690
ta1A 481000000 482000000 0.0248690
ta1A 482000000 483000000 0.0153850
ta1A 483000000 484000000 0.0152560
ta1A 484000000 485000000 0.0208510
ta1A 485000000 486000000 0.0215880
ta1A 486000000 487000000 0.0229150
ta1A 487000000 488000000 0.0222810
ta1A 488000000 489000000 0.0253560
ta1A 489000000 490000000 0.0167660
ta1A 490000000 491000000 0.0209750
ta1A 491000000 492000000 0.0146150
ta1A 492000000 493000000 0.0237080
ta1A 493000000 494000000 0.0289370
ta1A 494000000 495000000 0.0251050
ta1A 495000000 496000000 0.0181600
ta1A 496000000 497000000 0.0210240
ta1A 497000000 498000000 0.0246110
ta1A 498000000 499000000 0.0299360
ta1A 499000000 500000000 0.0331560
ta1A 500000000 501000000 0.0137110
ta1A 501000000 502000000 0.0237050
ta1A 502000000 503000000 0.0317010
ta1A 503000000 504000000 0.0192190
ta1A 504000000 505000000 0.0188950
ta1A 505000000 506000000 0.0295640
ta1A 506000000 507000000 0.0201040
ta1A 507000000 508000000 0.0211800
ta1A 508000000 509000000 0.0285490
ta1A 509000000 510000000 0.0411690
ta1A 510000000 511000000 0.0229610
ta1A 511000000 512000000 0.0223180
ta1A 512000000 513000000 0.0233660
ta1A 513000000 514000000 0.0254780
ta1A 514000000 515000000 0.0299570
ta1A 515000000 516000000 0.0232360
ta1A 516000000 517000000 0.0198490
ta1A 517000000 518000000 0.0208360
ta1A 518000000 519000000 0.0237520
ta1A 519000000 520000000 0.0318760
ta1A 520000000 521000000 0.0365100
ta1A 521000000 522000000 0.0290620
ta1A 522000000 523000000 0.0227830
ta1A 523000000 524000000 0.0282170
ta1A 524000000 525000000 0.0243460
ta1A 525000000 526000000 0.0173500
ta1A 526000000 527000000 0.0220630
ta1A 527000000 528000000 0.0256520
ta1A 528000000 529000000 0.0309640
ta1A 529000000 530000000 0.0339260
ta1A 530000000 531000000 0.0199900
ta1A 531000000 532000000 0.0264350
ta1A 532000000 533000000 0.0288150
ta1A 533000000 534000000 0.0299760
ta1A 534000000 535000000 0.0389040
ta1A 535000000 536000000 0.0256100
ta1A 536000000 537000000 0.0176520
ta1A 537000000 538000000 0.0273980
ta1A 538000000 539000000 0.0259400
ta1A 539000000 540000000 0.1203980
ta1A 540000000 541000000 0.0266220
ta1A 541000000 542000000 0.0259510
ta1A 542000000 543000000 0.0172900
ta1A 543000000 544000000 0.0230260
ta1A 544000000 545000000 0.0429010
ta1A 545000000 546000000 0.0397430
ta1A 546000000 547000000 0.0311780
ta1A 547000000 548000000 0.0158830
ta1A 548000000 549000000 0.0292970
ta1A 549000000 550000000 0.0176320
ta1A 550000000 551000000 0.0334290
ta1A 551000000 552000000 0.0183140
ta1A 552000000 553000000 0.1387120
ta1A 553000000 554000000 0.0255750
ta1A 554000000 555000000 0.0303880
ta1A 555000000 556000000 0.0369690
ta1A 556000000 557000000 0.0418800
ta1A 557000000 558000000 0.0371100
ta1A 558000000 559000000 0.0375580
ta1A 559000000 560000000 0.0401210
ta1A 560000000 561000000 0.0278090
ta1A 561000000 562000000 0.0321200
ta1A 562000000 563000000 0.0258620
ta1A 563000000 564000000 0.0271870
ta1A 564000000 565000000 0.0297730
ta1A 565000000 566000000 0.0409220
ta1A 566000000 567000000 0.0278470
ta1A 567000000 568000000 0.0345800
ta1A 568000000 569000000 0.0262460
ta1A 569000000 570000000 0.0320300
ta1A 570000000 571000000 0.0296910
ta1A 571000000 572000000 0.0318420
ta1A 572000000 573000000 0.0293490
ta1A 573000000 574000000 0.0330300
ta1A 574000000 575000000 0.0368930
ta1A 575000000 576000000 0.0335190
ta1A 576000000 577000000 0.0336110
ta1A 577000000 578000000 0.0301800
ta1A 578000000 579000000 0.0299330
ta1A 579000000 580000000 0.0183670
ta1A 580000000 581000000 0.0157910
ta1A 581000000 582000000 0.0322380
ta1A 582000000 583000000 0.0235190
ta1A 583000000 584000000 0.0324970
ta1A 584000000 585000000 0.0240030
ta1A 585000000 586000000 0.0270780
ta1A 586000000 587000000 0.0340910
ta1A 587000000 588000000 0.0264050
ta1A 588000000 589000000 0.0347000
ta1A 589000000 590000000 0.9452110
ta1A 590000000 591000000 1.0000000
ta1A 591000000 592000000 0.3633990
ta1A 592000000 593000000 0.0388590
ta1A 593000000 594000000 0.0489690
ta1A 594000000 595000000 0.0981390
ta1A 595000000 596000000 0.0315260
ta1A 596000000 597000000 0.0270130
ta1A 597000000 598000000 0.0372960
ta1A 598000000 599000000 0.0370350
ta1A 599000000 600000000 0.0313750
ta1A 600000000 601000000 0.0251680
ta1A 601000000 602000000 0.0247880
ta1A 602000000 603000000 0.0288940
ta1A 603000000 603896264 0.0807262
ta1B 0 1000000 0.0384750
ta1B 1000000 2000000 0.0873500
ta1B 2000000 3000000 0.1658570
ta1B 3000000 4000000 0.0360380
ta1B 4000000 5000000 0.0393400
ta1B 5000000 6000000 0.0388470
ta1B 6000000 7000000 0.0932150
ta1B 7000000 8000000 0.0834610
ta1B 8000000 9000000 0.0235190
ta1B 9000000 10000000 0.0461160
ta1B 10000000 11000000 0.0379740
ta1B 11000000 12000000 0.0283320
ta1B 12000000 13000000 0.1442140
ta1B 13000000 14000000 0.0533450
ta1B 14000000 15000000 0.0391830
ta1B 15000000 16000000 0.0334320
ta1B 16000000 17000000 0.0462140
ta1B 17000000 18000000 0.0473780
ta1B 18000000 19000000 0.0352450
ta1B 19000000 20000000 0.0355830
ta1B 20000000 21000000 0.0334200
ta1B 21000000 22000000 0.0353160
ta1B 22000000 23000000 0.0420190
ta1B 23000000 24000000 0.0283730
ta1B 24000000 25000000 0.0611850
ta1B 25000000 26000000 0.5200260
ta1B 26000000 27000000 0.4805880
ta1B 27000000 28000000 0.0338090
ta1B 28000000 29000000 0.0501350
ta1B 29000000 30000000 0.0373310
ta1B 30000000 31000000 0.0376340
ta1B 31000000 32000000 0.0462400
ta1B 32000000 33000000 0.0412280
ta1B 33000000 34000000 0.0422350
ta1B 34000000 35000000 0.0423450
ta1B 35000000 36000000 0.1312920
ta1B 36000000 37000000 0.0386220
ta1B 37000000 38000000 0.0487210
ta1B 38000000 39000000 0.0353270
ta1B 39000000 40000000 0.0491290
ta1B 40000000 41000000 0.0522350
ta1B 41000000 42000000 0.0588310
ta1B 42000000 43000000 0.0363490
ta1B 43000000 44000000 0.0446330
ta1B 44000000 45000000 0.0326230
ta1B 45000000 46000000 0.0381250
ta1B 46000000 47000000 0.0449340
ta1B 47000000 48000000 0.0333210
ta1B 48000000 49000000 0.3956400
ta1B 49000000 50000000 0.4167210
ta1B 50000000 51000000 0.0300730
ta1B 51000000 52000000 0.0490220
ta1B 52000000 53000000 0.0560410
ta1B 53000000 54000000 0.0349600
ta1B 54000000 55000000 0.0392000
ta1B 55000000 56000000 0.0391330
ta1B 56000000 57000000 0.0297300
ta1B 57000000 58000000 0.0401260
ta1B 58000000 59000000 0.0308020
ta1B 59000000 60000000 0.0327430
ta1B 60000000 61000000 0.0293580
ta1B 61000000 62000000 0.0294680
ta1B 62000000 63000000 0.0405830
ta1B 63000000 64000000 0.0261820
ta1B 64000000 65000000 0.0326790
ta1B 65000000 66000000 0.0275500
ta1B 66000000 67000000 0.2438170
ta1B 67000000 68000000 0.0343560
ta1B 68000000 69000000 0.0268420
ta1B 69000000 70000000 0.0365640
ta1B 70000000 71000000 0.0276480
ta1B 71000000 72000000 0.0336710
ta1B 72000000 73000000 0.0268010
ta1B 73000000 74000000 0.0395820
ta1B 74000000 75000000 0.0250700
ta1B 75000000 76000000 0.0269780
ta1B 76000000 77000000 0.0276750
ta1B 77000000 78000000 0.0250030
ta1B 78000000 79000000 0.0241990
ta1B 79000000 80000000 0.0418890
ta1B 80000000 81000000 0.0293430
ta1B 81000000 82000000 0.0272790
ta1B 82000000 83000000 0.0301300
ta1B 83000000 84000000 0.0394780
ta1B 84000000 85000000 0.0271210
ta1B 85000000 86000000 0.0297050
ta1B 86000000 87000000 0.0819520
ta1B 87000000 88000000 0.0260170
ta1B 88000000 89000000 0.1540810
ta1B 89000000 90000000 0.1799600
ta1B 90000000 91000000 0.0867750
ta1B 91000000 92000000 0.0283790
ta1B 92000000 93000000 0.0340460
ta1B 93000000 94000000 0.0233680
ta1B 94000000 95000000 0.0263980
ta1B 95000000 96000000 0.0161390
ta1B 96000000 97000000 0.0264730
ta1B 97000000 98000000 0.0194670
ta1B 98000000 99000000 0.0250910
ta1B 99000000 100000000 0.0357400
ta1B 100000000 101000000 0.0232090
ta1B 101000000 102000000 0.0294650
ta1B 102000000 103000000 0.0259020
ta1B 103000000 104000000 0.0210320
ta1B 104000000 105000000 0.0236350
ta1B 105000000 106000000 0.0315790
ta1B 106000000 107000000 0.0314170
ta1B 107000000 108000000 0.0337230
ta1B 108000000 109000000 0.0271170
ta1B 109000000 110000000 0.0194180
ta1B 110000000 111000000 0.0306150
ta1B 111000000 112000000 0.0306490
ta1B 112000000 113000000 0.0275920
ta1B 113000000 114000000 0.0251910
ta1B 114000000 115000000 0.0214230
ta1B 115000000 116000000 0.0287400
ta1B 116000000 117000000 0.0222590
ta1B 117000000 118000000 0.0219430
ta1B 118000000 119000000 0.0219350
ta1B 119000000 120000000 0.0178560
ta1B 120000000 121000000 0.0264900
ta1B 121000000 122000000 0.0481980
ta1B 122000000 123000000 0.0319120
ta1B 123000000 124000000 0.0281620
ta1B 124000000 125000000 0.0346620
ta1B 125000000 126000000 0.0219990
ta1B 126000000 127000000 0.0293470
ta1B 127000000 128000000 0.0235920
ta1B 128000000 129000000 0.0433450
ta1B 129000000 130000000 0.0391930
ta1B 130000000 131000000 0.0288150
ta1B 131000000 132000000 0.0268940
ta1B 132000000 133000000 0.0282670
ta1B 133000000 134000000 0.0305400
ta1B 134000000 135000000 0.0328120
ta1B 135000000 136000000 0.0317460
ta1B 136000000 137000000 0.0396930
ta1B 137000000 138000000 0.0292010
ta1B 138000000 139000000 0.0289180
ta1B 139000000 140000000 0.0187980
ta1B 140000000 141000000 0.0419920
ta1B 141000000 142000000 0.0251410
ta1B 142000000 143000000 0.0313330
ta1B 143000000 144000000 0.0190600
ta1B 144000000 145000000 0.0282430
ta1B 145000000 146000000 0.0239700
ta1B 146000000 147000000 0.0261700
ta1B 147000000 148000000 0.0400290
ta1B 148000000 149000000 0.0257080
ta1B 149000000 150000000 0.0272260
ta1B 150000000 151000000 0.0204440
ta1B 151000000 152000000 0.0265050
ta1B 152000000 153000000 0.0246060
ta1B 153000000 154000000 0.0311630
ta1B 154000000 155000000 0.0294510
ta1B 155000000 156000000 0.0665760
ta1B 156000000 157000000 0.0184160
ta1B 157000000 158000000 0.0328490
ta1B 158000000 159000000 0.0280970
ta1B 159000000 160000000 0.0234890
ta1B 160000000 161000000 0.0271010
ta1B 161000000 162000000 0.0133370
ta1B 162000000 163000000 0.0220590
ta1B 163000000 164000000 0.0220360
ta1B 164000000 165000000 0.0244020
ta1B 165000000 166000000 0.0251720
ta1B 166000000 167000000 0.0227300
ta1B 167000000 168000000 0.0185240
ta1B 168000000 169000000 0.0210380
ta1B 169000000 170000000 0.0254210
ta1B 170000000 171000000 0.0338730
ta1B 171000000 172000000 0.0228070
ta1B 172000000 173000000 0.0352910
ta1B 173000000 174000000 0.0245540
ta1B 174000000 175000000 0.0302580
ta1B 175000000 176000000 0.0243650
ta1B 176000000 177000000 0.0253520
ta1B 177000000 178000000 0.0273360
ta1B 178000000 179000000 0.0204000
ta1B 179000000 180000000 0.0301750
ta1B 180000000 181000000 0.0235220
ta1B 181000000 182000000 0.0265340
ta1B 182000000 183000000 0.0240570
ta1B 183000000 184000000 0.0300000
ta1B 184000000 185000000 0.0284740
ta1B 185000000 186000000 0.0261290
ta1B 186000000 187000000 0.0237170
ta1B 187000000 188000000 0.0200010
ta1B 188000000 189000000 0.0250910
ta1B 189000000 190000000 0.0206020
ta1B 190000000 191000000 0.0260700
ta1B 191000000 192000000 0.0304740
ta1B 192000000 193000000 0.0232370
ta1B 193000000 194000000 0.0188910
ta1B 194000000 195000000 0.0287580
ta1B 195000000 196000000 0.0204690
ta1B 196000000 197000000 0.0208750
ta1B 197000000 198000000 0.0215130
ta1B 198000000 199000000 0.0177200
ta1B 199000000 200000000 0.0204920
ta1B 200000000 201000000 0.0224010
ta1B 201000000 202000000 0.0257400
ta1B 202000000 203000000 0.0238320
ta1B 203000000 204000000 0.0239230
ta1B 204000000 205000000 0.0184950
ta1B 205000000 206000000 0.0211570
ta1B 206000000 207000000 0.0198010
ta1B 207000000 208000000 0.0287750
ta1B 208000000 209000000 0.0299630
ta1B 209000000 210000000 0.0214060
ta1B 210000000 211000000 0.0221790
ta1B 211000000 212000000 0.0204750
ta1B 212000000 213000000 0.0178730
ta1B 213000000 214000000 0.0159780
ta1B 214000000 215000000 0.0252990
ta1B 215000000 216000000 0.0250380
ta1B 216000000 217000000 0.0283370
ta1B 217000000 218000000 0.0207210
ta1B 218000000 219000000 0.9714450
ta1B 219000000 220000000 1.0000000
ta1B 220000000 221000000 0.2218010
ta1B 221000000 222000000 0.0192160
ta1B 222000000 223000000 0.0248940
ta1B 223000000 224000000 0.0246830
ta1B 224000000 225000000 0.0153750
ta1B 225000000 226000000 0.0181580
ta1B 226000000 227000000 0.0186470
ta1B 227000000 228000000 0.0206900
ta1B 228000000 229000000 0.0307280
ta1B 229000000 230000000 0.0196560
ta1B 230000000 231000000 0.1477450
ta1B 231000000 232000000 0.1786790
ta1B 232000000 233000000 0.0588040
ta1B 233000000 234000000 0.0488680
ta1B 234000000 235000000 0.0197030
ta1B 235000000 236000000 0.0197890
ta1B 236000000 237000000 0.0135000
ta1B 237000000 238000000 0.0443620
ta1B 238000000 239000000 0.0258180
ta1B 239000000 240000000 0.0234930
ta1B 240000000 241000000 0.0228160
ta1B 241000000 242000000 0.0218550
ta1B 242000000 243000000 0.0189250
ta1B 243000000 244000000 0.0237210
ta1B 244000000 245000000 0.1684160
ta1B 245000000 246000000 0.1132870
ta1B 246000000 247000000 0.0533710
ta1B 247000000 248000000 0.0320050
ta1B 248000000 249000000 0.0301070
ta1B 249000000 250000000 0.0192750
ta1B 250000000 251000000 0.0199460
ta1B 251000000 252000000 0.0241570
ta1B 252000000 253000000 0.0379460
ta1B 253000000 254000000 0.0196420
ta1B 254000000 255000000 0.0260970
ta1B 255000000 256000000 0.0215370
ta1B 256000000 257000000 0.0212010
ta1B 257000000 258000000 0.0288250
ta1B 258000000 259000000 0.0223160
ta1B 259000000 260000000 0.0283740
ta1B 260000000 261000000 0.0270910
ta1B 261000000 262000000 0.0266290
ta1B 262000000 263000000 0.0222810
ta1B 263000000 264000000 0.0171080
ta1B 264000000 265000000 0.0191000
ta1B 265000000 266000000 0.0212000
ta1B 266000000 267000000 0.0266260
ta1B 267000000 268000000 0.0193180
ta1B 268000000 269000000 0.0188610
ta1B 269000000 270000000 0.0225950
ta1B 270000000 271000000 0.0323690
ta1B 271000000 272000000 0.0242080
ta1B 272000000 273000000 0.0148740
ta1B 273000000 274000000 0.0444840
ta1B 274000000 275000000 0.0246920
ta1B 275000000 276000000 0.0270140
ta1B 276000000 277000000 0.0188570
ta1B 277000000 278000000 0.0221310
ta1B 278000000 279000000 0.0160850
ta1B 279000000 280000000 0.0185140
ta1B 280000000 281000000 0.0279280
ta1B 281000000 282000000 0.0210430
ta1B 282000000 283000000 0.0208890
ta1B 283000000 284000000 0.0229570
ta1B 284000000 285000000 0.0237800
ta1B 285000000 286000000 0.0178230
ta1B 286000000 287000000 0.0228100
ta1B 287000000 288000000 0.0312050
ta1B 288000000 289000000 0.0177640
ta1B 289000000 290000000 0.0153460
ta1B 290000000 291000000 0.0261670
ta1B 291000000 292000000 0.0246390
ta1B 292000000 293000000 0.0829950
ta1B 293000000 294000000 0.1219630
ta1B 294000000 295000000 0.0285180
ta1B 295000000 296000000 0.0243850
ta1B 296000000 297000000 0.0270770
ta1B 297000000 298000000 0.0246310
ta1B 298000000 299000000 0.0317330
ta1B 299000000 300000000 0.0186450
ta1B 300000000 301000000 0.0223240
ta1B 301000000 302000000 0.0169440
ta1B 302000000 303000000 0.0267920
ta1B 303000000 304000000 0.0204710
ta1B 304000000 305000000 0.0262990
ta1B 305000000 306000000 0.0937440
ta1B 306000000 307000000 0.0252880
ta1B 307000000 308000000 0.0354460
ta1B 308000000 309000000 0.0260100
ta1B 309000000 310000000 0.0236810
ta1B 310000000 311000000 0.0204920
ta1B 311000000 312000000 0.0218370
ta1B 312000000 313000000 0.0277600
ta1B 313000000 314000000 0.0165510
ta1B 314000000 315000000 0.0166960
ta1B 315000000 316000000 0.0188100
ta1B 316000000 317000000 0.0303730
ta1B 317000000 318000000 0.0889300
ta1B 318000000 319000000 0.0203400
ta1B 319000000 320000000 0.0204730
ta1B 320000000 321000000 0.0321110
ta1B 321000000 322000000 0.0241830
ta1B 322000000 323000000 0.0189070
ta1B 323000000 324000000 0.0322160
ta1B 324000000 325000000 0.0233030
ta1B 325000000 326000000 0.0195810
ta1B 326000000 327000000 0.0172060
ta1B 327000000 328000000 0.0234170
ta1B 328000000 329000000 0.0226560
ta1B 329000000 330000000 0.0211980
ta1B 330000000 331000000 0.0210560
ta1B 331000000 332000000 0.0299750
ta1B 332000000 333000000 0.0235130
ta1B 333000000 334000000 0.0218000
ta1B 334000000 335000000 0.0222060
ta1B 335000000 336000000 0.0234680
ta1B 336000000 337000000 0.0315620
ta1B 337000000 338000000 0.0255060
ta1B 338000000 339000000 0.0238460
ta1B 339000000 340000000 0.0234780
ta1B 340000000 341000000 0.0282780
ta1B 341000000 342000000 0.0328890
ta1B 342000000 343000000 0.0243760
ta1B 343000000 344000000 0.0245380
ta1B 344000000 345000000 0.0238340
ta1B 345000000 346000000 0.0204890
ta1B 346000000 347000000 0.0210580
ta1B 347000000 348000000 0.0236460
ta1B 348000000 349000000 0.0219260
ta1B 349000000 350000000 0.0196740
ta1B 350000000 351000000 0.0186700
ta1B 351000000 352000000 0.0258130
ta1B 352000000 353000000 0.0168680
ta1B 353000000 354000000 0.0206150
ta1B 354000000 355000000 0.0203580
ta1B 355000000 356000000 0.0238180
ta1B 356000000 357000000 0.0266700
ta1B 357000000 358000000 0.0230250
ta1B 358000000 359000000 0.0278860
ta1B 359000000 360000000 0.0249630
ta1B 360000000 361000000 0.0270200
ta1B 361000000 362000000 0.0209660
ta1B 362000000 363000000 0.0216800
ta1B 363000000 364000000 0.0208520
ta1B 364000000 365000000 0.0165760
ta1B 365000000 366000000 0.0288070
ta1B 366000000 367000000 0.0167230
ta1B 367000000 368000000 0.0258200
ta1B 368000000 369000000 0.0294370
ta1B 369000000 370000000 0.0209620
ta1B 370000000 371000000 0.0256680
ta1B 371000000 372000000 0.0195050
ta1B 372000000 373000000 0.0172630
ta1B 373000000 374000000 0.0234910
ta1B 374000000 375000000 0.0280730
ta1B 375000000 376000000 0.0221460
ta1B 376000000 377000000 0.0212730
ta1B 377000000 378000000 0.0219910
ta1B 378000000 379000000 0.0285440
ta1B 379000000 380000000 0.0165390
ta1B 380000000 381000000 0.0248800
ta1B 381000000 382000000 0.0308650
ta1B 382000000 383000000 0.0186210
ta1B 383000000 384000000 0.0479160
ta1B 384000000 385000000 0.0239310
ta1B 385000000 386000000 0.0238680
ta1B 386000000 387000000 0.0177360
ta1B 387000000 388000000 0.0195020
ta1B 388000000 389000000 0.0173110
ta1B 389000000 390000000 0.0242880
ta1B 390000000 391000000 0.0260790
ta1B 391000000 392000000 0.0195240
ta1B 392000000 393000000 0.0181700
ta1B 393000000 394000000 0.0199190
ta1B 394000000 395000000 0.0268810
ta1B 395000000 396000000 0.0241520
ta1B 396000000 397000000 0.0222510
ta1B 397000000 398000000 0.0244150
ta1B 398000000 399000000 0.0231830
ta1B 399000000 400000000 0.0273140
ta1B 400000000 401000000 0.0280630
ta1B 401000000 402000000 0.0176780
ta1B 402000000 403000000 0.0336090
ta1B 403000000 404000000 0.0248360
ta1B 404000000 405000000 0.0227270
ta1B 405000000 406000000 0.0248540
ta1B 406000000 407000000 0.0220490
ta1B 407000000 408000000 0.0248280
ta1B 408000000 409000000 0.0169700
ta1B 409000000 410000000 0.0235440
ta1B 410000000 411000000 0.0254930
ta1B 411000000 412000000 0.0307520
ta1B 412000000 413000000 0.0243910
ta1B 413000000 414000000 0.0184120
ta1B 414000000 415000000 0.0204790
ta1B 415000000 416000000 0.0221790
ta1B 416000000 417000000 0.0245500
ta1B 417000000 418000000 0.0304560
ta1B 418000000 419000000 0.0193580
ta1B 419000000 420000000 0.0260470
ta1B 420000000 421000000 0.0362570
ta1B 421000000 422000000 0.0224480
ta1B 422000000 423000000 0.0264990
ta1B 423000000 424000000 0.0238330
ta1B 424000000 425000000 0.0171070
ta1B 425000000 426000000 0.0189430
ta1B 426000000 427000000 0.0335230
ta1B 427000000 428000000 0.1615310
ta1B 428000000 429000000 0.0215450
ta1B 429000000 430000000 0.0164070
ta1B 430000000 431000000 0.0225530
ta1B 431000000 432000000 0.0215210
ta1B 432000000 433000000 0.0252830
ta1B 433000000 434000000 0.0252210
ta1B 434000000 435000000 0.0247420
ta1B 435000000 436000000 0.0231160
ta1B 436000000 437000000 0.0402170
ta1B 437000000 438000000 0.0295550
ta1B 438000000 439000000 0.0266700
ta1B 439000000 440000000 0.0290570
ta1B 440000000 441000000 0.0239250
ta1B 441000000 442000000 0.0190950
ta1B 442000000 443000000 0.0236620
ta1B 443000000 444000000 0.0136700
ta1B 444000000 445000000 0.0177020
ta1B 445000000 446000000 0.0204230
ta1B 446000000 447000000 0.0242570
ta1B 447000000 448000000 0.0276880
ta1B 448000000 449000000 0.0245310
ta1B 449000000 450000000 0.0255840
ta1B 450000000 451000000 0.0289420
ta1B 451000000 452000000 0.0190410
ta1B 452000000 453000000 0.0219610
ta1B 453000000 454000000 0.0254910
ta1B 454000000 455000000 0.0299660
ta1B 455000000 456000000 0.0238820
ta1B 456000000 457000000 0.0228770
ta1B 457000000 458000000 0.0285090
ta1B 458000000 459000000 0.0194710
ta1B 459000000 460000000 0.0210970
ta1B 460000000 461000000 0.0256720
ta1B 461000000 462000000 0.0231540
ta1B 462000000 463000000 0.0253510
ta1B 463000000 464000000 0.0249380
ta1B 464000000 465000000 0.0227630
ta1B 465000000 466000000 0.0212160
ta1B 466000000 467000000 0.0299140
ta1B 467000000 468000000 0.0209480
ta1B 468000000 469000000 0.0281310
ta1B 469000000 470000000 0.0216750
ta1B 470000000 471000000 0.0207960
ta1B 471000000 472000000 0.0263420
ta1B 472000000 473000000 0.0277190
ta1B 473000000 474000000 0.0242960
ta1B 474000000 475000000 0.0193250
ta1B 475000000 476000000 0.0299480
ta1B 476000000 477000000 0.0205830
ta1B 477000000 478000000 0.0203410
ta1B 478000000 479000000 0.0208210
ta1B 479000000 480000000 0.0289640
ta1B 480000000 481000000 0.0175220
ta1B 481000000 482000000 0.0231600
ta1B 482000000 483000000 0.0205260
ta1B 483000000 484000000 0.0139400
ta1B 484000000 485000000 0.0262450
ta1B 485000000 486000000 0.0194040
ta1B 486000000 487000000 0.0214560
ta1B 487000000 488000000 0.0263990
ta1B 488000000 489000000 0.0280950
ta1B 489000000 490000000 0.0185170
ta1B 490000000 491000000 0.0226720
ta1B 491000000 492000000 0.0225220
ta1B 492000000 493000000 0.0216660
ta1B 493000000 494000000 0.0257770
ta1B 494000000 495000000 0.0308230
ta1B 495000000 496000000 0.0249840
ta1B 496000000 497000000 0.0246190
ta1B 497000000 498000000 0.0297380
ta1B 498000000 499000000 0.0287320
ta1B 499000000 500000000 0.0265210
ta1B 500000000 501000000 0.0208850
ta1B 501000000 502000000 0.0180890
ta1B 502000000 503000000 0.0194160
ta1B 503000000 504000000 0.0244270
ta1B 504000000 505000000 0.0265800
ta1B 505000000 506000000 0.0212060
ta1B 506000000 507000000 0.0263270
ta1B 507000000 508000000 0.0387800
ta1B 508000000 509000000 0.0227800
ta1B 509000000 510000000 0.2172130
ta1B 510000000 511000000 0.1882670
ta1B 511000000 512000000 0.0307120
ta1B 512000000 513000000 0.0206150
ta1B 513000000 514000000 0.0248180
ta1B 514000000 515000000 0.0226640
ta1B 515000000 516000000 0.0210690
ta1B 516000000 517000000 0.0280980
ta1B 517000000 518000000 0.0209570
ta1B 518000000 519000000 0.0225600
ta1B 519000000 520000000 0.0222480
ta1B 520000000 521000000 0.3059780
ta1B 521000000 522000000 0.2115240
ta1B 522000000 523000000 0.0281640
ta1B 523000000 524000000 0.0346550
ta1B 524000000 525000000 0.0266170
ta1B 525000000 526000000 0.0232540
ta1B 526000000 527000000 0.0195630
ta1B 527000000 528000000 0.0276280
ta1B 528000000 529000000 0.0243440
ta1B 529000000 530000000 0.0154940
ta1B 530000000 531000000 0.0232090
ta1B 531000000 532000000 0.0228290
ta1B 532000000 533000000 0.0173580
ta1B 533000000 534000000 0.0283710
ta1B 534000000 535000000 0.0322820
ta1B 535000000 536000000 0.0302630
ta1B 536000000 537000000 0.0314310
ta1B 537000000 538000000 0.0235280
ta1B 538000000 539000000 0.0262610
ta1B 539000000 540000000 0.0238450
ta1B 540000000 541000000 0.0202990
ta1B 541000000 542000000 0.0265740
ta1B 542000000 543000000 0.0279300
ta1B 543000000 544000000 0.0229130
ta1B 544000000 545000000 0.0312360
ta1B 545000000 546000000 0.0175830
ta1B 546000000 547000000 0.0282420
ta1B 547000000 548000000 0.0196370
ta1B 548000000 549000000 0.0204030
ta1B 549000000 550000000 0.0260040
ta1B 550000000 551000000 0.0347170
ta1B 551000000 552000000 0.0247140
ta1B 552000000 553000000 0.0238050
ta1B 553000000 554000000 0.0345630
ta1B 554000000 555000000 0.0241000
ta1B 555000000 556000000 0.0257650
ta1B 556000000 557000000 0.0296100
ta1B 557000000 558000000 0.0249250
ta1B 558000000 559000000 0.0195330
ta1B 559000000 560000000 0.0239600
ta1B 560000000 561000000 0.0767520
ta1B 561000000 562000000 0.0935300
ta1B 562000000 563000000 0.8119550
ta1B 563000000 564000000 0.0209360
ta1B 564000000 565000000 0.0280780
ta1B 565000000 566000000 0.0219070
ta1B 566000000 567000000 0.0311340
ta1B 567000000 568000000 0.0345920
ta1B 568000000 569000000 0.0393380
ta1B 569000000 570000000 0.0403310
ta1B 570000000 571000000 0.0275510
ta1B 571000000 572000000 0.0264000
ta1B 572000000 573000000 0.0246900
ta1B 573000000 574000000 0.0352280
ta1B 574000000 575000000 0.0289500
ta1B 575000000 576000000 0.0339700
ta1B 576000000 577000000 0.0343540
ta1B 577000000 578000000 0.0322870
ta1B 578000000 579000000 0.0333940
ta1B 579000000 580000000 0.0337540
ta1B 580000000 581000000 0.0347890
ta1B 581000000 582000000 0.0281070
ta1B 582000000 583000000 0.0238360
ta1B 583000000 584000000 0.0308670
ta1B 584000000 585000000 0.0280250
ta1B 585000000 586000000 0.0252140
ta1B 586000000 587000000 0.0249580
ta1B 587000000 588000000 0.0573550
ta1B 588000000 589000000 0.0577930
ta1B 589000000 590000000 0.0318250
ta1B 590000000 591000000 0.0299130
ta1B 591000000 592000000 0.0381610
ta1B 592000000 593000000 0.0200230
ta1B 593000000 594000000 0.0239500
ta1B 594000000 595000000 0.0380630
ta1B 595000000 596000000 0.0284720
ta1B 596000000 597000000 0.0169000
ta1B 597000000 598000000 0.0460720
ta1B 598000000 599000000 0.0248500
ta1B 599000000 600000000 0.0323360
ta1B 600000000 601000000 0.0397280
ta1B 601000000 602000000 0.0318540
ta1B 602000000 603000000 0.0235290
ta1B 603000000 604000000 0.0574880
ta1B 604000000 605000000 0.0275270
ta1B 605000000 606000000 0.0254310
ta1B 606000000 607000000 0.0324770
ta1B 607000000 608000000 0.0361030
ta1B 608000000 609000000 0.0279220
ta1B 609000000 610000000 0.0251420
ta1B 610000000 611000000 0.0396120
ta1B 611000000 612000000 0.0233440
ta1B 612000000 613000000 0.0319640
ta1B 613000000 614000000 0.0460440
ta1B 614000000 615000000 0.1618690
ta1B 615000000 616000000 0.0227410
ta1B 616000000 617000000 0.0281880
ta1B 617000000 618000000 0.0353380
ta1B 618000000 619000000 0.0278540
ta1B 619000000 620000000 0.0254450
ta1B 620000000 621000000 0.0248330
ta1B 621000000 622000000 0.0218140
ta1B 622000000 623000000 0.0228300
ta1B 623000000 624000000 0.0226600
ta1B 624000000 625000000 0.0180990
ta1B 625000000 626000000 0.0201750
ta1B 626000000 627000000 0.0284610
ta1B 627000000 628000000 0.0237280
ta1B 628000000 629000000 0.0338810
ta1B 629000000 630000000 0.0277930
ta1B 630000000 631000000 0.0316050
ta1B 631000000 632000000 0.0243330
ta1B 632000000 633000000 0.0206760
ta1B 633000000 634000000 0.0190510
ta1B 634000000 635000000 0.0238820
ta1B 635000000 636000000 0.0308760
ta1B 636000000 637000000 0.0254160
ta1B 637000000 638000000 0.0313990
ta1B 638000000 639000000 0.0287830
ta1B 639000000 640000000 0.0337620
ta1B 640000000 641000000 0.0350230
ta1B 641000000 642000000 0.0364200
ta1B 642000000 643000000 0.0341600
ta1B 643000000 644000000 0.0310230
ta1B 644000000 645000000 0.0389770
ta1B 645000000 646000000 0.0313630
ta1B 646000000 647000000 0.0548560
ta1B 647000000 648000000 0.0362560
ta1B 648000000 649000000 0.0563230
ta1B 649000000 650000000 0.0330280
ta1B 650000000 651000000 0.0453710
ta1B 651000000 652000000 0.1107000
ta1B 652000000 653000000 0.0341530
ta1B 653000000 654000000 0.0281520
ta1B 654000000 655000000 0.0290480
ta1B 655000000 656000000 0.0241620
ta1B 656000000 657000000 0.0305780
ta1B 657000000 658000000 0.0323820
ta1B 658000000 659000000 0.0316790
ta1B 659000000 660000000 0.0339280
ta1B 660000000 661000000 0.0429950
ta1B 661000000 662000000 0.0330970
ta1B 662000000 663000000 0.0325300
ta1B 663000000 664000000 0.0281840
ta1B 664000000 665000000 0.0297990
ta1B 665000000 666000000 0.0293830
ta1B 666000000 667000000 0.0280150
ta1B 667000000 668000000 0.0413720
ta1B 668000000 669000000 0.0300590
ta1B 669000000 670000000 0.0265350
ta1B 670000000 671000000 0.0305220
ta1B 671000000 672000000 0.0377870
ta1B 672000000 673000000 0.0304540
ta1B 673000000 674000000 0.3672320
ta1B 674000000 675000000 0.1674160
ta1B 675000000 676000000 0.0363670
ta1B 676000000 677000000 0.0369670
ta1B 677000000 678000000 0.0234080
ta1B 678000000 679000000 0.0400880
ta1B 679000000 680000000 0.0286710
ta1B 680000000 681000000 0.0334050
ta1B 681000000 682000000 0.0460840
ta1B 682000000 683000000 0.0311630
ta1B 683000000 684000000 0.0267540
ta1B 684000000 685000000 0.0457670
ta1B 685000000 686000000 0.0386430
ta1B 686000000 687000000 0.0362210
ta1B 687000000 688000000 0.0256610
ta1B 688000000 689000000 0.0354750
ta1B 689000000 690000000 0.0293820
ta1B 690000000 691000000 0.0474630
ta1B 691000000 692000000 0.0844460
ta1B 692000000 693000000 0.0382410
ta1B 693000000 694000000 0.0243290
ta1B 694000000 695000000 0.4726880
ta1B 695000000 696000000 0.5994680
ta1B 696000000 697000000 1.0000000
ta1B 697000000 698000000 0.9999680
ta1B 698000000 699000000 0.1365810
ta1B 699000000 700000000 0.0171840
ta1B 700000000 701000000 0.0405900
ta1B 701000000 702000000 0.9194780
ta1B 702000000 703000000 0.7472220
ta1B 703000000 704000000 0.2791770
ta1B 704000000 705000000 0.0875760
ta1B 705000000 706000000 0.2532880
ta1B 706000000 707000000 0.0335190
ta1B 707000000 708000000 0.0197430
ta1B 708000000 709000000 0.2783900
ta1B 709000000 710000000 0.0384770
ta1B 710000000 710210752 0.1037333
ta1D 0 1000000 0.1809140
ta1D 1000000 2000000 0.4082180
ta1D 2000000 3000000 0.0499880
ta1D 3000000 4000000 0.0592570
ta1D 4000000 5000000 0.0596170
ta1D 5000000 6000000 0.1773850
ta1D 6000000 7000000 0.0468120
ta1D 7000000 8000000 0.0315400
ta1D 8000000 9000000 0.0526550
ta1D 9000000 10000000 0.1330270
ta1D 10000000 11000000 0.0496890
ta1D 11000000 12000000 0.0367440
ta1D 12000000 13000000 0.0317010
ta1D 13000000 14000000 0.0503630
ta1D 14000000 15000000 0.0390610
ta1D 15000000 16000000 0.0437160
ta1D 16000000 17000000 0.0396300
ta1D 17000000 18000000 0.1099530
ta1D 18000000 19000000 0.0419230
ta1D 19000000 20000000 0.0525640
ta1D 20000000 21000000 0.0446320
ta1D 21000000 22000000 0.0325690
ta1D 22000000 23000000 0.0607170
ta1D 23000000 24000000 0.1845250
ta1D 24000000 25000000 0.1704070
ta1D 25000000 26000000 0.0338350
ta1D 26000000 27000000 0.0321620
ta1D 27000000 28000000 0.0359380
ta1D 28000000 29000000 0.0491740
ta1D 29000000 30000000 0.0371440
ta1D 30000000 31000000 0.6478250
ta1D 31000000 32000000 0.5375290
ta1D 32000000 33000000 0.0317820
ta1D 33000000 34000000 0.0425740
ta1D 34000000 35000000 0.0462690
ta1D 35000000 36000000 0.0654690
ta1D 36000000 37000000 0.0356450
ta1D 37000000 38000000 0.0416220
ta1D 38000000 39000000 0.0364580
ta1D 39000000 40000000 0.0954500
ta1D 40000000 41000000 0.0363250
ta1D 41000000 42000000 0.0281960
ta1D 42000000 43000000 0.0365530
ta1D 43000000 44000000 0.0366320
ta1D 44000000 45000000 0.1056880
ta1D 45000000 46000000 0.2073510
ta1D 46000000 47000000 0.0425450
ta1D 47000000 48000000 0.0331650
ta1D 48000000 49000000 0.0506570
ta1D 49000000 50000000 0.2485420
ta1D 50000000 51000000 0.0392720
ta1D 51000000 52000000 0.0443800
ta1D 52000000 53000000 0.0322770
ta1D 53000000 54000000 0.0261590
ta1D 54000000 55000000 0.0332800
ta1D 55000000 56000000 0.0301300
ta1D 56000000 57000000 0.0472920
ta1D 57000000 58000000 0.0301680
ta1D 58000000 59000000 0.0250490
ta1D 59000000 60000000 0.0243030
ta1D 60000000 61000000 0.0299310
ta1D 61000000 62000000 0.0391710
ta1D 62000000 63000000 0.0279420
ta1D 63000000 64000000 0.0328950
ta1D 64000000 65000000 0.0272090
ta1D 65000000 66000000 0.0559430
ta1D 66000000 67000000 0.0296450
ta1D 67000000 68000000 0.0363990
ta1D 68000000 69000000 0.0325300
ta1D 69000000 70000000 0.0506650
ta1D 70000000 71000000 0.0321370
ta1D 71000000 72000000 0.0360760
ta1D 72000000 73000000 0.0289960
ta1D 73000000 74000000 0.0351130
ta1D 74000000 75000000 0.0393070
ta1D 75000000 76000000 0.0325150
ta1D 76000000 77000000 0.0317380
ta1D 77000000 78000000 0.0408440
ta1D 78000000 79000000 0.0283480
ta1D 79000000 80000000 0.0470780
ta1D 80000000 81000000 0.0207790
ta1D 81000000 82000000 0.0330730
ta1D 82000000 83000000 0.0367580
ta1D 83000000 84000000 0.0344660
ta1D 84000000 85000000 0.0392650
ta1D 85000000 86000000 0.0332150
ta1D 86000000 87000000 0.0376000
ta1D 87000000 88000000 0.0380920
ta1D 88000000 89000000 0.1175900
ta1D 89000000 90000000 0.0265250
ta1D 90000000 91000000 0.0270190
ta1D 91000000 92000000 0.0250200
ta1D 92000000 93000000 0.0278880
ta1D 93000000 94000000 0.0343530
ta1D 94000000 95000000 0.0251530
ta1D 95000000 96000000 0.0583140
ta1D 96000000 97000000 0.0277280
ta1D 97000000 98000000 0.0659540
ta1D 98000000 99000000 0.1193310
ta1D 99000000 100000000 0.5383340
ta1D 100000000 101000000 0.0988670
ta1D 101000000 102000000 0.0317940
ta1D 102000000 103000000 0.0241830
ta1D 103000000 104000000 0.0283980
ta1D 104000000 105000000 0.0316980
ta1D 105000000 106000000 0.0291330
ta1D 106000000 107000000 0.0273990
ta1D 107000000 108000000 0.0221690
ta1D 108000000 109000000 0.0292760
ta1D 109000000 110000000 0.0340560
ta1D 110000000 111000000 0.0318660
ta1D 111000000 112000000 0.0255610
ta1D 112000000 113000000 0.0240730
ta1D 113000000 114000000 0.0302230
ta1D 114000000 115000000 0.0238380
ta1D 115000000 116000000 0.0208830
ta1D 116000000 117000000 0.0231600
ta1D 117000000 118000000 0.1205490
ta1D 118000000 119000000 0.0435920
ta1D 119000000 120000000 0.0276440
ta1D 120000000 121000000 0.0242440
ta1D 121000000 122000000 0.0191320
ta1D 122000000 123000000 0.0229080
ta1D 123000000 124000000 0.0246250
ta1D 124000000 125000000 0.0190890
ta1D 125000000 126000000 0.0258880
ta1D 126000000 127000000 0.0260610
ta1D 127000000 128000000 0.0227260
ta1D 128000000 129000000 0.0337680
ta1D 129000000 130000000 0.0215580
ta1D 130000000 131000000 0.0209830
ta1D 131000000 132000000 0.0187680
ta1D 132000000 133000000 0.0267380
ta1D 133000000 134000000 0.0259910
ta1D 134000000 135000000 0.0209070
ta1D 135000000 136000000 0.0177650
ta1D 136000000 137000000 0.0326740
ta1D 137000000 138000000 0.0684190
ta1D 138000000 139000000 0.0199830
ta1D 139000000 140000000 0.0301480
ta1D 140000000 141000000 0.0232550
ta1D 141000000 142000000 0.0310020
ta1D 142000000 143000000 0.0263210
ta1D 143000000 144000000 0.0187210
ta1D 144000000 145000000 0.0266740
ta1D 145000000 146000000 0.0294960
ta1D 146000000 147000000 0.0183630
ta1D 147000000 148000000 0.0324550
ta1D 148000000 149000000 0.0250710
ta1D 149000000 150000000 0.0276860
ta1D 150000000 151000000 0.0200400
ta1D 151000000 152000000 0.0434150
ta1D 152000000 153000000 0.0295040
ta1D 153000000 154000000 0.0254870
ta1D 154000000 155000000 0.0278060
ta1D 155000000 156000000 0.0230770
ta1D 156000000 157000000 0.0252980
ta1D 157000000 158000000 0.0314830
ta1D 158000000 159000000 0.0280290
ta1D 159000000 160000000 0.0284050
ta1D 160000000 161000000 0.0244390
ta1D 161000000 162000000 0.0278450
ta1D 162000000 163000000 0.0247110
ta1D 163000000 164000000 0.0207100
ta1D 164000000 165000000 0.0389420
ta1D 165000000 166000000 0.0183900
ta1D 166000000 167000000 0.0258790
ta1D 167000000 168000000 0.0248620
ta1D 168000000 169000000 0.0258400
ta1D 169000000 170000000 0.0267300
ta1D 170000000 171000000 0.0257050
ta1D 171000000 172000000 0.0256960
ta1D 172000000 173000000 0.0269040
ta1D 173000000 174000000 0.0206350
ta1D 174000000 175000000 0.0278510
ta1D 175000000 176000000 0.0321070
ta1D 176000000 177000000 0.0191850
ta1D 177000000 178000000 0.0303180
ta1D 178000000 179000000 0.0231930
ta1D 179000000 180000000 0.0221780
ta1D 180000000 181000000 0.0334210
ta1D 181000000 182000000 0.0201430
ta1D 182000000 183000000 0.0196700
ta1D 183000000 184000000 0.0212280
ta1D 184000000 185000000 0.0264390
ta1D 185000000 186000000 0.0268830
ta1D 186000000 187000000 0.0234180
ta1D 187000000 188000000 0.0273550
ta1D 188000000 189000000 0.0247510
ta1D 189000000 190000000 0.0278870
ta1D 190000000 191000000 0.0249950
ta1D 191000000 192000000 0.0359460
ta1D 192000000 193000000 0.0161060
ta1D 193000000 194000000 0.0278260
ta1D 194000000 195000000 0.0334410
ta1D 195000000 196000000 0.0265010
ta1D 196000000 197000000 0.0254000
ta1D 197000000 198000000 0.0248280
ta1D 198000000 199000000 0.0300260
ta1D 199000000 200000000 0.0280250
ta1D 200000000 201000000 0.0299970
ta1D 201000000 202000000 0.0275150
ta1D 202000000 203000000 0.0289530
ta1D 203000000 204000000 0.0247660
ta1D 204000000 205000000 0.0233690
ta1D 205000000 206000000 0.0235730
ta1D 206000000 207000000 0.0331600
ta1D 207000000 208000000 0.0258080
ta1D 208000000 209000000 0.0183440
ta1D 209000000 210000000 0.0245150
ta1D 210000000 211000000 0.0311660
ta1D 211000000 212000000 0.0243370
ta1D 212000000 213000000 0.0224490
ta1D 213000000 214000000 0.0243660
ta1D 214000000 215000000 0.0301380
ta1D 215000000 216000000 0.0177810
ta1D 216000000 217000000 0.0256160
ta1D 217000000 218000000 0.0219520
ta1D 218000000 219000000 0.0210080
ta1D 219000000 220000000 0.0361650
ta1D 220000000 221000000 0.0279870
ta1D 221000000 222000000 0.0255940
ta1D 222000000 223000000 0.0277350
ta1D 223000000 224000000 0.0257080
ta1D 224000000 225000000 0.0199600
ta1D 225000000 226000000 0.0295610
ta1D 226000000 227000000 0.0213240
ta1D 227000000 228000000 0.0286430
ta1D 228000000 229000000 0.0302000
ta1D 229000000 230000000 0.0213480
ta1D 230000000 231000000 0.0372130
ta1D 231000000 232000000 0.0316950
ta1D 232000000 233000000 0.0214260
ta1D 233000000 234000000 0.0273480
ta1D 234000000 235000000 0.0288040
ta1D 235000000 236000000 0.0381460
ta1D 236000000 237000000 0.0272700
ta1D 237000000 238000000 0.0221780
ta1D 238000000 239000000 0.0283740
ta1D 239000000 240000000 0.0361510
ta1D 240000000 241000000 0.0242410
ta1D 241000000 242000000 0.0287950
ta1D 242000000 243000000 0.0218400
ta1D 243000000 244000000 0.0288060
ta1D 244000000 245000000 0.0233260
ta1D 245000000 246000000 0.0286670
ta1D 246000000 247000000 0.0263200
ta1D 247000000 248000000 0.0259870
ta1D 248000000 249000000 0.0287360
ta1D 249000000 250000000 0.0244210
ta1D 250000000 251000000 0.0262260
ta1D 251000000 252000000 0.0219890
ta1D 252000000 253000000 0.0306270
ta1D 253000000 254000000 0.0243290
ta1D 254000000 255000000 0.0270390
ta1D 255000000 256000000 0.0198810
ta1D 256000000 257000000 0.0245100
ta1D 257000000 258000000 0.0233970
ta1D 258000000 259000000 0.0341940
ta1D 259000000 260000000 0.0258760
ta1D 260000000 261000000 0.0326020
ta1D 261000000 262000000 0.0244410
ta1D 262000000 263000000 0.0200490
ta1D 263000000 264000000 0.0270050
ta1D 264000000 265000000 0.0262740
ta1D 265000000 266000000 0.0266030
ta1D 266000000 267000000 0.0340350
ta1D 267000000 268000000 0.0301160
ta1D 268000000 269000000 0.0310710
ta1D 269000000 270000000 0.0302850
ta1D 270000000 271000000 0.0410170
ta1D 271000000 272000000 0.0314450
ta1D 272000000 273000000 0.0251140
ta1D 273000000 274000000 0.0257550
ta1D 274000000 275000000 0.0252840
ta1D 275000000 276000000 0.0193180
ta1D 276000000 277000000 0.2383860
ta1D 277000000 278000000 1.0000000
ta1D 278000000 279000000 0.6681750
ta1D 279000000 280000000 0.0238160
ta1D 280000000 281000000 0.0278520
ta1D 281000000 282000000 0.0277410
ta1D 282000000 283000000 0.0245980
ta1D 283000000 284000000 0.0169910
ta1D 284000000 285000000 0.0212720
ta1D 285000000 286000000 0.0255550
ta1D 286000000 287000000 0.0333150
ta1D 287000000 288000000 0.0258540
ta1D 288000000 289000000 0.0289110
ta1D 289000000 290000000 0.0250250
ta1D 290000000 291000000 0.0271540
ta1D 291000000 292000000 0.0253930
ta1D 292000000 293000000 0.0274180
ta1D 293000000 294000000 0.0218720
ta1D 294000000 295000000 0.0306400
ta1D 295000000 296000000 0.0382420
ta1D 296000000 297000000 0.0229770
ta1D 297000000 298000000 0.0272970
ta1D 298000000 299000000 0.0252040
ta1D 299000000 300000000 0.0286580
ta1D 300000000 301000000 0.0220900
ta1D 301000000 302000000 0.0279580
ta1D 302000000 303000000 0.0281390
ta1D 303000000 304000000 0.0262560
ta1D 304000000 305000000 0.0319660
ta1D 305000000 306000000 0.0303560
ta1D 306000000 307000000 0.0219460
ta1D 307000000 308000000 0.0243110
ta1D 308000000 309000000 0.0322030
ta1D 309000000 310000000 0.0311990
ta1D 310000000 311000000 0.0258250
ta1D 311000000 312000000 0.0173330
ta1D 312000000 313000000 0.0270480
ta1D 313000000 314000000 0.0298530
ta1D 314000000 315000000 0.0333390
ta1D 315000000 316000000 0.0315830
ta1D 316000000 317000000 0.0279470
ta1D 317000000 318000000 0.0246720
ta1D 318000000 319000000 0.0227000
ta1D 319000000 320000000 0.0242000
ta1D 320000000 321000000 0.0235970
ta1D 321000000 322000000 0.0297020
ta1D 322000000 323000000 0.0254960
ta1D 323000000 324000000 0.0254250
ta1D 324000000 325000000 0.0410140
ta1D 325000000 326000000 0.0238090
ta1D 326000000 327000000 0.0297440
ta1D 327000000 328000000 0.0209820
ta1D 328000000 329000000 0.0463480
ta1D 329000000 330000000 0.0339380
ta1D 330000000 331000000 0.0429980
ta1D 331000000 332000000 0.0249910
ta1D 332000000 333000000 0.0285880
ta1D 333000000 334000000 0.0266610
ta1D 334000000 335000000 0.0386630
ta1D 335000000 336000000 0.0227600
ta1D 336000000 337000000 0.0247030
ta1D 337000000 338000000 0.0371530
ta1D 338000000 339000000 0.0287230
ta1D 339000000 340000000 0.0255660
ta1D 340000000 341000000 0.0296640
ta1D 341000000 342000000 0.0269480
ta1D 342000000 343000000 0.0344380
ta1D 343000000 344000000 0.0211930
ta1D 344000000 345000000 0.0226480
ta1D 345000000 346000000 0.0262990
ta1D 346000000 347000000 0.0289640
ta1D 347000000 348000000 0.0329360
ta1D 348000000 349000000 0.0283520
ta1D 349000000 350000000 0.0264940
ta1D 350000000 351000000 0.0254300
ta1D 351000000 352000000 0.0246980
ta1D 352000000 353000000 0.0245890
ta1D 353000000 354000000 0.0372640
ta1D 354000000 355000000 0.0320600
ta1D 355000000 356000000 0.0245570
ta1D 356000000 357000000 0.0183960
ta1D 357000000 358000000 0.0211930
ta1D 358000000 359000000 0.0259150
ta1D 359000000 360000000 0.0299920
ta1D 360000000 361000000 0.0206530
ta1D 361000000 362000000 0.0287640
ta1D 362000000 363000000 0.0313270
ta1D 363000000 364000000 0.0238020
ta1D 364000000 365000000 0.5600660
ta1D 365000000 366000000 0.0510460
ta1D 366000000 367000000 0.0268260
ta1D 367000000 368000000 0.0351400
ta1D 368000000 369000000 0.0247020
ta1D 369000000 370000000 0.0191660
ta1D 370000000 371000000 0.0206710
ta1D 371000000 372000000 0.0538820
ta1D 372000000 373000000 0.0274870
ta1D 373000000 374000000 0.0277300
ta1D 374000000 375000000 0.0330100
ta1D 375000000 376000000 0.0286000
ta1D 376000000 377000000 0.0244920
ta1D 377000000 378000000 0.0237780
ta1D 378000000 379000000 0.0225240
ta1D 379000000 380000000 0.0270440
ta1D 380000000 381000000 0.0309560
ta1D 381000000 382000000 0.0295600
ta1D 382000000 383000000 0.0206830
ta1D 383000000 384000000 0.0235200
ta1D 384000000 385000000 0.0240000
ta1D 385000000 386000000 0.0240320
ta1D 386000000 387000000 0.0208260
ta1D 387000000 388000000 0.0355080
ta1D 388000000 389000000 0.0241170
ta1D 389000000 390000000 0.0280490
ta1D 390000000 391000000 0.0287840
ta1D 391000000 392000000 0.0242190
ta1D 392000000 393000000 0.0357780
ta1D 393000000 394000000 0.0229250
ta1D 394000000 395000000 0.0346120
ta1D 395000000 396000000 0.5290000
ta1D 396000000 397000000 0.1488900
ta1D 397000000 398000000 0.3517600
ta1D 398000000 399000000 0.0474130
ta1D 399000000 400000000 0.0347950
ta1D 400000000 401000000 0.0212880
ta1D 401000000 402000000 0.0329750
ta1D 402000000 403000000 0.0286790
ta1D 403000000 404000000 0.3609130
ta1D 404000000 405000000 0.0287340
ta1D 405000000 406000000 0.0263520
ta1D 406000000 407000000 0.0288050
ta1D 407000000 408000000 0.0298460
ta1D 408000000 409000000 0.0549000
ta1D 409000000 410000000 0.0284560
ta1D 410000000 411000000 0.0289540
ta1D 411000000 412000000 0.0152360
ta1D 412000000 413000000 0.0340680
ta1D 413000000 414000000 0.0310420
ta1D 414000000 415000000 0.0249670
ta1D 415000000 416000000 0.2293190
ta1D 416000000 417000000 0.0189170
ta1D 417000000 418000000 0.0309670
ta1D 418000000 419000000 0.0478450
ta1D 419000000 420000000 0.0329260
ta1D 420000000 421000000 0.0278840
ta1D 421000000 422000000 0.0405740
ta1D 422000000 423000000 0.0395480
ta1D 423000000 424000000 0.0538920
ta1D 424000000 425000000 0.0416140
ta1D 425000000 426000000 0.0361430
ta1D 426000000 427000000 0.0335420
ta1D 427000000 428000000 0.0276880
ta1D 428000000 429000000 0.0477150
ta1D 429000000 430000000 0.0358350
ta1D 430000000 431000000 0.0286900
ta1D 431000000 432000000 0.0302370
ta1D 432000000 433000000 0.0327080
ta1D 433000000 434000000 0.0440430
ta1D 434000000 435000000 0.0377560
ta1D 435000000 436000000 0.0463850
ta1D 436000000 437000000 0.0456720
ta1D 437000000 438000000 0.0473820
ta1D 438000000 439000000 0.0225150
ta1D 439000000 440000000 0.0288000
ta1D 440000000 441000000 0.1225260
ta1D 441000000 442000000 0.0422100
ta1D 442000000 443000000 0.0352870
ta1D 443000000 444000000 0.0357610
ta1D 444000000 445000000 0.0326610
ta1D 445000000 446000000 0.0299570
ta1D 446000000 447000000 0.0456170
ta1D 447000000 448000000 0.0339600
ta1D 448000000 449000000 0.0313520
ta1D 449000000 450000000 0.0334080
ta1D 450000000 451000000 0.0297680
ta1D 451000000 452000000 0.0319140
ta1D 452000000 453000000 0.0328850
ta1D 453000000 454000000 0.0283170
ta1D 454000000 455000000 0.0643620
ta1D 455000000 456000000 0.0296700
ta1D 456000000 457000000 0.0282300
ta1D 457000000 458000000 0.0262430
ta1D 458000000 459000000 0.0331160
ta1D 459000000 460000000 0.0359320
ta1D 460000000 461000000 0.0809340
ta1D 461000000 462000000 0.0402370
ta1D 462000000 463000000 0.0270040
ta1D 463000000 464000000 0.0400640
ta1D 464000000 465000000 0.1203120
ta1D 465000000 466000000 0.0314110
ta1D 466000000 467000000 0.0248370
ta1D 467000000 468000000 0.0409910
ta1D 468000000 469000000 0.0417640
ta1D 469000000 470000000 0.0403260
ta1D 470000000 471000000 0.0246690
ta1D 471000000 472000000 0.0309980
ta1D 472000000 473000000 0.0466520
ta1D 473000000 474000000 0.0324870
ta1D 474000000 475000000 0.0392300
ta1D 475000000 476000000 0.0376370
ta1D 476000000 477000000 0.0313240
ta1D 477000000 478000000 0.0311080
ta1D 478000000 479000000 0.0392130
ta1D 479000000 480000000 0.0258320
ta1D 480000000 481000000 0.0398900
ta1D 481000000 482000000 0.0309340
ta1D 482000000 483000000 0.0258300
ta1D 483000000 484000000 0.0262510
ta1D 484000000 485000000 0.0422960
ta1D 485000000 486000000 0.0577440
ta1D 486000000 487000000 0.0235790
ta1D 487000000 488000000 0.1201750
ta1D 488000000 489000000 0.0434650
ta1D 489000000 490000000 0.0323300
ta1D 490000000 491000000 0.0282760
ta1D 491000000 492000000 0.0379510
ta1D 492000000 493000000 0.0359280
ta1D 493000000 494000000 0.0442380
ta1D 494000000 495000000 0.0330090
ta1D 495000000 496000000 0.0406220
ta1D 496000000 497000000 0.0286260
ta1D 497000000 498000000 0.0481190
ta1D 498000000 499000000 0.0553260
ta1D 499000000 500000000 0.0322950
ta1D 500000000 501000000 0.0294870
ta1D 501000000 502000000 0.0310880
ta1D 502000000 502615715 0.1214166
ta2A 0 1000000 0.1652550
ta2A 1000000 2000000 0.0266060
ta2A 2000000 3000000 0.1144590
ta2A 3000000 4000000 0.0367880
ta2A 4000000 5000000 0.3393730
ta2A 5000000 6000000 0.0290350
ta2A 6000000 7000000 0.0431760
ta2A 7000000 8000000 0.0407110
ta2A 8000000 9000000 0.0311260
ta2A 9000000 10000000 0.0216750
ta2A 10000000 11000000 0.0380530
ta2A 11000000 12000000 0.0514540
ta2A 12000000 13000000 0.0417010
ta2A 13000000 14000000 0.0380010
ta2A 14000000 15000000 0.0351880
ta2A 15000000 16000000 0.0399010
ta2A 16000000 17000000 0.0381570
ta2A 17000000 18000000 0.0311270
ta2A 18000000 19000000 0.0266710
ta2A 19000000 20000000 0.0415120
ta2A 20000000 21000000 0.0255990
ta2A 21000000 22000000 0.0362100
ta2A 22000000 23000000 0.0347680
ta2A 23000000 24000000 0.0463840
ta2A 24000000 25000000 0.0398160
ta2A 25000000 26000000 0.0353020
ta2A 26000000 27000000 0.0307470
ta2A 27000000 28000000 0.0952170
ta2A 28000000 29000000 0.6338800
ta2A 29000000 30000000 0.3822640
ta2A 30000000 31000000 0.2530980
ta2A 31000000 32000000 0.0348880
ta2A 32000000 33000000 0.0223730
ta2A 33000000 34000000 0.0429360
ta2A 34000000 35000000 0.0281030
ta2A 35000000 36000000 0.0232030
ta2A 36000000 37000000 0.0324350
ta2A 37000000 38000000 0.0384540
ta2A 38000000 39000000 0.0942170
ta2A 39000000 40000000 0.0311500
ta2A 40000000 41000000 0.0338200
ta2A 41000000 42000000 0.0394210
ta2A 42000000 43000000 0.0308010
ta2A 43000000 44000000 0.0294050
ta2A 44000000 45000000 0.0301570
ta2A 45000000 46000000 0.0369150
ta2A 46000000 47000000 0.0390390
ta2A 47000000 48000000 0.0242460
ta2A 48000000 49000000 0.0274970
ta2A 49000000 50000000 0.0350010
ta2A 50000000 51000000 0.0278690
ta2A 51000000 52000000 0.0315480
ta2A 52000000 53000000 0.0294210
ta2A 53000000 54000000 0.0226310
ta2A 54000000 55000000 0.0237600
ta2A 55000000 56000000 0.0283620
ta2A 56000000 57000000 0.0217230
ta2A 57000000 58000000 0.0203280
ta2A 58000000 59000000 0.0169980
ta2A 59000000 60000000 0.0222550
ta2A 60000000 61000000 0.0239670
ta2A 61000000 62000000 0.0252330
ta2A 62000000 63000000 0.0240140
ta2A 63000000 64000000 0.0265060
ta2A 64000000 65000000 0.0142090
ta2A 65000000 66000000 0.0288380
ta2A 66000000 67000000 0.0264620
ta2A 67000000 68000000 0.0159680
ta2A 68000000 69000000 0.0353720
ta2A 69000000 70000000 0.0379300
ta2A 70000000 71000000 0.0170570
ta2A 71000000 72000000 0.0221720
ta2A 72000000 73000000 0.0256860
ta2A 73000000 74000000 0.0298640
ta2A 74000000 75000000 0.0210190
ta2A 75000000 76000000 0.0340810
ta2A 76000000 77000000 0.0292310
ta2A 77000000 78000000 0.0258060
ta2A 78000000 79000000 0.0327720
ta2A 79000000 80000000 0.0295590
ta2A 80000000 81000000 0.0298070
ta2A 81000000 82000000 0.0197020
ta2A 82000000 83000000 0.0181080
ta2A 83000000 84000000 0.0168010
ta2A 84000000 85000000 0.0226340
ta2A 85000000 86000000 0.0230660
ta2A 86000000 87000000 0.0335510
ta2A 87000000 88000000 0.0236930
ta2A 88000000 89000000 0.0242580
ta2A 89000000 90000000 0.0235380
ta2A 90000000 91000000 0.0219140
ta2A 91000000 92000000 0.0208650
ta2A 92000000 93000000 0.0195060
ta2A 93000000 94000000 0.0257090
ta2A 94000000 95000000 0.0275470
ta2A 95000000 96000000 0.0276500
ta2A 96000000 97000000 0.0387750
ta2A 97000000 98000000 0.0445940
ta2A 98000000 99000000 0.0564590
ta2A 99000000 100000000 0.0307330
ta2A 100000000 101000000 0.0349440
ta2A 101000000 102000000 0.0212900
ta2A 102000000 103000000 0.0250240
ta2A 103000000 104000000 0.0229440
ta2A 104000000 105000000 0.0250560
ta2A 105000000 106000000 0.0303380
ta2A 106000000 107000000 0.0196180
ta2A 107000000 108000000 0.0202470
ta2A 108000000 109000000 0.0203720
ta2A 109000000 110000000 0.0265810
ta2A 110000000 111000000 0.0193310
ta2A 111000000 112000000 0.0239150
ta2A 112000000 113000000 0.0253370
ta2A 113000000 114000000 0.0320580
ta2A 114000000 115000000 0.0243550
ta2A 115000000 116000000 0.0232200
ta2A 116000000 117000000 0.0182030
ta2A 117000000 118000000 0.0182690
ta2A 118000000 119000000 0.0285480
ta2A 119000000 120000000 0.0200380
ta2A 120000000 121000000 0.0225300
ta2A 121000000 122000000 0.0262020
ta2A 122000000 123000000 0.0217770
ta2A 123000000 124000000 0.0245730
ta2A 124000000 125000000 0.0206910
ta2A 125000000 126000000 0.0239470
ta2A 126000000 127000000 0.0250740
ta2A 127000000 128000000 0.0203410
ta2A 128000000 129000000 0.0210810
ta2A 129000000 130000000 0.0211660
ta2A 130000000 131000000 0.0213550
ta2A 131000000 132000000 0.0287940
ta2A 132000000 133000000 0.0250940
ta2A 133000000 134000000 0.0270820
ta2A 134000000 135000000 0.0207940
ta2A 135000000 136000000 0.0177540
ta2A 136000000 137000000 0.0181360
ta2A 137000000 138000000 0.0180720
ta2A 138000000 139000000 0.0182570
ta2A 139000000 140000000 0.0226870
ta2A 140000000 141000000 0.0222340
ta2A 141000000 142000000 0.0255840
ta2A 142000000 143000000 0.0167400
ta2A 143000000 144000000 0.0200290
ta2A 144000000 145000000 0.0179370
ta2A 145000000 146000000 0.0220270
ta2A 146000000 147000000 0.0210610
ta2A 147000000 148000000 0.0259930
ta2A 148000000 149000000 0.0182490
ta2A 149000000 150000000 0.0155720
ta2A 150000000 151000000 0.0274350
ta2A 151000000 152000000 0.0216160
ta2A 152000000 153000000 0.0356520
ta2A 153000000 154000000 0.0146120
ta2A 154000000 155000000 0.0221200
ta2A 155000000 156000000 0.0339090
ta2A 156000000 157000000 0.0232940
ta2A 157000000 158000000 0.0289310
ta2A 158000000 159000000 0.0233070
ta2A 159000000 160000000 0.0200810
ta2A 160000000 161000000 0.0197940
ta2A 161000000 162000000 0.0224030
ta2A 162000000 163000000 0.0174020
ta2A 163000000 164000000 0.0252120
ta2A 164000000 165000000 0.0170190
ta2A 165000000 166000000 0.0197380
ta2A 166000000 167000000 0.0208170
ta2A 167000000 168000000 0.0272950
ta2A 168000000 169000000 0.0146590
ta2A 169000000 170000000 0.0278020
ta2A 170000000 171000000 0.0293060
ta2A 171000000 172000000 0.0166420
ta2A 172000000 173000000 0.0229250
ta2A 173000000 174000000 0.0216380
ta2A 174000000 175000000 0.0193000
ta2A 175000000 176000000 0.0227910
ta2A 176000000 177000000 0.0245150
ta2A 177000000 178000000 0.0372830
ta2A 178000000 179000000 0.0197390
ta2A 179000000 180000000 0.0196680
ta2A 180000000 181000000 0.0213010
ta2A 181000000 182000000 0.0176800
ta2A 182000000 183000000 0.0264230
ta2A 183000000 184000000 0.0231510
ta2A 184000000 185000000 0.0206760
ta2A 185000000 186000000 0.0229870
ta2A 186000000 187000000 0.0202110
ta2A 187000000 188000000 0.0179980
ta2A 188000000 189000000 0.0213740
ta2A 189000000 190000000 0.0250690
ta2A 190000000 191000000 0.0229640
ta2A 191000000 192000000 0.0186930
ta2A 192000000 193000000 0.0208690
ta2A 193000000 194000000 0.0258560
ta2A 194000000 195000000 0.0232830
ta2A 195000000 196000000 0.0225580
ta2A 196000000 197000000 0.0259670
ta2A 197000000 198000000 0.0158410
ta2A 198000000 199000000 0.0180630
ta2A 199000000 200000000 0.0204460
ta2A 200000000 201000000 0.0233060
ta2A 201000000 202000000 0.0211910
ta2A 202000000 203000000 0.0203950
ta2A 203000000 204000000 0.0227310
ta2A 204000000 205000000 0.0189930
ta2A 205000000 206000000 0.0268010
ta2A 206000000 207000000 0.0174800
ta2A 207000000 208000000 0.0218290
ta2A 208000000 209000000 0.0185830
ta2A 209000000 210000000 0.0151050
ta2A 210000000 211000000 0.0186120
ta2A 211000000 212000000 0.0197070
ta2A 212000000 213000000 0.0222000
ta2A 213000000 214000000 0.0225740
ta2A 214000000 215000000 0.0199020
ta2A 215000000 216000000 0.0162520
ta2A 216000000 217000000 0.0199870
ta2A 217000000 218000000 0.0339330
ta2A 218000000 219000000 0.0159660
ta2A 219000000 220000000 0.0200820
ta2A 220000000 221000000 0.0234930
ta2A 221000000 222000000 0.0196670
ta2A 222000000 223000000 0.0160920
ta2A 223000000 224000000 0.0143300
ta2A 224000000 225000000 0.0206890
ta2A 225000000 226000000 0.0188370
ta2A 226000000 227000000 0.0262440
ta2A 227000000 228000000 0.0278220
ta2A 228000000 229000000 0.0186240
ta2A 229000000 230000000 0.0196640
ta2A 230000000 231000000 0.0200420
ta2A 231000000 232000000 0.0134490
ta2A 232000000 233000000 0.0139830
ta2A 233000000 234000000 0.0246760
ta2A 234000000 235000000 0.3411780
ta2A 235000000 236000000 0.0151500
ta2A 236000000 237000000 0.0180080
ta2A 237000000 238000000 0.0143300
ta2A 238000000 239000000 0.0125560
ta2A 239000000 240000000 0.0274600
ta2A 240000000 241000000 0.0188310
ta2A 241000000 242000000 0.0177950
ta2A 242000000 243000000 0.0152800
ta2A 243000000 244000000 0.0242890
ta2A 244000000 245000000 0.2905200
ta2A 245000000 246000000 0.0204560
ta2A 246000000 247000000 0.0606050
ta2A 247000000 248000000 0.0277060
ta2A 248000000 249000000 0.0350010
ta2A 249000000 250000000 0.0477070
ta2A 250000000 251000000 0.0181960
ta2A 251000000 252000000 0.0244810
ta2A 252000000 253000000 0.0160810
ta2A 253000000 254000000 0.0207210
ta2A 254000000 255000000 0.0182800
ta2A 255000000 256000000 0.0176150
ta2A 256000000 257000000 0.0200890
ta2A 257000000 258000000 0.0175740
ta2A 258000000 259000000 0.0239310
ta2A 259000000 260000000 0.0230770
ta2A 260000000 261000000 0.0203970
ta2A 261000000 262000000 0.0267840
ta2A 262000000 263000000 0.0135740
ta2A 263000000 264000000 0.0201520
ta2A 264000000 265000000 0.0170070
ta2A 265000000 266000000 0.0282550
ta2A 266000000 267000000 0.0190370
ta2A 267000000 268000000 0.0238270
ta2A 268000000 269000000 0.0196920
ta2A 269000000 270000000 0.0187820
ta2A 270000000 271000000 0.0183650
ta2A 271000000 272000000 0.0148540
ta2A 272000000 273000000 0.0210660
ta2A 273000000 274000000 0.1974760
ta2A 274000000 275000000 0.0204930
ta2A 275000000 276000000 0.0269960
ta2A 276000000 277000000 0.0200350
ta2A 277000000 278000000 0.0188680
ta2A 278000000 279000000 0.0208960
ta2A 279000000 280000000 0.0206410
ta2A 280000000 281000000 0.0182640
ta2A 281000000 282000000 0.0213540
ta2A 282000000 283000000 0.0238630
ta2A 283000000 284000000 0.0184840
ta2A 284000000 285000000 0.0201910
ta2A 285000000 286000000 0.0157140
ta2A 286000000 287000000 0.0184430
ta2A 287000000 288000000 0.0217180
ta2A 288000000 289000000 0.0158970
ta2A 289000000 290000000 0.0122440
ta2A 290000000 291000000 0.0104780
ta2A 291000000 292000000 0.0151100
ta2A 292000000 293000000 0.0180610
ta2A 293000000 294000000 0.0193690
ta2A 294000000 295000000 0.0187760
ta2A 295000000 296000000 0.0133870
ta2A 296000000 297000000 0.0141110
ta2A 297000000 298000000 0.0202410
ta2A 298000000 299000000 0.0151910
ta2A 299000000 300000000 0.0168090
ta2A 300000000 301000000 0.0168160
ta2A 301000000 302000000 0.0220820
ta2A 302000000 303000000 0.0138430
ta2A 303000000 304000000 0.0158560
ta2A 304000000 305000000 0.0198360
ta2A 305000000 306000000 0.0172760
ta2A 306000000 307000000 0.0159940
ta2A 307000000 308000000 0.0233420
ta2A 308000000 309000000 0.0176970
ta2A 309000000 310000000 0.0801600
ta2A 310000000 311000000 0.0160040
ta2A 311000000 312000000 0.0192130
ta2A 312000000 313000000 0.0141380
ta2A 313000000 314000000 0.0186900
ta2A 314000000 315000000 0.0221230
ta2A 315000000 316000000 0.3500820
ta2A 316000000 317000000 0.8537010
ta2A 317000000 318000000 0.0205330
ta2A 318000000 319000000 0.0109030
ta2A 319000000 320000000 0.0209490
ta2A 320000000 321000000 0.0134750
ta2A 321000000 322000000 0.0183250
ta2A 322000000 323000000 0.0167920
ta2A 323000000 324000000 0.0220940
ta2A 324000000 325000000 0.0157350
ta2A 325000000 326000000 0.0175000
ta2A 326000000 327000000 0.0212470
ta2A 327000000 328000000 0.0187570
ta2A 328000000 329000000 0.0171210
ta2A 329000000 330000000 0.0198950
ta2A 330000000 331000000 0.0193080
ta2A 331000000 332000000 0.0284380
ta2A 332000000 333000000 0.0226080
ta2A 333000000 334000000 0.0226100
ta2A 334000000 335000000 0.0124600
ta2A 335000000 336000000 0.0251040
ta2A 336000000 337000000 0.0100160
ta2A 337000000 338000000 0.0283590
ta2A 338000000 339000000 0.0173050
ta2A 339000000 340000000 0.0244570
ta2A 340000000 341000000 0.0164380
ta2A 341000000 342000000 0.0174840
ta2A 342000000 343000000 0.0178000
ta2A 343000000 344000000 0.0206850
ta2A 344000000 345000000 0.0210710
ta2A 345000000 346000000 0.0182350
ta2A 346000000 347000000 0.0194940
ta2A 347000000 348000000 0.0214690
ta2A 348000000 349000000 0.0899160
ta2A 349000000 350000000 0.0195990
ta2A 350000000 351000000 0.0190420
ta2A 351000000 352000000 0.0184890
ta2A 352000000 353000000 0.0242700
ta2A 353000000 354000000 0.0168420
ta2A 354000000 355000000 0.0189350
ta2A 355000000 356000000 0.0205080
ta2A 356000000 357000000 0.0173140
ta2A 357000000 358000000 0.0181400
ta2A 358000000 359000000 0.0194340
ta2A 359000000 360000000 0.0213210
ta2A 360000000 361000000 0.0177580
ta2A 361000000 362000000 0.0227570
ta2A 362000000 363000000 0.0169780
ta2A 363000000 364000000 0.0169490
ta2A 364000000 365000000 0.0141350
ta2A 365000000 366000000 0.0289840
ta2A 366000000 367000000 0.0229380
ta2A 367000000 368000000 0.0118260
ta2A 368000000 369000000 0.0214100
ta2A 369000000 370000000 0.0224780
ta2A 370000000 371000000 0.0170010
ta2A 371000000 372000000 0.0259780
ta2A 372000000 373000000 0.0209710
ta2A 373000000 374000000 0.0183020
ta2A 374000000 375000000 0.0196370
ta2A 375000000 376000000 0.0231970
ta2A 376000000 377000000 0.0370890
ta2A 377000000 378000000 0.2435340
ta2A 378000000 379000000 0.0255320
ta2A 379000000 380000000 0.0212610
ta2A 380000000 381000000 0.0171820
ta2A 381000000 382000000 0.0151930
ta2A 382000000 383000000 0.0355090
ta2A 383000000 384000000 0.0254970
ta2A 384000000 385000000 0.0168100
ta2A 385000000 386000000 0.0218660
ta2A 386000000 387000000 0.0182410
ta2A 387000000 388000000 0.0263540
ta2A 388000000 389000000 0.0241330
ta2A 389000000 390000000 0.0230120
ta2A 390000000 391000000 0.0213170
ta2A 391000000 392000000 0.0214850
ta2A 392000000 393000000 0.0175870
ta2A 393000000 394000000 0.0156080
ta2A 394000000 395000000 0.0179010
ta2A 395000000 396000000 0.0198020
ta2A 396000000 397000000 0.0217130
ta2A 397000000 398000000 0.0208330
ta2A 398000000 399000000 0.0174400
ta2A 399000000 400000000 0.0288580
ta2A 400000000 401000000 0.0267870
ta2A 401000000 402000000 0.0200610
ta2A 402000000 403000000 0.0237050
ta2A 403000000 404000000 0.0205980
ta2A 404000000 405000000 0.0209420
ta2A 405000000 406000000 0.0197820
ta2A 406000000 407000000 0.0182590
ta2A 407000000 408000000 0.0150640
ta2A 408000000 409000000 0.0242120
ta2A 409000000 410000000 0.0213660
ta2A 410000000 411000000 0.0184610
ta2A 411000000 412000000 0.0192330
ta2A 412000000 413000000 0.0200200
ta2A 413000000 414000000 0.0220540
ta2A 414000000 415000000 0.0211700
ta2A 415000000 416000000 0.0188700
ta2A 416000000 417000000 0.0183380
ta2A 417000000 418000000 0.0159320
ta2A 418000000 419000000 0.0187250
ta2A 419000000 420000000 0.0168830
ta2A 420000000 421000000 0.0220770
ta2A 421000000 422000000 0.0179750
ta2A 422000000 423000000 0.0165620
ta2A 423000000 424000000 0.0185680
ta2A 424000000 425000000 0.0207910
ta2A 425000000 426000000 0.0154390
ta2A 426000000 427000000 0.0215730
ta2A 427000000 428000000 0.0183720
ta2A 428000000 429000000 0.0239430
ta2A 429000000 430000000 0.0222550
ta2A 430000000 431000000 0.0240390
ta2A 431000000 432000000 0.0213750
ta2A 432000000 433000000 0.0227280
ta2A 433000000 434000000 0.0215240
ta2A 434000000 435000000 0.0167490
ta2A 435000000 436000000 0.0198790
ta2A 436000000 437000000 0.0244050
ta2A 437000000 438000000 0.0228690
ta2A 438000000 439000000 0.0203240
ta2A 439000000 440000000 0.0221420
ta2A 440000000 441000000 0.0258830
ta2A 441000000 442000000 0.0230970
ta2A 442000000 443000000 0.0239850
ta2A 443000000 444000000 0.0265860
ta2A 444000000 445000000 0.0286400
ta2A 445000000 446000000 0.0176600
ta2A 446000000 447000000 0.0225640
ta2A 447000000 448000000 0.0172070
ta2A 448000000 449000000 0.0247710
ta2A 449000000 450000000 0.0169280
ta2A 450000000 451000000 0.0177000
ta2A 451000000 452000000 0.0240530
ta2A 452000000 453000000 0.0196160
ta2A 453000000 454000000 0.0137080
ta2A 454000000 455000000 0.0169950
ta2A 455000000 456000000 0.0163160
ta2A 456000000 457000000 0.0184120
ta2A 457000000 458000000 0.0218810
ta2A 458000000 459000000 0.0254020
ta2A 459000000 460000000 0.0258370
ta2A 460000000 461000000 0.0264720
ta2A 461000000 462000000 0.0196000
ta2A 462000000 463000000 0.0212880
ta2A 463000000 464000000 0.0178600
ta2A 464000000 465000000 0.0128020
ta2A 465000000 466000000 0.0159650
ta2A 466000000 467000000 0.0183860
ta2A 467000000 468000000 0.0207180
ta2A 468000000 469000000 0.0209800
ta2A 469000000 470000000 0.0228040
ta2A 470000000 471000000 0.0248070
ta2A 471000000 472000000 0.0213440
ta2A 472000000 473000000 0.0218290
ta2A 473000000 474000000 0.0188200
ta2A 474000000 475000000 0.0227510
ta2A 475000000 476000000 0.0250880
ta2A 476000000 477000000 0.0162450
ta2A 477000000 478000000 0.0171890
ta2A 478000000 479000000 0.0258680
ta2A 479000000 480000000 0.0251900
ta2A 480000000 481000000 0.0357290
ta2A 481000000 482000000 0.0231620
ta2A 482000000 483000000 0.0228130
ta2A 483000000 484000000 0.0277470
ta2A 484000000 485000000 0.0247230
ta2A 485000000 486000000 0.0205380
ta2A 486000000 487000000 0.0232980
ta2A 487000000 488000000 0.0168100
ta2A 488000000 489000000 0.0247450
ta2A 489000000 490000000 0.0206900
ta2A 490000000 491000000 0.0308760
ta2A 491000000 492000000 0.0222650
ta2A 492000000 493000000 0.0255410
ta2A 493000000 494000000 0.0257490
ta2A 494000000 495000000 0.0213220
ta2A 495000000 496000000 0.0253090
ta2A 496000000 497000000 0.0222120
ta2A 497000000 498000000 0.0178510
ta2A 498000000 499000000 0.0194680
ta2A 499000000 500000000 0.0206790
ta2A 500000000 501000000 0.0144990
ta2A 501000000 502000000 0.0223330
ta2A 502000000 503000000 0.0149480
ta2A 503000000 504000000 0.0216730
ta2A 504000000 505000000 0.0209570
ta2A 505000000 506000000 0.0204780
ta2A 506000000 507000000 0.0197860
ta2A 507000000 508000000 0.0298180
ta2A 508000000 509000000 0.0189870
ta2A 509000000 510000000 0.0171720
ta2A 510000000 511000000 0.0182230
ta2A 511000000 512000000 0.0115220
ta2A 512000000 513000000 0.0183270
ta2A 513000000 514000000 0.0275620
ta2A 514000000 515000000 0.0262230
ta2A 515000000 516000000 0.0169380
ta2A 516000000 517000000 0.0176590
ta2A 517000000 518000000 0.0145710
ta2A 518000000 519000000 0.0185240
ta2A 519000000 520000000 0.0243960
ta2A 520000000 521000000 0.0237160
ta2A 521000000 522000000 0.0231670
ta2A 522000000 523000000 0.0270120
ta2A 523000000 524000000 0.0227020
ta2A 524000000 525000000 0.0135630
ta2A 525000000 526000000 0.0222790
ta2A 526000000 527000000 0.0161440
ta2A 527000000 528000000 0.0265130
ta2A 528000000 529000000 0.0266350
ta2A 529000000 530000000 0.0239040
ta2A 530000000 531000000 0.0203640
ta2A 531000000 532000000 0.0210530
ta2A 532000000 533000000 0.0208720
ta2A 533000000 534000000 0.0206330
ta2A 534000000 535000000 0.0205050
ta2A 535000000 536000000 0.0146790
ta2A 536000000 537000000 0.0169170
ta2A 537000000 538000000 0.0275720
ta2A 538000000 539000000 0.0180710
ta2A 539000000 540000000 0.0182120
ta2A 540000000 541000000 0.0158220
ta2A 541000000 542000000 0.0198260
ta2A 542000000 543000000 0.0157500
ta2A 543000000 544000000 0.0255010
ta2A 544000000 545000000 0.0282730
ta2A 545000000 546000000 0.0300940
ta2A 546000000 547000000 0.0258370
ta2A 547000000 548000000 0.0250010
ta2A 548000000 549000000 0.0476280
ta2A 549000000 550000000 0.0232850
ta2A 550000000 551000000 0.0275940
ta2A 551000000 552000000 0.0242740
ta2A 552000000 553000000 0.0237950
ta2A 553000000 554000000 0.0177330
ta2A 554000000 555000000 0.0224330
ta2A 555000000 556000000 0.0264190
ta2A 556000000 557000000 0.0284800
ta2A 557000000 558000000 0.0228510
ta2A 558000000 559000000 0.0196490
ta2A 559000000 560000000 0.0177970
ta2A 560000000 561000000 0.0140860
ta2A 561000000 562000000 0.0171380
ta2A 562000000 563000000 0.0158800
ta2A 563000000 564000000 0.0265200
ta2A 564000000 565000000 0.0192850
ta2A 565000000 566000000 0.0290490
ta2A 566000000 567000000 0.0190290
ta2A 567000000 568000000 0.0163570
ta2A 568000000 569000000 0.0283840
ta2A 569000000 570000000 0.0230090
ta2A 570000000 571000000 0.0217120
ta2A 571000000 572000000 0.0187080
ta2A 572000000 573000000 0.0152290
ta2A 573000000 574000000 0.0191890
ta2A 574000000 575000000 0.0204480
ta2A 575000000 576000000 0.0203520
ta2A 576000000 577000000 0.0149010
ta2A 577000000 578000000 0.0225160
ta2A 578000000 579000000 0.0220140
ta2A 579000000 580000000 0.0212780
ta2A 580000000 581000000 0.0266900
ta2A 581000000 582000000 0.0223790
ta2A 582000000 583000000 0.0201560
ta2A 583000000 584000000 0.0175600
ta2A 584000000 585000000 0.0158120
ta2A 585000000 586000000 0.0166910
ta2A 586000000 587000000 0.0237330
ta2A 587000000 588000000 0.0142810
ta2A 588000000 589000000 0.0253170
ta2A 589000000 590000000 0.0237200
ta2A 590000000 591000000 0.0201770
ta2A 591000000 592000000 0.0202460
ta2A 592000000 593000000 0.0252220
ta2A 593000000 594000000 0.0234130
ta2A 594000000 595000000 0.0176230
ta2A 595000000 596000000 0.0204830
ta2A 596000000 597000000 0.0186360
ta2A 597000000 598000000 0.0209310
ta2A 598000000 599000000 0.0265920
ta2A 599000000 600000000 0.0193530
ta2A 600000000 601000000 0.0260940
ta2A 601000000 602000000 0.0239290
ta2A 602000000 603000000 0.0236950
ta2A 603000000 604000000 0.0310230
ta2A 604000000 605000000 0.0283910
ta2A 605000000 606000000 0.0217470
ta2A 606000000 607000000 0.0216390
ta2A 607000000 608000000 0.0241100
ta2A 608000000 609000000 0.0467180
ta2A 609000000 610000000 0.0301490
ta2A 610000000 611000000 0.0218690
ta2A 611000000 612000000 0.0241590
ta2A 612000000 613000000 0.0330040
ta2A 613000000 614000000 0.0291520
ta2A 614000000 615000000 0.0237800
ta2A 615000000 616000000 0.0197120
ta2A 616000000 617000000 0.0248960
ta2A 617000000 618000000 0.0193640
ta2A 618000000 619000000 0.0191900
ta2A 619000000 620000000 0.0297420
ta2A 620000000 621000000 0.0178830
ta2A 621000000 622000000 0.0364470
ta2A 622000000 623000000 0.0208910
ta2A 623000000 624000000 0.0229870
ta2A 624000000 625000000 0.0144970
ta2A 625000000 626000000 0.0258170
ta2A 626000000 627000000 0.0332370
ta2A 627000000 628000000 0.0317820
ta2A 628000000 629000000 0.0281690
ta2A 629000000 630000000 0.0264380
ta2A 630000000 631000000 0.0197400
ta2A 631000000 632000000 0.0302890
ta2A 632000000 633000000 0.0209370
ta2A 633000000 634000000 0.0165980
ta2A 634000000 635000000 0.0189150
ta2A 635000000 636000000 0.0178320
ta2A 636000000 637000000 0.0151390
ta2A 637000000 638000000 0.0204540
ta2A 638000000 639000000 0.0183600
ta2A 639000000 640000000 0.0192690
ta2A 640000000 641000000 0.0188980
ta2A 641000000 642000000 0.0984040
ta2A 642000000 643000000 0.0195690
ta2A 643000000 644000000 0.0179160
ta2A 644000000 645000000 0.0171080
ta2A 645000000 646000000 0.0289870
ta2A 646000000 647000000 0.0222120
ta2A 647000000 648000000 0.0144290
ta2A 648000000 649000000 0.0177010
ta2A 649000000 650000000 0.0208710
ta2A 650000000 651000000 0.0176640
ta2A 651000000 652000000 0.0147800
ta2A 652000000 653000000 0.0236610
ta2A 653000000 654000000 0.0249370
ta2A 654000000 655000000 0.0159540
ta2A 655000000 656000000 0.0177120
ta2A 656000000 657000000 0.0209470
ta2A 657000000 658000000 0.0312360
ta2A 658000000 659000000 0.0219040
ta2A 659000000 660000000 0.0203080
ta2A 660000000 661000000 0.0274620
ta2A 661000000 662000000 0.0261880
ta2A 662000000 663000000 0.0197980
ta2A 663000000 664000000 0.0283660
ta2A 664000000 665000000 0.0306780
ta2A 665000000 666000000 0.0338180
ta2A 666000000 667000000 0.0206040
ta2A 667000000 668000000 0.0278500
ta2A 668000000 669000000 0.0259580
ta2A 669000000 670000000 0.0249380
ta2A 670000000 671000000 0.0333150
ta2A 671000000 672000000 0.0179390
ta2A 672000000 673000000 0.0272970
ta2A 673000000 674000000 0.0168510
ta2A 674000000 675000000 0.0272130
ta2A 675000000 676000000 0.0276760
ta2A 676000000 677000000 0.0224720
ta2A 677000000 678000000 0.0345620
ta2A 678000000 679000000 0.0306140
ta2A 679000000 680000000 0.0253360
ta2A 680000000 681000000 0.0178690
ta2A 681000000 682000000 0.0229710
ta2A 682000000 683000000 0.0242230
ta2A 683000000 684000000 0.0279890
ta2A 684000000 685000000 0.0238460
ta2A 685000000 686000000 0.0208510
ta2A 686000000 687000000 0.0256100
ta2A 687000000 688000000 0.0352430
ta2A 688000000 689000000 0.0269600
ta2A 689000000 690000000 0.0203150
ta2A 690000000 691000000 0.0262590
ta2A 691000000 692000000 0.0261960
ta2A 692000000 693000000 0.0279960
ta2A 693000000 694000000 0.0270980
ta2A 694000000 695000000 0.0205190
ta2A 695000000 696000000 0.0266100
ta2A 696000000 697000000 0.0310880
ta2A 697000000 698000000 0.0235490
ta2A 698000000 699000000 0.0404690
ta2A 699000000 700000000 0.0251180
ta2A 700000000 701000000 0.0239440
ta2A 701000000 702000000 0.0199160
ta2A 702000000 703000000 0.0475980
ta2A 703000000 704000000 0.0178140
ta2A 704000000 705000000 0.0278220
ta2A 705000000 706000000 0.0177090
ta2A 706000000 707000000 0.0244580
ta2A 707000000 708000000 0.0271340
ta2A 708000000 709000000 0.0246660
ta2A 709000000 710000000 0.0205040
ta2A 710000000 711000000 0.0548740
ta2A 711000000 712000000 0.0307800
ta2A 712000000 713000000 0.0152140
ta2A 713000000 714000000 0.0292930
ta2A 714000000 715000000 0.0265150
ta2A 715000000 716000000 0.0337460
ta2A 716000000 717000000 0.0218350
ta2A 717000000 718000000 0.0169580
ta2A 718000000 719000000 0.0223300
ta2A 719000000 720000000 0.0252550
ta2A 720000000 721000000 0.0284540
ta2A 721000000 722000000 0.0285270
ta2A 722000000 723000000 0.0195380
ta2A 723000000 724000000 0.0260540
ta2A 724000000 725000000 0.0280160
ta2A 725000000 726000000 0.0165680
ta2A 726000000 727000000 0.0269080
ta2A 727000000 728000000 0.0350710
ta2A 728000000 729000000 0.0219340
ta2A 729000000 730000000 0.0277660
ta2A 730000000 731000000 0.0217790
ta2A 731000000 732000000 0.0172740
ta2A 732000000 733000000 0.0274970
ta2A 733000000 734000000 0.0410170
ta2A 734000000 735000000 0.0296310
ta2A 735000000 736000000 0.0298250
ta2A 736000000 737000000 0.0432020
ta2A 737000000 738000000 0.0253100
ta2A 738000000 739000000 0.0229670
ta2A 739000000 740000000 0.0139600
ta2A 740000000 741000000 0.0254050
ta2A 741000000 742000000 0.0277580
ta2A 742000000 743000000 0.0228090
ta2A 743000000 744000000 0.0270210
ta2A 744000000 745000000 0.0509980
ta2A 745000000 746000000 0.0209460
ta2A 746000000 747000000 0.0233860
ta2A 747000000 748000000 0.0293820
ta2A 748000000 749000000 0.0300330
ta2A 749000000 750000000 0.0285830
ta2A 750000000 751000000 0.0375610
ta2A 751000000 752000000 0.0238950
ta2A 752000000 753000000 0.0346680
ta2A 753000000 754000000 0.0256060
ta2A 754000000 755000000 0.0279030
ta2A 755000000 756000000 0.0334600
ta2A 756000000 757000000 0.0219710
ta2A 757000000 758000000 0.0304860
ta2A 758000000 759000000 0.0313340
ta2A 759000000 760000000 0.0279990
ta2A 760000000 761000000 0.0337190
ta2A 761000000 762000000 0.0275860
ta2A 762000000 763000000 0.0291330
ta2A 763000000 764000000 0.0228730
ta2A 764000000 765000000 0.0323180
ta2A 765000000 766000000 0.0391160
ta2A 766000000 767000000 0.0312830
ta2A 767000000 768000000 0.0338060
ta2A 768000000 769000000 0.0310840
ta2A 769000000 770000000 0.0320130
ta2A 770000000 771000000 0.0454200
ta2A 771000000 772000000 0.0434280
ta2A 772000000 773000000 0.1937090
ta2A 773000000 774000000 0.0354540
ta2A 774000000 775000000 0.0343620
ta2A 775000000 776000000 0.0380460
ta2A 776000000 777000000 0.0365610
ta2A 777000000 778000000 0.0516540
ta2A 778000000 779000000 0.0405660
ta2A 779000000 780000000 0.0277770
ta2A 780000000 781000000 0.0349670
ta2A 781000000 782000000 0.0242600
ta2A 782000000 783000000 0.0966470
ta2A 783000000 784000000 0.0278180
ta2A 784000000 784543660 0.0404499
ta2B 0 1000000 0.0502880
ta2B 1000000 2000000 0.0329700
ta2B 2000000 3000000 0.0730230
ta2B 3000000 4000000 0.0402960
ta2B 4000000 5000000 0.0333280
ta2B 5000000 6000000 0.0296440
ta2B 6000000 7000000 0.0242220
ta2B 7000000 8000000 0.0260580
ta2B 8000000 9000000 0.0280320
ta2B 9000000 10000000 0.1589790
ta2B 10000000 11000000 0.2940230
ta2B 11000000 12000000 0.6600680
ta2B 12000000 13000000 0.2328940
ta2B 13000000 14000000 0.1811520
ta2B 14000000 15000000 0.0385220
ta2B 15000000 16000000 0.4595720
ta2B 16000000 17000000 0.0869940
ta2B 17000000 18000000 0.1031710
ta2B 18000000 19000000 0.7402070
ta2B 19000000 20000000 0.0303870
ta2B 20000000 21000000 0.0282860
ta2B 21000000 22000000 0.0450420
ta2B 22000000 23000000 0.0327210
ta2B 23000000 24000000 0.0386210
ta2B 24000000 25000000 0.0270810
ta2B 25000000 26000000 0.0232520
ta2B 26000000 27000000 0.0259820
ta2B 27000000 28000000 0.0274110
ta2B 28000000 29000000 0.1094220
ta2B 29000000 30000000 0.0364250
ta2B 30000000 31000000 0.0423200
ta2B 31000000 32000000 0.0298120
ta2B 32000000 33000000 0.0488240
ta2B 33000000 34000000 0.0438110
ta2B 34000000 35000000 0.0402240
ta2B 35000000 36000000 0.0381040
ta2B 36000000 37000000 0.0349100
ta2B 37000000 38000000 0.0712830
ta2B 38000000 39000000 0.1286800
ta2B 39000000 40000000 0.0275480
ta2B 40000000 41000000 0.0565060
ta2B 41000000 42000000 0.0446200
ta2B 42000000 43000000 0.0630700
ta2B 43000000 44000000 0.0383800
ta2B 44000000 45000000 0.0312030
ta2B 45000000 46000000 0.0533880
ta2B 46000000 47000000 0.0486080
ta2B 47000000 48000000 0.0307520
ta2B 48000000 49000000 0.0340520
ta2B 49000000 50000000 0.0454230
ta2B 50000000 51000000 0.0503310
ta2B 51000000 52000000 0.0313970
ta2B 52000000 53000000 0.0370170
ta2B 53000000 54000000 0.0309930
ta2B 54000000 55000000 0.0377390
ta2B 55000000 56000000 0.0369310
ta2B 56000000 57000000 0.0323630
ta2B 57000000 58000000 0.0551850
ta2B 58000000 59000000 0.0398280
ta2B 59000000 60000000 0.0519610
ta2B 60000000 61000000 0.0874680
ta2B 61000000 62000000 0.0371640
ta2B 62000000 63000000 0.0422150
ta2B 63000000 64000000 0.0358820
ta2B 64000000 65000000 0.0392310
ta2B 65000000 66000000 0.0308720
ta2B 66000000 67000000 0.0398500
ta2B 67000000 68000000 0.1331750
ta2B 68000000 69000000 0.0337930
ta2B 69000000 70000000 0.0501760
ta2B 70000000 71000000 0.0408880
ta2B 71000000 72000000 0.0274690
ta2B 72000000 73000000 0.0385280
ta2B 73000000 74000000 0.0303010
ta2B 74000000 75000000 0.0718080
ta2B 75000000 76000000 0.0350180
ta2B 76000000 77000000 0.0267420
ta2B 77000000 78000000 0.0320130
ta2B 78000000 79000000 0.0389280
ta2B 79000000 80000000 0.0285130
ta2B 80000000 81000000 0.0522780
ta2B 81000000 82000000 0.0231180
ta2B 82000000 83000000 0.0358530
ta2B 83000000 84000000 0.0311710
ta2B 84000000 85000000 0.0307350
ta2B 85000000 86000000 0.0324660
ta2B 86000000 87000000 0.0314760
ta2B 87000000 88000000 0.0253570
ta2B 88000000 89000000 0.0289750
ta2B 89000000 90000000 0.0292740
ta2B 90000000 91000000 0.0261950
ta2B 91000000 92000000 0.0281630
ta2B 92000000 93000000 0.0255450
ta2B 93000000 94000000 0.0267690
ta2B 94000000 95000000 0.0484990
ta2B 95000000 96000000 0.0356880
ta2B 96000000 97000000 0.0324250
ta2B 97000000 98000000 0.0312670
ta2B 98000000 99000000 0.0263670
ta2B 99000000 100000000 0.0254110
ta2B 100000000 101000000 0.0283030
ta2B 101000000 102000000 0.0262510
ta2B 102000000 103000000 0.0307150
ta2B 103000000 104000000 0.0284980
ta2B 104000000 105000000 0.0449820
ta2B 105000000 106000000 0.0297050
ta2B 106000000 107000000 0.0340490
ta2B 107000000 108000000 0.0309730
ta2B 108000000 109000000 0.0266370
ta2B 109000000 110000000 0.0232930
ta2B 110000000 111000000 0.0269290
ta2B 111000000 112000000 0.0359220
ta2B 112000000 113000000 0.0228920
ta2B 113000000 114000000 0.0378060
ta2B 114000000 115000000 0.0260580
ta2B 115000000 116000000 0.0320050
ta2B 116000000 117000000 0.0342190
ta2B 117000000 118000000 0.0280410
ta2B 118000000 119000000 0.0329240
ta2B 119000000 120000000 0.0324670
ta2B 120000000 121000000 0.0286440
ta2B 121000000 122000000 0.0300130
ta2B 122000000 123000000 0.0251050
ta2B 123000000 124000000 0.0294050
ta2B 124000000 125000000 0.0217210
ta2B 125000000 126000000 0.0243020
ta2B 126000000 127000000 0.0266830
ta2B 127000000 128000000 0.0251430
ta2B 128000000 129000000 0.0248420
ta2B 129000000 130000000 0.0226860
ta2B 130000000 131000000 0.0236990
ta2B 131000000 132000000 0.0279000
ta2B 132000000 133000000 0.0285530
ta2B 133000000 134000000 0.0243700
ta2B 134000000 135000000 0.0250050
ta2B 135000000 136000000 0.0222360
ta2B 136000000 137000000 0.0252090
ta2B 137000000 138000000 0.0274330
ta2B 138000000 139000000 0.0257780
ta2B 139000000 140000000 0.0260130
ta2B 140000000 141000000 0.0221080
ta2B 141000000 142000000 0.0308900
ta2B 142000000 143000000 0.0235450
ta2B 143000000 144000000 0.0227280
ta2B 144000000 145000000 0.0246140
ta2B 145000000 146000000 0.0222740
ta2B 146000000 147000000 0.0303210
ta2B 147000000 148000000 0.0250530
ta2B 148000000 149000000 0.0276770
ta2B 149000000 150000000 0.0238120
ta2B 150000000 151000000 0.0242940
ta2B 151000000 152000000 0.0219630
ta2B 152000000 153000000 0.0296370
ta2B 153000000 154000000 0.0253810
ta2B 154000000 155000000 0.0888540
ta2B 155000000 156000000 0.0240370
ta2B 156000000 157000000 0.0262980
ta2B 157000000 158000000 0.0311500
ta2B 158000000 159000000 0.0260620
ta2B 159000000 160000000 0.0322570
ta2B 160000000 161000000 0.0297410
ta2B 161000000 162000000 0.0271120
ta2B 162000000 163000000 0.0269860
ta2B 163000000 164000000 0.0237620
ta2B 164000000 165000000 0.0255660
ta2B 165000000 166000000 0.0341150
ta2B 166000000 167000000 0.0317540
ta2B 167000000 168000000 0.0195430
ta2B 168000000 169000000 0.0290510
ta2B 169000000 170000000 0.0217770
ta2B 170000000 171000000 0.0202760
ta2B 171000000 172000000 0.0239730
ta2B 172000000 173000000 0.0275840
ta2B 173000000 174000000 0.0219550
ta2B 174000000 175000000 0.0230440
ta2B 175000000 176000000 0.0286760
ta2B 176000000 177000000 0.0245900
ta2B 177000000 178000000 0.0208190
ta2B 178000000 179000000 0.0215750
ta2B 179000000 180000000 0.0194920
ta2B 180000000 181000000 0.0251790
ta2B 181000000 182000000 0.0245530
ta2B 182000000 183000000 0.0141920
ta2B 183000000 184000000 0.0234420
ta2B 184000000 185000000 0.0211020
ta2B 185000000 186000000 0.0318870
ta2B 186000000 187000000 0.0268190
ta2B 187000000 188000000 0.0250890
ta2B 188000000 189000000 0.0275410
ta2B 189000000 190000000 0.0229320
ta2B 190000000 191000000 0.0339130
ta2B 191000000 192000000 0.0469300
ta2B 192000000 193000000 0.0283420
ta2B 193000000 194000000 0.0714140
ta2B 194000000 195000000 0.0223500
ta2B 195000000 196000000 0.0233510
ta2B 196000000 197000000 0.0231760
ta2B 197000000 198000000 0.0205890
ta2B 198000000 199000000 0.0170300
ta2B 199000000 200000000 0.0272850
ta2B 200000000 201000000 0.0248730
ta2B 201000000 202000000 0.0250760
ta2B 202000000 203000000 0.0191570
ta2B 203000000 204000000 0.0219950
ta2B 204000000 205000000 0.0225630
ta2B 205000000 206000000 0.0177610
ta2B 206000000 207000000 0.0202230
ta2B 207000000 208000000 0.0201180
ta2B 208000000 209000000 0.0225190
ta2B 209000000 210000000 0.0242750
ta2B 210000000 211000000 0.0252920
ta2B 211000000 212000000 0.0235650
ta2B 212000000 213000000 0.0271440
ta2B 213000000 214000000 0.0309310
ta2B 214000000 215000000 0.0227130
ta2B 215000000 216000000 0.0237420
ta2B 216000000 217000000 0.0216060
ta2B 217000000 218000000 0.0211120
ta2B 218000000 219000000 0.0176430
ta2B 219000000 220000000 0.0253800
ta2B 220000000 221000000 0.0247150
ta2B 221000000 222000000 0.0236200
ta2B 222000000 223000000 0.0203330
ta2B 223000000 224000000 0.0262500
ta2B 224000000 225000000 0.0258800
ta2B 225000000 226000000 0.0218010
ta2B 226000000 227000000 0.0269700
ta2B 227000000 228000000 0.0234180
ta2B 228000000 229000000 0.0192910
ta2B 229000000 230000000 0.0163020
ta2B 230000000 231000000 0.0228850
ta2B 231000000 232000000 0.0192880
ta2B 232000000 233000000 0.0242950
ta2B 233000000 234000000 0.0202350
ta2B 234000000 235000000 0.0245400
ta2B 235000000 236000000 0.0250640
ta2B 236000000 237000000 0.0265260
ta2B 237000000 238000000 0.0160920
ta2B 238000000 239000000 0.0211780
ta2B 239000000 240000000 0.0281410
ta2B 240000000 241000000 0.0275040
ta2B 241000000 242000000 0.0262840
ta2B 242000000 243000000 0.0164050
ta2B 243000000 244000000 0.0222130
ta2B 244000000 245000000 0.0314620
ta2B 245000000 246000000 0.0193270
ta2B 246000000 247000000 0.0259920
ta2B 247000000 248000000 0.0246350
ta2B 248000000 249000000 0.0334680
ta2B 249000000 250000000 0.0302400
ta2B 250000000 251000000 0.0203020
ta2B 251000000 252000000 0.0217030
ta2B 252000000 253000000 0.0183380
ta2B 253000000 254000000 0.0283130
ta2B 254000000 255000000 0.0272620
ta2B 255000000 256000000 0.0204200
ta2B 256000000 257000000 0.0266830
ta2B 257000000 258000000 0.0290120
ta2B 258000000 259000000 0.0182530
ta2B 259000000 260000000 0.0220920
ta2B 260000000 261000000 0.0186560
ta2B 261000000 262000000 0.0172210
ta2B 262000000 263000000 0.0259230
ta2B 263000000 264000000 0.0218000
ta2B 264000000 265000000 0.0236180
ta2B 265000000 266000000 0.0197710
ta2B 266000000 267000000 0.0276480
ta2B 267000000 268000000 0.0201470
ta2B 268000000 269000000 0.0240640
ta2B 269000000 270000000 0.0221050
ta2B 270000000 271000000 0.0242030
ta2B 271000000 272000000 0.0195070
ta2B 272000000 273000000 0.0236530
ta2B 273000000 274000000 0.0300870
ta2B 274000000 275000000 0.0308240
ta2B 275000000 276000000 0.0282450
ta2B 276000000 277000000 0.0192630
ta2B 277000000 278000000 0.0211700
ta2B 278000000 279000000 0.0194380
ta2B 279000000 280000000 0.0232280
ta2B 280000000 281000000 0.4917560
ta2B 281000000 282000000 0.0221380
ta2B 282000000 283000000 0.0218710
ta2B 283000000 284000000 0.0189150
ta2B 284000000 285000000 0.0173020
ta2B 285000000 286000000 0.0258080
ta2B 286000000 287000000 0.0233520
ta2B 287000000 288000000 0.0181640
ta2B 288000000 289000000 0.0293930
ta2B 289000000 290000000 0.0195130
ta2B 290000000 291000000 0.0219410
ta2B 291000000 292000000 0.0182880
ta2B 292000000 293000000 0.0302170
ta2B 293000000 294000000 0.0093190
ta2B 294000000 295000000 0.0421890
ta2B 295000000 296000000 0.0234260
ta2B 296000000 297000000 0.0209790
ta2B 297000000 298000000 0.0166900
ta2B 298000000 299000000 0.0193270
ta2B 299000000 300000000 0.0810600
ta2B 300000000 301000000 0.0708260
ta2B 301000000 302000000 0.0213870
ta2B 302000000 303000000 0.0254670
ta2B 303000000 304000000 0.0195660
ta2B 304000000 305000000 0.0245700
ta2B 305000000 306000000 0.0298380
ta2B 306000000 307000000 0.0241530
ta2B 307000000 308000000 0.0244010
ta2B 308000000 309000000 0.0250050
ta2B 309000000 310000000 0.1069230
ta2B 310000000 311000000 0.0152460
ta2B 311000000 312000000 0.0360030
ta2B 312000000 313000000 0.0221840
ta2B 313000000 314000000 0.0206920
ta2B 314000000 315000000 0.0216020
ta2B 315000000 316000000 0.0177500
ta2B 316000000 317000000 0.0295030
ta2B 317000000 318000000 0.0169540
ta2B 318000000 319000000 0.0246180
ta2B 319000000 320000000 0.0174890
ta2B 320000000 321000000 0.0330960
ta2B 321000000 322000000 0.1908150
ta2B 322000000 323000000 0.0232630
ta2B 323000000 324000000 0.1419110
ta2B 324000000 325000000 0.0232760
ta2B 325000000 326000000 0.0167310
ta2B 326000000 327000000 0.0271970
ta2B 327000000 328000000 0.0254330
ta2B 328000000 329000000 0.0180460
ta2B 329000000 330000000 0.0170210
ta2B 330000000 331000000 0.0249930
ta2B 331000000 332000000 0.0343680
ta2B 332000000 333000000 0.0827770
ta2B 333000000 334000000 0.1674260
ta2B 334000000 335000000 0.0167440
ta2B 335000000 336000000 0.0169690
ta2B 336000000 337000000 0.0180870
ta2B 337000000 338000000 0.0242290
ta2B 338000000 339000000 0.0276620
ta2B 339000000 340000000 0.0221810
ta2B 340000000 341000000 0.0219700
ta2B 341000000 342000000 0.0167480
ta2B 342000000 343000000 0.0232360
ta2B 343000000 344000000 0.0202280
ta2B 344000000 345000000 0.0222130
ta2B 345000000 346000000 0.0682460
ta2B 346000000 347000000 0.0197960
ta2B 347000000 348000000 0.0238660
ta2B 348000000 349000000 0.0261590
ta2B 349000000 350000000 0.0377180
ta2B 350000000 351000000 0.0347720
ta2B 351000000 352000000 0.4038740
ta2B 352000000 353000000 0.0170520
ta2B 353000000 354000000 0.0216700
ta2B 354000000 355000000 0.0180800
ta2B 355000000 356000000 0.0213590
ta2B 356000000 357000000 0.0203540
ta2B 357000000 358000000 0.0226100
ta2B 358000000 359000000 0.0188790
ta2B 359000000 360000000 0.0295420
ta2B 360000000 361000000 0.0177850
ta2B 361000000 362000000 0.0231810
ta2B 362000000 363000000 0.0180450
ta2B 363000000 364000000 0.0270810
ta2B 364000000 365000000 0.0891740
ta2B 365000000 366000000 0.0183550
ta2B 366000000 367000000 0.0232320
ta2B 367000000 368000000 0.0276710
ta2B 368000000 369000000 0.0267070
ta2B 369000000 370000000 0.0276160
ta2B 370000000 371000000 0.0238850
ta2B 371000000 372000000 0.0288190
ta2B 372000000 373000000 0.0223100
ta2B 373000000 374000000 0.0205900
ta2B 374000000 375000000 0.0251260
ta2B 375000000 376000000 0.0246150
ta2B 376000000 377000000 0.0224280
ta2B 377000000 378000000 0.0197540
ta2B 378000000 379000000 0.0272940
ta2B 379000000 380000000 0.0229060
ta2B 380000000 381000000 0.0227890
ta2B 381000000 382000000 0.0304220
ta2B 382000000 383000000 0.1320920
ta2B 383000000 384000000 0.0199730
ta2B 384000000 385000000 0.0271410
ta2B 385000000 386000000 0.0230610
ta2B 386000000 387000000 0.0158150
ta2B 387000000 388000000 0.0225970
ta2B 388000000 389000000 0.0237290
ta2B 389000000 390000000 0.0277440
ta2B 390000000 391000000 0.0258100
ta2B 391000000 392000000 0.0216310
ta2B 392000000 393000000 0.0229270
ta2B 393000000 394000000 0.0179820
ta2B 394000000 395000000 0.0187710
ta2B 395000000 396000000 0.0245190
ta2B 396000000 397000000 0.0217920
ta2B 397000000 398000000 0.0230200
ta2B 398000000 399000000 0.0245590
ta2B 399000000 400000000 0.0209660
ta2B 400000000 401000000 0.0272180
ta2B 401000000 402000000 0.0238820
ta2B 402000000 403000000 0.0229920
ta2B 403000000 404000000 0.0238970
ta2B 404000000 405000000 0.0274290
ta2B 405000000 406000000 0.0176960
ta2B 406000000 407000000 0.0181360
ta2B 407000000 408000000 0.0224630
ta2B 408000000 409000000 0.0171750
ta2B 409000000 410000000 0.0269810
ta2B 410000000 411000000 0.0227460
ta2B 411000000 412000000 0.0206580
ta2B 412000000 413000000 0.0225640
ta2B 413000000 414000000 0.0272060
ta2B 414000000 415000000 0.0253800
ta2B 415000000 416000000 0.0262240
ta2B 416000000 417000000 0.0210410
ta2B 417000000 418000000 0.0191390
ta2B 418000000 419000000 0.0237640
ta2B 419000000 420000000 0.0250520
ta2B 420000000 421000000 0.0226840
ta2B 421000000 422000000 0.0241690
ta2B 422000000 423000000 0.0159870
ta2B 423000000 424000000 0.0242650
ta2B 424000000 425000000 0.0274390
ta2B 425000000 426000000 0.0177440
ta2B 426000000 427000000 0.0153100
ta2B 427000000 428000000 0.0212870
ta2B 428000000 429000000 0.0208600
ta2B 429000000 430000000 0.0281150
ta2B 430000000 431000000 0.0219880
ta2B 431000000 432000000 0.0285580
ta2B 432000000 433000000 0.0265630
ta2B 433000000 434000000 0.0265150
ta2B 434000000 435000000 0.0222230
ta2B 435000000 436000000 0.0298750
ta2B 436000000 437000000 0.0359840
ta2B 437000000 438000000 0.0334710
ta2B 438000000 439000000 0.0272260
ta2B 439000000 440000000 0.0221020
ta2B 440000000 441000000 0.0225690
ta2B 441000000 442000000 0.0216660
ta2B 442000000 443000000 0.0192660
ta2B 443000000 444000000 0.0172130
ta2B 444000000 445000000 0.0232000
ta2B 445000000 446000000 0.0154800
ta2B 446000000 447000000 0.0268410
ta2B 447000000 448000000 0.0205900
ta2B 448000000 449000000 0.0258590
ta2B 449000000 450000000 0.0212410
ta2B 450000000 451000000 0.2970650
ta2B 451000000 452000000 0.0248030
ta2B 452000000 453000000 0.0185710
ta2B 453000000 454000000 0.0245500
ta2B 454000000 455000000 0.0187400
ta2B 455000000 456000000 0.0265650
ta2B 456000000 457000000 0.0225960
ta2B 457000000 458000000 0.0252070
ta2B 458000000 459000000 0.0155340
ta2B 459000000 460000000 0.0250910
ta2B 460000000 461000000 0.0222040
ta2B 461000000 462000000 0.0214720
ta2B 462000000 463000000 0.0214090
ta2B 463000000 464000000 0.0238560
ta2B 464000000 465000000 0.0245530
ta2B 465000000 466000000 0.0273920
ta2B 466000000 467000000 0.0208690
ta2B 467000000 468000000 0.0241970
ta2B 468000000 469000000 0.0248290
ta2B 469000000 470000000 0.0235880
ta2B 470000000 471000000 0.0218780
ta2B 471000000 472000000 0.0336400
ta2B 472000000 473000000 0.0270950
ta2B 473000000 474000000 0.0235490
ta2B 474000000 475000000 0.0253430
ta2B 475000000 476000000 0.0196120
ta2B 476000000 477000000 0.0319920
ta2B 477000000 478000000 0.0199800
ta2B 478000000 479000000 0.0228980
ta2B 479000000 480000000 0.0221230
ta2B 480000000 481000000 0.0293230
ta2B 481000000 482000000 0.0431590
ta2B 482000000 483000000 0.0217630
ta2B 483000000 484000000 0.0215970
ta2B 484000000 485000000 0.0210290
ta2B 485000000 486000000 0.0201330
ta2B 486000000 487000000 0.0247960
ta2B 487000000 488000000 0.0260230
ta2B 488000000 489000000 0.0302480
ta2B 489000000 490000000 0.0273430
ta2B 490000000 491000000 0.0242860
ta2B 491000000 492000000 0.0206550
ta2B 492000000 493000000 0.0255500
ta2B 493000000 494000000 0.0243020
ta2B 494000000 495000000 0.0190740
ta2B 495000000 496000000 0.0240530
ta2B 496000000 497000000 0.0310560
ta2B 497000000 498000000 0.0187730
ta2B 498000000 499000000 0.0195510
ta2B 499000000 500000000 0.0401220
ta2B 500000000 501000000 0.0213120
ta2B 501000000 502000000 0.0261150
ta2B 502000000 503000000 0.0205240
ta2B 503000000 504000000 0.0165770
ta2B 504000000 505000000 0.0307990
ta2B 505000000 506000000 0.0248770
ta2B 506000000 507000000 0.0274550
ta2B 507000000 508000000 0.0170350
ta2B 508000000 509000000 0.0247050
ta2B 509000000 510000000 0.0237820
ta2B 510000000 511000000 0.0214270
ta2B 511000000 512000000 0.0182970
ta2B 512000000 513000000 0.0209940
ta2B 513000000 514000000 0.0177650
ta2B 514000000 515000000 0.0270690
ta2B 515000000 516000000 0.0298940
ta2B 516000000 517000000 0.0289940
ta2B 517000000 518000000 0.0194470
ta2B 518000000 519000000 0.0202100
ta2B 519000000 520000000 0.0195390
ta2B 520000000 521000000 0.0205550
ta2B 521000000 522000000 0.0195760
ta2B 522000000 523000000 0.0276130
ta2B 523000000 524000000 0.0282950
ta2B 524000000 525000000 0.0233670
ta2B 525000000 526000000 0.0224850
ta2B 526000000 527000000 0.0247750
ta2B 527000000 528000000 0.0300550
ta2B 528000000 529000000 0.0256930
ta2B 529000000 530000000 0.0231690
ta2B 530000000 531000000 0.0257300
ta2B 531000000 532000000 0.0191590
ta2B 532000000 533000000 0.0262020
ta2B 533000000 534000000 0.0223270
ta2B 534000000 535000000 0.0203300
ta2B 535000000 536000000 0.0265920
ta2B 536000000 537000000 0.0206630
ta2B 537000000 538000000 0.0318450
ta2B 538000000 539000000 0.0199030
ta2B 539000000 540000000 0.0238660
ta2B 540000000 541000000 0.0251860
ta2B 541000000 542000000 0.0306600
ta2B 542000000 543000000 0.0148270
ta2B 543000000 544000000 0.0274880
ta2B 544000000 545000000 0.0271950
ta2B 545000000 546000000 0.0324280
ta2B 546000000 547000000 0.0311780
ta2B 547000000 548000000 0.0248050
ta2B 548000000 549000000 0.0240930
ta2B 549000000 550000000 0.0280740
ta2B 550000000 551000000 0.0302800
ta2B 551000000 552000000 0.0259660
ta2B 552000000 553000000 0.0315650
ta2B 553000000 554000000 0.0228240
ta2B 554000000 555000000 0.0274130
ta2B 555000000 556000000 0.0311480
ta2B 556000000 557000000 0.0193540
ta2B 557000000 558000000 0.0258440
ta2B 558000000 559000000 0.0217540
ta2B 559000000 560000000 0.0242520
ta2B 560000000 561000000 0.0325790
ta2B 561000000 562000000 0.0194790
ta2B 562000000 563000000 0.0278070
ta2B 563000000 564000000 0.0257490
ta2B 564000000 565000000 0.0242960
ta2B 565000000 566000000 0.0210230
ta2B 566000000 567000000 0.0253790
ta2B 567000000 568000000 0.0615040
ta2B 568000000 569000000 0.0228620
ta2B 569000000 570000000 0.0310770
ta2B 570000000 571000000 0.0234880
ta2B 571000000 572000000 0.0270420
ta2B 572000000 573000000 0.0209190
ta2B 573000000 574000000 0.0273690
ta2B 574000000 575000000 0.0265770
ta2B 575000000 576000000 0.0164050
ta2B 576000000 577000000 0.0286060
ta2B 577000000 578000000 0.0209640
ta2B 578000000 579000000 0.0229130
ta2B 579000000 580000000 0.0243850
ta2B 580000000 581000000 0.0206170
ta2B 581000000 582000000 0.2077400
ta2B 582000000 583000000 0.9749910
ta2B 583000000 584000000 0.0233390
ta2B 584000000 585000000 0.0229680
ta2B 585000000 586000000 0.0249510
ta2B 586000000 587000000 0.0225780
ta2B 587000000 588000000 0.0263710
ta2B 588000000 589000000 0.0222530
ta2B 589000000 590000000 0.0173630
ta2B 590000000 591000000 0.0231140
ta2B 591000000 592000000 0.0278550
ta2B 592000000 593000000 0.0180440
ta2B 593000000 594000000 0.0249320
ta2B 594000000 595000000 0.0176310
ta2B 595000000 596000000 0.0182920
ta2B 596000000 597000000 0.0205160
ta2B 597000000 598000000 0.0198880
ta2B 598000000 599000000 0.0249920
ta2B 599000000 600000000 0.0240090
ta2B 600000000 601000000 0.0239890
ta2B 601000000 602000000 0.0190850
ta2B 602000000 603000000 0.0331730
ta2B 603000000 604000000 0.0193890
ta2B 604000000 605000000 0.0235070
ta2B 605000000 606000000 0.0249110
ta2B 606000000 607000000 0.0276540
ta2B 607000000 608000000 0.0225610
ta2B 608000000 609000000 0.0213910
ta2B 609000000 610000000 0.0173060
ta2B 610000000 611000000 0.0215950
ta2B 611000000 612000000 0.0242160
ta2B 612000000 613000000 0.0157480
ta2B 613000000 614000000 0.0238920
ta2B 614000000 615000000 0.0277410
ta2B 615000000 616000000 0.0206160
ta2B 616000000 617000000 0.0233880
ta2B 617000000 618000000 0.0426080
ta2B 618000000 619000000 0.0289200
ta2B 619000000 620000000 0.0327350
ta2B 620000000 621000000 0.0265330
ta2B 621000000 622000000 0.0242820
ta2B 622000000 623000000 0.0198020
ta2B 623000000 624000000 0.0289270
ta2B 624000000 625000000 0.0224610
ta2B 625000000 626000000 0.0267850
ta2B 626000000 627000000 0.0168140
ta2B 627000000 628000000 0.0196180
ta2B 628000000 629000000 0.0245520
ta2B 629000000 630000000 0.0222150
ta2B 630000000 631000000 0.0267460
ta2B 631000000 632000000 0.0322590
ta2B 632000000 633000000 0.0233210
ta2B 633000000 634000000 0.0213110
ta2B 634000000 635000000 0.0211920
ta2B 635000000 636000000 0.0220450
ta2B 636000000 637000000 0.0332700
ta2B 637000000 638000000 0.0330700
ta2B 638000000 639000000 0.0263000
ta2B 639000000 640000000 0.0385560
ta2B 640000000 641000000 0.0221640
ta2B 641000000 642000000 0.0336560
ta2B 642000000 643000000 0.0291330
ta2B 643000000 644000000 0.0256620
ta2B 644000000 645000000 0.0220970
ta2B 645000000 646000000 0.0347010
ta2B 646000000 647000000 0.0249940
ta2B 647000000 648000000 0.0275390
ta2B 648000000 649000000 0.0284690
ta2B 649000000 650000000 0.0353180
ta2B 650000000 651000000 0.0229830
ta2B 651000000 652000000 0.0222720
ta2B 652000000 653000000 0.0372950
ta2B 653000000 654000000 0.0308770
ta2B 654000000 655000000 0.0215050
ta2B 655000000 656000000 0.0239320
ta2B 656000000 657000000 0.0260120
ta2B 657000000 658000000 0.0350540
ta2B 658000000 659000000 0.0309170
ta2B 659000000 660000000 0.0282010
ta2B 660000000 661000000 0.0332340
ta2B 661000000 662000000 0.0299160
ta2B 662000000 663000000 0.0288090
ta2B 663000000 664000000 0.0241870
ta2B 664000000 665000000 0.0220710
ta2B 665000000 666000000 0.0305660
ta2B 666000000 667000000 0.0302100
ta2B 667000000 668000000 0.1244490
ta2B 668000000 669000000 0.1244000
ta2B 669000000 670000000 0.0214870
ta2B 670000000 671000000 0.0429100
ta2B 671000000 672000000 0.0337690
ta2B 672000000 673000000 0.0277410
ta2B 673000000 674000000 0.0228380
ta2B 674000000 675000000 0.0282630
ta2B 675000000 676000000 0.0342260
ta2B 676000000 677000000 0.0184610
ta2B 677000000 678000000 0.0195160
ta2B 678000000 679000000 0.0221460
ta2B 679000000 680000000 0.0379490
ta2B 680000000 681000000 0.0303630
ta2B 681000000 682000000 0.0252890
ta2B 682000000 683000000 0.0342990
ta2B 683000000 684000000 0.0266020
ta2B 684000000 685000000 0.0181110
ta2B 685000000 686000000 0.0261890
ta2B 686000000 687000000 0.0302230
ta2B 687000000 688000000 0.0402680
ta2B 688000000 689000000 0.0289320
ta2B 689000000 690000000 0.0299290
ta2B 690000000 691000000 0.0305400
ta2B 691000000 692000000 0.0240780
ta2B 692000000 693000000 0.0295950
ta2B 693000000 694000000 0.0286530
ta2B 694000000 695000000 0.0419180
ta2B 695000000 696000000 0.0266590
ta2B 696000000 697000000 0.0479570
ta2B 697000000 698000000 0.3744090
ta2B 698000000 699000000 0.0269690
ta2B 699000000 700000000 0.0341710
ta2B 700000000 701000000 0.0358860
ta2B 701000000 702000000 0.0289610
ta2B 702000000 703000000 0.0303580
ta2B 703000000 704000000 0.0354110
ta2B 704000000 705000000 0.0245260
ta2B 705000000 706000000 0.0355290
ta2B 706000000 707000000 0.0662020
ta2B 707000000 708000000 0.0282730
ta2B 708000000 709000000 0.0301050
ta2B 709000000 710000000 0.0340340
ta2B 710000000 711000000 0.0334780
ta2B 711000000 712000000 0.0350730
ta2B 712000000 713000000 0.0385980
ta2B 713000000 714000000 0.0241380
ta2B 714000000 715000000 0.0263240
ta2B 715000000 716000000 0.0221320
ta2B 716000000 717000000 0.0239090
ta2B 717000000 718000000 0.0300640
ta2B 718000000 719000000 0.0291160
ta2B 719000000 720000000 0.0325970
ta2B 720000000 721000000 0.0295090
ta2B 721000000 722000000 0.0308280
ta2B 722000000 723000000 0.0323920
ta2B 723000000 724000000 0.0258380
ta2B 724000000 725000000 0.0349440
ta2B 725000000 726000000 0.0295030
ta2B 726000000 727000000 0.0366480
ta2B 727000000 728000000 0.0349840
ta2B 728000000 729000000 0.0268830
ta2B 729000000 730000000 0.0266830
ta2B 730000000 731000000 0.0338630
ta2B 731000000 732000000 0.0416000
ta2B 732000000 733000000 0.0219400
ta2B 733000000 734000000 0.0200100
ta2B 734000000 735000000 0.0319620
ta2B 735000000 736000000 0.0293490
ta2B 736000000 737000000 0.0254430
ta2B 737000000 738000000 0.0278030
ta2B 738000000 739000000 0.0315520
ta2B 739000000 740000000 0.0302690
ta2B 740000000 741000000 0.0358800
ta2B 741000000 742000000 0.0302980
ta2B 742000000 743000000 0.0278180
ta2B 743000000 744000000 0.0276460
ta2B 744000000 745000000 0.0277110
ta2B 745000000 746000000 0.0329950
ta2B 746000000 747000000 0.0335920
ta2B 747000000 748000000 0.0284110
ta2B 748000000 749000000 0.0311270
ta2B 749000000 750000000 0.0345950
ta2B 750000000 751000000 0.0406280
ta2B 751000000 752000000 0.0341600
ta2B 752000000 753000000 0.0380450
ta2B 753000000 754000000 0.0206700
ta2B 754000000 755000000 0.0333290
ta2B 755000000 756000000 0.0324760
ta2B 756000000 757000000 0.0458470
ta2B 757000000 758000000 0.0387570
ta2B 758000000 759000000 0.0430820
ta2B 759000000 760000000 0.0313810
ta2B 760000000 761000000 0.0337540
ta2B 761000000 762000000 0.0364040
ta2B 762000000 763000000 0.0401780
ta2B 763000000 764000000 0.0280380
ta2B 764000000 765000000 0.0733050
ta2B 765000000 766000000 0.0356260
ta2B 766000000 767000000 0.0416610
ta2B 767000000 768000000 0.0409670
ta2B 768000000 769000000 0.0381550
ta2B 769000000 770000000 0.0297290
ta2B 770000000 771000000 0.0400290
ta2B 771000000 772000000 0.0344200
ta2B 772000000 773000000 0.0308800
ta2B 773000000 774000000 0.0402230
ta2B 774000000 775000000 0.0330280
ta2B 775000000 776000000 0.0255300
ta2B 776000000 777000000 0.0824110
ta2B 777000000 778000000 0.0376120
ta2B 778000000 779000000 0.0284430
ta2B 779000000 780000000 0.0431240
ta2B 780000000 781000000 0.0372230
ta2B 781000000 782000000 0.0411460
ta2B 782000000 783000000 0.0230280
ta2B 783000000 784000000 0.0342330
ta2B 784000000 785000000 0.0713240
ta2B 785000000 786000000 0.0280090
ta2B 786000000 787000000 0.0496720
ta2B 787000000 788000000 0.0378590
ta2B 788000000 789000000 0.0500100
ta2B 789000000 790000000 0.0722320
ta2B 790000000 791000000 0.0565320
ta2B 791000000 792000000 0.0324070
ta2B 792000000 793000000 0.0370710
ta2B 793000000 794000000 0.0340960
ta2B 794000000 795000000 0.0342580
ta2B 795000000 796000000 0.0320860
ta2B 796000000 797000000 0.0348130
ta2B 797000000 798000000 0.0303010
ta2B 798000000 799000000 0.0329990
ta2B 799000000 800000000 0.0213400
ta2B 800000000 801000000 0.0289320
ta2B 801000000 802000000 0.0378540
ta2B 802000000 803000000 0.0360370
ta2B 803000000 804000000 0.0386690
ta2B 804000000 805000000 0.0315280
ta2B 805000000 806000000 0.0366990
ta2B 806000000 806047704 0.2564984
ta2D 0 1000000 0.0414350
ta2D 1000000 2000000 0.0422190
ta2D 2000000 3000000 0.0371190
ta2D 3000000 4000000 0.0269570
ta2D 4000000 5000000 0.9664190
ta2D 5000000 6000000 0.1237110
ta2D 6000000 7000000 0.0471130
ta2D 7000000 8000000 0.0428330
ta2D 8000000 9000000 0.0374470
ta2D 9000000 10000000 0.0448900
ta2D 10000000 11000000 0.0331430
ta2D 11000000 12000000 0.0493230
ta2D 12000000 13000000 0.0490870
ta2D 13000000 14000000 0.0374700
ta2D 14000000 15000000 0.0444040
ta2D 15000000 16000000 0.0277220
ta2D 16000000 17000000 0.0392630
ta2D 17000000 18000000 0.0285270
ta2D 18000000 19000000 0.0497960
ta2D 19000000 20000000 0.0437910
ta2D 20000000 21000000 0.0342360
ta2D 21000000 22000000 0.0406350
ta2D 22000000 23000000 0.0409570
ta2D 23000000 24000000 0.0478370
ta2D 24000000 25000000 0.0590820
ta2D 25000000 26000000 0.3433940
ta2D 26000000 27000000 0.4863870
ta2D 27000000 28000000 0.0383690
ta2D 28000000 29000000 0.0219160
ta2D 29000000 30000000 0.0520310
ta2D 30000000 31000000 0.0362610
ta2D 31000000 32000000 0.3647160
ta2D 32000000 33000000 0.0372830
ta2D 33000000 34000000 0.0401890
ta2D 34000000 35000000 0.0371750
ta2D 35000000 36000000 0.0460770
ta2D 36000000 37000000 0.0369400
ta2D 37000000 38000000 0.0403570
ta2D 38000000 39000000 0.0378440
ta2D 39000000 40000000 0.0329620
ta2D 40000000 41000000 0.0313360
ta2D 41000000 42000000 0.0507010
ta2D 42000000 43000000 0.0447270
ta2D 43000000 44000000 0.0659720
ta2D 44000000 45000000 0.0438130
ta2D 45000000 46000000 0.0484730
ta2D 46000000 47000000 0.0355780
ta2D 47000000 48000000 0.1865060
ta2D 48000000 49000000 0.0230410
ta2D 49000000 50000000 0.0327090
ta2D 50000000 51000000 0.0421610
ta2D 51000000 52000000 0.0457850
ta2D 52000000 53000000 0.0327680
ta2D 53000000 54000000 0.0290560
ta2D 54000000 55000000 0.0297170
ta2D 55000000 56000000 0.0808170
ta2D 56000000 57000000 0.0570200
ta2D 57000000 58000000 0.0425020
ta2D 58000000 59000000 0.0301270
ta2D 59000000 60000000 0.0281990
ta2D 60000000 61000000 0.0339840
ta2D 61000000 62000000 0.0409790
ta2D 62000000 63000000 0.0329220
ta2D 63000000 64000000 0.0363500
ta2D 64000000 65000000 0.1845350
ta2D 65000000 66000000 0.3607210
ta2D 66000000 67000000 0.0420320
ta2D 67000000 68000000 0.0294120
ta2D 68000000 69000000 0.0242650
ta2D 69000000 70000000 0.0292020
ta2D 70000000 71000000 0.0355250
ta2D 71000000 72000000 0.0433120
ta2D 72000000 73000000 0.0297450
ta2D 73000000 74000000 0.0286610
ta2D 74000000 75000000 0.0916540
ta2D 75000000 76000000 0.0403600
ta2D 76000000 77000000 0.0369800
ta2D 77000000 78000000 0.0245240
ta2D 78000000 79000000 0.0258200
ta2D 79000000 80000000 0.0282830
ta2D 80000000 81000000 0.0246180
ta2D 81000000 82000000 0.0268360
ta2D 82000000 83000000 0.0357290
ta2D 83000000 84000000 0.0311140
ta2D 84000000 85000000 0.0332240
ta2D 85000000 86000000 0.0244040
ta2D 86000000 87000000 0.0396040
ta2D 87000000 88000000 0.0290910
ta2D 88000000 89000000 0.0298010
ta2D 89000000 90000000 0.0307660
ta2D 90000000 91000000 0.0312180
ta2D 91000000 92000000 0.0242880
ta2D 92000000 93000000 0.0318910
ta2D 93000000 94000000 0.0335980
ta2D 94000000 95000000 0.0307830
ta2D 95000000 96000000 0.0360600
ta2D 96000000 97000000 0.0305370
ta2D 97000000 98000000 0.0343740
ta2D 98000000 99000000 0.0265380
ta2D 99000000 100000000 0.0427350
ta2D 100000000 101000000 0.0378930
ta2D 101000000 102000000 0.0465090
ta2D 102000000 103000000 0.0412810
ta2D 103000000 104000000 0.0381240
ta2D 104000000 105000000 0.0365770
ta2D 105000000 106000000 0.0312270
ta2D 106000000 107000000 0.0278320
ta2D 107000000 108000000 0.0319890
ta2D 108000000 109000000 0.0333370
ta2D 109000000 110000000 0.0363550
ta2D 110000000 111000000 0.0295500
ta2D 111000000 112000000 0.0335090
ta2D 112000000 113000000 0.0342420
ta2D 113000000 114000000 0.0338650
ta2D 114000000 115000000 0.0361290
ta2D 115000000 116000000 0.0347620
ta2D 116000000 117000000 0.0233530
ta2D 117000000 118000000 0.0276120
ta2D 118000000 119000000 0.0288170
ta2D 119000000 120000000 0.0227110
ta2D 120000000 121000000 0.0291420
ta2D 121000000 122000000 0.0284310
ta2D 122000000 123000000 0.0269670
ta2D 123000000 124000000 0.0299350
ta2D 124000000 125000000 0.0372810
ta2D 125000000 126000000 0.0266130
ta2D 126000000 127000000 0.0270960
ta2D 127000000 128000000 0.0207490
ta2D 128000000 129000000 0.0273040
ta2D 129000000 130000000 0.0228730
ta2D 130000000 131000000 0.0241330
ta2D 131000000 132000000 0.0278580
ta2D 132000000 133000000 0.0258050
ta2D 133000000 134000000 0.0264810
ta2D 134000000 135000000 0.0284700
ta2D 135000000 136000000 0.0295880
ta2D 136000000 137000000 0.0364080
ta2D 137000000 138000000 0.0332780
ta2D 138000000 139000000 0.0283130
ta2D 139000000 140000000 0.0253030
ta2D 140000000 141000000 0.0183830
ta2D 141000000 142000000 0.0310530
ta2D 142000000 143000000 0.0227870
ta2D 143000000 144000000 0.0279100
ta2D 144000000 145000000 0.0211050
ta2D 145000000 146000000 0.0291660
ta2D 146000000 147000000 0.0242710
ta2D 147000000 148000000 0.0183370
ta2D 148000000 149000000 0.0242920
ta2D 149000000 150000000 0.0276500
ta2D 150000000 151000000 0.0258110
ta2D 151000000 152000000 0.0317460
ta2D 152000000 153000000 0.0285460
ta2D 153000000 154000000 0.0560300
ta2D 154000000 155000000 0.0355990
ta2D 155000000 156000000 0.0264820
ta2D 156000000 157000000 0.0347470
ta2D 157000000 158000000 0.0299870
ta2D 158000000 159000000 0.0335890
ta2D 159000000 160000000 0.0252940
ta2D 160000000 161000000 0.0254760
ta2D 161000000 162000000 0.0262730
ta2D 162000000 163000000 0.0236460
ta2D 163000000 164000000 0.0365190
ta2D 164000000 165000000 0.0232640
ta2D 165000000 166000000 0.0312730
ta2D 166000000 167000000 0.0172900
ta2D 167000000 168000000 0.0202460
ta2D 168000000 169000000 0.0321920
ta2D 169000000 170000000 0.0349640
ta2D 170000000 171000000 0.0297570
ta2D 171000000 172000000 0.0228190
ta2D 172000000 173000000 0.0208580
ta2D 173000000 174000000 0.0319600
ta2D 174000000 175000000 0.0317870
ta2D 175000000 176000000 0.0299480
ta2D 176000000 177000000 0.0212590
ta2D 177000000 178000000 0.0258770
ta2D 178000000 179000000 0.0303930
ta2D 179000000 180000000 0.0262510
ta2D 180000000 181000000 0.0213520
ta2D 181000000 182000000 0.0248710
ta2D 182000000 183000000 0.0273670
ta2D 183000000 184000000 0.0269240
ta2D 184000000 185000000 0.0331690
ta2D 185000000 186000000 0.0341650
ta2D 186000000 187000000 0.0174650
ta2D 187000000 188000000 0.0252120
ta2D 188000000 189000000 0.0212920
ta2D 189000000 190000000 0.0277410
ta2D 190000000 191000000 0.0251300
ta2D 191000000 192000000 0.0290380
ta2D 192000000 193000000 0.0634100
ta2D 193000000 194000000 0.0173360
ta2D 194000000 195000000 0.0248400
ta2D 195000000 196000000 0.0283310
ta2D 196000000 197000000 0.0273100
ta2D 197000000 198000000 0.0286980
ta2D 198000000 199000000 0.0292150
ta2D 199000000 200000000 0.0253860
ta2D 200000000 201000000 0.0218550
ta2D 201000000 202000000 0.0326820
ta2D 202000000 203000000 0.0270230
ta2D 203000000 204000000 0.0223470
ta2D 204000000 205000000 0.0287210
ta2D 205000000 206000000 0.0325770
ta2D 206000000 207000000 0.0271720
ta2D 207000000 208000000 0.0210950
ta2D 208000000 209000000 0.0255830
ta2D 209000000 210000000 0.0206650
ta2D 210000000 211000000 0.0251910
ta2D 211000000 212000000 0.0235600
ta2D 212000000 213000000 0.0245330
ta2D 213000000 214000000 0.0219220
ta2D 214000000 215000000 0.0232110
ta2D 215000000 216000000 0.0300020
ta2D 216000000 217000000 0.0228290
ta2D 217000000 218000000 0.0173700
ta2D 218000000 219000000 0.0278280
ta2D 219000000 220000000 0.0267940
ta2D 220000000 221000000 0.0303730
ta2D 221000000 222000000 0.0327030
ta2D 222000000 223000000 0.0211980
ta2D 223000000 224000000 0.0291660
ta2D 224000000 225000000 0.0279770
ta2D 225000000 226000000 0.0164110
ta2D 226000000 227000000 0.0216680
ta2D 227000000 228000000 0.0213890
ta2D 228000000 229000000 0.0226550
ta2D 229000000 230000000 0.0242220
ta2D 230000000 231000000 0.0296960
ta2D 231000000 232000000 0.0265890
ta2D 232000000 233000000 0.0276030
ta2D 233000000 234000000 0.0215860
ta2D 234000000 235000000 0.0279280
ta2D 235000000 236000000 0.0197600
ta2D 236000000 237000000 0.0188580
ta2D 237000000 238000000 0.0246880
ta2D 238000000 239000000 0.0199790
ta2D 239000000 240000000 0.0258140
ta2D 240000000 241000000 0.0267190
ta2D 241000000 242000000 0.0272470
ta2D 242000000 243000000 0.0304620
ta2D 243000000 244000000 0.0267460
ta2D 244000000 245000000 0.0264940
ta2D 245000000 246000000 0.0238730
ta2D 246000000 247000000 0.0225630
ta2D 247000000 248000000 0.0253650
ta2D 248000000 249000000 0.0296910
ta2D 249000000 250000000 0.0236070
ta2D 250000000 251000000 0.0268440
ta2D 251000000 252000000 0.0200670
ta2D 252000000 253000000 0.0232520
ta2D 253000000 254000000 0.0279910
ta2D 254000000 255000000 0.0219840
ta2D 255000000 256000000 0.0204070
ta2D 256000000 257000000 0.0363710
ta2D 257000000 258000000 0.0264570
ta2D 258000000 259000000 0.0301090
ta2D 259000000 260000000 0.0701500
ta2D 260000000 261000000 0.0213390
ta2D 261000000 262000000 0.0239030
ta2D 262000000 263000000 0.0297630
ta2D 263000000 264000000 0.0345460
ta2D 264000000 265000000 0.0193440
ta2D 265000000 266000000 0.0301500
ta2D 266000000 267000000 0.0198590
ta2D 267000000 268000000 0.0264850
ta2D 268000000 269000000 0.0253610
ta2D 269000000 270000000 0.0225520
ta2D 270000000 271000000 0.0314970
ta2D 271000000 272000000 0.0215470
ta2D 272000000 273000000 0.0303190
ta2D 273000000 274000000 0.0297080
ta2D 274000000 275000000 0.0206200
ta2D 275000000 276000000 0.0234870
ta2D 276000000 277000000 0.0274510
ta2D 277000000 278000000 0.1426520
ta2D 278000000 279000000 0.0313450
ta2D 279000000 280000000 0.0196080
ta2D 280000000 281000000 0.0249000
ta2D 281000000 282000000 0.0314110
ta2D 282000000 283000000 0.0242990
ta2D 283000000 284000000 0.0205060
ta2D 284000000 285000000 0.0291780
ta2D 285000000 286000000 0.0267910
ta2D 286000000 287000000 0.0233060
ta2D 287000000 288000000 0.0192940
ta2D 288000000 289000000 0.0155980
ta2D 289000000 290000000 0.0231750
ta2D 290000000 291000000 0.0274970
ta2D 291000000 292000000 0.0216250
ta2D 292000000 293000000 0.0361100
ta2D 293000000 294000000 0.0231370
ta2D 294000000 295000000 0.0214250
ta2D 295000000 296000000 0.7232270
ta2D 296000000 297000000 0.4979370
ta2D 297000000 298000000 0.0257350
ta2D 298000000 299000000 0.0216770
ta2D 299000000 300000000 0.0242440
ta2D 300000000 301000000 0.0257900
ta2D 301000000 302000000 0.0301050
ta2D 302000000 303000000 0.0174800
ta2D 303000000 304000000 0.0260070
ta2D 304000000 305000000 0.0405530
ta2D 305000000 306000000 0.0374380
ta2D 306000000 307000000 0.0252210
ta2D 307000000 308000000 0.0253540
ta2D 308000000 309000000 0.0245570
ta2D 309000000 310000000 0.0220040
ta2D 310000000 311000000 0.0236310
ta2D 311000000 312000000 0.0216100
ta2D 312000000 313000000 0.0289330
ta2D 313000000 314000000 0.0351930
ta2D 314000000 315000000 0.0238560
ta2D 315000000 316000000 0.0239370
ta2D 316000000 317000000 0.0257980
ta2D 317000000 318000000 0.0291070
ta2D 318000000 319000000 0.0376500
ta2D 319000000 320000000 0.0299270
ta2D 320000000 321000000 0.0283410
ta2D 321000000 322000000 0.0232130
ta2D 322000000 323000000 0.0219950
ta2D 323000000 324000000 0.0318300
ta2D 324000000 325000000 0.0228010
ta2D 325000000 326000000 0.0212990
ta2D 326000000 327000000 0.0245820
ta2D 327000000 328000000 0.0276610
ta2D 328000000 329000000 0.0224400
ta2D 329000000 330000000 0.0205350
ta2D 330000000 331000000 0.0249250
ta2D 331000000 332000000 0.0320930
ta2D 332000000 333000000 0.0279760
ta2D 333000000 334000000 0.0293140
ta2D 334000000 335000000 0.0237360
ta2D 335000000 336000000 0.0266490
ta2D 336000000 337000000 0.0281490
ta2D 337000000 338000000 0.0259580
ta2D 338000000 339000000 0.0227790
ta2D 339000000 340000000 0.0311710
ta2D 340000000 341000000 0.0257020
ta2D 341000000 342000000 0.0257240
ta2D 342000000 343000000 0.0284010
ta2D 343000000 344000000 0.0238080
ta2D 344000000 345000000 0.0277610
ta2D 345000000 346000000 0.0321250
ta2D 346000000 347000000 0.0319430
ta2D 347000000 348000000 0.0278770
ta2D 348000000 349000000 0.0309190
ta2D 349000000 350000000 0.0283130
ta2D 350000000 351000000 0.0236930
ta2D 351000000 352000000 0.0219970
ta2D 352000000 353000000 0.0246270
ta2D 353000000 354000000 0.0262220
ta2D 354000000 355000000 0.0294850
ta2D 355000000 356000000 0.0241310
ta2D 356000000 357000000 0.0156350
ta2D 357000000 358000000 0.0310650
ta2D 358000000 359000000 0.0286820
ta2D 359000000 360000000 0.0308200
ta2D 360000000 361000000 0.0270900
ta2D 361000000 362000000 0.0262180
ta2D 362000000 363000000 0.0215640
ta2D 363000000 364000000 0.0269330
ta2D 364000000 365000000 0.0250950
ta2D 365000000 366000000 0.0308190
ta2D 366000000 367000000 0.0325200
ta2D 367000000 368000000 0.0172080
ta2D 368000000 369000000 0.0310130
ta2D 369000000 370000000 0.0225850
ta2D 370000000 371000000 0.0196400
ta2D 371000000 372000000 0.0235860
ta2D 372000000 373000000 0.0262710
ta2D 373000000 374000000 0.0201000
ta2D 374000000 375000000 0.0174470
ta2D 375000000 376000000 0.0284160
ta2D 376000000 377000000 0.0240330
ta2D 377000000 378000000 0.0280840
ta2D 378000000 379000000 0.0203190
ta2D 379000000 380000000 0.0207330
ta2D 380000000 381000000 0.0283650
ta2D 381000000 382000000 0.0274080
ta2D 382000000 383000000 0.0239840
ta2D 383000000 384000000 0.0285250
ta2D 384000000 385000000 0.0257380
ta2D 385000000 386000000 0.0310860
ta2D 386000000 387000000 0.1565890
ta2D 387000000 388000000 0.0453130
ta2D 388000000 389000000 0.0247250
ta2D 389000000 390000000 0.0260410
ta2D 390000000 391000000 0.0260790
ta2D 391000000 392000000 0.0211310
ta2D 392000000 393000000 0.0291220
ta2D 393000000 394000000 0.0237660
ta2D 394000000 395000000 0.0278650
ta2D 395000000 396000000 0.0279620
ta2D 396000000 397000000 0.0280950
ta2D 397000000 398000000 0.0298080
ta2D 398000000 399000000 0.0369080
ta2D 399000000 400000000 0.0344330
ta2D 400000000 401000000 0.0611000
ta2D 401000000 402000000 0.0376050
ta2D 402000000 403000000 0.2966360
ta2D 403000000 404000000 0.0366380
ta2D 404000000 405000000 0.0288570
ta2D 405000000 406000000 0.0256150
ta2D 406000000 407000000 0.0248950
ta2D 407000000 408000000 0.0397440
ta2D 408000000 409000000 0.0178530
ta2D 409000000 410000000 0.0276190
ta2D 410000000 411000000 0.0208190
ta2D 411000000 412000000 0.0227010
ta2D 412000000 413000000 0.0209410
ta2D 413000000 414000000 0.0267940
ta2D 414000000 415000000 0.0324720
ta2D 415000000 416000000 0.0332310
ta2D 416000000 417000000 0.0320010
ta2D 417000000 418000000 0.0742010
ta2D 418000000 419000000 0.0256960
ta2D 419000000 420000000 0.0217930
ta2D 420000000 421000000 0.0280280
ta2D 421000000 422000000 0.0345290
ta2D 422000000 423000000 0.0302610
ta2D 423000000 424000000 0.0253770
ta2D 424000000 425000000 0.0261740
ta2D 425000000 426000000 0.0201860
ta2D 426000000 427000000 0.0166160
ta2D 427000000 428000000 0.0314810
ta2D 428000000 429000000 0.0320680
ta2D 429000000 430000000 0.0255630
ta2D 430000000 431000000 0.0312200
ta2D 431000000 432000000 0.0222770
ta2D 432000000 433000000 0.0357070
ta2D 433000000 434000000 0.0332570
ta2D 434000000 435000000 0.0319920
ta2D 435000000 436000000 0.0278690
ta2D 436000000 437000000 0.0310370
ta2D 437000000 438000000 0.0393780
ta2D 438000000 439000000 0.0280610
ta2D 439000000 440000000 0.0256430
ta2D 440000000 441000000 0.0291930
ta2D 441000000 442000000 0.0371670
ta2D 442000000 443000000 0.0186230
ta2D 443000000 444000000 0.0279180
ta2D 444000000 445000000 0.0268310
ta2D 445000000 446000000 0.0251500
ta2D 446000000 447000000 0.0207430
ta2D 447000000 448000000 0.0256990
ta2D 448000000 449000000 0.0354210
ta2D 449000000 450000000 0.0232340
ta2D 450000000 451000000 0.0271630
ta2D 451000000 452000000 0.0261600
ta2D 452000000 453000000 0.0307730
ta2D 453000000 454000000 0.0354980
ta2D 454000000 455000000 0.0272230
ta2D 455000000 456000000 0.0247180
ta2D 456000000 457000000 0.0226780
ta2D 457000000 458000000 0.0217640
ta2D 458000000 459000000 0.0245290
ta2D 459000000 460000000 0.0256980
ta2D 460000000 461000000 0.0355230
ta2D 461000000 462000000 0.0225500
ta2D 462000000 463000000 0.0290530
ta2D 463000000 464000000 0.0275220
ta2D 464000000 465000000 0.0276200
ta2D 465000000 466000000 0.0260080
ta2D 466000000 467000000 0.0308420
ta2D 467000000 468000000 0.0203540
ta2D 468000000 469000000 0.0393430
ta2D 469000000 470000000 0.0398120
ta2D 470000000 471000000 0.0285970
ta2D 471000000 472000000 0.0311450
ta2D 472000000 473000000 0.0331380
ta2D 473000000 474000000 0.0323980
ta2D 474000000 475000000 0.2156270
ta2D 475000000 476000000 0.0379530
ta2D 476000000 477000000 0.0269710
ta2D 477000000 478000000 0.0317020
ta2D 478000000 479000000 0.0217000
ta2D 479000000 480000000 0.0234090
ta2D 480000000 481000000 0.0331010
ta2D 481000000 482000000 0.0346970
ta2D 482000000 483000000 0.0254640
ta2D 483000000 484000000 0.0241840
ta2D 484000000 485000000 0.0279480
ta2D 485000000 486000000 0.0324270
ta2D 486000000 487000000 0.0298260
ta2D 487000000 488000000 0.0306710
ta2D 488000000 489000000 0.0301610
ta2D 489000000 490000000 0.0329510
ta2D 490000000 491000000 0.0327590
ta2D 491000000 492000000 0.2052340
ta2D 492000000 493000000 0.0336850
ta2D 493000000 494000000 0.0314160
ta2D 494000000 495000000 0.0329770
ta2D 495000000 496000000 0.0324340
ta2D 496000000 497000000 0.0347750
ta2D 497000000 498000000 0.0321530
ta2D 498000000 499000000 0.0204900
ta2D 499000000 500000000 0.0306970
ta2D 500000000 501000000 0.0294930
ta2D 501000000 502000000 0.0270400
ta2D 502000000 503000000 0.0306330
ta2D 503000000 504000000 0.0259120
ta2D 504000000 505000000 0.0330630
ta2D 505000000 506000000 0.0275070
ta2D 506000000 507000000 0.0242030
ta2D 507000000 508000000 0.0225070
ta2D 508000000 509000000 0.0250110
ta2D 509000000 510000000 0.0191560
ta2D 510000000 511000000 0.6531460
ta2D 511000000 512000000 0.4524550
ta2D 512000000 513000000 0.0230120
ta2D 513000000 514000000 0.0246140
ta2D 514000000 515000000 0.0227020
ta2D 515000000 516000000 0.2228860
ta2D 516000000 517000000 0.0247530
ta2D 517000000 518000000 0.0304270
ta2D 518000000 519000000 0.0278160
ta2D 519000000 520000000 0.0227320
ta2D 520000000 521000000 0.0327810
ta2D 521000000 522000000 0.0241060
ta2D 522000000 523000000 0.0183020
ta2D 523000000 524000000 0.0230450
ta2D 524000000 525000000 0.0261530
ta2D 525000000 526000000 0.0295590
ta2D 526000000 527000000 0.0251390
ta2D 527000000 528000000 0.0274720
ta2D 528000000 529000000 0.0481560
ta2D 529000000 530000000 0.0325530
ta2D 530000000 531000000 0.0320750
ta2D 531000000 532000000 0.0364670
ta2D 532000000 533000000 0.0336700
ta2D 533000000 534000000 0.0235900
ta2D 534000000 535000000 0.0277170
ta2D 535000000 536000000 0.0296130
ta2D 536000000 537000000 0.0290800
ta2D 537000000 538000000 0.0333040
ta2D 538000000 539000000 0.0368510
ta2D 539000000 540000000 0.0263020
ta2D 540000000 541000000 0.0468710
ta2D 541000000 542000000 0.0340380
ta2D 542000000 543000000 0.0274940
ta2D 543000000 544000000 0.0396810
ta2D 544000000 545000000 0.0280110
ta2D 545000000 546000000 0.0276650
ta2D 546000000 547000000 0.0252960
ta2D 547000000 548000000 0.0295370
ta2D 548000000 549000000 0.0329180
ta2D 549000000 550000000 0.0370480
ta2D 550000000 551000000 0.0235000
ta2D 551000000 552000000 0.0313610
ta2D 552000000 553000000 0.0274730
ta2D 553000000 554000000 0.0315020
ta2D 554000000 555000000 0.0383160
ta2D 555000000 556000000 0.2196240
ta2D 556000000 557000000 0.2232540
ta2D 557000000 558000000 0.0299310
ta2D 558000000 559000000 0.0372630
ta2D 559000000 560000000 0.0272910
ta2D 560000000 561000000 0.0300450
ta2D 561000000 562000000 0.0445900
ta2D 562000000 563000000 0.0306890
ta2D 563000000 564000000 0.0388830
ta2D 564000000 565000000 0.0251000
ta2D 565000000 566000000 0.0455000
ta2D 566000000 567000000 0.0980880
ta2D 567000000 568000000 0.0360890
ta2D 568000000 569000000 0.0323580
ta2D 569000000 570000000 0.0323350
ta2D 570000000 571000000 0.0299670
ta2D 571000000 572000000 0.0373740
ta2D 572000000 573000000 0.0350570
ta2D 573000000 574000000 0.0367380
ta2D 574000000 575000000 0.0395660
ta2D 575000000 576000000 0.0282830
ta2D 576000000 577000000 0.0374030
ta2D 577000000 578000000 0.0270030
ta2D 578000000 579000000 0.0349870
ta2D 579000000 580000000 0.0296840
ta2D 580000000 581000000 0.0378160
ta2D 581000000 582000000 0.0281250
ta2D 582000000 583000000 0.0423140
ta2D 583000000 584000000 0.0337500
ta2D 584000000 585000000 0.0912890
ta2D 585000000 586000000 0.2862570
ta2D 586000000 587000000 0.0361890
ta2D 587000000 588000000 0.0294690
ta2D 588000000 589000000 0.0349560
ta2D 589000000 590000000 0.0441940
ta2D 590000000 591000000 0.0381160
ta2D 591000000 592000000 0.0304700
ta2D 592000000 593000000 0.0380000
ta2D 593000000 594000000 0.0296080
ta2D 594000000 595000000 0.0248450
ta2D 595000000 596000000 0.0254880
ta2D 596000000 597000000 0.0351430
ta2D 597000000 598000000 0.0297780
ta2D 598000000 599000000 0.0316560
ta2D 599000000 600000000 0.0352450
ta2D 600000000 601000000 0.0372660
ta2D 601000000 602000000 0.0261250
ta2D 602000000 603000000 0.0343380
ta2D 603000000 604000000 0.0259440
ta2D 604000000 605000000 0.0240530
ta2D 605000000 606000000 0.0347710
ta2D 606000000 607000000 0.0289340
ta2D 607000000 608000000 0.0283240
ta2D 608000000 609000000 0.0285930
ta2D 609000000 610000000 0.0365790
ta2D 610000000 611000000 0.0281320
ta2D 611000000 612000000 0.0343150
ta2D 612000000 613000000 0.0463200
ta2D 613000000 614000000 0.0441560
ta2D 614000000 615000000 0.0256270
ta2D 615000000 616000000 0.0365280
ta2D 616000000 617000000 0.0318400
ta2D 617000000 618000000 0.0455780
ta2D 618000000 619000000 0.0339860
ta2D 619000000 620000000 0.0290630
ta2D 620000000 621000000 0.0300320
ta2D 621000000 622000000 0.0373520
ta2D 622000000 623000000 0.0441010
ta2D 623000000 624000000 0.0600430
ta2D 624000000 625000000 0.0484460
ta2D 625000000 626000000 0.0322730
ta2D 626000000 627000000 0.0430190
ta2D 627000000 628000000 0.0340540
ta2D 628000000 629000000 0.0340040
ta2D 629000000 630000000 0.0369900
ta2D 630000000 631000000 0.0357150
ta2D 631000000 632000000 0.0340320
ta2D 632000000 633000000 0.0373150
ta2D 633000000 634000000 0.0482910
ta2D 634000000 635000000 0.0315730
ta2D 635000000 636000000 0.0456780
ta2D 636000000 637000000 0.2508900
ta2D 637000000 638000000 0.0380940
ta2D 638000000 639000000 0.0414720
ta2D 639000000 640000000 0.0554410
ta2D 640000000 641000000 0.0256050
ta2D 641000000 642000000 0.0323680
ta2D 642000000 643000000 0.0238370
ta2D 643000000 644000000 0.0260770
ta2D 644000000 645000000 0.0508170
ta2D 645000000 646000000 0.0367230
ta2D 646000000 647000000 0.0407700
ta2D 647000000 648000000 0.0443030
ta2D 648000000 649000000 0.0401130
ta2D 649000000 650000000 0.0348360
ta2D 650000000 651000000 0.0801130
ta2D 651000000 652000000 0.0811660
ta2D 652000000 653000000 0.0318890
ta2D 653000000 654000000 0.0372460
ta2D 654000000 655000000 0.0461580
ta2D 655000000 656000000 0.0438760
ta2D 656000000 657000000 0.0410960
ta2D 657000000 658000000 0.0385200
ta2D 658000000 659000000 0.0449940
ta2D 659000000 660000000 0.0372040
ta2D 660000000 660513740 0.0347744
ta3A 0 1000000 0.2207830
ta3A 1000000 2000000 0.0591080
ta3A 2000000 3000000 0.0422890
ta3A 3000000 4000000 0.0469860
ta3A 4000000 5000000 0.0513170
ta3A 5000000 6000000 0.0317810
ta3A 6000000 7000000 0.0230570
ta3A 7000000 8000000 0.0333000
ta3A 8000000 9000000 0.0236810
ta3A 9000000 10000000 0.0498930
ta3A 10000000 11000000 0.0283700
ta3A 11000000 12000000 0.0574260
ta3A 12000000 13000000 0.0535760
ta3A 13000000 14000000 0.0457700
ta3A 14000000 15000000 0.0370790
ta3A 15000000 16000000 0.0398940
ta3A 16000000 17000000 0.0410850
ta3A 17000000 18000000 0.0378390
ta3A 18000000 19000000 0.0307780
ta3A 19000000 20000000 0.0481640
ta3A 20000000 21000000 0.0279610
ta3A 21000000 22000000 0.0334920
ta3A 22000000 23000000 0.0390140
ta3A 23000000 24000000 0.0367070
ta3A 24000000 25000000 0.0518510
ta3A 25000000 26000000 0.0341340
ta3A 26000000 27000000 0.0427450
ta3A 27000000 28000000 0.0269470
ta3A 28000000 29000000 0.0969810
ta3A 29000000 30000000 0.0303440
ta3A 30000000 31000000 0.0282400
ta3A 31000000 32000000 0.0264150
ta3A 32000000 33000000 0.0314690
ta3A 33000000 34000000 0.0382610
ta3A 34000000 35000000 0.0473400
ta3A 35000000 36000000 0.0344130
ta3A 36000000 37000000 0.0245550
ta3A 37000000 38000000 0.0857370
ta3A 38000000 39000000 0.0342340
ta3A 39000000 40000000 0.0400250
ta3A 40000000 41000000 0.0398920
ta3A 41000000 42000000 0.0362480
ta3A 42000000 43000000 0.0268910
ta3A 43000000 44000000 0.0310220
ta3A 44000000 45000000 0.0374530
ta3A 45000000 46000000 0.0389830
ta3A 46000000 47000000 0.0419520
ta3A 47000000 48000000 0.0273700
ta3A 48000000 49000000 0.0315100
ta3A 49000000 50000000 0.0331240
ta3A 50000000 51000000 0.0175730
ta3A 51000000 52000000 0.0849280
ta3A 52000000 53000000 0.0292840
ta3A 53000000 54000000 0.0321270
ta3A 54000000 55000000 0.0409800
ta3A 55000000 56000000 0.0271510
ta3A 56000000 57000000 0.0204220
ta3A 57000000 58000000 0.0310640
ta3A 58000000 59000000 0.0360500
ta3A 59000000 60000000 0.0521410
ta3A 60000000 61000000 0.0267430
ta3A 61000000 62000000 0.0141690
ta3A 62000000 63000000 0.0259350
ta3A 63000000 64000000 0.0308630
ta3A 64000000 65000000 0.0246620
ta3A 65000000 66000000 0.0183960
ta3A 66000000 67000000 0.0231150
ta3A 67000000 68000000 0.0198740
ta3A 68000000 69000000 0.0215090
ta3A 69000000 70000000 0.0199080
ta3A 70000000 71000000 0.0193520
ta3A 71000000 72000000 0.0203970
ta3A 72000000 73000000 0.0179740
ta3A 73000000 74000000 0.0214720
ta3A 74000000 75000000 0.0278620
ta3A 75000000 76000000 0.0164740
ta3A 76000000 77000000 0.0151610
ta3A 77000000 78000000 0.0300250
ta3A 78000000 79000000 0.0210550
ta3A 79000000 80000000 0.0119450
ta3A 80000000 81000000 0.0186440
ta3A 81000000 82000000 0.0224850
ta3A 82000000 83000000 0.0325970
ta3A 83000000 84000000 0.0207850
ta3A 84000000 85000000 0.0173560
ta3A 85000000 86000000 0.0166940
ta3A 86000000 87000000 0.0249500
ta3A 87000000 88000000 0.0206460
ta3A 88000000 89000000 0.0189710
ta3A 89000000 90000000 0.0262100
ta3A 90000000 91000000 0.0343950
ta3A 91000000 92000000 0.0177460
ta3A 92000000 93000000 0.0177420
ta3A 93000000 94000000 0.0237380
ta3A 94000000 95000000 0.0178260
ta3A 95000000 96000000 0.0202700
ta3A 96000000 97000000 0.0186650
ta3A 97000000 98000000 0.0287990
ta3A 98000000 99000000 0.0217570
ta3A 99000000 100000000 0.0185180
ta3A 100000000 101000000 0.0249440
ta3A 101000000 102000000 0.0230360
ta3A 102000000 103000000 0.0268330
ta3A 103000000 104000000 0.0166960
ta3A 104000000 105000000 0.0217870
ta3A 105000000 106000000 0.0342440
ta3A 106000000 107000000 0.0206510
ta3A 107000000 108000000 0.0249370
ta3A 108000000 109000000 0.0258250
ta3A 109000000 110000000 0.0163840
ta3A 110000000 111000000 0.0235750
ta3A 111000000 112000000 0.0182160
ta3A 112000000 113000000 0.0193490
ta3A 113000000 114000000 0.0228680
ta3A 114000000 115000000 0.0282330
ta3A 115000000 116000000 0.0332330
ta3A 116000000 117000000 0.0263600
ta3A 117000000 118000000 0.0204020
ta3A 118000000 119000000 0.0118750
ta3A 119000000 120000000 0.0196200
ta3A 120000000 121000000 0.0238660
ta3A 121000000 122000000 0.0174950
ta3A 122000000 123000000 0.0232850
ta3A 123000000 124000000 0.0151730
ta3A 124000000 125000000 0.0279240
ta3A 125000000 126000000 0.0162180
ta3A 126000000 127000000 0.0256330
ta3A 127000000 128000000 0.0253180
ta3A 128000000 129000000 0.0239330
ta3A 129000000 130000000 0.0179810
ta3A 130000000 131000000 0.0425840
ta3A 131000000 132000000 0.0174590
ta3A 132000000 133000000 0.0215710
ta3A 133000000 134000000 0.0189180
ta3A 134000000 135000000 0.0317380
ta3A 135000000 136000000 0.0300190
ta3A 136000000 137000000 0.0244010
ta3A 137000000 138000000 0.0221370
ta3A 138000000 139000000 0.0345420
ta3A 139000000 140000000 0.0209450
ta3A 140000000 141000000 0.0177960
ta3A 141000000 142000000 0.0201470
ta3A 142000000 143000000 0.0165630
ta3A 143000000 144000000 0.0308970
ta3A 144000000 145000000 0.0124480
ta3A 145000000 146000000 0.0196410
ta3A 146000000 147000000 0.0262980
ta3A 147000000 148000000 0.0261310
ta3A 148000000 149000000 0.0184010
ta3A 149000000 150000000 0.0194890
ta3A 150000000 151000000 0.0214460
ta3A 151000000 152000000 0.0237920
ta3A 152000000 153000000 0.0267790
ta3A 153000000 154000000 0.0256850
ta3A 154000000 155000000 0.0283850
ta3A 155000000 156000000 0.0226250
ta3A 156000000 157000000 0.0231970
ta3A 157000000 158000000 0.0176420
ta3A 158000000 159000000 0.0193620
ta3A 159000000 160000000 0.0242950
ta3A 160000000 161000000 0.0251810
ta3A 161000000 162000000 0.0253250
ta3A 162000000 163000000 0.0241220
ta3A 163000000 164000000 0.0256160
ta3A 164000000 165000000 0.0236140
ta3A 165000000 166000000 0.0282450
ta3A 166000000 167000000 0.0229230
ta3A 167000000 168000000 0.0237420
ta3A 168000000 169000000 0.0204300
ta3A 169000000 170000000 0.0302560
ta3A 170000000 171000000 0.0185730
ta3A 171000000 172000000 0.0184340
ta3A 172000000 173000000 0.0184010
ta3A 173000000 174000000 0.0138920
ta3A 174000000 175000000 0.0219940
ta3A 175000000 176000000 0.0258110
ta3A 176000000 177000000 0.0252510
ta3A 177000000 178000000 0.0139050
ta3A 178000000 179000000 0.0275620
ta3A 179000000 180000000 0.0230440
ta3A 180000000 181000000 0.0248060
ta3A 181000000 182000000 0.0281050
ta3A 182000000 183000000 0.0270280
ta3A 183000000 184000000 0.0226190
ta3A 184000000 185000000 0.0208150
ta3A 185000000 186000000 0.0238710
ta3A 186000000 187000000 0.0141860
ta3A 187000000 188000000 0.0178540
ta3A 188000000 189000000 0.0232840
ta3A 189000000 190000000 0.0250950
ta3A 190000000 191000000 0.0251640
ta3A 191000000 192000000 0.0213660
ta3A 192000000 193000000 0.0230290
ta3A 193000000 194000000 0.0216900
ta3A 194000000 195000000 0.0231060
ta3A 195000000 196000000 0.0210060
ta3A 196000000 197000000 0.0141780
ta3A 197000000 198000000 0.0274800
ta3A 198000000 199000000 0.0153420
ta3A 199000000 200000000 0.0309770
ta3A 200000000 201000000 0.0256000
ta3A 201000000 202000000 0.0179960
ta3A 202000000 203000000 0.0214550
ta3A 203000000 204000000 0.0197450
ta3A 204000000 205000000 0.0238460
ta3A 205000000 206000000 0.0201370
ta3A 206000000 207000000 0.0164310
ta3A 207000000 208000000 0.0255180
ta3A 208000000 209000000 0.0214220
ta3A 209000000 210000000 0.0177400
ta3A 210000000 211000000 0.0442400
ta3A 211000000 212000000 0.0263690
ta3A 212000000 213000000 0.0224170
ta3A 213000000 214000000 0.0190060
ta3A 214000000 215000000 0.0171490
ta3A 215000000 216000000 0.0139360
ta3A 216000000 217000000 0.0218030
ta3A 217000000 218000000 0.0153350
ta3A 218000000 219000000 0.0210410
ta3A 219000000 220000000 0.0243800
ta3A 220000000 221000000 0.0265990
ta3A 221000000 222000000 0.0181590
ta3A 222000000 223000000 0.0189860
ta3A 223000000 224000000 0.0226050
ta3A 224000000 225000000 0.0264210
ta3A 225000000 226000000 0.0221570
ta3A 226000000 227000000 0.0253920
ta3A 227000000 228000000 0.0180760
ta3A 228000000 229000000 0.0199010
ta3A 229000000 230000000 0.0142790
ta3A 230000000 231000000 0.0194930
ta3A 231000000 232000000 0.0167290
ta3A 232000000 233000000 0.3484240
ta3A 233000000 234000000 0.5406390
ta3A 234000000 235000000 0.0217720
ta3A 235000000 236000000 0.0276950
ta3A 236000000 237000000 0.0177130
ta3A 237000000 238000000 0.0265200
ta3A 238000000 239000000 0.0210990
ta3A 239000000 240000000 0.0218310
ta3A 240000000 241000000 0.0261380
ta3A 241000000 242000000 0.0108000
ta3A 242000000 243000000 0.0187720
ta3A 243000000 244000000 0.0236220
ta3A 244000000 245000000 0.0119950
ta3A 245000000 246000000 0.0136150
ta3A 246000000 247000000 0.0156600
ta3A 247000000 248000000 0.0164620
ta3A 248000000 249000000 0.0187880
ta3A 249000000 250000000 0.0445630
ta3A 250000000 251000000 0.0196600
ta3A 251000000 252000000 0.0224000
ta3A 252000000 253000000 0.0245330
ta3A 253000000 254000000 0.0257970
ta3A 254000000 255000000 0.0179080
ta3A 255000000 256000000 0.0256000
ta3A 256000000 257000000 0.0232540
ta3A 257000000 258000000 0.0116550
ta3A 258000000 259000000 0.0183630
ta3A 259000000 260000000 0.0149210
ta3A 260000000 261000000 0.0118160
ta3A 261000000 262000000 0.0161430
ta3A 262000000 263000000 0.0153180
ta3A 263000000 264000000 0.0217960
ta3A 264000000 265000000 0.0179560
ta3A 265000000 266000000 0.0145380
ta3A 266000000 267000000 0.0225270
ta3A 267000000 268000000 0.0126770
ta3A 268000000 269000000 0.0200850
ta3A 269000000 270000000 0.0212250
ta3A 270000000 271000000 0.0222470
ta3A 271000000 272000000 0.0153840
ta3A 272000000 273000000 0.0316110
ta3A 273000000 274000000 0.0189470
ta3A 274000000 275000000 0.0101860
ta3A 275000000 276000000 0.0136300
ta3A 276000000 277000000 0.0696260
ta3A 277000000 278000000 0.0176140
ta3A 278000000 279000000 0.0183700
ta3A 279000000 280000000 0.0134830
ta3A 280000000 281000000 0.0231440
ta3A 281000000 282000000 0.0169040
ta3A 282000000 283000000 0.0140390
ta3A 283000000 284000000 0.0151350
ta3A 284000000 285000000 0.0171460
ta3A 285000000 286000000 0.0152170
ta3A 286000000 287000000 0.0183390
ta3A 287000000 288000000 0.0207220
ta3A 288000000 289000000 0.0196570
ta3A 289000000 290000000 0.0144060
ta3A 290000000 291000000 0.0199250
ta3A 291000000 292000000 0.0099740
ta3A 292000000 293000000 0.0197660
ta3A 293000000 294000000 0.7834430
ta3A 294000000 295000000 0.5383220
ta3A 295000000 296000000 0.0135980
ta3A 296000000 297000000 0.0160960
ta3A 297000000 298000000 0.0152760
ta3A 298000000 299000000 0.0141590
ta3A 299000000 300000000 0.0249230
ta3A 300000000 301000000 0.0178090
ta3A 301000000 302000000 0.0162430
ta3A 302000000 303000000 0.0216590
ta3A 303000000 304000000 0.0178520
ta3A 304000000 305000000 0.0209990
ta3A 305000000 306000000 0.0208540
ta3A 306000000 307000000 0.0194730
ta3A 307000000 308000000 0.0173750
ta3A 308000000 309000000 0.0184990
ta3A 309000000 310000000 0.0211750
ta3A 310000000 311000000 0.0185480
ta3A 311000000 312000000 0.0147010
ta3A 312000000 313000000 0.0127440
ta3A 313000000 314000000 0.0174430
ta3A 314000000 315000000 0.0168010
ta3A 315000000 316000000 0.0133040
ta3A 316000000 317000000 0.0189780
ta3A 317000000 318000000 0.0174360
ta3A 318000000 319000000 0.0190750
ta3A 319000000 320000000 0.0175620
ta3A 320000000 321000000 0.0194350
ta3A 321000000 322000000 0.0198860
ta3A 322000000 323000000 0.0192720
ta3A 323000000 324000000 0.0170630
ta3A 324000000 325000000 0.0167690
ta3A 325000000 326000000 0.0210140
ta3A 326000000 327000000 0.0196400
ta3A 327000000 328000000 0.0237100
ta3A 328000000 329000000 0.0205980
ta3A 329000000 330000000 0.0203740
ta3A 330000000 331000000 0.0199370
ta3A 331000000 332000000 0.0238190
ta3A 332000000 333000000 0.0244440
ta3A 333000000 334000000 0.0184830
ta3A 334000000 335000000 0.0205090
ta3A 335000000 336000000 0.0206580
ta3A 336000000 337000000 0.0217140
ta3A 337000000 338000000 0.0202390
ta3A 338000000 339000000 0.0181050
ta3A 339000000 340000000 0.0180650
ta3A 340000000 341000000 0.0204780
ta3A 341000000 342000000 0.0167960
ta3A 342000000 343000000 0.0211630
ta3A 343000000 344000000 0.0148750
ta3A 344000000 345000000 0.0215820
ta3A 345000000 346000000 0.0209390
ta3A 346000000 347000000 0.0217050
ta3A 347000000 348000000 0.0129000
ta3A 348000000 349000000 0.0162760
ta3A 349000000 350000000 0.0246470
ta3A 350000000 351000000 0.0193380
ta3A 351000000 352000000 0.0166310
ta3A 352000000 353000000 0.0193150
ta3A 353000000 354000000 0.0161530
ta3A 354000000 355000000 0.0254500
ta3A 355000000 356000000 0.0237200
ta3A 356000000 357000000 0.0199930
ta3A 357000000 358000000 0.0130340
ta3A 358000000 359000000 0.0136750
ta3A 359000000 360000000 0.0266480
ta3A 360000000 361000000 0.0183640
ta3A 361000000 362000000 0.0205770
ta3A 362000000 363000000 0.0191940
ta3A 363000000 364000000 0.0210550
ta3A 364000000 365000000 0.0185010
ta3A 365000000 366000000 0.0145230
ta3A 366000000 367000000 0.0203690
ta3A 367000000 368000000 0.0129850
ta3A 368000000 369000000 0.0225210
ta3A 369000000 370000000 0.0213100
ta3A 370000000 371000000 0.0173550
ta3A 371000000 372000000 0.0141990
ta3A 372000000 373000000 0.0200820
ta3A 373000000 374000000 0.0170700
ta3A 374000000 375000000 0.0193890
ta3A 375000000 376000000 0.0183290
ta3A 376000000 377000000 0.0200970
ta3A 377000000 378000000 0.0257550
ta3A 378000000 379000000 0.0240950
ta3A 379000000 380000000 0.0177090
ta3A 380000000 381000000 0.0156780
ta3A 381000000 382000000 0.0179140
ta3A 382000000 383000000 0.0312300
ta3A 383000000 384000000 0.0194000
ta3A 384000000 385000000 0.0232940
ta3A 385000000 386000000 0.0172040
ta3A 386000000 387000000 0.0217940
ta3A 387000000 388000000 0.0218120
ta3A 388000000 389000000 0.0139740
ta3A 389000000 390000000 0.0177510
ta3A 390000000 391000000 0.0209050
ta3A 391000000 392000000 0.0175930
ta3A 392000000 393000000 0.0251210
ta3A 393000000 394000000 0.0181950
ta3A 394000000 395000000 0.0195180
ta3A 395000000 396000000 0.0206580
ta3A 396000000 397000000 0.0171690
ta3A 397000000 398000000 0.0250740
ta3A 398000000 399000000 0.0174200
ta3A 399000000 400000000 0.0191320
ta3A 400000000 401000000 0.0187370
ta3A 401000000 402000000 0.0222050
ta3A 402000000 403000000 0.0248430
ta3A 403000000 404000000 0.0202620
ta3A 404000000 405000000 0.0138490
ta3A 405000000 406000000 0.0230540
ta3A 406000000 407000000 0.0181490
ta3A 407000000 408000000 0.0204100
ta3A 408000000 409000000 0.0162190
ta3A 409000000 410000000 0.0224050
ta3A 410000000 411000000 0.0204990
ta3A 411000000 412000000 0.0187820
ta3A 412000000 413000000 0.0267540
ta3A 413000000 414000000 0.0211250
ta3A 414000000 415000000 0.0172830
ta3A 415000000 416000000 0.0254820
ta3A 416000000 417000000 0.0196900
ta3A 417000000 418000000 0.0178500
ta3A 418000000 419000000 0.0250270
ta3A 419000000 420000000 0.0183410
ta3A 420000000 421000000 0.0182680
ta3A 421000000 422000000 0.0288920
ta3A 422000000 423000000 0.0188440
ta3A 423000000 424000000 0.0156350
ta3A 424000000 425000000 0.0264530
ta3A 425000000 426000000 0.0129030
ta3A 426000000 427000000 0.0202260
ta3A 427000000 428000000 0.0100450
ta3A 428000000 429000000 0.0233280
ta3A 429000000 430000000 0.0137860
ta3A 430000000 431000000 0.0183910
ta3A 431000000 432000000 0.0142740
ta3A 432000000 433000000 0.0212860
ta3A 433000000 434000000 0.0231130
ta3A 434000000 435000000 0.0311880
ta3A 435000000 436000000 0.0220930
ta3A 436000000 437000000 0.0222570
ta3A 437000000 438000000 0.0170580
ta3A 438000000 439000000 0.0282120
ta3A 439000000 440000000 0.0197620
ta3A 440000000 441000000 0.0204940
ta3A 441000000 442000000 0.0217820
ta3A 442000000 443000000 0.0211290
ta3A 443000000 444000000 0.0210090
ta3A 444000000 445000000 0.0242920
ta3A 445000000 446000000 0.0264060
ta3A 446000000 447000000 0.0255460
ta3A 447000000 448000000 0.0225260
ta3A 448000000 449000000 0.0219280
ta3A 449000000 450000000 0.0201840
ta3A 450000000 451000000 0.0151890
ta3A 451000000 452000000 0.0167390
ta3A 452000000 453000000 0.0166090
ta3A 453000000 454000000 0.0149660
ta3A 454000000 455000000 0.0241700
ta3A 455000000 456000000 0.0218940
ta3A 456000000 457000000 0.0217260
ta3A 457000000 458000000 0.0216810
ta3A 458000000 459000000 0.0211340
ta3A 459000000 460000000 0.0191690
ta3A 460000000 461000000 0.0163710
ta3A 461000000 462000000 0.0148110
ta3A 462000000 463000000 0.0236580
ta3A 463000000 464000000 0.0164040
ta3A 464000000 465000000 0.0192000
ta3A 465000000 466000000 0.0209280
ta3A 466000000 467000000 0.0251810
ta3A 467000000 468000000 0.0298500
ta3A 468000000 469000000 0.0524190
ta3A 469000000 470000000 0.0241370
ta3A 470000000 471000000 0.0202300
ta3A 471000000 472000000 0.0174600
ta3A 472000000 473000000 0.0164140
ta3A 473000000 474000000 0.0289830
ta3A 474000000 475000000 0.0247300
ta3A 475000000 476000000 0.0305390
ta3A 476000000 477000000 0.0152560
ta3A 477000000 478000000 0.0218710
ta3A 478000000 479000000 0.0163440
ta3A 479000000 480000000 0.0235820
ta3A 480000000 481000000 0.0321360
ta3A 481000000 482000000 0.0194390
ta3A 482000000 483000000 0.0225360
ta3A 483000000 484000000 0.0145810
ta3A 484000000 485000000 0.0214720
ta3A 485000000 486000000 0.0289580
ta3A 486000000 487000000 0.0200740
ta3A 487000000 488000000 0.0276250
ta3A 488000000 489000000 0.0202060
ta3A 489000000 490000000 0.0238390
ta3A 490000000 491000000 0.0178190
ta3A 491000000 492000000 0.0210870
ta3A 492000000 493000000 0.0263830
ta3A 493000000 494000000 0.0178370
ta3A 494000000 495000000 0.0185350
ta3A 495000000 496000000 0.2225970
ta3A 496000000 497000000 0.0250970
ta3A 497000000 498000000 0.0194320
ta3A 498000000 499000000 0.0604620
ta3A 499000000 500000000 0.0173430
ta3A 500000000 501000000 0.0207190
ta3A 501000000 502000000 0.0184590
ta3A 502000000 503000000 0.0245770
ta3A 503000000 504000000 0.0221420
ta3A 504000000 505000000 0.0259320
ta3A 505000000 506000000 0.0283450
ta3A 506000000 507000000 0.0210470
ta3A 507000000 508000000 0.0309710
ta3A 508000000 509000000 0.0153580
ta3A 509000000 510000000 0.0237020
ta3A 510000000 511000000 0.0191450
ta3A 511000000 512000000 0.0268380
ta3A 512000000 513000000 0.0131760
ta3A 513000000 514000000 0.0205770
ta3A 514000000 515000000 0.0229010
ta3A 515000000 516000000 0.0262660
ta3A 516000000 517000000 0.0238650
ta3A 517000000 518000000 0.0168240
ta3A 518000000 519000000 0.0244640
ta3A 519000000 520000000 0.0138160
ta3A 520000000 521000000 0.0246010
ta3A 521000000 522000000 0.0211520
ta3A 522000000 523000000 0.0209870
ta3A 523000000 524000000 0.0238690
ta3A 524000000 525000000 0.0268690
ta3A 525000000 526000000 0.0200180
ta3A 526000000 527000000 0.0211910
ta3A 527000000 528000000 0.0205180
ta3A 528000000 529000000 0.0195590
ta3A 529000000 530000000 0.0256160
ta3A 530000000 531000000 0.0139800
ta3A 531000000 532000000 0.0255930
ta3A 532000000 533000000 0.0212320
ta3A 533000000 534000000 0.0192520
ta3A 534000000 535000000 0.0250850
ta3A 535000000 536000000 0.0228660
ta3A 536000000 537000000 0.0214160
ta3A 537000000 538000000 0.1615010
ta3A 538000000 539000000 0.0271440
ta3A 539000000 540000000 0.0170510
ta3A 540000000 541000000 0.0206150
ta3A 541000000 542000000 0.0249910
ta3A 542000000 543000000 0.0229690
ta3A 543000000 544000000 0.0234540
ta3A 544000000 545000000 0.0269830
ta3A 545000000 546000000 0.0245030
ta3A 546000000 547000000 0.0216310
ta3A 547000000 548000000 0.0211770
ta3A 548000000 549000000 0.0297010
ta3A 549000000 550000000 0.0465910
ta3A 550000000 551000000 0.0226290
ta3A 551000000 552000000 0.0129850
ta3A 552000000 553000000 0.0223880
ta3A 553000000 554000000 0.0198790
ta3A 554000000 555000000 0.0285230
ta3A 555000000 556000000 0.0231660
ta3A 556000000 557000000 0.1811180
ta3A 557000000 558000000 0.0331470
ta3A 558000000 559000000 0.0232330
ta3A 559000000 560000000 0.0164700
ta3A 560000000 561000000 0.0201080
ta3A 561000000 562000000 0.0168240
ta3A 562000000 563000000 0.0215010
ta3A 563000000 564000000 0.0264430
ta3A 564000000 565000000 0.0228750
ta3A 565000000 566000000 0.0223570
ta3A 566000000 567000000 0.0200690
ta3A 567000000 568000000 0.0214420
ta3A 568000000 569000000 0.0240360
ta3A 569000000 570000000 0.0254500
ta3A 570000000 571000000 0.0223190
ta3A 571000000 572000000 0.0312390
ta3A 572000000 573000000 0.0300050
ta3A 573000000 574000000 0.0199700
ta3A 574000000 575000000 0.0164990
ta3A 575000000 576000000 0.0217360
ta3A 576000000 577000000 0.0206380
ta3A 577000000 578000000 0.0238990
ta3A 578000000 579000000 0.4137480
ta3A 579000000 580000000 0.1864770
ta3A 580000000 581000000 0.0219500
ta3A 581000000 582000000 0.0170180
ta3A 582000000 583000000 0.0209850
ta3A 583000000 584000000 0.0210540
ta3A 584000000 585000000 0.0225130
ta3A 585000000 586000000 0.0197520
ta3A 586000000 587000000 0.0141570
ta3A 587000000 588000000 0.0197830
ta3A 588000000 589000000 0.0201100
ta3A 589000000 590000000 0.0190180
ta3A 590000000 591000000 0.0228180
ta3A 591000000 592000000 0.0190580
ta3A 592000000 593000000 0.0218540
ta3A 593000000 594000000 0.0197680
ta3A 594000000 595000000 0.0128110
ta3A 595000000 596000000 0.0221060
ta3A 596000000 597000000 0.0236760
ta3A 597000000 598000000 0.0204010
ta3A 598000000 599000000 0.0250180
ta3A 599000000 600000000 0.0213620
ta3A 600000000 601000000 0.0185270
ta3A 601000000 602000000 0.0135450
ta3A 602000000 603000000 0.0157450
ta3A 603000000 604000000 0.0179700
ta3A 604000000 605000000 0.0195400
ta3A 605000000 606000000 0.0176100
ta3A 606000000 607000000 0.0237220
ta3A 607000000 608000000 0.0202660
ta3A 608000000 609000000 0.0257450
ta3A 609000000 610000000 0.0211090
ta3A 610000000 611000000 0.0183670
ta3A 611000000 612000000 0.0284460
ta3A 612000000 613000000 0.0168050
ta3A 613000000 614000000 0.0174400
ta3A 614000000 615000000 0.0159810
ta3A 615000000 616000000 0.0245390
ta3A 616000000 617000000 0.0201570
ta3A 617000000 618000000 0.0302100
ta3A 618000000 619000000 0.0214890
ta3A 619000000 620000000 0.0282600
ta3A 620000000 621000000 0.0260450
ta3A 621000000 622000000 0.0164670
ta3A 622000000 623000000 0.0226470
ta3A 623000000 624000000 0.0177640
ta3A 624000000 625000000 0.0218810
ta3A 625000000 626000000 0.0220300
ta3A 626000000 627000000 0.0227070
ta3A 627000000 628000000 0.0173820
ta3A 628000000 629000000 0.0209220
ta3A 629000000 630000000 0.0258350
ta3A 630000000 631000000 0.0136800
ta3A 631000000 632000000 0.0185280
ta3A 632000000 633000000 0.0188540
ta3A 633000000 634000000 0.0206870
ta3A 634000000 635000000 0.0266670
ta3A 635000000 636000000 0.0244310
ta3A 636000000 637000000 0.0209610
ta3A 637000000 638000000 0.0195220
ta3A 638000000 639000000 0.0226350
ta3A 639000000 640000000 0.0378780
ta3A 640000000 641000000 0.0253030
ta3A 641000000 642000000 0.0188300
ta3A 642000000 643000000 0.0211770
ta3A 643000000 644000000 0.0144070
ta3A 644000000 645000000 0.0243200
ta3A 645000000 646000000 0.0186390
ta3A 646000000 647000000 0.0219040
ta3A 647000000 648000000 0.0168440
ta3A 648000000 649000000 0.0215850
ta3A 649000000 650000000 0.0241530
ta3A 650000000 651000000 0.0183960
ta3A 651000000 652000000 0.0231160
ta3A 652000000 653000000 0.0314140
ta3A 653000000 654000000 0.0186410
ta3A 654000000 655000000 0.0202500
ta3A 655000000 656000000 0.0268270
ta3A 656000000 657000000 0.0226500
ta3A 657000000 658000000 0.0205370
ta3A 658000000 659000000 0.0271440
ta3A 659000000 660000000 0.0172640
ta3A 660000000 661000000 0.0192890
ta3A 661000000 662000000 0.0341210
ta3A 662000000 663000000 0.0230070
ta3A 663000000 664000000 0.0118950
ta3A 664000000 665000000 0.0231410
ta3A 665000000 666000000 0.0216760
ta3A 666000000 667000000 0.0315410
ta3A 667000000 668000000 0.0239730
ta3A 668000000 669000000 0.0288940
ta3A 669000000 670000000 0.0270210
ta3A 670000000 671000000 0.0252330
ta3A 671000000 672000000 0.0203170
ta3A 672000000 673000000 0.0157210
ta3A 673000000 674000000 0.0217230
ta3A 674000000 675000000 0.0190060
ta3A 675000000 676000000 0.0248370
ta3A 676000000 677000000 0.0273310
ta3A 677000000 678000000 0.0208570
ta3A 678000000 679000000 0.0316260
ta3A 679000000 680000000 0.0393710
ta3A 680000000 681000000 0.0215260
ta3A 681000000 682000000 0.0282950
ta3A 682000000 683000000 0.0151710
ta3A 683000000 684000000 0.0217580
ta3A 684000000 685000000 0.0188610
ta3A 685000000 686000000 0.0312650
ta3A 686000000 687000000 0.0327070
ta3A 687000000 688000000 0.0591890
ta3A 688000000 689000000 0.0375680
ta3A 689000000 690000000 0.0298840
ta3A 690000000 691000000 0.0315410
ta3A 691000000 692000000 0.0414420
ta3A 692000000 693000000 0.0353470
ta3A 693000000 694000000 0.0207230
ta3A 694000000 695000000 0.0256120
ta3A 695000000 696000000 0.0302440
ta3A 696000000 697000000 0.0405220
ta3A 697000000 698000000 0.0535160
ta3A 698000000 699000000 0.0252370
ta3A 699000000 700000000 0.0401040
ta3A 700000000 701000000 0.0296090
ta3A 701000000 702000000 0.0402570
ta3A 702000000 703000000 0.0412550
ta3A 703000000 704000000 0.0294530
ta3A 704000000 705000000 0.0305350
ta3A 705000000 706000000 0.0690740
ta3A 706000000 707000000 0.1055090
ta3A 707000000 708000000 0.0353490
ta3A 708000000 709000000 0.0365180
ta3A 709000000 710000000 0.0293830
ta3A 710000000 711000000 0.0478730
ta3A 711000000 712000000 0.0239590
ta3A 712000000 713000000 0.0370200
ta3A 713000000 714000000 0.0385000
ta3A 714000000 715000000 0.0286590
ta3A 715000000 716000000 0.0402610
ta3A 716000000 717000000 0.0440520
ta3A 717000000 718000000 0.0374810
ta3A 718000000 719000000 0.0377170
ta3A 719000000 720000000 0.0470490
ta3A 720000000 721000000 0.0436550
ta3A 721000000 722000000 0.0303780
ta3A 722000000 723000000 0.0318800
ta3A 723000000 724000000 0.0329010
ta3A 724000000 725000000 0.0355270
ta3A 725000000 726000000 0.0377740
ta3A 726000000 727000000 0.0336900
ta3A 727000000 728000000 0.0315350
ta3A 728000000 729000000 0.0379170
ta3A 729000000 730000000 0.0274730
ta3A 730000000 731000000 0.0284260
ta3A 731000000 732000000 0.0367560
ta3A 732000000 733000000 0.0291510
ta3A 733000000 734000000 0.0426060
ta3A 734000000 735000000 0.0449890
ta3A 735000000 736000000 0.0327520
ta3A 736000000 737000000 0.0503430
ta3A 737000000 738000000 0.0333240
ta3A 738000000 739000000 0.0279130
ta3A 739000000 740000000 0.0388040
ta3A 740000000 741000000 0.0425750
ta3A 741000000 742000000 0.0377570
ta3A 742000000 743000000 0.0554730
ta3A 743000000 744000000 0.0465960
ta3A 744000000 745000000 0.0326500
ta3A 745000000 746000000 0.0573950
ta3A 746000000 747000000 0.0290310
ta3A 747000000 748000000 0.0437420
ta3A 748000000 749000000 0.0238710
ta3A 749000000 750000000 0.0293140
ta3A 750000000 751000000 0.0338670
ta3A 751000000 752000000 0.0323680
ta3A 752000000 753000000 0.0354020
ta3A 753000000 754000000 0.0454690
ta3A 754000000 755000000 0.0292720
ta3A 755000000 756000000 0.0690850
ta3A 756000000 757000000 0.0679180
ta3A 757000000 757918164 0.0443319
ta3B 0 1000000 0.1264150
ta3B 1000000 2000000 0.2529610
ta3B 2000000 3000000 0.2941500
ta3B 3000000 4000000 0.1885190
ta3B 4000000 5000000 0.0338500
ta3B 5000000 6000000 0.0407080
ta3B 6000000 7000000 0.0481290
ta3B 7000000 8000000 0.0300170
ta3B 8000000 9000000 0.0544480
ta3B 9000000 10000000 0.2514500
ta3B 10000000 11000000 0.0251770
ta3B 11000000 12000000 0.0332070
ta3B 12000000 13000000 0.0314550
ta3B 13000000 14000000 0.0320080
ta3B 14000000 15000000 0.0358300
ta3B 15000000 16000000 0.0435170
ta3B 16000000 17000000 0.0782940
ta3B 17000000 18000000 0.0416240
ta3B 18000000 19000000 0.0325040
ta3B 19000000 20000000 0.0414580
ta3B 20000000 21000000 0.0354630
ta3B 21000000 22000000 0.0474630
ta3B 22000000 23000000 0.0387940
ta3B 23000000 24000000 0.0430760
ta3B 24000000 25000000 0.0289790
ta3B 25000000 26000000 0.0295710
ta3B 26000000 27000000 0.0320200
ta3B 27000000 28000000 0.0276190
ta3B 28000000 29000000 0.0249560
ta3B 29000000 30000000 0.0528530
ta3B 30000000 31000000 0.0303440
ta3B 31000000 32000000 0.1739170
ta3B 32000000 33000000 0.0342880
ta3B 33000000 34000000 0.0364640
ta3B 34000000 35000000 0.0330610
ta3B 35000000 36000000 0.0319630
ta3B 36000000 37000000 0.0293300
ta3B 37000000 38000000 0.0318340
ta3B 38000000 39000000 0.0418110
ta3B 39000000 40000000 0.0444980
ta3B 40000000 41000000 0.0351160
ta3B 41000000 42000000 0.0291780
ta3B 42000000 43000000 0.0307920
ta3B 43000000 44000000 0.0495020
ta3B 44000000 45000000 0.0435090
ta3B 45000000 46000000 0.0405180
ta3B 46000000 47000000 0.0330460
ta3B 47000000 48000000 0.0333700
ta3B 48000000 49000000 0.0366700
ta3B 49000000 50000000 0.0312520
ta3B 50000000 51000000 0.0267670
ta3B 51000000 52000000 0.0398810
ta3B 52000000 53000000 0.0321960
ta3B 53000000 54000000 0.0462350
ta3B 54000000 55000000 0.0435270
ta3B 55000000 56000000 0.1003000
ta3B 56000000 57000000 0.0288730
ta3B 57000000 58000000 0.0339450
ta3B 58000000 59000000 0.0333410
ta3B 59000000 60000000 0.0475280
ta3B 60000000 61000000 0.0319390
ta3B 61000000 62000000 0.0427920
ta3B 62000000 63000000 0.0233280
ta3B 63000000 64000000 0.0232980
ta3B 64000000 65000000 0.0256310
ta3B 65000000 66000000 0.1870170
ta3B 66000000 67000000 0.4259250
ta3B 67000000 68000000 0.2415840
ta3B 68000000 69000000 0.0367430
ta3B 69000000 70000000 0.0352310
ta3B 70000000 71000000 0.0498850
ta3B 71000000 72000000 0.0395130
ta3B 72000000 73000000 0.0231670
ta3B 73000000 74000000 0.2936600
ta3B 74000000 75000000 0.2151420
ta3B 75000000 76000000 0.0205000
ta3B 76000000 77000000 0.0372240
ta3B 77000000 78000000 0.0234310
ta3B 78000000 79000000 0.0252040
ta3B 79000000 80000000 0.0291140
ta3B 80000000 81000000 0.0319160
ta3B 81000000 82000000 0.0257800
ta3B 82000000 83000000 0.0455430
ta3B 83000000 84000000 0.0290870
ta3B 84000000 85000000 0.0295060
ta3B 85000000 86000000 0.0258910
ta3B 86000000 87000000 0.0294120
ta3B 87000000 88000000 0.0319460
ta3B 88000000 89000000 0.0275580
ta3B 89000000 90000000 0.3409360
ta3B 90000000 91000000 0.0285890
ta3B 91000000 92000000 0.0272520
ta3B 92000000 93000000 0.0220640
ta3B 93000000 94000000 0.0246850
ta3B 94000000 95000000 0.0254000
ta3B 95000000 96000000 0.0304510
ta3B 96000000 97000000 0.0263570
ta3B 97000000 98000000 0.0337860
ta3B 98000000 99000000 0.0307760
ta3B 99000000 100000000 0.0379530
ta3B 100000000 101000000 0.0454580
ta3B 101000000 102000000 0.0367050
ta3B 102000000 103000000 0.0275250
ta3B 103000000 104000000 0.0191870
ta3B 104000000 105000000 0.0141770
ta3B 105000000 106000000 0.0241920
ta3B 106000000 107000000 0.0283100
ta3B 107000000 108000000 0.0219210
ta3B 108000000 109000000 0.0222500
ta3B 109000000 110000000 0.0272410
ta3B 110000000 111000000 0.0374520
ta3B 111000000 112000000 0.0246480
ta3B 112000000 113000000 0.0275630
ta3B 113000000 114000000 0.0208960
ta3B 114000000 115000000 0.0313260
ta3B 115000000 116000000 0.0221300
ta3B 116000000 117000000 0.0260200
ta3B 117000000 118000000 0.0214300
ta3B 118000000 119000000 0.0264240
ta3B 119000000 120000000 0.0276220
ta3B 120000000 121000000 0.0223770
ta3B 121000000 122000000 0.0209930
ta3B 122000000 123000000 0.0765210
ta3B 123000000 124000000 0.0242090
ta3B 124000000 125000000 0.0250840
ta3B 125000000 126000000 0.0308610
ta3B 126000000 127000000 0.0259850
ta3B 127000000 128000000 0.0208790
ta3B 128000000 129000000 0.0250040
ta3B 129000000 130000000 0.0214500
ta3B 130000000 131000000 0.0234680
ta3B 131000000 132000000 0.0274070
ta3B 132000000 133000000 0.0277710
ta3B 133000000 134000000 0.0282600
ta3B 134000000 135000000 0.0248690
ta3B 135000000 136000000 0.2308240
ta3B 136000000 137000000 0.0266990
ta3B 137000000 138000000 0.0248890
ta3B 138000000 139000000 0.0269490
ta3B 139000000 140000000 0.0189080
ta3B 140000000 141000000 0.1206100
ta3B 141000000 142000000 0.0203280
ta3B 142000000 143000000 0.0231760
ta3B 143000000 144000000 0.0287950
ta3B 144000000 145000000 0.0214360
ta3B 145000000 146000000 0.0274600
ta3B 146000000 147000000 0.0302820
ta3B 147000000 148000000 0.0337420
ta3B 148000000 149000000 0.0199940
ta3B 149000000 150000000 0.0357170
ta3B 150000000 151000000 0.0283670
ta3B 151000000 152000000 0.0268680
ta3B 152000000 153000000 0.0290520
ta3B 153000000 154000000 0.0287670
ta3B 154000000 155000000 0.0257870
ta3B 155000000 156000000 0.0264070
ta3B 156000000 157000000 0.0357090
ta3B 157000000 158000000 0.0246560
ta3B 158000000 159000000 0.0207550
ta3B 159000000 160000000 0.0222070
ta3B 160000000 161000000 0.0233130
ta3B 161000000 162000000 0.0262700
ta3B 162000000 163000000 0.0317040
ta3B 163000000 164000000 0.0211080
ta3B 164000000 165000000 0.0278850
ta3B 165000000 166000000 0.0203720
ta3B 166000000 167000000 0.0303790
ta3B 167000000 168000000 0.0219220
ta3B 168000000 169000000 0.0155690
ta3B 169000000 170000000 0.0264200
ta3B 170000000 171000000 0.0198990
ta3B 171000000 172000000 0.0188720
ta3B 172000000 173000000 0.0231660
ta3B 173000000 174000000 0.0270220
ta3B 174000000 175000000 0.0271760
ta3B 175000000 176000000 0.0351050
ta3B 176000000 177000000 0.0241440
ta3B 177000000 178000000 0.0216150
ta3B 178000000 179000000 0.0184990
ta3B 179000000 180000000 0.0185060
ta3B 180000000 181000000 0.0277120
ta3B 181000000 182000000 0.0266440
ta3B 182000000 183000000 0.0311290
ta3B 183000000 184000000 0.0244520
ta3B 184000000 185000000 0.0213550
ta3B 185000000 186000000 0.0182920
ta3B 186000000 187000000 0.0200800
ta3B 187000000 188000000 0.0269590
ta3B 188000000 189000000 0.0329690
ta3B 189000000 190000000 0.0261360
ta3B 190000000 191000000 0.0232510
ta3B 191000000 192000000 0.0231830
ta3B 192000000 193000000 0.0225350
ta3B 193000000 194000000 0.0159010
ta3B 194000000 195000000 0.0200780
ta3B 195000000 196000000 0.0217240
ta3B 196000000 197000000 0.0304760
ta3B 197000000 198000000 0.0171830
ta3B 198000000 199000000 0.0260880
ta3B 199000000 200000000 0.0263230
ta3B 200000000 201000000 0.0225680
ta3B 201000000 202000000 0.0211800
ta3B 202000000 203000000 0.0219360
ta3B 203000000 204000000 0.0257030
ta3B 204000000 205000000 0.0235290
ta3B 205000000 206000000 0.0205590
ta3B 206000000 207000000 0.0255520
ta3B 207000000 208000000 0.0198280
ta3B 208000000 209000000 0.0256880
ta3B 209000000 210000000 0.0204110
ta3B 210000000 211000000 0.0262300
ta3B 211000000 212000000 0.0289820
ta3B 212000000 213000000 0.0199000
ta3B 213000000 214000000 0.0217090
ta3B 214000000 215000000 0.0210950
ta3B 215000000 216000000 0.0251160
ta3B 216000000 217000000 0.0278950
ta3B 217000000 218000000 0.0255750
ta3B 218000000 219000000 0.0281890
ta3B 219000000 220000000 0.0480950
ta3B 220000000 221000000 0.0220430
ta3B 221000000 222000000 0.0215530
ta3B 222000000 223000000 0.0317360
ta3B 223000000 224000000 0.0227300
ta3B 224000000 225000000 0.0259790
ta3B 225000000 226000000 0.0302890
ta3B 226000000 227000000 0.0330650
ta3B 227000000 228000000 0.0197600
ta3B 228000000 229000000 0.0212230
ta3B 229000000 230000000 0.0218280
ta3B 230000000 231000000 0.0236590
ta3B 231000000 232000000 0.0176560
ta3B 232000000 233000000 0.0267590
ta3B 233000000 234000000 0.0171600
ta3B 234000000 235000000 0.0250510
ta3B 235000000 236000000 0.0269540
ta3B 236000000 237000000 0.0293220
ta3B 237000000 238000000 0.0257280
ta3B 238000000 239000000 0.0344820
ta3B 239000000 240000000 0.0222280
ta3B 240000000 241000000 0.0253020
ta3B 241000000 242000000 0.0213750
ta3B 242000000 243000000 0.0194690
ta3B 243000000 244000000 0.0211980
ta3B 244000000 245000000 0.0219340
ta3B 245000000 246000000 0.0259820
ta3B 246000000 247000000 0.0185760
ta3B 247000000 248000000 0.0184110
ta3B 248000000 249000000 0.0191160
ta3B 249000000 250000000 0.0255000
ta3B 250000000 251000000 0.0286550
ta3B 251000000 252000000 0.0299460
ta3B 252000000 253000000 0.0216320
ta3B 253000000 254000000 0.0268750
ta3B 254000000 255000000 0.0234170
ta3B 255000000 256000000 0.0301190
ta3B 256000000 257000000 0.0190480
ta3B 257000000 258000000 0.0197200
ta3B 258000000 259000000 0.0211410
ta3B 259000000 260000000 0.0502610
ta3B 260000000 261000000 0.0243260
ta3B 261000000 262000000 0.0273270
ta3B 262000000 263000000 0.0306300
ta3B 263000000 264000000 0.0175350
ta3B 264000000 265000000 0.0210330
ta3B 265000000 266000000 0.0246680
ta3B 266000000 267000000 0.0226410
ta3B 267000000 268000000 0.0178670
ta3B 268000000 269000000 0.0254820
ta3B 269000000 270000000 0.0193580
ta3B 270000000 271000000 0.0243860
ta3B 271000000 272000000 0.0207990
ta3B 272000000 273000000 0.0237540
ta3B 273000000 274000000 0.0213000
ta3B 274000000 275000000 0.0250240
ta3B 275000000 276000000 0.0212070
ta3B 276000000 277000000 0.0243690
ta3B 277000000 278000000 0.0305840
ta3B 278000000 279000000 0.0266780
ta3B 279000000 280000000 0.0246970
ta3B 280000000 281000000 0.0312520
ta3B 281000000 282000000 0.0265360
ta3B 282000000 283000000 0.0191830
ta3B 283000000 284000000 0.0249150
ta3B 284000000 285000000 0.0210800
ta3B 285000000 286000000 0.0195800
ta3B 286000000 287000000 0.0222930
ta3B 287000000 288000000 0.0190070
ta3B 288000000 289000000 0.0274810
ta3B 289000000 290000000 0.0271960
ta3B 290000000 291000000 0.0190720
ta3B 291000000 292000000 0.0254180
ta3B 292000000 293000000 0.0648410
ta3B 293000000 294000000 0.0180440
ta3B 294000000 295000000 0.0291640
ta3B 295000000 296000000 0.0208780
ta3B 296000000 297000000 0.0213080
ta3B 297000000 298000000 0.0215360
ta3B 298000000 299000000 0.0250780
ta3B 299000000 300000000 0.0191640
ta3B 300000000 301000000 0.0181780
ta3B 301000000 302000000 0.0239230
ta3B 302000000 303000000 0.0245460
ta3B 303000000 304000000 0.0187980
ta3B 304000000 305000000 0.0195980
ta3B 305000000 306000000 0.0245430
ta3B 306000000 307000000 0.0171450
ta3B 307000000 308000000 0.0195140
ta3B 308000000 309000000 0.0180110
ta3B 309000000 310000000 0.0116190
ta3B 310000000 311000000 0.0163730
ta3B 311000000 312000000 0.0168330
ta3B 312000000 313000000 0.0219420
ta3B 313000000 314000000 0.0583270
ta3B 314000000 315000000 0.0171980
ta3B 315000000 316000000 0.0419250
ta3B 316000000 317000000 0.0249780
ta3B 317000000 318000000 0.0199350
ta3B 318000000 319000000 0.3378500
ta3B 319000000 320000000 0.0212820
ta3B 320000000 321000000 0.0249390
ta3B 321000000 322000000 0.0199910
ta3B 322000000 323000000 0.0205590
ta3B 323000000 324000000 0.0252020
ta3B 324000000 325000000 0.0209370
ta3B 325000000 326000000 0.3463210
ta3B 326000000 327000000 0.0215750
ta3B 327000000 328000000 0.0310230
ta3B 328000000 329000000 0.0241290
ta3B 329000000 330000000 0.0232490
ta3B 330000000 331000000 0.0145700
ta3B 331000000 332000000 0.0212340
ta3B 332000000 333000000 0.0162460
ta3B 333000000 334000000 0.0237760
ta3B 334000000 335000000 0.0282720
ta3B 335000000 336000000 0.0212130
ta3B 336000000 337000000 0.0218460
ta3B 337000000 338000000 0.0234800
ta3B 338000000 339000000 0.0214050
ta3B 339000000 340000000 0.0228060
ta3B 340000000 341000000 0.0259860
ta3B 341000000 342000000 0.0226130
ta3B 342000000 343000000 0.0177810
ta3B 343000000 344000000 0.0210000
ta3B 344000000 345000000 0.0287650
ta3B 345000000 346000000 0.0416220
ta3B 346000000 347000000 0.0279140
ta3B 347000000 348000000 0.0213820
ta3B 348000000 349000000 0.1564050
ta3B 349000000 350000000 0.0719230
ta3B 350000000 351000000 0.0193850
ta3B 351000000 352000000 0.0150220
ta3B 352000000 353000000 0.0157980
ta3B 353000000 354000000 0.0234910
ta3B 354000000 355000000 0.0235920
ta3B 355000000 356000000 0.0464530
ta3B 356000000 357000000 0.0206510
ta3B 357000000 358000000 0.0215030
ta3B 358000000 359000000 0.2380400
ta3B 359000000 360000000 0.0199620
ta3B 360000000 361000000 0.0179660
ta3B 361000000 362000000 0.0181310
ta3B 362000000 363000000 0.0204600
ta3B 363000000 364000000 0.0200910
ta3B 364000000 365000000 0.0210360
ta3B 365000000 366000000 0.0193250
ta3B 366000000 367000000 0.1029590
ta3B 367000000 368000000 0.1153560
ta3B 368000000 369000000 0.0317650
ta3B 369000000 370000000 0.0753710
ta3B 370000000 371000000 0.0162160
ta3B 371000000 372000000 0.0240300
ta3B 372000000 373000000 0.0240860
ta3B 373000000 374000000 0.0254640
ta3B 374000000 375000000 0.0402950
ta3B 375000000 376000000 0.0243130
ta3B 376000000 377000000 0.0220220
ta3B 377000000 378000000 0.0179150
ta3B 378000000 379000000 0.0244840
ta3B 379000000 380000000 0.0213230
ta3B 380000000 381000000 0.0219400
ta3B 381000000 382000000 0.0388580
ta3B 382000000 383000000 0.0231630
ta3B 383000000 384000000 0.0230970
ta3B 384000000 385000000 0.2954850
ta3B 385000000 386000000 0.8801230
ta3B 386000000 387000000 0.0248800
ta3B 387000000 388000000 0.0177440
ta3B 388000000 389000000 0.0231960
ta3B 389000000 390000000 0.0308590
ta3B 390000000 391000000 0.0206510
ta3B 391000000 392000000 0.0211030
ta3B 392000000 393000000 0.0232760
ta3B 393000000 394000000 0.0207650
ta3B 394000000 395000000 0.0215680
ta3B 395000000 396000000 0.0168520
ta3B 396000000 397000000 0.7803050
ta3B 397000000 398000000 0.8404690
ta3B 398000000 399000000 0.0175390
ta3B 399000000 400000000 0.0308130
ta3B 400000000 401000000 0.0298970
ta3B 401000000 402000000 0.0232940
ta3B 402000000 403000000 0.0181190
ta3B 403000000 404000000 0.0205820
ta3B 404000000 405000000 0.0267520
ta3B 405000000 406000000 0.0208730
ta3B 406000000 407000000 0.0181110
ta3B 407000000 408000000 0.0308200
ta3B 408000000 409000000 0.0227340
ta3B 409000000 410000000 0.0456190
ta3B 410000000 411000000 0.0290800
ta3B 411000000 412000000 0.0267530
ta3B 412000000 413000000 0.0219750
ta3B 413000000 414000000 0.0188530
ta3B 414000000 415000000 0.0131580
ta3B 415000000 416000000 0.0213710
ta3B 416000000 417000000 0.0200610
ta3B 417000000 418000000 0.0212180
ta3B 418000000 419000000 0.0201970
ta3B 419000000 420000000 0.0268740
ta3B 420000000 421000000 0.0172130
ta3B 421000000 422000000 0.0212580
ta3B 422000000 423000000 0.0270020
ta3B 423000000 424000000 0.0262690
ta3B 424000000 425000000 0.0236260
ta3B 425000000 426000000 0.0189800
ta3B 426000000 427000000 0.0244790
ta3B 427000000 428000000 0.0282780
ta3B 428000000 429000000 0.0205440
ta3B 429000000 430000000 0.0226740
ta3B 430000000 431000000 0.0233530
ta3B 431000000 432000000 0.0548590
ta3B 432000000 433000000 0.0201280
ta3B 433000000 434000000 0.0176930
ta3B 434000000 435000000 0.0283910
ta3B 435000000 436000000 0.0256210
ta3B 436000000 437000000 0.0190260
ta3B 437000000 438000000 0.0211200
ta3B 438000000 439000000 0.0166100
ta3B 439000000 440000000 0.0220150
ta3B 440000000 441000000 0.0345870
ta3B 441000000 442000000 0.0249530
ta3B 442000000 443000000 0.0277760
ta3B 443000000 444000000 0.0205780
ta3B 444000000 445000000 0.0307830
ta3B 445000000 446000000 0.0278830
ta3B 446000000 447000000 0.0200970
ta3B 447000000 448000000 0.0248550
ta3B 448000000 449000000 0.0556780
ta3B 449000000 450000000 0.0187020
ta3B 450000000 451000000 0.0252530
ta3B 451000000 452000000 0.0337060
ta3B 452000000 453000000 0.0205040
ta3B 453000000 454000000 0.0219740
ta3B 454000000 455000000 0.0234150
ta3B 455000000 456000000 0.0237910
ta3B 456000000 457000000 0.0230230
ta3B 457000000 458000000 0.0277960
ta3B 458000000 459000000 0.0314290
ta3B 459000000 460000000 0.0230950
ta3B 460000000 461000000 0.0294400
ta3B 461000000 462000000 0.0237070
ta3B 462000000 463000000 0.0316750
ta3B 463000000 464000000 0.0249100
ta3B 464000000 465000000 0.0616680
ta3B 465000000 466000000 0.0254480
ta3B 466000000 467000000 0.0168960
ta3B 467000000 468000000 0.0192260
ta3B 468000000 469000000 0.0273820
ta3B 469000000 470000000 0.0274910
ta3B 470000000 471000000 0.0224840
ta3B 471000000 472000000 0.0202420
ta3B 472000000 473000000 0.0221680
ta3B 473000000 474000000 0.0218260
ta3B 474000000 475000000 0.0246510
ta3B 475000000 476000000 0.0324300
ta3B 476000000 477000000 0.0241300
ta3B 477000000 478000000 0.0266530
ta3B 478000000 479000000 0.0304910
ta3B 479000000 480000000 0.0374920
ta3B 480000000 481000000 0.0240190
ta3B 481000000 482000000 0.0284530
ta3B 482000000 483000000 0.0165930
ta3B 483000000 484000000 0.0238800
ta3B 484000000 485000000 0.0367900
ta3B 485000000 486000000 0.0138880
ta3B 486000000 487000000 0.0199320
ta3B 487000000 488000000 0.0228000
ta3B 488000000 489000000 0.0240890
ta3B 489000000 490000000 0.0259420
ta3B 490000000 491000000 0.0285530
ta3B 491000000 492000000 0.0298690
ta3B 492000000 493000000 0.0291830
ta3B 493000000 494000000 0.0239730
ta3B 494000000 495000000 0.0255690
ta3B 495000000 496000000 0.0203710
ta3B 496000000 497000000 0.0644660
ta3B 497000000 498000000 0.0186330
ta3B 498000000 499000000 0.0202530
ta3B 499000000 500000000 0.0225960
ta3B 500000000 501000000 0.0189240
ta3B 501000000 502000000 0.0217780
ta3B 502000000 503000000 0.0292130
ta3B 503000000 504000000 0.0192560
ta3B 504000000 505000000 0.0189950
ta3B 505000000 506000000 0.0234590
ta3B 506000000 507000000 0.0258160
ta3B 507000000 508000000 0.0286490
ta3B 508000000 509000000 0.0260850
ta3B 509000000 510000000 0.0204000
ta3B 510000000 511000000 0.0197560
ta3B 511000000 512000000 0.0196210
ta3B 512000000 513000000 0.0223850
ta3B 513000000 514000000 0.0249440
ta3B 514000000 515000000 0.0220960
ta3B 515000000 516000000 0.0227450
ta3B 516000000 517000000 0.0169020
ta3B 517000000 518000000 0.0215090
ta3B 518000000 519000000 0.0341420
ta3B 519000000 520000000 0.0174730
ta3B 520000000 521000000 0.0229890
ta3B 521000000 522000000 0.0294400
ta3B 522000000 523000000 0.0250900
ta3B 523000000 524000000 0.0214460
ta3B 524000000 525000000 0.0208200
ta3B 525000000 526000000 0.0229490
ta3B 526000000 527000000 0.0279540
ta3B 527000000 528000000 0.0234380
ta3B 528000000 529000000 0.0277260
ta3B 529000000 530000000 0.0280460
ta3B 530000000 531000000 0.0205500
ta3B 531000000 532000000 0.0207960
ta3B 532000000 533000000 0.0325590
ta3B 533000000 534000000 0.0811450
ta3B 534000000 535000000 0.0297060
ta3B 535000000 536000000 0.0251940
ta3B 536000000 537000000 0.0300690
ta3B 537000000 538000000 0.0166590
ta3B 538000000 539000000 0.0338110
ta3B 539000000 540000000 0.0254710
ta3B 540000000 541000000 0.0289220
ta3B 541000000 542000000 0.0232050
ta3B 542000000 543000000 0.0217410
ta3B 543000000 544000000 0.0185330
ta3B 544000000 545000000 0.0288730
ta3B 545000000 546000000 0.0235030
ta3B 546000000 547000000 0.0238550
ta3B 547000000 548000000 0.0322730
ta3B 548000000 549000000 0.0263920
ta3B 549000000 550000000 0.0268540
ta3B 550000000 551000000 0.0225780
ta3B 551000000 552000000 0.0258330
ta3B 552000000 553000000 0.0224390
ta3B 553000000 554000000 0.0196660
ta3B 554000000 555000000 0.0219360
ta3B 555000000 556000000 0.0244230
ta3B 556000000 557000000 0.0301160
ta3B 557000000 558000000 0.0258720
ta3B 558000000 559000000 0.0251430
ta3B 559000000 560000000 0.0275540
ta3B 560000000 561000000 0.0221570
ta3B 561000000 562000000 0.0236760
ta3B 562000000 563000000 0.0296260
ta3B 563000000 564000000 0.0373230
ta3B 564000000 565000000 0.0446210
ta3B 565000000 566000000 0.0292020
ta3B 566000000 567000000 0.0255150
ta3B 567000000 568000000 0.0226710
ta3B 568000000 569000000 0.0311160
ta3B 569000000 570000000 0.0337010
ta3B 570000000 571000000 0.0183470
ta3B 571000000 572000000 0.0286860
ta3B 572000000 573000000 0.0260910
ta3B 573000000 574000000 0.0201110
ta3B 574000000 575000000 0.0273070
ta3B 575000000 576000000 0.0400190
ta3B 576000000 577000000 0.0250050
ta3B 577000000 578000000 0.0169280
ta3B 578000000 579000000 0.0261930
ta3B 579000000 580000000 0.0187030
ta3B 580000000 581000000 0.0293630
ta3B 581000000 582000000 0.0331490
ta3B 582000000 583000000 0.0365860
ta3B 583000000 584000000 0.0285710
ta3B 584000000 585000000 0.0250010
ta3B 585000000 586000000 0.0204160
ta3B 586000000 587000000 0.0468930
ta3B 587000000 588000000 0.0309990
ta3B 588000000 589000000 0.0296160
ta3B 589000000 590000000 0.0312480
ta3B 590000000 591000000 0.0259960
ta3B 591000000 592000000 0.0199810
ta3B 592000000 593000000 0.0287000
ta3B 593000000 594000000 0.0279630
ta3B 594000000 595000000 0.0193880
ta3B 595000000 596000000 0.0253050
ta3B 596000000 597000000 0.0206200
ta3B 597000000 598000000 0.0206100
ta3B 598000000 599000000 0.0188080
ta3B 599000000 600000000 0.0193970
ta3B 600000000 601000000 0.2396950
ta3B 601000000 602000000 0.0260580
ta3B 602000000 603000000 0.0218830
ta3B 603000000 604000000 0.0200700
ta3B 604000000 605000000 0.0203500
ta3B 605000000 606000000 0.0171820
ta3B 606000000 607000000 0.0188050
ta3B 607000000 608000000 0.0248540
ta3B 608000000 609000000 0.0208860
ta3B 609000000 610000000 0.0223230
ta3B 610000000 611000000 0.0220950
ta3B 611000000 612000000 0.0277910
ta3B 612000000 613000000 0.0210110
ta3B 613000000 614000000 0.0280010
ta3B 614000000 615000000 0.0186820
ta3B 615000000 616000000 0.0327690
ta3B 616000000 617000000 0.0241730
ta3B 617000000 618000000 0.0421400
ta3B 618000000 619000000 0.0234150
ta3B 619000000 620000000 0.0228530
ta3B 620000000 621000000 0.0351330
ta3B 621000000 622000000 0.0339580
ta3B 622000000 623000000 0.0191590
ta3B 623000000 624000000 0.0279870
ta3B 624000000 625000000 0.0243470
ta3B 625000000 626000000 0.0233080
ta3B 626000000 627000000 0.0264540
ta3B 627000000 628000000 0.0259930
ta3B 628000000 629000000 0.0207520
ta3B 629000000 630000000 0.0227660
ta3B 630000000 631000000 0.0203820
ta3B 631000000 632000000 0.0186070
ta3B 632000000 633000000 0.0217160
ta3B 633000000 634000000 0.0202550
ta3B 634000000 635000000 0.0284320
ta3B 635000000 636000000 0.0214760
ta3B 636000000 637000000 0.0264240
ta3B 637000000 638000000 0.0194020
ta3B 638000000 639000000 0.0204000
ta3B 639000000 640000000 0.0167690
ta3B 640000000 641000000 0.0187210
ta3B 641000000 642000000 0.0191360
ta3B 642000000 643000000 0.0248680
ta3B 643000000 644000000 0.0153900
ta3B 644000000 645000000 0.0233320
ta3B 645000000 646000000 0.0261970
ta3B 646000000 647000000 0.0288420
ta3B 647000000 648000000 0.0215630
ta3B 648000000 649000000 0.0188310
ta3B 649000000 650000000 0.0453600
ta3B 650000000 651000000 0.1991030
ta3B 651000000 652000000 0.0250830
ta3B 652000000 653000000 0.0160200
ta3B 653000000 654000000 0.0265510
ta3B 654000000 655000000 0.0191500
ta3B 655000000 656000000 0.0225670
ta3B 656000000 657000000 0.0255350
ta3B 657000000 658000000 0.0227010
ta3B 658000000 659000000 0.0200590
ta3B 659000000 660000000 0.0313230
ta3B 660000000 661000000 0.0229680
ta3B 661000000 662000000 0.0185340
ta3B 662000000 663000000 0.0205600
ta3B 663000000 664000000 0.0288620
ta3B 664000000 665000000 0.0207060
ta3B 665000000 666000000 0.0237390
ta3B 666000000 667000000 0.0262570
ta3B 667000000 668000000 0.0262310
ta3B 668000000 669000000 0.0181240
ta3B 669000000 670000000 0.0189950
ta3B 670000000 671000000 0.0174040
ta3B 671000000 672000000 0.0198700
ta3B 672000000 673000000 0.0267410
ta3B 673000000 674000000 0.0188030
ta3B 674000000 675000000 0.0222020
ta3B 675000000 676000000 0.0296190
ta3B 676000000 677000000 0.0209510
ta3B 677000000 678000000 0.0252870
ta3B 678000000 679000000 0.0253680
ta3B 679000000 680000000 0.0303040
ta3B 680000000 681000000 0.0297700
ta3B 681000000 682000000 0.0123630
ta3B 682000000 683000000 0.0219310
ta3B 683000000 684000000 0.0238980
ta3B 684000000 685000000 0.0242860
ta3B 685000000 686000000 0.0313320
ta3B 686000000 687000000 0.0225630
ta3B 687000000 688000000 0.0179910
ta3B 688000000 689000000 0.0243530
ta3B 689000000 690000000 0.0273620
ta3B 690000000 691000000 0.0302000
ta3B 691000000 692000000 0.0241280
ta3B 692000000 693000000 0.0324690
ta3B 693000000 694000000 0.0256870
ta3B 694000000 695000000 0.0198390
ta3B 695000000 696000000 0.0322220
ta3B 696000000 697000000 0.0250790
ta3B 697000000 698000000 0.0294150
ta3B 698000000 699000000 0.0261330
ta3B 699000000 700000000 0.0215010
ta3B 700000000 701000000 0.0270140
ta3B 701000000 702000000 0.0232210
ta3B 702000000 703000000 0.0294740
ta3B 703000000 704000000 0.0351430
ta3B 704000000 705000000 0.0305610
ta3B 705000000 706000000 0.0240470
ta3B 706000000 707000000 0.0279280
ta3B 707000000 708000000 0.0284550
ta3B 708000000 709000000 0.0300670
ta3B 709000000 710000000 0.0246790
ta3B 710000000 711000000 0.0502710
ta3B 711000000 712000000 0.0257440
ta3B 712000000 713000000 0.0265140
ta3B 713000000 714000000 0.0223380
ta3B 714000000 715000000 0.0278730
ta3B 715000000 716000000 0.0273030
ta3B 716000000 717000000 0.0316520
ta3B 717000000 718000000 0.0382290
ta3B 718000000 719000000 0.0318400
ta3B 719000000 720000000 0.0241160
ta3B 720000000 721000000 0.0126810
ta3B 721000000 722000000 0.0204300
ta3B 722000000 723000000 0.0249050
ta3B 723000000 724000000 0.0232480
ta3B 724000000 725000000 0.0258680
ta3B 725000000 726000000 0.0315390
ta3B 726000000 727000000 0.0261020
ta3B 727000000 728000000 0.0252930
ta3B 728000000 729000000 0.0212010
ta3B 729000000 730000000 0.0252600
ta3B 730000000 731000000 0.0247650
ta3B 731000000 732000000 0.0275050
ta3B 732000000 733000000 0.0230930
ta3B 733000000 734000000 0.0350580
ta3B 734000000 735000000 0.0247030
ta3B 735000000 736000000 0.0341590
ta3B 736000000 737000000 0.1642830
ta3B 737000000 738000000 0.0285240
ta3B 738000000 739000000 0.0257300
ta3B 739000000 740000000 0.0240580
ta3B 740000000 741000000 0.0251900
ta3B 741000000 742000000 0.0249240
ta3B 742000000 743000000 0.0304150
ta3B 743000000 744000000 0.0247450
ta3B 744000000 745000000 0.0258920
ta3B 745000000 746000000 0.0136210
ta3B 746000000 747000000 0.0253100
ta3B 747000000 748000000 0.0277170
ta3B 748000000 749000000 0.0281590
ta3B 749000000 750000000 0.0333350
ta3B 750000000 751000000 0.0303210
ta3B 751000000 752000000 0.0343210
ta3B 752000000 753000000 0.0504550
ta3B 753000000 754000000 0.0341910
ta3B 754000000 755000000 0.0334500
ta3B 755000000 756000000 0.0333420
ta3B 756000000 757000000 0.0357960
ta3B 757000000 758000000 0.0339600
ta3B 758000000 759000000 0.0376020
ta3B 759000000 760000000 0.0383710
ta3B 760000000 761000000 0.0403360
ta3B 761000000 762000000 0.0426950
ta3B 762000000 763000000 0.0316460
ta3B 763000000 764000000 0.0442710
ta3B 764000000 765000000 0.0423140
ta3B 765000000 766000000 0.0365360
ta3B 766000000 767000000 0.0291510
ta3B 767000000 768000000 0.0522270
ta3B 768000000 769000000 0.1505030
ta3B 769000000 770000000 0.3926890
ta3B 770000000 771000000 0.0353240
ta3B 771000000 772000000 0.0371630
ta3B 772000000 773000000 0.0491510
ta3B 773000000 774000000 0.0737610
ta3B 774000000 775000000 0.0375020
ta3B 775000000 776000000 0.0441930
ta3B 776000000 777000000 0.0669890
ta3B 777000000 778000000 0.0220710
ta3B 778000000 779000000 0.0320300
ta3B 779000000 780000000 0.0348390
ta3B 780000000 781000000 0.0319130
ta3B 781000000 782000000 0.0353970
ta3B 782000000 783000000 0.0338220
ta3B 783000000 784000000 0.0448610
ta3B 784000000 785000000 0.0409410
ta3B 785000000 786000000 0.1802530
ta3B 786000000 787000000 0.0377100
ta3B 787000000 788000000 0.0411930
ta3B 788000000 789000000 0.0394270
ta3B 789000000 790000000 0.0363680
ta3B 790000000 791000000 0.0421510
ta3B 791000000 792000000 0.0546200
ta3B 792000000 793000000 0.0384600
ta3B 793000000 794000000 0.0388210
ta3B 794000000 795000000 0.0353970
ta3B 795000000 796000000 0.0332240
ta3B 796000000 797000000 0.3385300
ta3B 797000000 798000000 0.0338300
ta3B 798000000 799000000 0.0519140
ta3B 799000000 800000000 0.0396510
ta3B 800000000 801000000 0.0361840
ta3B 801000000 802000000 0.0610660
ta3B 802000000 803000000 0.0412550
ta3B 803000000 804000000 0.0311100
ta3B 804000000 805000000 0.0350990
ta3B 805000000 806000000 0.0384630
ta3B 806000000 807000000 0.0407830
ta3B 807000000 808000000 0.0304780
ta3B 808000000 809000000 0.0650590
ta3B 809000000 810000000 0.0357070
ta3B 810000000 811000000 0.0416320
ta3B 811000000 812000000 0.0531630
ta3B 812000000 813000000 0.0362200
ta3B 813000000 814000000 0.0346150
ta3B 814000000 815000000 0.0334730
ta3B 815000000 816000000 0.0314800
ta3B 816000000 817000000 0.0443600
ta3B 817000000 818000000 0.0732040
ta3B 818000000 819000000 0.0408360
ta3B 819000000 820000000 0.0294630
ta3B 820000000 821000000 0.0317380
ta3B 821000000 822000000 0.0297670
ta3B 822000000 823000000 0.0275350
ta3B 823000000 824000000 0.0295110
ta3B 824000000 825000000 0.0458000
ta3B 825000000 826000000 0.0447160
ta3B 826000000 827000000 0.0274150
ta3B 827000000 828000000 0.0276570
ta3B 828000000 829000000 0.0561240
ta3B 829000000 830000000 0.0584790
ta3B 830000000 831000000 0.0254420
ta3B 831000000 832000000 0.0333780
ta3B 832000000 833000000 0.0318910
ta3B 833000000 834000000 0.0380620
ta3B 834000000 835000000 0.0311000
ta3B 835000000 836000000 0.0299790
ta3B 836000000 837000000 0.0460540
ta3B 837000000 838000000 0.0398810
ta3B 838000000 839000000 0.0354480
ta3B 839000000 840000000 0.0363030
ta3B 840000000 841000000 0.0363790
ta3B 841000000 842000000 0.2404090
ta3B 842000000 843000000 0.4174680
ta3B 843000000 844000000 0.0310650
ta3B 844000000 845000000 0.0489190
ta3B 845000000 846000000 0.0544030
ta3B 846000000 847000000 0.0444780
ta3B 847000000 848000000 0.0356510
ta3B 848000000 849000000 0.0353840
ta3B 849000000 850000000 0.2027240
ta3B 850000000 851000000 0.0387820
ta3B 851000000 852000000 0.0360310
ta3B 852000000 853000000 0.0394760
ta3B 853000000 854000000 0.0198520
ta3B 854000000 855000000 0.0224950
ta3B 855000000 856000000 0.0316810
ta3B 856000000 857000000 0.0313450
ta3B 857000000 858000000 0.0266410
ta3B 858000000 858377832 0.0302939
ta3D 0 1000000 0.7555940
ta3D 1000000 2000000 0.3662210
ta3D 2000000 3000000 0.0388380
ta3D 3000000 4000000 0.0821880
ta3D 4000000 5000000 0.1563020
ta3D 5000000 6000000 0.0348260
ta3D 6000000 7000000 0.0321330
ta3D 7000000 8000000 0.0307380
ta3D 8000000 9000000 0.0515700
ta3D 9000000 10000000 0.0604250
ta3D 10000000 11000000 0.0314670
ta3D 11000000 12000000 0.0326700
ta3D 12000000 13000000 0.0368800
ta3D 13000000 14000000 0.0373060
ta3D 14000000 15000000 0.0489150
ta3D 15000000 16000000 0.0336160
ta3D 16000000 17000000 0.1115360
ta3D 17000000 18000000 0.0347150
ta3D 18000000 19000000 0.0408170
ta3D 19000000 20000000 0.1076760
ta3D 20000000 21000000 0.0376070
ta3D 21000000 22000000 0.0387200
ta3D 22000000 23000000 0.0416560
ta3D 23000000 24000000 0.0860220
ta3D 24000000 25000000 0.0446270
ta3D 25000000 26000000 0.1055950
ta3D 26000000 27000000 0.8855880
ta3D 27000000 28000000 0.8653170
ta3D 28000000 29000000 0.8379070
ta3D 29000000 30000000 0.8569320
ta3D 30000000 31000000 0.0459810
ta3D 31000000 32000000 0.0388470
ta3D 32000000 33000000 0.0395860
ta3D 33000000 34000000 0.0498510
ta3D 34000000 35000000 0.0437940
ta3D 35000000 36000000 0.0495560
ta3D 36000000 37000000 0.0398320
ta3D 37000000 38000000 0.0411420
ta3D 38000000 39000000 0.0319970
ta3D 39000000 40000000 0.0460430
ta3D 40000000 41000000 0.0329570
ta3D 41000000 42000000 0.0464700
ta3D 42000000 43000000 0.0277150
ta3D 43000000 44000000 0.0854760
ta3D 44000000 45000000 0.4681620
ta3D 45000000 46000000 1.0000000
ta3D 46000000 47000000 0.6463100
ta3D 47000000 48000000 1.0000000
ta3D 48000000 49000000 0.9970190
ta3D 49000000 50000000 1.0000000
ta3D 50000000 51000000 0.2763330
ta3D 51000000 52000000 0.0333980
ta3D 52000000 53000000 0.0654830
ta3D 53000000 54000000 0.0346150
ta3D 54000000 55000000 0.0332760
ta3D 55000000 56000000 0.0253250
ta3D 56000000 57000000 0.0330470
ta3D 57000000 58000000 0.0386580
ta3D 58000000 59000000 0.0290630
ta3D 59000000 60000000 0.0301410
ta3D 60000000 61000000 0.0391840
ta3D 61000000 62000000 0.0372350
ta3D 62000000 63000000 0.0322550
ta3D 63000000 64000000 0.3514850
ta3D 64000000 65000000 0.1949500
ta3D 65000000 66000000 0.0331840
ta3D 66000000 67000000 0.0281700
ta3D 67000000 68000000 0.0344220
ta3D 68000000 69000000 0.0284870
ta3D 69000000 70000000 0.0350550
ta3D 70000000 71000000 0.0347330
ta3D 71000000 72000000 0.0353760
ta3D 72000000 73000000 0.0315030
ta3D 73000000 74000000 0.8819050
ta3D 74000000 75000000 0.5008450
ta3D 75000000 76000000 0.0275240
ta3D 76000000 77000000 0.0579450
ta3D 77000000 78000000 0.1634120
ta3D 78000000 79000000 0.0278010
ta3D 79000000 80000000 0.0310600
ta3D 80000000 81000000 0.0217250
ta3D 81000000 82000000 0.0202650
ta3D 82000000 83000000 0.0407510
ta3D 83000000 84000000 0.0212820
ta3D 84000000 85000000 0.0221740
ta3D 85000000 86000000 0.0529930
ta3D 86000000 87000000 0.0277630
ta3D 87000000 88000000 0.0335790
ta3D 88000000 89000000 0.0273300
ta3D 89000000 90000000 0.0290410
ta3D 90000000 91000000 0.0248220
ta3D 91000000 92000000 0.0264040
ta3D 92000000 93000000 0.0265710
ta3D 93000000 94000000 0.0318620
ta3D 94000000 95000000 0.0474990
ta3D 95000000 96000000 0.4532990
ta3D 96000000 97000000 1.0000000
ta3D 97000000 98000000 0.8858920
ta3D 98000000 99000000 0.0357380
ta3D 99000000 100000000 0.1735600
ta3D 100000000 101000000 0.0327430
ta3D 101000000 102000000 0.0331290
ta3D 102000000 103000000 0.0355950
ta3D 103000000 104000000 0.0356230
ta3D 104000000 105000000 0.0343250
ta3D 105000000 106000000 0.0350840
ta3D 106000000 107000000 0.0288180
ta3D 107000000 108000000 0.0567060
ta3D 108000000 109000000 0.0243180
ta3D 109000000 110000000 0.0261760
ta3D 110000000 111000000 0.0318870
ta3D 111000000 112000000 0.0924460
ta3D 112000000 113000000 0.0321910
ta3D 113000000 114000000 0.0351470
ta3D 114000000 115000000 0.0241450
ta3D 115000000 116000000 0.2422910
ta3D 116000000 117000000 0.0341010
ta3D 117000000 118000000 0.0269480
ta3D 118000000 119000000 0.0308450
ta3D 119000000 120000000 0.0273030
ta3D 120000000 121000000 0.0373070
ta3D 121000000 122000000 0.0290980
ta3D 122000000 123000000 0.0316180
ta3D 123000000 124000000 0.0213700
ta3D 124000000 125000000 0.0321250
ta3D 125000000 126000000 0.0394990
ta3D 126000000 127000000 0.0302040
ta3D 127000000 128000000 0.0298690
ta3D 128000000 129000000 0.0375650
ta3D 129000000 130000000 0.0252890
ta3D 130000000 131000000 0.0363180
ta3D 131000000 132000000 0.0278330
ta3D 132000000 133000000 0.0280260
ta3D 133000000 134000000 0.0303670
ta3D 134000000 135000000 0.0197030
ta3D 135000000 136000000 0.0294470
ta3D 136000000 137000000 0.0338000
ta3D 137000000 138000000 0.0293810
ta3D 138000000 139000000 0.0249010
ta3D 139000000 140000000 0.0257860
ta3D 140000000 141000000 0.0396590
ta3D 141000000 142000000 0.0216190
ta3D 142000000 143000000 0.0307970
ta3D 143000000 144000000 0.0199790
ta3D 144000000 145000000 0.0252550
ta3D 145000000 146000000 0.0280900
ta3D 146000000 147000000 0.0280080
ta3D 147000000 148000000 0.0231290
ta3D 148000000 149000000 0.0250550
ta3D 149000000 150000000 0.0265230
ta3D 150000000 151000000 0.0458370
ta3D 151000000 152000000 0.1425130
ta3D 152000000 153000000 0.2291650
ta3D 153000000 154000000 0.0284790
ta3D 154000000 155000000 0.0474270
ta3D 155000000 156000000 0.0172150
ta3D 156000000 157000000 0.0311340
ta3D 157000000 158000000 0.0254220
ta3D 158000000 159000000 0.0222310
ta3D 159000000 160000000 0.0260800
ta3D 160000000 161000000 0.0255760
ta3D 161000000 162000000 0.0312040
ta3D 162000000 163000000 0.0277260
ta3D 163000000 164000000 0.0300220
ta3D 164000000 165000000 0.2262730
ta3D 165000000 166000000 0.0226110
ta3D 166000000 167000000 0.0277740
ta3D 167000000 168000000 0.0200820
ta3D 168000000 169000000 0.0247530
ta3D 169000000 170000000 0.0279170
ta3D 170000000 171000000 0.0263280
ta3D 171000000 172000000 0.0242600
ta3D 172000000 173000000 0.0238140
ta3D 173000000 174000000 0.0255090
ta3D 174000000 175000000 0.0371550
ta3D 175000000 176000000 0.0333730
ta3D 176000000 177000000 0.0342990
ta3D 177000000 178000000 0.0248320
ta3D 178000000 179000000 0.0253400
ta3D 179000000 180000000 0.0296830
ta3D 180000000 181000000 0.0282540
ta3D 181000000 182000000 0.0218310
ta3D 182000000 183000000 0.0224050
ta3D 183000000 184000000 0.0219150
ta3D 184000000 185000000 0.0220470
ta3D 185000000 186000000 0.0274280
ta3D 186000000 187000000 0.1929800
ta3D 187000000 188000000 0.5620920
ta3D 188000000 189000000 0.0294610
ta3D 189000000 190000000 0.0274610
ta3D 190000000 191000000 0.0188740
ta3D 191000000 192000000 0.0285530
ta3D 192000000 193000000 0.0319540
ta3D 193000000 194000000 0.0238900
ta3D 194000000 195000000 0.0210010
ta3D 195000000 196000000 0.0192570
ta3D 196000000 197000000 0.0316530
ta3D 197000000 198000000 0.0239940
ta3D 198000000 199000000 0.0303600
ta3D 199000000 200000000 0.0213090
ta3D 200000000 201000000 0.0264830
ta3D 201000000 202000000 0.0223170
ta3D 202000000 203000000 0.0277480
ta3D 203000000 204000000 0.0196700
ta3D 204000000 205000000 0.0281840
ta3D 205000000 206000000 0.0233430
ta3D 206000000 207000000 0.0273900
ta3D 207000000 208000000 0.0221900
ta3D 208000000 209000000 0.0235060
ta3D 209000000 210000000 0.0256030
ta3D 210000000 211000000 0.0202870
ta3D 211000000 212000000 0.0261260
ta3D 212000000 213000000 0.0187280
ta3D 213000000 214000000 0.0186350
ta3D 214000000 215000000 0.0184230
ta3D 215000000 216000000 0.0310670
ta3D 216000000 217000000 0.0283510
ta3D 217000000 218000000 0.0215940
ta3D 218000000 219000000 0.0284010
ta3D 219000000 220000000 0.0286160
ta3D 220000000 221000000 0.0264390
ta3D 221000000 222000000 0.3563630
ta3D 222000000 223000000 0.0255400
ta3D 223000000 224000000 0.0316010
ta3D 224000000 225000000 0.0258080
ta3D 225000000 226000000 0.0272400
ta3D 226000000 227000000 0.0244710
ta3D 227000000 228000000 0.0240940
ta3D 228000000 229000000 0.0296080
ta3D 229000000 230000000 0.0213530
ta3D 230000000 231000000 0.0237870
ta3D 231000000 232000000 0.0216030
ta3D 232000000 233000000 0.0229290
ta3D 233000000 234000000 0.0214640
ta3D 234000000 235000000 0.0194980
ta3D 235000000 236000000 0.0230450
ta3D 236000000 237000000 0.0201830
ta3D 237000000 238000000 0.0209470
ta3D 238000000 239000000 0.0332920
ta3D 239000000 240000000 0.0223990
ta3D 240000000 241000000 0.0240990
ta3D 241000000 242000000 0.0283560
ta3D 242000000 243000000 0.0243030
ta3D 243000000 244000000 0.0224470
ta3D 244000000 245000000 0.0386890
ta3D 245000000 246000000 0.0209620
ta3D 246000000 247000000 0.0260980
ta3D 247000000 248000000 0.0210470
ta3D 248000000 249000000 0.0187950
ta3D 249000000 250000000 0.0234350
ta3D 250000000 251000000 0.0262010
ta3D 251000000 252000000 0.0200890
ta3D 252000000 253000000 0.0190400
ta3D 253000000 254000000 0.0225690
ta3D 254000000 255000000 0.2088420
ta3D 255000000 256000000 0.0217810
ta3D 256000000 257000000 0.0263020
ta3D 257000000 258000000 0.0255670
ta3D 258000000 259000000 0.0167640
ta3D 259000000 260000000 0.0266710
ta3D 260000000 261000000 0.0275970
ta3D 261000000 262000000 0.0271730
ta3D 262000000 263000000 0.0259610
ta3D 263000000 264000000 0.0255710
ta3D 264000000 265000000 0.0207000
ta3D 265000000 266000000 0.0296000
ta3D 266000000 267000000 0.0224100
ta3D 267000000 268000000 0.0190670
ta3D 268000000 269000000 0.0176790
ta3D 269000000 270000000 0.0709140
ta3D 270000000 271000000 0.0558290
ta3D 271000000 272000000 0.0235890
ta3D 272000000 273000000 0.0214050
ta3D 273000000 274000000 0.0194960
ta3D 274000000 275000000 0.0325280
ta3D 275000000 276000000 0.0279020
ta3D 276000000 277000000 0.0202530
ta3D 277000000 278000000 0.0264420
ta3D 278000000 279000000 0.0196490
ta3D 279000000 280000000 0.0401660
ta3D 280000000 281000000 0.0322190
ta3D 281000000 282000000 0.0258460
ta3D 282000000 283000000 0.0161380
ta3D 283000000 284000000 0.0264550
ta3D 284000000 285000000 0.0264370
ta3D 285000000 286000000 0.0208110
ta3D 286000000 287000000 0.0218800
ta3D 287000000 288000000 0.0219930
ta3D 288000000 289000000 0.0261310
ta3D 289000000 290000000 0.0198220
ta3D 290000000 291000000 0.0272350
ta3D 291000000 292000000 0.0238590
ta3D 292000000 293000000 0.0242880
ta3D 293000000 294000000 0.0224770
ta3D 294000000 295000000 0.0289680
ta3D 295000000 296000000 0.0321510
ta3D 296000000 297000000 0.0214950
ta3D 297000000 298000000 0.0222950
ta3D 298000000 299000000 0.0280030
ta3D 299000000 300000000 0.0196350
ta3D 300000000 301000000 0.0228260
ta3D 301000000 302000000 0.0231890
ta3D 302000000 303000000 0.0286620
ta3D 303000000 304000000 0.0204610
ta3D 304000000 305000000 0.0270800
ta3D 305000000 306000000 0.0253160
ta3D 306000000 307000000 0.0306340
ta3D 307000000 308000000 0.0288630
ta3D 308000000 309000000 0.0158930
ta3D 309000000 310000000 0.0313310
ta3D 310000000 311000000 0.0204800
ta3D 311000000 312000000 0.0284810
ta3D 312000000 313000000 0.0217260
ta3D 313000000 314000000 0.0295110
ta3D 314000000 315000000 0.0317880
ta3D 315000000 316000000 0.0302370
ta3D 316000000 317000000 0.0234090
ta3D 317000000 318000000 0.0191500
ta3D 318000000 319000000 0.0254780
ta3D 319000000 320000000 0.0290340
ta3D 320000000 321000000 0.0194910
ta3D 321000000 322000000 0.0190740
ta3D 322000000 323000000 0.0212630
ta3D 323000000 324000000 0.0217930
ta3D 324000000 325000000 0.0186340
ta3D 325000000 326000000 0.0279570
ta3D 326000000 327000000 0.0162690
ta3D 327000000 328000000 0.0308140
ta3D 328000000 329000000 0.0264970
ta3D 329000000 330000000 0.0282660
ta3D 330000000 331000000 0.0322050
ta3D 331000000 332000000 0.0215620
ta3D 332000000 333000000 0.0205320
ta3D 333000000 334000000 0.0141480
ta3D 334000000 335000000 0.0373160
ta3D 335000000 336000000 0.0173370
ta3D 336000000 337000000 0.0275330
ta3D 337000000 338000000 0.0206030
ta3D 338000000 339000000 0.0238550
ta3D 339000000 340000000 0.0230660
ta3D 340000000 341000000 0.0229740
ta3D 341000000 342000000 0.0288640
ta3D 342000000 343000000 0.0240210
ta3D 343000000 344000000 0.0345260
ta3D 344000000 345000000 0.0199710
ta3D 345000000 346000000 0.0299400
ta3D 346000000 347000000 0.0211950
ta3D 347000000 348000000 0.0243840
ta3D 348000000 349000000 0.0283510
ta3D 349000000 350000000 0.0227100
ta3D 350000000 351000000 0.0277990
ta3D 351000000 352000000 0.0254080
ta3D 352000000 353000000 0.0228900
ta3D 353000000 354000000 0.0256720
ta3D 354000000 355000000 0.0287040
ta3D 355000000 356000000 0.0288940
ta3D 356000000 357000000 0.0241940
ta3D 357000000 358000000 0.0250820
ta3D 358000000 359000000 0.0232350
ta3D 359000000 360000000 0.0230950
ta3D 360000000 361000000 0.0276280
ta3D 361000000 362000000 0.0252580
ta3D 362000000 363000000 0.0196630
ta3D 363000000 364000000 0.0207800
ta3D 364000000 365000000 0.0213470
ta3D 365000000 366000000 0.0259700
ta3D 366000000 367000000 0.0248180
ta3D 367000000 368000000 0.0209430
ta3D 368000000 369000000 0.0251420
ta3D 369000000 370000000 0.0271360
ta3D 370000000 371000000 0.0276620
ta3D 371000000 372000000 0.0264560
ta3D 372000000 373000000 0.0227230
ta3D 373000000 374000000 0.0331240
ta3D 374000000 375000000 0.0267210
ta3D 375000000 376000000 0.0255400
ta3D 376000000 377000000 0.0353420
ta3D 377000000 378000000 0.0244790
ta3D 378000000 379000000 0.0300250
ta3D 379000000 380000000 0.0295240
ta3D 380000000 381000000 0.0259340
ta3D 381000000 382000000 0.0288630
ta3D 382000000 383000000 0.0290420
ta3D 383000000 384000000 0.0212780
ta3D 384000000 385000000 0.0266190
ta3D 385000000 386000000 0.0236120
ta3D 386000000 387000000 0.0257940
ta3D 387000000 388000000 0.0229320
ta3D 388000000 389000000 0.0254150
ta3D 389000000 390000000 0.0416690
ta3D 390000000 391000000 0.0212970
ta3D 391000000 392000000 0.0254540
ta3D 392000000 393000000 0.0349260
ta3D 393000000 394000000 0.0308200
ta3D 394000000 395000000 0.0274970
ta3D 395000000 396000000 0.0208850
ta3D 396000000 397000000 0.0220170
ta3D 397000000 398000000 0.0187620
ta3D 398000000 399000000 0.0238390
ta3D 399000000 400000000 0.0234840
ta3D 400000000 401000000 0.0210380
ta3D 401000000 402000000 0.0244170
ta3D 402000000 403000000 0.0214130
ta3D 403000000 404000000 0.0298870
ta3D 404000000 405000000 0.0281950
ta3D 405000000 406000000 0.0390980
ta3D 406000000 407000000 0.0290110
ta3D 407000000 408000000 0.0330010
ta3D 408000000 409000000 0.0212030
ta3D 409000000 410000000 0.0333350
ta3D 410000000 411000000 0.0369330
ta3D 411000000 412000000 0.0301220
ta3D 412000000 413000000 0.0190660
ta3D 413000000 414000000 0.0236370
ta3D 414000000 415000000 0.0283800
ta3D 415000000 416000000 0.0216130
ta3D 416000000 417000000 0.0262600
ta3D 417000000 418000000 0.0278940
ta3D 418000000 419000000 0.0317190
ta3D 419000000 420000000 0.0183270
ta3D 420000000 421000000 0.0318950
ta3D 421000000 422000000 0.0308130
ta3D 422000000 423000000 0.0253110
ta3D 423000000 424000000 0.0235150
ta3D 424000000 425000000 0.0250530
ta3D 425000000 426000000 0.0264250
ta3D 426000000 427000000 0.0285900
ta3D 427000000 428000000 0.0233500
ta3D 428000000 429000000 0.0446320
ta3D 429000000 430000000 0.0270750
ta3D 430000000 431000000 0.0352160
ta3D 431000000 432000000 0.0245780
ta3D 432000000 433000000 0.0195860
ta3D 433000000 434000000 0.0324280
ta3D 434000000 435000000 0.0278460
ta3D 435000000 436000000 0.0263510
ta3D 436000000 437000000 0.0245400
ta3D 437000000 438000000 0.0239070
ta3D 438000000 439000000 0.0329310
ta3D 439000000 440000000 0.0218550
ta3D 440000000 441000000 0.0311480
ta3D 441000000 442000000 0.0272380
ta3D 442000000 443000000 0.0285110
ta3D 443000000 444000000 0.0321780
ta3D 444000000 445000000 0.0261800
ta3D 445000000 446000000 0.0287770
ta3D 446000000 447000000 0.0339180
ta3D 447000000 448000000 0.0293600
ta3D 448000000 449000000 0.0238870
ta3D 449000000 450000000 0.0297210
ta3D 450000000 451000000 0.0288660
ta3D 451000000 452000000 0.0263030
ta3D 452000000 453000000 0.0278130
ta3D 453000000 454000000 0.0231990
ta3D 454000000 455000000 0.0326370
ta3D 455000000 456000000 0.0302460
ta3D 456000000 457000000 0.0306250
ta3D 457000000 458000000 0.0398690
ta3D 458000000 459000000 0.0299150
ta3D 459000000 460000000 0.0236880
ta3D 460000000 461000000 0.0159250
ta3D 461000000 462000000 0.0262760
ta3D 462000000 463000000 0.0389290
ta3D 463000000 464000000 0.0258720
ta3D 464000000 465000000 0.0309140
ta3D 465000000 466000000 0.0329400
ta3D 466000000 467000000 0.0328740
ta3D 467000000 468000000 0.0197250
ta3D 468000000 469000000 0.0292740
ta3D 469000000 470000000 0.0177610
ta3D 470000000 471000000 0.0333570
ta3D 471000000 472000000 0.0318610
ta3D 472000000 473000000 0.0317190
ta3D 473000000 474000000 0.0186570
ta3D 474000000 475000000 0.0296560
ta3D 475000000 476000000 0.0198380
ta3D 476000000 477000000 0.0291180
ta3D 477000000 478000000 0.0288180
ta3D 478000000 479000000 0.0264530
ta3D 479000000 480000000 0.0225510
ta3D 480000000 481000000 0.0197650
ta3D 481000000 482000000 0.0273940
ta3D 482000000 483000000 0.0330050
ta3D 483000000 484000000 0.0243600
ta3D 484000000 485000000 0.0319380
ta3D 485000000 486000000 0.0223950
ta3D 486000000 487000000 0.0234620
ta3D 487000000 488000000 0.0203660
ta3D 488000000 489000000 0.0302330
ta3D 489000000 490000000 0.0240920
ta3D 490000000 491000000 0.0302920
ta3D 491000000 492000000 0.0209030
ta3D 492000000 493000000 0.0322010
ta3D 493000000 494000000 0.0554230
ta3D 494000000 495000000 0.0246780
ta3D 495000000 496000000 0.0242510
ta3D 496000000 497000000 0.0334310
ta3D 497000000 498000000 0.0300850
ta3D 498000000 499000000 0.0369590
ta3D 499000000 500000000 0.0357570
ta3D 500000000 501000000 0.0283910
ta3D 501000000 502000000 0.0212740
ta3D 502000000 503000000 0.0359160
ta3D 503000000 504000000 0.0327430
ta3D 504000000 505000000 0.0293090
ta3D 505000000 506000000 0.0288060
ta3D 506000000 507000000 0.0293410
ta3D 507000000 508000000 0.0427070
ta3D 508000000 509000000 0.0223410
ta3D 509000000 510000000 0.0307570
ta3D 510000000 511000000 0.0278190
ta3D 511000000 512000000 0.0236950
ta3D 512000000 513000000 0.0229070
ta3D 513000000 514000000 0.0319530
ta3D 514000000 515000000 0.0327130
ta3D 515000000 516000000 0.0306300
ta3D 516000000 517000000 0.0577590
ta3D 517000000 518000000 0.0366140
ta3D 518000000 519000000 0.5049540
ta3D 519000000 520000000 0.0313530
ta3D 520000000 521000000 0.0267160
ta3D 521000000 522000000 0.0248670
ta3D 522000000 523000000 0.0284170
ta3D 523000000 524000000 0.0238820
ta3D 524000000 525000000 0.0345060
ta3D 525000000 526000000 0.0333350
ta3D 526000000 527000000 0.0270490
ta3D 527000000 528000000 0.0231840
ta3D 528000000 529000000 0.0309260
ta3D 529000000 530000000 0.0281320
ta3D 530000000 531000000 0.0318220
ta3D 531000000 532000000 0.0254680
ta3D 532000000 533000000 0.0290810
ta3D 533000000 534000000 0.0299580
ta3D 534000000 535000000 0.0308820
ta3D 535000000 536000000 0.0291480
ta3D 536000000 537000000 0.0281170
ta3D 537000000 538000000 0.0317380
ta3D 538000000 539000000 0.0308080
ta3D 539000000 540000000 0.0296160
ta3D 540000000 541000000 0.0264160
ta3D 541000000 542000000 0.0297980
ta3D 542000000 543000000 0.0327740
ta3D 543000000 544000000 0.0318020
ta3D 544000000 545000000 0.0481510
ta3D 545000000 546000000 0.0736430
ta3D 546000000 547000000 0.0381530
ta3D 547000000 548000000 0.0265620
ta3D 548000000 549000000 0.0270290
ta3D 549000000 550000000 0.0338920
ta3D 550000000 551000000 0.0231060
ta3D 551000000 552000000 0.0260370
ta3D 552000000 553000000 0.0299510
ta3D 553000000 554000000 0.0245310
ta3D 554000000 555000000 0.0314520
ta3D 555000000 556000000 0.0280230
ta3D 556000000 557000000 0.0243160
ta3D 557000000 558000000 0.0382600
ta3D 558000000 559000000 0.0369850
ta3D 559000000 560000000 0.0366290
ta3D 560000000 561000000 0.0330970
ta3D 561000000 562000000 0.0297870
ta3D 562000000 563000000 0.0389960
ta3D 563000000 564000000 0.0469690
ta3D 564000000 565000000 0.0343030
ta3D 565000000 566000000 0.0319360
ta3D 566000000 567000000 0.0316040
ta3D 567000000 568000000 0.0290580
ta3D 568000000 569000000 0.0332030
ta3D 569000000 570000000 0.0351620
ta3D 570000000 571000000 0.0286700
ta3D 571000000 572000000 0.0287150
ta3D 572000000 573000000 0.0325030
ta3D 573000000 574000000 0.0303960
ta3D 574000000 575000000 0.0419900
ta3D 575000000 576000000 0.0334630
ta3D 576000000 577000000 0.0333790
ta3D 577000000 578000000 0.0498560
ta3D 578000000 579000000 0.0508250
ta3D 579000000 580000000 0.0500690
ta3D 580000000 581000000 0.0353930
ta3D 581000000 582000000 0.0261900
ta3D 582000000 583000000 0.0332960
ta3D 583000000 584000000 0.0462310
ta3D 584000000 585000000 0.0360080
ta3D 585000000 586000000 0.0392510
ta3D 586000000 587000000 0.2110430
ta3D 587000000 588000000 0.7662940
ta3D 588000000 589000000 0.0389350
ta3D 589000000 590000000 0.0404850
ta3D 590000000 591000000 0.0440890
ta3D 591000000 592000000 0.0429720
ta3D 592000000 593000000 0.0919160
ta3D 593000000 594000000 0.0387490
ta3D 594000000 595000000 0.0371030
ta3D 595000000 596000000 0.0502300
ta3D 596000000 597000000 0.0438230
ta3D 597000000 598000000 0.0448420
ta3D 598000000 599000000 0.0381230
ta3D 599000000 600000000 0.0482100
ta3D 600000000 601000000 0.0485630
ta3D 601000000 602000000 0.0318850
ta3D 602000000 603000000 0.0442840
ta3D 603000000 604000000 0.0392760
ta3D 604000000 605000000 0.0421700
ta3D 605000000 606000000 0.0493450
ta3D 606000000 607000000 0.0384290
ta3D 607000000 608000000 0.0637020
ta3D 608000000 609000000 0.0459160
ta3D 609000000 610000000 0.0311020
ta3D 610000000 611000000 0.0277980
ta3D 611000000 612000000 0.0443740
ta3D 612000000 613000000 0.0565620
ta3D 613000000 614000000 0.0457620
ta3D 614000000 615000000 0.0556350
ta3D 615000000 616000000 0.0489210
ta3D 616000000 617000000 0.0404420
ta3D 617000000 618000000 0.2680170
ta3D 618000000 619000000 0.0364710
ta3D 619000000 620000000 0.0343870
ta3D 620000000 621000000 0.0538380
ta3D 621000000 622000000 0.1042590
ta3D 622000000 623000000 0.1138590
ta3D 623000000 624000000 0.0485340
ta3D 624000000 625000000 0.0346430
ta3D 625000000 626000000 0.0418900
ta3D 626000000 627000000 0.0369930
ta3D 627000000 628000000 0.1108710
ta3D 628000000 629000000 0.0979530
ta3D 629000000 630000000 0.0355300
ta3D 630000000 631000000 0.0433620
ta3D 631000000 632000000 0.0317620
ta3D 632000000 633000000 0.0440320
ta3D 633000000 634000000 0.0390840
ta3D 634000000 635000000 0.0431730
ta3D 635000000 636000000 0.0335610
ta3D 636000000 637000000 0.1045950
ta3D 637000000 638000000 0.6229330
ta3D 638000000 639000000 0.0361250
ta3D 639000000 640000000 0.0291390
ta3D 640000000 641000000 0.0293800
ta3D 641000000 641972620 0.0423022
ta4A 0 1000000 0.0170900
ta4A 1000000 2000000 0.0198100
ta4A 2000000 3000000 0.0231000
ta4A 3000000 4000000 0.0259160
ta4A 4000000 5000000 0.0240640
ta4A 5000000 6000000 0.0248250
ta4A 6000000 7000000 0.0176370
ta4A 7000000 8000000 0.0218580
ta4A 8000000 9000000 0.0268790
ta4A 9000000 10000000 0.0190680
ta4A 10000000 11000000 0.0221280
ta4A 11000000 12000000 0.1176250
ta4A 12000000 13000000 0.0338290
ta4A 13000000 14000000 0.0223590
ta4A 14000000 15000000 0.0197860
ta4A 15000000 16000000 0.0243230
ta4A 16000000 17000000 0.0223510
ta4A 17000000 18000000 0.0279250
ta4A 18000000 19000000 0.0273220
ta4A 19000000 20000000 0.0248730
ta4A 20000000 21000000 0.0209950
ta4A 21000000 22000000 0.0235310
ta4A 22000000 23000000 0.0245100
ta4A 23000000 24000000 0.0234870
ta4A 24000000 25000000 0.0278640
ta4A 25000000 26000000 0.0214740
ta4A 26000000 27000000 0.0219840
ta4A 27000000 28000000 0.0193820
ta4A 28000000 29000000 0.0204650
ta4A 29000000 30000000 0.0309640
ta4A 30000000 31000000 0.0242110
ta4A 31000000 32000000 0.0251950
ta4A 32000000 33000000 0.0230370
ta4A 33000000 34000000 0.0204430
ta4A 34000000 35000000 0.0224920
ta4A 35000000 36000000 0.0178710
ta4A 36000000 37000000 0.0252020
ta4A 37000000 38000000 0.0220410
ta4A 38000000 39000000 0.0177740
ta4A 39000000 40000000 0.0223130
ta4A 40000000 41000000 0.0139760
ta4A 41000000 42000000 0.0256950
ta4A 42000000 43000000 0.0185490
ta4A 43000000 44000000 0.0287250
ta4A 44000000 45000000 0.0229160
ta4A 45000000 46000000 0.0282320
ta4A 46000000 47000000 0.0169020
ta4A 47000000 48000000 0.0233310
ta4A 48000000 49000000 0.0259340
ta4A 49000000 50000000 0.0221640
ta4A 50000000 51000000 0.0276720
ta4A 51000000 52000000 0.0339160
ta4A 52000000 53000000 0.0332270
ta4A 53000000 54000000 0.0240080
ta4A 54000000 55000000 0.0278620
ta4A 55000000 56000000 0.0237020
ta4A 56000000 57000000 0.0261180
ta4A 57000000 58000000 0.0209360
ta4A 58000000 59000000 0.0225990
ta4A 59000000 60000000 0.0219540
ta4A 60000000 61000000 0.0126270
ta4A 61000000 62000000 0.0226840
ta4A 62000000 63000000 0.0219510
ta4A 63000000 64000000 0.0155940
ta4A 64000000 65000000 0.0153160
ta4A 65000000 66000000 0.0221120
ta4A 66000000 67000000 0.0199630
ta4A 67000000 68000000 0.0186910
ta4A 68000000 69000000 0.0162880
ta4A 69000000 70000000 0.0255020
ta4A 70000000 71000000 0.0265820
ta4A 71000000 72000000 0.0181720
ta4A 72000000 73000000 0.0170250
ta4A 73000000 74000000 0.0212870
ta4A 74000000 75000000 0.0188700
ta4A 75000000 76000000 0.0233360
ta4A 76000000 77000000 0.0148790
ta4A 77000000 78000000 0.0255290
ta4A 78000000 79000000 0.0188510
ta4A 79000000 80000000 0.0251860
ta4A 80000000 81000000 0.0181430
ta4A 81000000 82000000 0.0167720
ta4A 82000000 83000000 0.0174550
ta4A 83000000 84000000 0.0238580
ta4A 84000000 85000000 0.0213690
ta4A 85000000 86000000 0.0158350
ta4A 86000000 87000000 0.0158630
ta4A 87000000 88000000 0.0145750
ta4A 88000000 89000000 0.0205420
ta4A 89000000 90000000 0.0141820
ta4A 90000000 91000000 0.0197920
ta4A 91000000 92000000 0.0176550
ta4A 92000000 93000000 0.0266420
ta4A 93000000 94000000 0.0151060
ta4A 94000000 95000000 0.0347660
ta4A 95000000 96000000 0.0244240
ta4A 96000000 97000000 0.0239620
ta4A 97000000 98000000 0.0212550
ta4A 98000000 99000000 0.0220790
ta4A 99000000 100000000 0.0243200
ta4A 100000000 101000000 0.0202210
ta4A 101000000 102000000 0.0130990
ta4A 102000000 103000000 0.0151820
ta4A 103000000 104000000 0.0160980
ta4A 104000000 105000000 0.0114310
ta4A 105000000 106000000 0.0153930
ta4A 106000000 107000000 0.0188730
ta4A 107000000 108000000 0.0271290
ta4A 108000000 109000000 0.0223740
ta4A 109000000 110000000 0.0131400
ta4A 110000000 111000000 0.0164650
ta4A 111000000 112000000 0.0190060
ta4A 112000000 113000000 0.0230950
ta4A 113000000 114000000 0.0177930
ta4A 114000000 115000000 0.0195160
ta4A 115000000 116000000 0.0205940
ta4A 116000000 117000000 0.0206610
ta4A 117000000 118000000 0.0232160
ta4A 118000000 119000000 0.0227050
ta4A 119000000 120000000 0.0199350
ta4A 120000000 121000000 0.0186040
ta4A 121000000 122000000 0.0292470
ta4A 122000000 123000000 0.0210890
ta4A 123000000 124000000 0.0243290
ta4A 124000000 125000000 0.0177020
ta4A 125000000 126000000 0.0148860
ta4A 126000000 127000000 0.0313310
ta4A 127000000 128000000 0.0224200
ta4A 128000000 129000000 0.0311090
ta4A 129000000 130000000 0.0318730
ta4A 130000000 131000000 0.0324190
ta4A 131000000 132000000 0.0205140
ta4A 132000000 133000000 0.0231690
ta4A 133000000 134000000 0.0236630
ta4A 134000000 135000000 0.0197240
ta4A 135000000 136000000 0.0199590
ta4A 136000000 137000000 0.0150990
ta4A 137000000 138000000 0.0215840
ta4A 138000000 139000000 0.0217060
ta4A 139000000 140000000 0.0169560
ta4A 140000000 141000000 0.0218590
ta4A 141000000 142000000 0.0206470
ta4A 142000000 143000000 0.0191290
ta4A 143000000 144000000 0.0216330
ta4A 144000000 145000000 0.0262840
ta4A 145000000 146000000 0.0245210
ta4A 146000000 147000000 0.0162410
ta4A 147000000 148000000 0.0257870
ta4A 148000000 149000000 0.0231570
ta4A 149000000 150000000 0.0193040
ta4A 150000000 151000000 0.0256360
ta4A 151000000 152000000 0.0204980
ta4A 152000000 153000000 0.0247880
ta4A 153000000 154000000 0.0275780
ta4A 154000000 155000000 0.0189590
ta4A 155000000 156000000 0.0232950
ta4A 156000000 157000000 0.0151550
ta4A 157000000 158000000 0.0205890
ta4A 158000000 159000000 0.0203220
ta4A 159000000 160000000 0.0146050
ta4A 160000000 161000000 0.0357330
ta4A 161000000 162000000 0.0167990
ta4A 162000000 163000000 0.0140860
ta4A 163000000 164000000 0.0176970
ta4A 164000000 165000000 0.0204620
ta4A 165000000 166000000 0.0234320
ta4A 166000000 167000000 0.0176510
ta4A 167000000 168000000 0.0198520
ta4A 168000000 169000000 0.0177600
ta4A 169000000 170000000 0.0174760
ta4A 170000000 171000000 0.0249590
ta4A 171000000 172000000 0.0257460
ta4A 172000000 173000000 0.0309950
ta4A 173000000 174000000 0.0232160
ta4A 174000000 175000000 0.0167780
ta4A 175000000 176000000 0.0234300
ta4A 176000000 177000000 0.0209900
ta4A 177000000 178000000 0.0236930
ta4A 178000000 179000000 0.0155830
ta4A 179000000 180000000 0.0277840
ta4A 180000000 181000000 0.0144090
ta4A 181000000 182000000 0.0249820
ta4A 182000000 183000000 0.0182720
ta4A 183000000 184000000 0.0265570
ta4A 184000000 185000000 0.0169020
ta4A 185000000 186000000 0.0147190
ta4A 186000000 187000000 0.0180320
ta4A 187000000 188000000 0.0200540
ta4A 188000000 189000000 0.0130710
ta4A 189000000 190000000 0.0201920
ta4A 190000000 191000000 0.0315000
ta4A 191000000 192000000 0.0225880
ta4A 192000000 193000000 0.0221710
ta4A 193000000 194000000 0.0283920
ta4A 194000000 195000000 0.0218760
ta4A 195000000 196000000 0.0184580
ta4A 196000000 197000000 0.0178100
ta4A 197000000 198000000 0.0262400
ta4A 198000000 199000000 0.0738410
ta4A 199000000 200000000 0.0239250
ta4A 200000000 201000000 0.0152620
ta4A 201000000 202000000 0.0233190
ta4A 202000000 203000000 0.0220820
ta4A 203000000 204000000 0.0137160
ta4A 204000000 205000000 0.0162140
ta4A 205000000 206000000 0.0189820
ta4A 206000000 207000000 0.0118620
ta4A 207000000 208000000 0.0192680
ta4A 208000000 209000000 0.0165590
ta4A 209000000 210000000 0.0252820
ta4A 210000000 211000000 0.0184890
ta4A 211000000 212000000 0.0163260
ta4A 212000000 213000000 0.0198290
ta4A 213000000 214000000 0.0159770
ta4A 214000000 215000000 0.0173540
ta4A 215000000 216000000 0.0251270
ta4A 216000000 217000000 0.0198220
ta4A 217000000 218000000 0.0222650
ta4A 218000000 219000000 0.0223790
ta4A 219000000 220000000 0.0143450
ta4A 220000000 221000000 0.0137030
ta4A 221000000 222000000 0.0176250
ta4A 222000000 223000000 0.0180430
ta4A 223000000 224000000 0.0200500
ta4A 224000000 225000000 0.0195670
ta4A 225000000 226000000 0.0195340
ta4A 226000000 227000000 0.0109260
ta4A 227000000 228000000 0.0158360
ta4A 228000000 229000000 0.0247910
ta4A 229000000 230000000 0.0125820
ta4A 230000000 231000000 0.0200530
ta4A 231000000 232000000 0.0163440
ta4A 232000000 233000000 0.0144440
ta4A 233000000 234000000 0.0181090
ta4A 234000000 235000000 0.0118140
ta4A 235000000 236000000 0.0184000
ta4A 236000000 237000000 0.0198360
ta4A 237000000 238000000 0.0117410
ta4A 238000000 239000000 0.0188580
ta4A 239000000 240000000 0.0192010
ta4A 240000000 241000000 0.0161890
ta4A 241000000 242000000 0.0218190
ta4A 242000000 243000000 0.0148320
ta4A 243000000 244000000 0.0208570
ta4A 244000000 245000000 0.0269800
ta4A 245000000 246000000 0.0461620
ta4A 246000000 247000000 0.0127330
ta4A 247000000 248000000 0.0232450
ta4A 248000000 249000000 0.0200110
ta4A 249000000 250000000 0.0168380
ta4A 250000000 251000000 0.0142460
ta4A 251000000 252000000 0.0159230
ta4A 252000000 253000000 0.0144860
ta4A 253000000 254000000 0.0297450
ta4A 254000000 255000000 0.0173540
ta4A 255000000 256000000 0.0153140
ta4A 256000000 257000000 0.0289710
ta4A 257000000 258000000 0.0180730
ta4A 258000000 259000000 0.0185810
ta4A 259000000 260000000 0.0267390
ta4A 260000000 261000000 0.0206830
ta4A 261000000 262000000 0.0132130
ta4A 262000000 263000000 0.0181610
ta4A 263000000 264000000 0.0311550
ta4A 264000000 265000000 0.0120270
ta4A 265000000 266000000 0.0160250
ta4A 266000000 267000000 0.0174550
ta4A 267000000 268000000 0.0201910
ta4A 268000000 269000000 0.0173760
ta4A 269000000 270000000 0.0205500
ta4A 270000000 271000000 0.0180400
ta4A 271000000 272000000 0.0096340
ta4A 272000000 273000000 0.0139740
ta4A 273000000 274000000 0.0200480
ta4A 274000000 275000000 0.0116510
ta4A 275000000 276000000 0.0265810
ta4A 276000000 277000000 0.0157070
ta4A 277000000 278000000 0.0161820
ta4A 278000000 279000000 0.0263870
ta4A 279000000 280000000 0.0134490
ta4A 280000000 281000000 0.0171130
ta4A 281000000 282000000 0.0170770
ta4A 282000000 283000000 0.0181820
ta4A 283000000 284000000 0.0237280
ta4A 284000000 285000000 0.0138850
ta4A 285000000 286000000 0.0241690
ta4A 286000000 287000000 0.0220780
ta4A 287000000 288000000 0.0192730
ta4A 288000000 289000000 0.0245440
ta4A 289000000 290000000 0.0208770
ta4A 290000000 291000000 0.0222590
ta4A 291000000 292000000 0.0209990
ta4A 292000000 293000000 0.0180860
ta4A 293000000 294000000 0.0199600
ta4A 294000000 295000000 0.0206260
ta4A 295000000 296000000 0.0209990
ta4A 296000000 297000000 0.0172560
ta4A 297000000 298000000 0.0145870
ta4A 298000000 299000000 0.0224090
ta4A 299000000 300000000 0.0153550
ta4A 300000000 301000000 0.0176960
ta4A 301000000 302000000 0.0208710
ta4A 302000000 303000000 0.0178560
ta4A 303000000 304000000 0.0193630
ta4A 304000000 305000000 0.0153970
ta4A 305000000 306000000 0.0177780
ta4A 306000000 307000000 0.0197650
ta4A 307000000 308000000 0.0157750
ta4A 308000000 309000000 0.0142030
ta4A 309000000 310000000 0.0146770
ta4A 310000000 311000000 0.0209320
ta4A 311000000 312000000 0.0149710
ta4A 312000000 313000000 0.0131180
ta4A 313000000 314000000 0.0173900
ta4A 314000000 315000000 0.0138210
ta4A 315000000 316000000 0.0174820
ta4A 316000000 317000000 0.0173870
ta4A 317000000 318000000 0.0387870
ta4A 318000000 319000000 0.0214530
ta4A 319000000 320000000 0.0158910
ta4A 320000000 321000000 0.0224980
ta4A 321000000 322000000 0.0156020
ta4A 322000000 323000000 0.0162620
ta4A 323000000 324000000 0.0136570
ta4A 324000000 325000000 0.0210430
ta4A 325000000 326000000 0.0204710
ta4A 326000000 327000000 0.0431580
ta4A 327000000 328000000 0.0181120
ta4A 328000000 329000000 0.0163900
ta4A 329000000 330000000 0.0181890
ta4A 330000000 331000000 0.0247040
ta4A 331000000 332000000 0.0224610
ta4A 332000000 333000000 0.0181400
ta4A 333000000 334000000 0.0137050
ta4A 334000000 335000000 0.0164330
ta4A 335000000 336000000 0.0178480
ta4A 336000000 337000000 0.0166720
ta4A 337000000 338000000 0.0174430
ta4A 338000000 339000000 0.0167240
ta4A 339000000 340000000 0.0237960
ta4A 340000000 341000000 0.0137320
ta4A 341000000 342000000 0.0172180
ta4A 342000000 343000000 0.0157790
ta4A 343000000 344000000 0.0167750
ta4A 344000000 345000000 0.0190090
ta4A 345000000 346000000 0.0206110
ta4A 346000000 347000000 0.0153110
ta4A 347000000 348000000 0.0206890
ta4A 348000000 349000000 0.0136280
ta4A 349000000 350000000 0.0115190
ta4A 350000000 351000000 0.0152300
ta4A 351000000 352000000 0.0138730
ta4A 352000000 353000000 0.0144860
ta4A 353000000 354000000 0.0291890
ta4A 354000000 355000000 0.0171840
ta4A 355000000 356000000 0.0151300
ta4A 356000000 357000000 0.0165730
ta4A 357000000 358000000 0.0166100
ta4A 358000000 359000000 0.0140350
ta4A 359000000 360000000 0.0274840
ta4A 360000000 361000000 0.0161050
ta4A 361000000 362000000 0.0125230
ta4A 362000000 363000000 0.0156110
ta4A 363000000 364000000 0.0252470
ta4A 364000000 365000000 0.0150600
ta4A 365000000 366000000 0.0328660
ta4A 366000000 367000000 0.0172050
ta4A 367000000 368000000 0.0155210
ta4A 368000000 369000000 0.0231500
ta4A 369000000 370000000 0.0135970
ta4A 370000000 371000000 0.5187220
ta4A 371000000 372000000 1.0000000
ta4A 372000000 373000000 0.1877490
ta4A 373000000 374000000 0.0223500
ta4A 374000000 375000000 0.0253060
ta4A 375000000 376000000 0.0161670
ta4A 376000000 377000000 0.0186380
ta4A 377000000 378000000 0.0173550
ta4A 378000000 379000000 0.0212010
ta4A 379000000 380000000 0.0153820
ta4A 380000000 381000000 0.0263080
ta4A 381000000 382000000 0.0192310
ta4A 382000000 383000000 0.0176350
ta4A 383000000 384000000 0.0172150
ta4A 384000000 385000000 0.0182270
ta4A 385000000 386000000 0.0156720
ta4A 386000000 387000000 0.0138080
ta4A 387000000 388000000 0.0157170
ta4A 388000000 389000000 0.0140460
ta4A 389000000 390000000 0.0157850
ta4A 390000000 391000000 0.0153270
ta4A 391000000 392000000 0.0218570
ta4A 392000000 393000000 0.0107900
ta4A 393000000 394000000 0.0189880
ta4A 394000000 395000000 0.0148080
ta4A 395000000 396000000 0.0218010
ta4A 396000000 397000000 0.0219430
ta4A 397000000 398000000 0.0141930
ta4A 398000000 399000000 0.0179690
ta4A 399000000 400000000 0.0145320
ta4A 400000000 401000000 0.0145600
ta4A 401000000 402000000 0.0268910
ta4A 402000000 403000000 0.0146100
ta4A 403000000 404000000 0.0239610
ta4A 404000000 405000000 0.0267510
ta4A 405000000 406000000 0.0128570
ta4A 406000000 407000000 0.0164820
ta4A 407000000 408000000 0.0240450
ta4A 408000000 409000000 0.0200460
ta4A 409000000 410000000 0.0209430
ta4A 410000000 411000000 0.0098340
ta4A 411000000 412000000 0.0175250
ta4A 412000000 413000000 0.0174170
ta4A 413000000 414000000 0.0193260
ta4A 414000000 415000000 0.0150320
ta4A 415000000 416000000 0.0176360
ta4A 416000000 417000000 0.0180700
ta4A 417000000 418000000 0.0156170
ta4A 418000000 419000000 0.0153010
ta4A 419000000 420000000 0.0168590
ta4A 420000000 421000000 0.0198600
ta4A 421000000 422000000 0.0224220
ta4A 422000000 423000000 0.0150770
ta4A 423000000 424000000 0.0221750
ta4A 424000000 425000000 0.0180640
ta4A 425000000 426000000 0.0169720
ta4A 426000000 427000000 0.0151640
ta4A 427000000 428000000 0.0210950
ta4A 428000000 429000000 0.0174980
ta4A 429000000 430000000 0.0233740
ta4A 430000000 431000000 0.0201070
ta4A 431000000 432000000 0.0215610
ta4A 432000000 433000000 0.0258180
ta4A 433000000 434000000 0.0261420
ta4A 434000000 435000000 0.0278810
ta4A 435000000 436000000 0.0151540
ta4A 436000000 437000000 0.0199140
ta4A 437000000 438000000 0.0251660
ta4A 438000000 439000000 0.0208940
ta4A 439000000 440000000 0.0261390
ta4A 440000000 441000000 0.0182200
ta4A 441000000 442000000 0.0239410
ta4A 442000000 443000000 0.0204440
ta4A 443000000 444000000 0.0170690
ta4A 444000000 445000000 0.0167210
ta4A 445000000 446000000 0.0211580
ta4A 446000000 447000000 0.0170690
ta4A 447000000 448000000 0.0175050
ta4A 448000000 449000000 0.0212130
ta4A 449000000 450000000 0.0172810
ta4A 450000000 451000000 0.0162100
ta4A 451000000 452000000 0.0195580
ta4A 452000000 453000000 0.0227070
ta4A 453000000 454000000 0.0212610
ta4A 454000000 455000000 0.0265330
ta4A 455000000 456000000 0.0213750
ta4A 456000000 457000000 0.0292290
ta4A 457000000 458000000 0.0221810
ta4A 458000000 459000000 0.0264260
ta4A 459000000 460000000 0.0130700
ta4A 460000000 461000000 0.0226240
ta4A 461000000 462000000 0.0200470
ta4A 462000000 463000000 0.0215290
ta4A 463000000 464000000 0.0233310
ta4A 464000000 465000000 0.0167070
ta4A 465000000 466000000 0.0224070
ta4A 466000000 467000000 0.0185280
ta4A 467000000 468000000 0.0218380
ta4A 468000000 469000000 0.0196900
ta4A 469000000 470000000 0.0173410
ta4A 470000000 471000000 0.0167960
ta4A 471000000 472000000 0.0173040
ta4A 472000000 473000000 0.0196060
ta4A 473000000 474000000 0.0182230
ta4A 474000000 475000000 0.0231920
ta4A 475000000 476000000 0.0206240
ta4A 476000000 477000000 0.0223260
ta4A 477000000 478000000 0.0201810
ta4A 478000000 479000000 0.0211840
ta4A 479000000 480000000 0.0191980
ta4A 480000000 481000000 0.0204570
ta4A 481000000 482000000 0.0224120
ta4A 482000000 483000000 0.0105040
ta4A 483000000 484000000 0.0216580
ta4A 484000000 485000000 0.0156770
ta4A 485000000 486000000 0.0179410
ta4A 486000000 487000000 0.0229700
ta4A 487000000 488000000 0.0209170
ta4A 488000000 489000000 0.0208610
ta4A 489000000 490000000 0.0183580
ta4A 490000000 491000000 0.0163150
ta4A 491000000 492000000 0.0193740
ta4A 492000000 493000000 0.0163320
ta4A 493000000 494000000 0.0371300
ta4A 494000000 495000000 0.0169920
ta4A 495000000 496000000 0.0213890
ta4A 496000000 497000000 0.0234350
ta4A 497000000 498000000 0.0150650
ta4A 498000000 499000000 0.0222470
ta4A 499000000 500000000 0.0312090
ta4A 500000000 501000000 0.0241430
ta4A 501000000 502000000 0.0197220
ta4A 502000000 503000000 0.0185450
ta4A 503000000 504000000 0.0224240
ta4A 504000000 505000000 0.0281580
ta4A 505000000 506000000 0.0260580
ta4A 506000000 507000000 0.0223100
ta4A 507000000 508000000 0.0213660
ta4A 508000000 509000000 0.0310000
ta4A 509000000 510000000 0.0332540
ta4A 510000000 511000000 0.0366050
ta4A 511000000 512000000 0.0212720
ta4A 512000000 513000000 0.0213100
ta4A 513000000 514000000 0.0183880
ta4A 514000000 515000000 0.0136350
ta4A 515000000 516000000 0.0209320
ta4A 516000000 517000000 0.0206280
ta4A 517000000 518000000 0.0238570
ta4A 518000000 519000000 0.0191050
ta4A 519000000 520000000 0.0275310
ta4A 520000000 521000000 0.0197090
ta4A 521000000 522000000 0.0245010
ta4A 522000000 523000000 0.0290840
ta4A 523000000 524000000 0.0286340
ta4A 524000000 525000000 0.0302190
ta4A 525000000 526000000 0.0468410
ta4A 526000000 527000000 0.0226550
ta4A 527000000 528000000 0.0270450
ta4A 528000000 529000000 0.0260150
ta4A 529000000 530000000 0.0225670
ta4A 530000000 531000000 0.0250340
ta4A 531000000 532000000 0.0165820
ta4A 532000000 533000000 0.0247490
ta4A 533000000 534000000 0.0173060
ta4A 534000000 535000000 0.0281750
ta4A 535000000 536000000 0.0223650
ta4A 536000000 537000000 0.0208150
ta4A 537000000 538000000 0.0207360
ta4A 538000000 539000000 0.0199070
ta4A 539000000 540000000 0.0241940
ta4A 540000000 541000000 0.0198850
ta4A 541000000 542000000 0.0266340
ta4A 542000000 543000000 0.0252830
ta4A 543000000 544000000 0.0201270
ta4A 544000000 545000000 0.0208740
ta4A 545000000 546000000 0.0175460
ta4A 546000000 547000000 0.0182090
ta4A 547000000 548000000 0.0214270
ta4A 548000000 549000000 0.0172500
ta4A 549000000 550000000 0.0247090
ta4A 550000000 551000000 0.0245090
ta4A 551000000 552000000 0.0177740
ta4A 552000000 553000000 0.0173230
ta4A 553000000 554000000 0.0299810
ta4A 554000000 555000000 0.0259320
ta4A 555000000 556000000 0.0247840
ta4A 556000000 557000000 0.0166960
ta4A 557000000 558000000 0.0148200
ta4A 558000000 559000000 0.0278720
ta4A 559000000 560000000 0.0209920
ta4A 560000000 561000000 0.0257680
ta4A 561000000 562000000 0.0241720
ta4A 562000000 563000000 0.0209430
ta4A 563000000 564000000 0.0220430
ta4A 564000000 565000000 0.0226020
ta4A 565000000 566000000 0.0175020
ta4A 566000000 567000000 0.0214430
ta4A 567000000 568000000 0.0173720
ta4A 568000000 569000000 0.0192810
ta4A 569000000 570000000 0.0195420
ta4A 570000000 571000000 0.0186170
ta4A 571000000 572000000 0.0195220
ta4A 572000000 573000000 0.0239260
ta4A 573000000 574000000 0.0258860
ta4A 574000000 575000000 0.0211250
ta4A 575000000 576000000 0.0199310
ta4A 576000000 577000000 0.0245550
ta4A 577000000 578000000 0.0258380
ta4A 578000000 579000000 0.0242040
ta4A 579000000 580000000 0.0226170
ta4A 580000000 581000000 0.0219700
ta4A 581000000 582000000 0.0172840
ta4A 582000000 583000000 0.0210340
ta4A 583000000 584000000 0.0164700
ta4A 584000000 585000000 0.0221860
ta4A 585000000 586000000 0.0199910
ta4A 586000000 587000000 0.0223330
ta4A 587000000 588000000 0.0234650
ta4A 588000000 589000000 0.0236630
ta4A 589000000 590000000 0.0188760
ta4A 590000000 591000000 0.0222940
ta4A 591000000 592000000 0.0201000
ta4A 592000000 593000000 0.0357860
ta4A 593000000 594000000 0.0287110
ta4A 594000000 595000000 0.0413960
ta4A 595000000 596000000 0.0623350
ta4A 596000000 597000000 0.0431170
ta4A 597000000 598000000 0.0498060
ta4A 598000000 599000000 0.0406890
ta4A 599000000 600000000 0.0292390
ta4A 600000000 601000000 0.0514260
ta4A 601000000 602000000 0.0455030
ta4A 602000000 603000000 0.0417930
ta4A 603000000 604000000 0.0763820
ta4A 604000000 605000000 1.0000000
ta4A 605000000 606000000 0.0972290
ta4A 606000000 607000000 0.0111600
ta4A 607000000 608000000 0.0264660
ta4A 608000000 609000000 0.0221960
ta4A 609000000 610000000 0.0300120
ta4A 610000000 611000000 0.0307880
ta4A 611000000 612000000 0.0297360
ta4A 612000000 613000000 0.0252680
ta4A 613000000 614000000 0.0197470
ta4A 614000000 615000000 0.0453220
ta4A 615000000 616000000 0.0417940
ta4A 616000000 617000000 0.0317530
ta4A 617000000 618000000 0.0368160
ta4A 618000000 619000000 0.0282950
ta4A 619000000 620000000 0.0306230
ta4A 620000000 621000000 0.0270930
ta4A 621000000 622000000 0.0332200
ta4A 622000000 623000000 0.0378120
ta4A 623000000 624000000 0.0356340
ta4A 624000000 625000000 0.0220100
ta4A 625000000 626000000 0.0307150
ta4A 626000000 627000000 0.0350840
ta4A 627000000 628000000 0.0330140
ta4A 628000000 629000000 0.0352860
ta4A 629000000 630000000 0.0235140
ta4A 630000000 631000000 0.0312350
ta4A 631000000 632000000 0.5483840
ta4A 632000000 633000000 0.0321990
ta4A 633000000 634000000 0.0216980
ta4A 634000000 635000000 0.0289440
ta4A 635000000 636000000 0.0299250
ta4A 636000000 637000000 0.0395700
ta4A 637000000 638000000 0.0353070
ta4A 638000000 639000000 0.0351200
ta4A 639000000 640000000 0.0335790
ta4A 640000000 641000000 0.0350760
ta4A 641000000 642000000 0.0269300
ta4A 642000000 643000000 0.0224610
ta4A 643000000 644000000 0.0348900
ta4A 644000000 645000000 0.0196210
ta4A 645000000 646000000 0.0221930
ta4A 646000000 647000000 0.0210940
ta4A 647000000 648000000 0.0213170
ta4A 648000000 649000000 0.0168000
ta4A 649000000 650000000 0.0244040
ta4A 650000000 651000000 0.0327240
ta4A 651000000 652000000 0.0249330
ta4A 652000000 653000000 0.0258470
ta4A 653000000 654000000 0.0471720
ta4A 654000000 655000000 0.0392070
ta4A 655000000 656000000 0.0288450
ta4A 656000000 657000000 0.0455410
ta4A 657000000 658000000 0.0369170
ta4A 658000000 659000000 0.0396080
ta4A 659000000 660000000 0.0370220
ta4A 660000000 661000000 0.0352880
ta4A 661000000 662000000 0.0403650
ta4A 662000000 663000000 0.0417890
ta4A 663000000 664000000 0.0503240
ta4A 664000000 665000000 0.0483680
ta4A 665000000 666000000 0.0365210
ta4A 666000000 667000000 0.0367270
ta4A 667000000 668000000 0.0664350
ta4A 668000000 669000000 0.4610650
ta4A 669000000 670000000 0.0503920
ta4A 670000000 671000000 0.0402900
ta4A 671000000 672000000 0.0386360
ta4A 672000000 673000000 0.0277820
ta4A 673000000 674000000 0.0372540
ta4A 674000000 675000000 0.0299080
ta4A 675000000 676000000 0.0372680
ta4A 676000000 677000000 0.0422160
ta4A 677000000 678000000 0.0291720
ta4A 678000000 679000000 0.0364960
ta4A 679000000 680000000 0.1995810
ta4A 680000000 681000000 0.0615560
ta4A 681000000 682000000 0.0548730
ta4A 682000000 683000000 0.0267830
ta4A 683000000 684000000 0.0683280
ta4A 684000000 685000000 0.0514020
ta4A 685000000 686000000 0.0408610
ta4A 686000000 687000000 0.0399130
ta4A 687000000 688000000 0.0650790
ta4A 688000000 689000000 0.2332020
ta4A 689000000 690000000 0.0525460
ta4A 690000000 691000000 0.0379460
ta4A 691000000 692000000 0.0487950
ta4A 692000000 693000000 0.0444670
ta4A 693000000 694000000 0.0344600
ta4A 694000000 695000000 0.0414210
ta4A 695000000 696000000 0.3223550
ta4A 696000000 697000000 0.1687960
ta4A 697000000 698000000 0.0323640
ta4A 698000000 699000000 0.0651130
ta4A 699000000 700000000 0.0357660
ta4A 700000000 701000000 0.0354710
ta4A 701000000 702000000 0.0578490
ta4A 702000000 703000000 0.0521470
ta4A 703000000 704000000 0.0452090
ta4A 704000000 705000000 0.0342890
ta4A 705000000 706000000 0.0364310
ta4A 706000000 707000000 0.0291860
ta4A 707000000 708000000 0.0338280
ta4A 708000000 709000000 0.0410850
ta4A 709000000 710000000 0.0404980
ta4A 710000000 711000000 0.0271480
ta4A 711000000 712000000 0.5298950
ta4A 712000000 713000000 0.0759920
ta4A 713000000 714000000 0.0402790
ta4A 714000000 715000000 0.0339970
ta4A 715000000 716000000 0.0502750
ta4A 716000000 717000000 0.0393700
ta4A 717000000 718000000 0.0435750
ta4A 718000000 719000000 0.0403880
ta4A 719000000 720000000 0.0508110
ta4A 720000000 721000000 0.0316840
ta4A 721000000 722000000 0.0327710
ta4A 722000000 723000000 0.0333620
ta4A 723000000 724000000 0.0339080
ta4A 724000000 725000000 0.0435430
ta4A 725000000 726000000 0.0343550
ta4A 726000000 727000000 0.1550430
ta4A 727000000 728000000 0.0379570
ta4A 728000000 729000000 0.0568320
ta4A 729000000 730000000 0.0382540
ta4A 730000000 731000000 0.0426010
ta4A 731000000 732000000 0.0608950
ta4A 732000000 733000000 0.0460230
ta4A 733000000 734000000 0.0442350
ta4A 734000000 735000000 0.0471070
ta4A 735000000 736000000 0.0438250
ta4A 736000000 737000000 0.0475610
ta4A 737000000 738000000 0.0336490
ta4A 738000000 739000000 0.0480040
ta4A 739000000 740000000 0.0440290
ta4A 740000000 741000000 0.0692210
ta4A 741000000 742000000 0.0479920
ta4A 742000000 743000000 0.0436940
ta4A 743000000 744000000 0.0278330
ta4A 744000000 745000000 0.0331580
ta4A 745000000 746000000 0.0434880
ta4A 746000000 747000000 0.0487960
ta4A 747000000 748000000 0.0330850
ta4A 748000000 749000000 0.0276820
ta4A 749000000 750000000 0.0225030
ta4A 750000000 751000000 0.0343630
ta4A 751000000 752000000 0.0398630
ta4A 752000000 753000000 0.0339500
ta4A 753000000 754000000 0.0426040
ta4A 754000000 754339051 0.0434182
ta4B 0 1000000 0.2839490
ta4B 1000000 2000000 0.5313120
ta4B 2000000 3000000 0.0492150
ta4B 3000000 4000000 0.0301810
ta4B 4000000 5000000 0.0595540
ta4B 5000000 6000000 0.1260250
ta4B 6000000 7000000 0.1498500
ta4B 7000000 8000000 0.0776600
ta4B 8000000 9000000 0.0823860
ta4B 9000000 10000000 0.1237420
ta4B 10000000 11000000 0.1412440
ta4B 11000000 12000000 0.3049060
ta4B 12000000 13000000 0.1803360
ta4B 13000000 14000000 0.2880790
ta4B 14000000 15000000 0.2667270
ta4B 15000000 16000000 0.1371900
ta4B 16000000 17000000 0.5876650
ta4B 17000000 18000000 0.5286450
ta4B 18000000 19000000 0.0185650
ta4B 19000000 20000000 0.0602970
ta4B 20000000 21000000 0.0329370
ta4B 21000000 22000000 0.1421760
ta4B 22000000 23000000 0.0182020
ta4B 23000000 24000000 0.0187820
ta4B 24000000 25000000 0.1435970
ta4B 25000000 26000000 0.0998290
ta4B 26000000 27000000 0.2977890
ta4B 27000000 28000000 0.0740950
ta4B 28000000 29000000 0.0188610
ta4B 29000000 30000000 0.0352730
ta4B 30000000 31000000 0.0848620
ta4B 31000000 32000000 0.0411020
ta4B 32000000 33000000 0.0417320
ta4B 33000000 34000000 0.0416110
ta4B 34000000 35000000 0.0288770
ta4B 35000000 36000000 0.0238310
ta4B 36000000 37000000 0.0250280
ta4B 37000000 38000000 0.0313360
ta4B 38000000 39000000 0.0323430
ta4B 39000000 40000000 0.0307410
ta4B 40000000 41000000 0.0306470
ta4B 41000000 42000000 0.0325410
ta4B 42000000 43000000 0.0292460
ta4B 43000000 44000000 0.0195040
ta4B 44000000 45000000 0.0382310
ta4B 45000000 46000000 0.0166520
ta4B 46000000 47000000 0.0266140
ta4B 47000000 48000000 0.0167510
ta4B 48000000 49000000 0.0327290
ta4B 49000000 50000000 0.0339610
ta4B 50000000 51000000 0.0200640
ta4B 51000000 52000000 0.0254030
ta4B 52000000 53000000 0.0158110
ta4B 53000000 54000000 0.0222690
ta4B 54000000 55000000 0.0248570
ta4B 55000000 56000000 0.0221450
ta4B 56000000 57000000 0.0192390
ta4B 57000000 58000000 0.0217180
ta4B 58000000 59000000 0.0206380
ta4B 59000000 60000000 0.0236930
ta4B 60000000 61000000 0.0239350
ta4B 61000000 62000000 0.0270200
ta4B 62000000 63000000 0.0296630
ta4B 63000000 64000000 0.0242040
ta4B 64000000 65000000 0.0238770
ta4B 65000000 66000000 0.0204900
ta4B 66000000 67000000 0.0296850
ta4B 67000000 68000000 0.0317140
ta4B 68000000 69000000 0.0283510
ta4B 69000000 70000000 0.0245500
ta4B 70000000 71000000 0.0291510
ta4B 71000000 72000000 0.0271640
ta4B 72000000 73000000 0.0375980
ta4B 73000000 74000000 0.0262890
ta4B 74000000 75000000 0.0251730
ta4B 75000000 76000000 0.0302570
ta4B 76000000 77000000 0.0299510
ta4B 77000000 78000000 0.0329740
ta4B 78000000 79000000 0.0298450
ta4B 79000000 80000000 0.0157550
ta4B 80000000 81000000 0.0180080
ta4B 81000000 82000000 0.0135890
ta4B 82000000 83000000 0.0288600
ta4B 83000000 84000000 0.0201430
ta4B 84000000 85000000 0.0258740
ta4B 85000000 86000000 0.0167420
ta4B 86000000 87000000 0.0219130
ta4B 87000000 88000000 0.0287790
ta4B 88000000 89000000 0.0235130
ta4B 89000000 90000000 0.0168290
ta4B 90000000 91000000 0.0281920
ta4B 91000000 92000000 0.0183180
ta4B 92000000 93000000 0.0263440
ta4B 93000000 94000000 0.0282960
ta4B 94000000 95000000 0.0240050
ta4B 95000000 96000000 0.0247850
ta4B 96000000 97000000 0.0195860
ta4B 97000000 98000000 0.0237360
ta4B 98000000 99000000 0.0259890
ta4B 99000000 100000000 0.0231860
ta4B 100000000 101000000 0.0229480
ta4B 101000000 102000000 0.0319190
ta4B 102000000 103000000 0.0374210
ta4B 103000000 104000000 0.0216360
ta4B 104000000 105000000 0.0230520
ta4B 105000000 106000000 0.0230890
ta4B 106000000 107000000 0.0170780
ta4B 107000000 108000000 0.0236600
ta4B 108000000 109000000 0.0293990
ta4B 109000000 110000000 0.0278840
ta4B 110000000 111000000 0.0240910
ta4B 111000000 112000000 0.0205080
ta4B 112000000 113000000 0.0240710
ta4B 113000000 114000000 0.0267710
ta4B 114000000 115000000 0.0287990
ta4B 115000000 116000000 0.0220910
ta4B 116000000 117000000 0.0316240
ta4B 117000000 118000000 0.0235860
ta4B 118000000 119000000 0.0220010
ta4B 119000000 120000000 0.0279500
ta4B 120000000 121000000 0.0189640
ta4B 121000000 122000000 0.0239850
ta4B 122000000 123000000 0.0310260
ta4B 123000000 124000000 0.0256260
ta4B 124000000 125000000 0.0273670
ta4B 125000000 126000000 0.0359310
ta4B 126000000 127000000 0.0234310
ta4B 127000000 128000000 0.0205860
ta4B 128000000 129000000 0.0245710
ta4B 129000000 130000000 0.0164130
ta4B 130000000 131000000 0.0279440
ta4B 131000000 132000000 0.0232550
ta4B 132000000 133000000 0.0209690
ta4B 133000000 134000000 0.0215590
ta4B 134000000 135000000 0.0216770
ta4B 135000000 136000000 0.0236820
ta4B 136000000 137000000 0.0362660
ta4B 137000000 138000000 0.0228760
ta4B 138000000 139000000 0.0162210
ta4B 139000000 140000000 0.0291400
ta4B 140000000 141000000 0.0358570
ta4B 141000000 142000000 0.0233930
ta4B 142000000 143000000 0.0292120
ta4B 143000000 144000000 0.0239890
ta4B 144000000 145000000 0.0224010
ta4B 145000000 146000000 0.0289250
ta4B 146000000 147000000 0.0234230
ta4B 147000000 148000000 0.0341500
ta4B 148000000 149000000 0.0215070
ta4B 149000000 150000000 0.0342450
ta4B 150000000 151000000 0.0213960
ta4B 151000000 152000000 0.0202250
ta4B 152000000 153000000 0.0246340
ta4B 153000000 154000000 0.0194030
ta4B 154000000 155000000 0.0228230
ta4B 155000000 156000000 0.0210030
ta4B 156000000 157000000 0.0170140
ta4B 157000000 158000000 0.0183130
ta4B 158000000 159000000 0.0205470
ta4B 159000000 160000000 0.0249120
ta4B 160000000 161000000 0.0265810
ta4B 161000000 162000000 0.0466650
ta4B 162000000 163000000 0.0252510
ta4B 163000000 164000000 0.0201980
ta4B 164000000 165000000 0.0210170
ta4B 165000000 166000000 0.2110970
ta4B 166000000 167000000 0.0204300
ta4B 167000000 168000000 0.0181650
ta4B 168000000 169000000 0.0264950
ta4B 169000000 170000000 0.0283540
ta4B 170000000 171000000 0.0257240
ta4B 171000000 172000000 0.0208210
ta4B 172000000 173000000 0.0212800
ta4B 173000000 174000000 0.2295210
ta4B 174000000 175000000 0.2497770
ta4B 175000000 176000000 0.2455490
ta4B 176000000 177000000 0.0317670
ta4B 177000000 178000000 0.0261270
ta4B 178000000 179000000 0.0242730
ta4B 179000000 180000000 0.0259480
ta4B 180000000 181000000 0.0221580
ta4B 181000000 182000000 0.0275470
ta4B 182000000 183000000 0.0196510
ta4B 183000000 184000000 0.0200770
ta4B 184000000 185000000 0.0198660
ta4B 185000000 186000000 0.0363480
ta4B 186000000 187000000 0.0292100
ta4B 187000000 188000000 0.0309730
ta4B 188000000 189000000 0.0198830
ta4B 189000000 190000000 0.0194630
ta4B 190000000 191000000 0.0226960
ta4B 191000000 192000000 0.0247570
ta4B 192000000 193000000 0.0649890
ta4B 193000000 194000000 0.0334490
ta4B 194000000 195000000 0.0265480
ta4B 195000000 196000000 0.0268990
ta4B 196000000 197000000 0.0811190
ta4B 197000000 198000000 0.0303110
ta4B 198000000 199000000 0.0221490
ta4B 199000000 200000000 0.0232120
ta4B 200000000 201000000 0.0253520
ta4B 201000000 202000000 0.0201090
ta4B 202000000 203000000 0.0170770
ta4B 203000000 204000000 0.0236510
ta4B 204000000 205000000 0.0234960
ta4B 205000000 206000000 0.0219030
ta4B 206000000 207000000 0.0176860
ta4B 207000000 208000000 0.0256860
ta4B 208000000 209000000 0.0204170
ta4B 209000000 210000000 0.0258310
ta4B 210000000 211000000 0.0189300
ta4B 211000000 212000000 0.0183610
ta4B 212000000 213000000 0.0242530
ta4B 213000000 214000000 0.0201000
ta4B 214000000 215000000 0.0282240
ta4B 215000000 216000000 0.0491850
ta4B 216000000 217000000 0.0171300
ta4B 217000000 218000000 0.0256100
ta4B 218000000 219000000 0.0228720
ta4B 219000000 220000000 0.0232380
ta4B 220000000 221000000 0.0252130
ta4B 221000000 222000000 0.0221230
ta4B 222000000 223000000 0.0202000
ta4B 223000000 224000000 0.0222430
ta4B 224000000 225000000 0.0224950
ta4B 225000000 226000000 0.0276830
ta4B 226000000 227000000 0.0278190
ta4B 227000000 228000000 0.0212850
ta4B 228000000 229000000 0.0287080
ta4B 229000000 230000000 0.0350980
ta4B 230000000 231000000 0.0301140
ta4B 231000000 232000000 0.0252650
ta4B 232000000 233000000 0.0182020
ta4B 233000000 234000000 0.0277750
ta4B 234000000 235000000 0.0205400
ta4B 235000000 236000000 0.0906200
ta4B 236000000 237000000 0.0150960
ta4B 237000000 238000000 0.0158990
ta4B 238000000 239000000 0.0253420
ta4B 239000000 240000000 0.0320700
ta4B 240000000 241000000 0.0195090
ta4B 241000000 242000000 0.0186960
ta4B 242000000 243000000 0.0207210
ta4B 243000000 244000000 0.0318930
ta4B 244000000 245000000 0.0231350
ta4B 245000000 246000000 0.0215040
ta4B 246000000 247000000 0.0248390
ta4B 247000000 248000000 0.0169060
ta4B 248000000 249000000 0.0150140
ta4B 249000000 250000000 0.0232070
ta4B 250000000 251000000 0.0158790
ta4B 251000000 252000000 0.0432280
ta4B 252000000 253000000 0.0701100
ta4B 253000000 254000000 0.0184870
ta4B 254000000 255000000 0.0228140
ta4B 255000000 256000000 0.0198860
ta4B 256000000 257000000 0.0143690
ta4B 257000000 258000000 0.0296680
ta4B 258000000 259000000 0.0288420
ta4B 259000000 260000000 0.0202260
ta4B 260000000 261000000 0.0183100
ta4B 261000000 262000000 0.0167380
ta4B 262000000 263000000 0.0172520
ta4B 263000000 264000000 0.0237240
ta4B 264000000 265000000 0.0215500
ta4B 265000000 266000000 0.0162700
ta4B 266000000 267000000 0.0269840
ta4B 267000000 268000000 0.0193730
ta4B 268000000 269000000 0.0362700
ta4B 269000000 270000000 0.0139640
ta4B 270000000 271000000 0.0338500
ta4B 271000000 272000000 0.0216390
ta4B 272000000 273000000 0.0240690
ta4B 273000000 274000000 0.0181530
ta4B 274000000 275000000 0.0200250
ta4B 275000000 276000000 0.0142780
ta4B 276000000 277000000 0.0142920
ta4B 277000000 278000000 0.0203890
ta4B 278000000 279000000 0.0205580
ta4B 279000000 280000000 0.0207840
ta4B 280000000 281000000 0.0169730
ta4B 281000000 282000000 0.0263980
ta4B 282000000 283000000 0.0309530
ta4B 283000000 284000000 0.0206830
ta4B 284000000 285000000 0.0272470
ta4B 285000000 286000000 0.0268690
ta4B 286000000 287000000 0.0224150
ta4B 287000000 288000000 0.0229750
ta4B 288000000 289000000 0.0224350
ta4B 289000000 290000000 0.0232480
ta4B 290000000 291000000 0.0193500
ta4B 291000000 292000000 0.0173680
ta4B 292000000 293000000 0.0751100
ta4B 293000000 294000000 0.0358140
ta4B 294000000 295000000 0.0212630
ta4B 295000000 296000000 0.0194050
ta4B 296000000 297000000 0.0182110
ta4B 297000000 298000000 0.0244430
ta4B 298000000 299000000 0.0176990
ta4B 299000000 300000000 0.0197040
ta4B 300000000 301000000 0.0167820
ta4B 301000000 302000000 0.0180380
ta4B 302000000 303000000 0.0193540
ta4B 303000000 304000000 0.0262330
ta4B 304000000 305000000 0.0195840
ta4B 305000000 306000000 0.0153030
ta4B 306000000 307000000 0.6029710
ta4B 307000000 308000000 0.7671060
ta4B 308000000 309000000 0.0201540
ta4B 309000000 310000000 0.0185500
ta4B 310000000 311000000 0.0178750
ta4B 311000000 312000000 0.0239490
ta4B 312000000 313000000 0.0180440
ta4B 313000000 314000000 0.0185050
ta4B 314000000 315000000 0.0252230
ta4B 315000000 316000000 0.1375180
ta4B 316000000 317000000 0.0205720
ta4B 317000000 318000000 0.0210870
ta4B 318000000 319000000 0.0730860
ta4B 319000000 320000000 0.0172050
ta4B 320000000 321000000 0.0241370
ta4B 321000000 322000000 0.0197680
ta4B 322000000 323000000 0.0168500
ta4B 323000000 324000000 0.0170600
ta4B 324000000 325000000 0.0243810
ta4B 325000000 326000000 0.0351730
ta4B 326000000 327000000 0.0298250
ta4B 327000000 328000000 0.0180990
ta4B 328000000 329000000 0.0261010
ta4B 329000000 330000000 0.0209410
ta4B 330000000 331000000 0.0240300
ta4B 331000000 332000000 0.3299790
ta4B 332000000 333000000 0.2232090
ta4B 333000000 334000000 0.0238310
ta4B 334000000 335000000 0.1287240
ta4B 335000000 336000000 0.0149450
ta4B 336000000 337000000 0.0203410
ta4B 337000000 338000000 0.0186130
ta4B 338000000 339000000 0.0198830
ta4B 339000000 340000000 0.0192920
ta4B 340000000 341000000 0.0220070
ta4B 341000000 342000000 0.0261070
ta4B 342000000 343000000 0.0205150
ta4B 343000000 344000000 0.0170900
ta4B 344000000 345000000 0.0184020
ta4B 345000000 346000000 0.0189440
ta4B 346000000 347000000 0.0198120
ta4B 347000000 348000000 0.0248360
ta4B 348000000 349000000 0.0184920
ta4B 349000000 350000000 0.0259900
ta4B 350000000 351000000 0.0182510
ta4B 351000000 352000000 0.0172640
ta4B 352000000 353000000 0.0239500
ta4B 353000000 354000000 0.0259020
ta4B 354000000 355000000 0.0195910
ta4B 355000000 356000000 0.0248940
ta4B 356000000 357000000 0.0202970
ta4B 357000000 358000000 0.0286300
ta4B 358000000 359000000 0.0184030
ta4B 359000000 360000000 0.0148640
ta4B 360000000 361000000 0.0250450
ta4B 361000000 362000000 0.0177810
ta4B 362000000 363000000 0.0144390
ta4B 363000000 364000000 0.0188000
ta4B 364000000 365000000 0.0205570
ta4B 365000000 366000000 0.0153810
ta4B 366000000 367000000 0.0211730
ta4B 367000000 368000000 0.0152400
ta4B 368000000 369000000 0.0233810
ta4B 369000000 370000000 0.0201200
ta4B 370000000 371000000 0.0084400
ta4B 371000000 372000000 0.0200650
ta4B 372000000 373000000 0.3124280
ta4B 373000000 374000000 0.2959720
ta4B 374000000 375000000 0.0328450
ta4B 375000000 376000000 0.0141370
ta4B 376000000 377000000 0.0220450
ta4B 377000000 378000000 0.0198300
ta4B 378000000 379000000 0.0340030
ta4B 379000000 380000000 0.0252630
ta4B 380000000 381000000 0.0232510
ta4B 381000000 382000000 0.0244940
ta4B 382000000 383000000 0.0273430
ta4B 383000000 384000000 0.0236800
ta4B 384000000 385000000 0.0180000
ta4B 385000000 386000000 0.0282740
ta4B 386000000 387000000 0.0217830
ta4B 387000000 388000000 0.1435480
ta4B 388000000 389000000 0.7412790
ta4B 389000000 390000000 0.0267270
ta4B 390000000 391000000 0.0245730
ta4B 391000000 392000000 0.0252670
ta4B 392000000 393000000 0.0332930
ta4B 393000000 394000000 0.0223930
ta4B 394000000 395000000 0.0267270
ta4B 395000000 396000000 0.0135500
ta4B 396000000 397000000 0.0187880
ta4B 397000000 398000000 0.0202480
ta4B 398000000 399000000 0.0322280
ta4B 399000000 400000000 0.0287490
ta4B 400000000 401000000 0.0366340
ta4B 401000000 402000000 0.0266170
ta4B 402000000 403000000 0.0240770
ta4B 403000000 404000000 0.0246580
ta4B 404000000 405000000 0.0235770
ta4B 405000000 406000000 0.0391420
ta4B 406000000 407000000 0.0277380
ta4B 407000000 408000000 0.0222310
ta4B 408000000 409000000 0.0245460
ta4B 409000000 410000000 0.0224610
ta4B 410000000 411000000 0.0239470
ta4B 411000000 412000000 0.0213220
ta4B 412000000 413000000 0.0180000
ta4B 413000000 414000000 0.0231290
ta4B 414000000 415000000 0.0205610
ta4B 415000000 416000000 0.0190030
ta4B 416000000 417000000 0.0287320
ta4B 417000000 418000000 0.0244660
ta4B 418000000 419000000 0.0254230
ta4B 419000000 420000000 0.0278640
ta4B 420000000 421000000 0.0259190
ta4B 421000000 422000000 0.0250580
ta4B 422000000 423000000 0.0262430
ta4B 423000000 424000000 0.0233390
ta4B 424000000 425000000 0.0256740
ta4B 425000000 426000000 0.0187560
ta4B 426000000 427000000 0.0291210
ta4B 427000000 428000000 0.0202950
ta4B 428000000 429000000 0.0209300
ta4B 429000000 430000000 0.0183600
ta4B 430000000 431000000 0.0441800
ta4B 431000000 432000000 0.0309080
ta4B 432000000 433000000 0.0208570
ta4B 433000000 434000000 0.0172900
ta4B 434000000 435000000 0.0259830
ta4B 435000000 436000000 0.0190520
ta4B 436000000 437000000 0.0271270
ta4B 437000000 438000000 0.0250580
ta4B 438000000 439000000 0.0193010
ta4B 439000000 440000000 0.1507730
ta4B 440000000 441000000 0.0246830
ta4B 441000000 442000000 0.9513320
ta4B 442000000 443000000 0.0329900
ta4B 443000000 444000000 0.0254770
ta4B 444000000 445000000 0.0223310
ta4B 445000000 446000000 0.0235330
ta4B 446000000 447000000 0.0225260
ta4B 447000000 448000000 0.0287170
ta4B 448000000 449000000 0.0242010
ta4B 449000000 450000000 0.0259890
ta4B 450000000 451000000 0.0259190
ta4B 451000000 452000000 0.0260750
ta4B 452000000 453000000 0.0182440
ta4B 453000000 454000000 0.0191980
ta4B 454000000 455000000 0.0286720
ta4B 455000000 456000000 0.0229780
ta4B 456000000 457000000 0.0298510
ta4B 457000000 458000000 0.0193320
ta4B 458000000 459000000 0.0161220
ta4B 459000000 460000000 0.0193550
ta4B 460000000 461000000 0.0303360
ta4B 461000000 462000000 0.0280260
ta4B 462000000 463000000 0.0201570
ta4B 463000000 464000000 0.0289640
ta4B 464000000 465000000 0.0233620
ta4B 465000000 466000000 0.0275820
ta4B 466000000 467000000 0.0235500
ta4B 467000000 468000000 0.0701810
ta4B 468000000 469000000 0.0173090
ta4B 469000000 470000000 0.0240140
ta4B 470000000 471000000 0.0260740
ta4B 471000000 472000000 0.0249970
ta4B 472000000 473000000 0.2255220
ta4B 473000000 474000000 0.0301510
ta4B 474000000 475000000 0.0241130
ta4B 475000000 476000000 0.0264400
ta4B 476000000 477000000 0.0216520
ta4B 477000000 478000000 0.0179960
ta4B 478000000 479000000 0.0187030
ta4B 479000000 480000000 0.0205820
ta4B 480000000 481000000 0.0276840
ta4B 481000000 482000000 0.0247020
ta4B 482000000 483000000 0.0554400
ta4B 483000000 484000000 0.0250700
ta4B 484000000 485000000 0.0234240
ta4B 485000000 486000000 0.0242670
ta4B 486000000 487000000 0.0210540
ta4B 487000000 488000000 0.0169620
ta4B 488000000 489000000 0.0454910
ta4B 489000000 490000000 0.0217790
ta4B 490000000 491000000 0.0206470
ta4B 491000000 492000000 0.0188190
ta4B 492000000 493000000 0.0289620
ta4B 493000000 494000000 0.0212210
ta4B 494000000 495000000 0.0224760
ta4B 495000000 496000000 0.0243620
ta4B 496000000 497000000 0.0278930
ta4B 497000000 498000000 0.0267180
ta4B 498000000 499000000 0.0245610
ta4B 499000000 500000000 0.0291640
ta4B 500000000 501000000 0.0223550
ta4B 501000000 502000000 0.0294220
ta4B 502000000 503000000 0.0216080
ta4B 503000000 504000000 0.0232850
ta4B 504000000 505000000 0.0212880
ta4B 505000000 506000000 0.0219690
ta4B 506000000 507000000 0.0214650
ta4B 507000000 508000000 0.0266770
ta4B 508000000 509000000 0.0178170
ta4B 509000000 510000000 0.0223580
ta4B 510000000 511000000 0.0290880
ta4B 511000000 512000000 0.0171980
ta4B 512000000 513000000 0.0142710
ta4B 513000000 514000000 0.0180830
ta4B 514000000 515000000 0.0222080
ta4B 515000000 516000000 0.0254080
ta4B 516000000 517000000 0.0274520
ta4B 517000000 518000000 0.0368770
ta4B 518000000 519000000 0.0173120
ta4B 519000000 520000000 0.0144290
ta4B 520000000 521000000 0.0201800
ta4B 521000000 522000000 0.0191250
ta4B 522000000 523000000 0.0269560
ta4B 523000000 524000000 0.0285960
ta4B 524000000 525000000 0.0192770
ta4B 525000000 526000000 0.0174000
ta4B 526000000 527000000 0.0258710
ta4B 527000000 528000000 0.0194640
ta4B 528000000 529000000 0.0310460
ta4B 529000000 530000000 0.0299160
ta4B 530000000 531000000 0.0424670
ta4B 531000000 532000000 0.3677330
ta4B 532000000 533000000 0.2179290
ta4B 533000000 534000000 0.0221600
ta4B 534000000 535000000 0.0249210
ta4B 535000000 536000000 0.0243480
ta4B 536000000 537000000 0.0229050
ta4B 537000000 538000000 0.0193540
ta4B 538000000 539000000 0.0277330
ta4B 539000000 540000000 0.0165740
ta4B 540000000 541000000 0.0196310
ta4B 541000000 542000000 0.0195440
ta4B 542000000 543000000 0.0222350
ta4B 543000000 544000000 0.0224740
ta4B 544000000 545000000 0.0249890
ta4B 545000000 546000000 0.0326240
ta4B 546000000 547000000 0.0263760
ta4B 547000000 548000000 0.0806080
ta4B 548000000 549000000 0.3545970
ta4B 549000000 550000000 0.0908240
ta4B 550000000 551000000 0.0277760
ta4B 551000000 552000000 0.0244240
ta4B 552000000 553000000 0.0227740
ta4B 553000000 554000000 0.0206370
ta4B 554000000 555000000 0.0228860
ta4B 555000000 556000000 0.0185940
ta4B 556000000 557000000 0.0267440
ta4B 557000000 558000000 0.0219250
ta4B 558000000 559000000 0.0230250
ta4B 559000000 560000000 0.0220970
ta4B 560000000 561000000 0.0235100
ta4B 561000000 562000000 0.0325390
ta4B 562000000 563000000 0.0286690
ta4B 563000000 564000000 0.0282890
ta4B 564000000 565000000 0.0206450
ta4B 565000000 566000000 0.0211770
ta4B 566000000 567000000 0.0133330
ta4B 567000000 568000000 0.0349030
ta4B 568000000 569000000 0.0289570
ta4B 569000000 570000000 0.6520730
ta4B 570000000 571000000 0.0337930
ta4B 571000000 572000000 0.0206510
ta4B 572000000 573000000 0.0210470
ta4B 573000000 574000000 0.0208970
ta4B 574000000 575000000 0.0250370
ta4B 575000000 576000000 0.0267910
ta4B 576000000 577000000 0.0266040
ta4B 577000000 578000000 0.0342790
ta4B 578000000 579000000 0.0311940
ta4B 579000000 580000000 0.0275600
ta4B 580000000 581000000 0.0274730
ta4B 581000000 582000000 0.0291560
ta4B 582000000 583000000 0.0245230
ta4B 583000000 584000000 0.0226640
ta4B 584000000 585000000 0.0320700
ta4B 585000000 586000000 0.0345290
ta4B 586000000 587000000 0.0293140
ta4B 587000000 588000000 0.0279680
ta4B 588000000 589000000 0.0303990
ta4B 589000000 590000000 0.0351300
ta4B 590000000 591000000 0.0346520
ta4B 591000000 592000000 0.0219600
ta4B 592000000 593000000 0.0318760
ta4B 593000000 594000000 0.0342940
ta4B 594000000 595000000 0.0273890
ta4B 595000000 596000000 0.0280240
ta4B 596000000 597000000 0.0259610
ta4B 597000000 598000000 0.0320860
ta4B 598000000 599000000 0.0282130
ta4B 599000000 600000000 0.0346070
ta4B 600000000 601000000 0.0240240
ta4B 601000000 602000000 0.0283670
ta4B 602000000 603000000 0.0311840
ta4B 603000000 604000000 0.0273170
ta4B 604000000 605000000 0.0343020
ta4B 605000000 606000000 0.0193040
ta4B 606000000 607000000 0.0225540
ta4B 607000000 608000000 0.0310950
ta4B 608000000 609000000 0.0289890
ta4B 609000000 610000000 0.0231070
ta4B 610000000 611000000 0.0354090
ta4B 611000000 612000000 0.0328300
ta4B 612000000 613000000 0.0182040
ta4B 613000000 614000000 0.0274230
ta4B 614000000 615000000 0.1105040
ta4B 615000000 616000000 0.0253120
ta4B 616000000 617000000 0.0320100
ta4B 617000000 618000000 0.0323040
ta4B 618000000 619000000 0.0201920
ta4B 619000000 620000000 0.0220530
ta4B 620000000 621000000 0.0255930
ta4B 621000000 622000000 0.0239910
ta4B 622000000 623000000 0.0236370
ta4B 623000000 624000000 0.0264700
ta4B 624000000 625000000 0.0295560
ta4B 625000000 626000000 0.0289230
ta4B 626000000 627000000 0.0346350
ta4B 627000000 628000000 0.0411490
ta4B 628000000 629000000 0.0245270
ta4B 629000000 630000000 0.0286170
ta4B 630000000 631000000 0.0266340
ta4B 631000000 632000000 0.0265190
ta4B 632000000 633000000 0.0935460
ta4B 633000000 634000000 0.0275090
ta4B 634000000 635000000 0.0307550
ta4B 635000000 636000000 0.0320090
ta4B 636000000 637000000 0.0282870
ta4B 637000000 638000000 0.0255820
ta4B 638000000 639000000 0.0282470
ta4B 639000000 640000000 0.0201230
ta4B 640000000 641000000 0.0407860
ta4B 641000000 642000000 0.0279080
ta4B 642000000 643000000 0.0294010
ta4B 643000000 644000000 0.0400940
ta4B 644000000 645000000 0.0365370
ta4B 645000000 646000000 0.0334630
ta4B 646000000 647000000 0.0332430
ta4B 647000000 648000000 0.0336170
ta4B 648000000 649000000 0.0240820
ta4B 649000000 650000000 0.0368990
ta4B 650000000 651000000 0.0359380
ta4B 651000000 652000000 0.0313230
ta4B 652000000 653000000 0.0344560
ta4B 653000000 654000000 0.0358780
ta4B 654000000 655000000 0.0240950
ta4B 655000000 656000000 0.0359160
ta4B 656000000 657000000 0.0208510
ta4B 657000000 658000000 0.0409120
ta4B 658000000 659000000 0.0274050
ta4B 659000000 660000000 0.0345430
ta4B 660000000 661000000 0.0241890
ta4B 661000000 662000000 0.0354640
ta4B 662000000 663000000 0.0418450
ta4B 663000000 664000000 0.0212980
ta4B 664000000 665000000 0.0266320
ta4B 665000000 666000000 0.0281870
ta4B 666000000 667000000 0.0512740
ta4B 667000000 668000000 0.0270010
ta4B 668000000 669000000 0.2259770
ta4B 669000000 670000000 0.0311160
ta4B 670000000 671000000 0.1610030
ta4B 671000000 672000000 0.0354300
ta4B 672000000 673000000 0.0289040
ta4B 673000000 674000000 0.0325260
ta4B 674000000 675000000 0.0497920
ta4B 675000000 676000000 0.0566940
ta4B 676000000 677000000 0.0358560
ta4B 677000000 678000000 0.0333730
ta4B 678000000 679000000 0.1845580
ta4B 679000000 680000000 0.0284610
ta4B 680000000 681000000 0.0423400
ta4B 681000000 682000000 0.0340450
ta4B 682000000 683000000 0.0267110
ta4B 683000000 684000000 0.0294120
ta4B 684000000 685000000 0.0349910
ta4B 685000000 686000000 0.0417010
ta4B 686000000 687000000 0.1815130
ta4B 687000000 688000000 0.0507410
ta4B 688000000 689000000 0.0430340
ta4B 689000000 690000000 0.0427070
ta4B 690000000 691000000 0.0779440
ta4B 691000000 692000000 0.4035120
ta4B 692000000 693000000 0.1777280
ta4B 693000000 694000000 0.0546860
ta4B 694000000 695000000 0.0539700
ta4B 695000000 696000000 0.0873170
ta4B 696000000 697000000 0.9338950
ta4B 697000000 698000000 0.7618250
ta4B 698000000 699000000 0.6227680
ta4B 699000000 700000000 0.3728610
ta4B 700000000 701000000 0.2430860
ta4B 701000000 701046972 0.9446266
ta4D 0 1000000 0.2904480
ta4D 1000000 2000000 0.0112120
ta4D 2000000 3000000 0.0223840
ta4D 3000000 4000000 0.1712360
ta4D 4000000 5000000 0.0502090
ta4D 5000000 6000000 0.0370550
ta4D 6000000 7000000 0.1532100
ta4D 7000000 8000000 0.0316520
ta4D 8000000 9000000 0.0319400
ta4D 9000000 10000000 0.0367870
ta4D 10000000 11000000 0.0264550
ta4D 11000000 12000000 0.0332500
ta4D 12000000 13000000 0.0404050
ta4D 13000000 14000000 0.0315760
ta4D 14000000 15000000 0.0341550
ta4D 15000000 16000000 0.0264370
ta4D 16000000 17000000 0.0357680
ta4D 17000000 18000000 0.0237130
ta4D 18000000 19000000 0.0302500
ta4D 19000000 20000000 0.0250740
ta4D 20000000 21000000 0.0212860
ta4D 21000000 22000000 0.0284830
ta4D 22000000 23000000 0.0238130
ta4D 23000000 24000000 0.0277360
ta4D 24000000 25000000 0.0357880
ta4D 25000000 26000000 0.1940470
ta4D 26000000 27000000 0.0361590
ta4D 27000000 28000000 0.0283580
ta4D 28000000 29000000 0.0237540
ta4D 29000000 30000000 0.0236020
ta4D 30000000 31000000 0.0232380
ta4D 31000000 32000000 0.0251600
ta4D 32000000 33000000 0.0290380
ta4D 33000000 34000000 0.0291140
ta4D 34000000 35000000 0.0211830
ta4D 35000000 36000000 0.0265880
ta4D 36000000 37000000 0.0236090
ta4D 37000000 38000000 0.0264230
ta4D 38000000 39000000 0.0289920
ta4D 39000000 40000000 0.0276660
ta4D 40000000 41000000 0.0260890
ta4D 41000000 42000000 0.0372570
ta4D 42000000 43000000 0.0200580
ta4D 43000000 44000000 0.0265280
ta4D 44000000 45000000 0.0390510
ta4D 45000000 46000000 0.0272030
ta4D 46000000 47000000 0.0296420
ta4D 47000000 48000000 0.0253970
ta4D 48000000 49000000 0.0267040
ta4D 49000000 50000000 0.0262060
ta4D 50000000 51000000 0.0266160
ta4D 51000000 52000000 0.0334230
ta4D 52000000 53000000 0.0266220
ta4D 53000000 54000000 0.0348580
ta4D 54000000 55000000 0.0278280
ta4D 55000000 56000000 0.0244880
ta4D 56000000 57000000 0.0349480
ta4D 57000000 58000000 0.0280900
ta4D 58000000 59000000 0.0366930
ta4D 59000000 60000000 0.0260030
ta4D 60000000 61000000 0.0260230
ta4D 61000000 62000000 0.0305810
ta4D 62000000 63000000 0.0269670
ta4D 63000000 64000000 0.0269970
ta4D 64000000 65000000 0.0373020
ta4D 65000000 66000000 0.0314330
ta4D 66000000 67000000 0.0285890
ta4D 67000000 68000000 0.0313450
ta4D 68000000 69000000 0.0256090
ta4D 69000000 70000000 0.0223910
ta4D 70000000 71000000 0.0360730
ta4D 71000000 72000000 0.0326230
ta4D 72000000 73000000 0.0266700
ta4D 73000000 74000000 0.0273150
ta4D 74000000 75000000 0.0237560
ta4D 75000000 76000000 0.0249390
ta4D 76000000 77000000 0.0270610
ta4D 77000000 78000000 0.0233390
ta4D 78000000 79000000 0.0357700
ta4D 79000000 80000000 0.0274200
ta4D 80000000 81000000 0.0306190
ta4D 81000000 82000000 0.0254720
ta4D 82000000 83000000 0.0291170
ta4D 83000000 84000000 0.0220020
ta4D 84000000 85000000 0.0262670
ta4D 85000000 86000000 0.0187250
ta4D 86000000 87000000 0.0208510
ta4D 87000000 88000000 0.0311320
ta4D 88000000 89000000 0.0300310
ta4D 89000000 90000000 0.0310000
ta4D 90000000 91000000 0.0173360
ta4D 91000000 92000000 0.0255120
ta4D 92000000 93000000 0.0342470
ta4D 93000000 94000000 0.0296020
ta4D 94000000 95000000 0.0230070
ta4D 95000000 96000000 0.0224440
ta4D 96000000 97000000 0.0303510
ta4D 97000000 98000000 0.0313330
ta4D 98000000 99000000 0.0229160
ta4D 99000000 100000000 0.0287330
ta4D 100000000 101000000 0.0213550
ta4D 101000000 102000000 0.0167320
ta4D 102000000 103000000 0.0255610
ta4D 103000000 104000000 0.0283120
ta4D 104000000 105000000 0.0171270
ta4D 105000000 106000000 0.0193320
ta4D 106000000 107000000 0.0321090
ta4D 107000000 108000000 0.0219940
ta4D 108000000 109000000 0.0218050
ta4D 109000000 110000000 0.0230090
ta4D 110000000 111000000 0.0319940
ta4D 111000000 112000000 0.0275870
ta4D 112000000 113000000 0.0241720
ta4D 113000000 114000000 0.0322500
ta4D 114000000 115000000 0.4308870
ta4D 115000000 116000000 0.0233850
ta4D 116000000 117000000 0.0280900
ta4D 117000000 118000000 0.0281440
ta4D 118000000 119000000 0.0190930
ta4D 119000000 120000000 0.0259160
ta4D 120000000 121000000 0.0353010
ta4D 121000000 122000000 0.0227560
ta4D 122000000 123000000 0.0367920
ta4D 123000000 124000000 0.0235740
ta4D 124000000 125000000 0.0260000
ta4D 125000000 126000000 0.0129010
ta4D 126000000 127000000 0.0219840
ta4D 127000000 128000000 0.0368920
ta4D 128000000 129000000 0.0265130
ta4D 129000000 130000000 0.0241490
ta4D 130000000 131000000 0.0286540
ta4D 131000000 132000000 0.0249150
ta4D 132000000 133000000 0.0222950
ta4D 133000000 134000000 0.0277940
ta4D 134000000 135000000 0.0243090
ta4D 135000000 136000000 0.0298880
ta4D 136000000 137000000 0.0259470
ta4D 137000000 138000000 0.0238680
ta4D 138000000 139000000 0.0283490
ta4D 139000000 140000000 0.0332020
ta4D 140000000 141000000 0.0240220
ta4D 141000000 142000000 0.0331430
ta4D 142000000 143000000 0.0223270
ta4D 143000000 144000000 0.0236760
ta4D 144000000 145000000 0.0253570
ta4D 145000000 146000000 0.0244550
ta4D 146000000 147000000 0.0357140
ta4D 147000000 148000000 0.0243170
ta4D 148000000 149000000 0.0222490
ta4D 149000000 150000000 0.0237350
ta4D 150000000 151000000 0.0246230
ta4D 151000000 152000000 0.0207210
ta4D 152000000 153000000 0.0164670
ta4D 153000000 154000000 0.0302820
ta4D 154000000 155000000 0.0297070
ta4D 155000000 156000000 0.0328190
ta4D 156000000 157000000 0.0233770
ta4D 157000000 158000000 0.0337230
ta4D 158000000 159000000 0.0269660
ta4D 159000000 160000000 0.0252910
ta4D 160000000 161000000 0.0334340
ta4D 161000000 162000000 0.0208330
ta4D 162000000 163000000 0.0235430
ta4D 163000000 164000000 0.0219520
ta4D 164000000 165000000 0.0237520
ta4D 165000000 166000000 0.1139080
ta4D 166000000 167000000 0.0363710
ta4D 167000000 168000000 0.1757420
ta4D 168000000 169000000 0.4019940
ta4D 169000000 170000000 0.0218100
ta4D 170000000 171000000 0.0235950
ta4D 171000000 172000000 0.0197460
ta4D 172000000 173000000 0.0329640
ta4D 173000000 174000000 0.0204460
ta4D 174000000 175000000 0.0316190
ta4D 175000000 176000000 0.0287810
ta4D 176000000 177000000 0.0327020
ta4D 177000000 178000000 0.0190690
ta4D 178000000 179000000 0.0187210
ta4D 179000000 180000000 0.0239760
ta4D 180000000 181000000 0.0417410
ta4D 181000000 182000000 0.1298390
ta4D 182000000 183000000 0.0198060
ta4D 183000000 184000000 0.0170480
ta4D 184000000 185000000 0.0221280
ta4D 185000000 186000000 0.0179460
ta4D 186000000 187000000 0.0241840
ta4D 187000000 188000000 0.0297600
ta4D 188000000 189000000 0.1642880
ta4D 189000000 190000000 0.7283190
ta4D 190000000 191000000 0.1352240
ta4D 191000000 192000000 0.0178740
ta4D 192000000 193000000 0.0212070
ta4D 193000000 194000000 0.0256720
ta4D 194000000 195000000 0.0243350
ta4D 195000000 196000000 0.0219810
ta4D 196000000 197000000 0.0248640
ta4D 197000000 198000000 0.0263040
ta4D 198000000 199000000 0.0285050
ta4D 199000000 200000000 0.0287620
ta4D 200000000 201000000 0.0214930
ta4D 201000000 202000000 0.0235400
ta4D 202000000 203000000 0.0283500
ta4D 203000000 204000000 0.0139410
ta4D 204000000 205000000 0.0284190
ta4D 205000000 206000000 0.0237440
ta4D 206000000 207000000 0.0246490
ta4D 207000000 208000000 0.5210460
ta4D 208000000 209000000 1.0000000
ta4D 209000000 210000000 0.8721000
ta4D 210000000 211000000 0.0258530
ta4D 211000000 212000000 0.0256310
ta4D 212000000 213000000 0.0291110
ta4D 213000000 214000000 0.0261380
ta4D 214000000 215000000 0.0287510
ta4D 215000000 216000000 0.0205360
ta4D 216000000 217000000 0.0197280
ta4D 217000000 218000000 0.0198610
ta4D 218000000 219000000 0.0270760
ta4D 219000000 220000000 0.0228240
ta4D 220000000 221000000 0.0241100
ta4D 221000000 222000000 0.0238520
ta4D 222000000 223000000 0.0237510
ta4D 223000000 224000000 0.0237640
ta4D 224000000 225000000 0.0160380
ta4D 225000000 226000000 0.0185440
ta4D 226000000 227000000 0.0236980
ta4D 227000000 228000000 0.0185280
ta4D 228000000 229000000 0.0216650
ta4D 229000000 230000000 0.0208360
ta4D 230000000 231000000 0.0185470
ta4D 231000000 232000000 0.0200070
ta4D 232000000 233000000 0.0338230
ta4D 233000000 234000000 0.0206860
ta4D 234000000 235000000 0.0233640
ta4D 235000000 236000000 0.0181420
ta4D 236000000 237000000 0.0277350
ta4D 237000000 238000000 0.0305210
ta4D 238000000 239000000 0.0189880
ta4D 239000000 240000000 0.0235370
ta4D 240000000 241000000 0.0181500
ta4D 241000000 242000000 0.0331220
ta4D 242000000 243000000 0.0209000
ta4D 243000000 244000000 0.0239090
ta4D 244000000 245000000 0.0199100
ta4D 245000000 246000000 0.0209730
ta4D 246000000 247000000 0.0182600
ta4D 247000000 248000000 0.0194370
ta4D 248000000 249000000 0.0252390
ta4D 249000000 250000000 0.0843510
ta4D 250000000 251000000 0.7924230
ta4D 251000000 252000000 0.1115230
ta4D 252000000 253000000 0.0151550
ta4D 253000000 254000000 0.0150650
ta4D 254000000 255000000 0.0228460
ta4D 255000000 256000000 0.0197290
ta4D 256000000 257000000 0.0202070
ta4D 257000000 258000000 0.0260330
ta4D 258000000 259000000 0.0246660
ta4D 259000000 260000000 0.0187820
ta4D 260000000 261000000 0.0257910
ta4D 261000000 262000000 0.0247220
ta4D 262000000 263000000 0.0209120
ta4D 263000000 264000000 0.0159700
ta4D 264000000 265000000 0.0166680
ta4D 265000000 266000000 0.0229920
ta4D 266000000 267000000 0.0170620
ta4D 267000000 268000000 0.0234680
ta4D 268000000 269000000 0.0141260
ta4D 269000000 270000000 0.0218930
ta4D 270000000 271000000 0.0217430
ta4D 271000000 272000000 0.0279280
ta4D 272000000 273000000 0.0383110
ta4D 273000000 274000000 0.0266460
ta4D 274000000 275000000 0.0304930
ta4D 275000000 276000000 0.0237900
ta4D 276000000 277000000 0.0282940
ta4D 277000000 278000000 0.0674540
ta4D 278000000 279000000 0.0280370
ta4D 279000000 280000000 0.0277310
ta4D 280000000 281000000 0.0224720
ta4D 281000000 282000000 0.0293890
ta4D 282000000 283000000 0.0274150
ta4D 283000000 284000000 0.0255480
ta4D 284000000 285000000 0.0251770
ta4D 285000000 286000000 0.0206140
ta4D 286000000 287000000 0.0369340
ta4D 287000000 288000000 0.0208870
ta4D 288000000 289000000 0.0238370
ta4D 289000000 290000000 0.0264270
ta4D 290000000 291000000 0.0195510
ta4D 291000000 292000000 0.0154690
ta4D 292000000 293000000 0.0348940
ta4D 293000000 294000000 0.0315050
ta4D 294000000 295000000 0.0187460
ta4D 295000000 296000000 0.0281500
ta4D 296000000 297000000 0.0228460
ta4D 297000000 298000000 0.0294720
ta4D 298000000 299000000 0.0267010
ta4D 299000000 300000000 0.0281140
ta4D 300000000 301000000 0.0295990
ta4D 301000000 302000000 0.0205100
ta4D 302000000 303000000 0.0225600
ta4D 303000000 304000000 0.0250510
ta4D 304000000 305000000 0.0334070
ta4D 305000000 306000000 0.0228430
ta4D 306000000 307000000 0.0236610
ta4D 307000000 308000000 0.0193510
ta4D 308000000 309000000 0.0231040
ta4D 309000000 310000000 0.0234260
ta4D 310000000 311000000 0.0238390
ta4D 311000000 312000000 0.0224160
ta4D 312000000 313000000 0.0260800
ta4D 313000000 314000000 0.0291420
ta4D 314000000 315000000 0.0295990
ta4D 315000000 316000000 0.0319500
ta4D 316000000 317000000 0.0218050
ta4D 317000000 318000000 0.0336130
ta4D 318000000 319000000 0.0259590
ta4D 319000000 320000000 0.0287430
ta4D 320000000 321000000 0.0245090
ta4D 321000000 322000000 0.0202230
ta4D 322000000 323000000 0.0252800
ta4D 323000000 324000000 0.0318530
ta4D 324000000 325000000 0.0209200
ta4D 325000000 326000000 0.0242210
ta4D 326000000 327000000 0.0226040
ta4D 327000000 328000000 0.0222730
ta4D 328000000 329000000 0.3134080
ta4D 329000000 330000000 0.0274690
ta4D 330000000 331000000 0.0121240
ta4D 331000000 332000000 0.0186380
ta4D 332000000 333000000 0.0303980
ta4D 333000000 334000000 0.0200980
ta4D 334000000 335000000 0.0312300
ta4D 335000000 336000000 0.0267570
ta4D 336000000 337000000 0.0369600
ta4D 337000000 338000000 0.0416920
ta4D 338000000 339000000 0.0289830
ta4D 339000000 340000000 0.0356540
ta4D 340000000 341000000 0.0246760
ta4D 341000000 342000000 0.0299790
ta4D 342000000 343000000 0.0263090
ta4D 343000000 344000000 0.0258550
ta4D 344000000 345000000 0.0201750
ta4D 345000000 346000000 0.0145610
ta4D 346000000 347000000 0.0354520
ta4D 347000000 348000000 0.0213990
ta4D 348000000 349000000 0.0359910
ta4D 349000000 350000000 0.0236690
ta4D 350000000 351000000 0.0252890
ta4D 351000000 352000000 0.0274360
ta4D 352000000 353000000 0.0309370
ta4D 353000000 354000000 0.0310260
ta4D 354000000 355000000 0.0283140
ta4D 355000000 356000000 0.0233960
ta4D 356000000 357000000 0.0237590
ta4D 357000000 358000000 0.0302780
ta4D 358000000 359000000 0.0241870
ta4D 359000000 360000000 0.0199430
ta4D 360000000 361000000 0.0160620
ta4D 361000000 362000000 0.0176330
ta4D 362000000 363000000 0.0293040
ta4D 363000000 364000000 0.0283000
ta4D 364000000 365000000 0.0311180
ta4D 365000000 366000000 0.3109380
ta4D 366000000 367000000 0.0326240
ta4D 367000000 368000000 0.0332650
ta4D 368000000 369000000 0.0165410
ta4D 369000000 370000000 0.0286790
ta4D 370000000 371000000 0.0377750
ta4D 371000000 372000000 0.0289550
ta4D 372000000 373000000 0.0242440
ta4D 373000000 374000000 0.0310570
ta4D 374000000 375000000 0.0263530
ta4D 375000000 376000000 0.0305950
ta4D 376000000 377000000 0.0248120
ta4D 377000000 378000000 0.0337390
ta4D 378000000 379000000 0.0249700
ta4D 379000000 380000000 0.0259400
ta4D 380000000 381000000 0.0197850
ta4D 381000000 382000000 0.0270540
ta4D 382000000 383000000 0.0294030
ta4D 383000000 384000000 0.1656200
ta4D 384000000 385000000 0.7317620
ta4D 385000000 386000000 0.0559870
ta4D 386000000 387000000 0.0200510
ta4D 387000000 388000000 0.0250290
ta4D 388000000 389000000 0.0171710
ta4D 389000000 390000000 0.0283710
ta4D 390000000 391000000 0.0271910
ta4D 391000000 392000000 0.0287040
ta4D 392000000 393000000 0.0288200
ta4D 393000000 394000000 0.0242900
ta4D 394000000 395000000 0.0283030
ta4D 395000000 396000000 0.0178780
ta4D 396000000 397000000 0.0281060
ta4D 397000000 398000000 0.0193360
ta4D 398000000 399000000 0.0212820
ta4D 399000000 400000000 0.0260730
ta4D 400000000 401000000 0.3431590
ta4D 401000000 402000000 1.0000000
ta4D 402000000 403000000 0.2879800
ta4D 403000000 404000000 0.0164490
ta4D 404000000 405000000 0.0264360
ta4D 405000000 406000000 0.0271120
ta4D 406000000 407000000 0.0315440
ta4D 407000000 408000000 0.0211730
ta4D 408000000 409000000 0.0214700
ta4D 409000000 410000000 0.0237310
ta4D 410000000 411000000 0.0276730
ta4D 411000000 412000000 0.0234100
ta4D 412000000 413000000 0.0269240
ta4D 413000000 414000000 0.0283370
ta4D 414000000 415000000 0.0374260
ta4D 415000000 416000000 0.4588240
ta4D 416000000 417000000 1.0000000
ta4D 417000000 418000000 0.3593520
ta4D 418000000 419000000 0.0330270
ta4D 419000000 420000000 0.0260790
ta4D 420000000 421000000 0.0372340
ta4D 421000000 422000000 0.5350030
ta4D 422000000 423000000 0.0461140
ta4D 423000000 424000000 0.0370090
ta4D 424000000 425000000 0.6484300
ta4D 425000000 426000000 0.0601010
ta4D 426000000 427000000 0.0298150
ta4D 427000000 428000000 0.0240960
ta4D 428000000 429000000 0.0355390
ta4D 429000000 430000000 0.0280200
ta4D 430000000 431000000 0.0380780
ta4D 431000000 432000000 0.0699640
ta4D 432000000 433000000 0.0318190
ta4D 433000000 434000000 0.0239120
ta4D 434000000 435000000 0.0307830
ta4D 435000000 436000000 0.0305570
ta4D 436000000 437000000 0.0397730
ta4D 437000000 438000000 0.0282870
ta4D 438000000 439000000 0.0244160
ta4D 439000000 440000000 0.0234280
ta4D 440000000 441000000 0.0235590
ta4D 441000000 442000000 0.2091770
ta4D 442000000 443000000 0.6265360
ta4D 443000000 444000000 0.2699110
ta4D 444000000 445000000 0.2559980
ta4D 445000000 446000000 0.0238810
ta4D 446000000 447000000 0.0231220
ta4D 447000000 448000000 0.0246030
ta4D 448000000 449000000 0.0303050
ta4D 449000000 450000000 0.0290820
ta4D 450000000 451000000 0.0235960
ta4D 451000000 452000000 0.0330640
ta4D 452000000 453000000 0.0312160
ta4D 453000000 454000000 0.0327200
ta4D 454000000 455000000 0.0329070
ta4D 455000000 456000000 0.0243340
ta4D 456000000 457000000 0.0258780
ta4D 457000000 458000000 0.0233660
ta4D 458000000 459000000 0.0296930
ta4D 459000000 460000000 0.0310820
ta4D 460000000 461000000 0.0314380
ta4D 461000000 462000000 0.0421580
ta4D 462000000 463000000 0.0352630
ta4D 463000000 464000000 0.0271290
ta4D 464000000 465000000 0.0228850
ta4D 465000000 466000000 0.0292110
ta4D 466000000 467000000 0.0239620
ta4D 467000000 468000000 0.0323460
ta4D 468000000 469000000 0.0305920
ta4D 469000000 470000000 0.0378040
ta4D 470000000 471000000 0.0304660
ta4D 471000000 472000000 0.0295600
ta4D 472000000 473000000 0.0246690
ta4D 473000000 474000000 0.0279130
ta4D 474000000 475000000 0.0668070
ta4D 475000000 476000000 0.0800650
ta4D 476000000 477000000 0.0323860
ta4D 477000000 478000000 0.0335990
ta4D 478000000 479000000 0.0353790
ta4D 479000000 480000000 0.0399580
ta4D 480000000 481000000 0.0324500
ta4D 481000000 482000000 0.0295740
ta4D 482000000 483000000 0.0305880
ta4D 483000000 484000000 0.0272580
ta4D 484000000 485000000 0.0331620
ta4D 485000000 486000000 0.0362400
ta4D 486000000 487000000 0.2066670
ta4D 487000000 488000000 0.0296410
ta4D 488000000 489000000 0.0392830
ta4D 489000000 490000000 0.0239950
ta4D 490000000 491000000 0.0260480
ta4D 491000000 492000000 0.0270720
ta4D 492000000 493000000 0.0283690
ta4D 493000000 494000000 0.0431910
ta4D 494000000 495000000 0.0420640
ta4D 495000000 496000000 0.0439660
ta4D 496000000 497000000 0.0354500
ta4D 497000000 498000000 0.0350610
ta4D 498000000 499000000 0.0393250
ta4D 499000000 500000000 0.0356890
ta4D 500000000 501000000 0.0364010
ta4D 501000000 502000000 0.0370250
ta4D 502000000 503000000 0.0461750
ta4D 503000000 504000000 0.0344780
ta4D 504000000 505000000 0.0376520
ta4D 505000000 506000000 0.0715230
ta4D 506000000 507000000 0.0571550
ta4D 507000000 508000000 0.0345940
ta4D 508000000 509000000 0.0449550
ta4D 509000000 510000000 0.0420480
ta4D 510000000 511000000 0.0389960
ta4D 511000000 512000000 0.0339910
ta4D 512000000 513000000 0.0342660
ta4D 513000000 514000000 0.1562690
ta4D 514000000 515000000 0.0333820
ta4D 515000000 516000000 0.0421780
ta4D 516000000 517000000 0.0342950
ta4D 517000000 518000000 0.0392060
ta4D 518000000 519000000 0.0417730
ta4D 519000000 520000000 0.0281380
ta4D 520000000 521000000 0.0432970
ta4D 521000000 522000000 0.1685980
ta4D 522000000 523000000 0.0407330
ta4D 523000000 524000000 0.0728240
ta4D 524000000 525000000 0.0405810
ta4D 525000000 526000000 0.0352840
ta4D 526000000 527000000 0.0401650
ta4D 527000000 528000000 0.0350090
ta4D 528000000 529000000 0.0369320
ta4D 529000000 530000000 0.0401690
ta4D 530000000 531000000 0.0773940
ta4D 531000000 532000000 0.0436440
ta4D 532000000 532528736 0.0414252
ta5A 0 1000000 0.1791030
ta5A 1000000 2000000 0.9999580
ta5A 2000000 3000000 0.8668730
ta5A 3000000 4000000 0.0438780
ta5A 4000000 5000000 0.0305260
ta5A 5000000 6000000 0.0537980
ta5A 6000000 7000000 0.0407310
ta5A 7000000 8000000 0.0363330
ta5A 8000000 9000000 0.0400690
ta5A 9000000 10000000 0.0246460
ta5A 10000000 11000000 0.0325170
ta5A 11000000 12000000 0.0227990
ta5A 12000000 13000000 0.0270480
ta5A 13000000 14000000 0.0193620
ta5A 14000000 15000000 0.0364450
ta5A 15000000 16000000 0.0397440
ta5A 16000000 17000000 0.0323510
ta5A 17000000 18000000 0.0437250
ta5A 18000000 19000000 0.0434160
ta5A 19000000 20000000 0.0333190
ta5A 20000000 21000000 0.0262340
ta5A 21000000 22000000 0.0375210
ta5A 22000000 23000000 0.0277930
ta5A 23000000 24000000 0.0226040
ta5A 24000000 25000000 0.0315980
ta5A 25000000 26000000 0.0165090
ta5A 26000000 27000000 0.0184980
ta5A 27000000 28000000 0.0230970
ta5A 28000000 29000000 0.0356420
ta5A 29000000 30000000 0.0199380
ta5A 30000000 31000000 0.0214960
ta5A 31000000 32000000 0.0244250
ta5A 32000000 33000000 0.0239660
ta5A 33000000 34000000 0.0229230
ta5A 34000000 35000000 0.0276650
ta5A 35000000 36000000 0.0493710
ta5A 36000000 37000000 0.0309600
ta5A 37000000 38000000 0.0282870
ta5A 38000000 39000000 0.0305540
ta5A 39000000 40000000 0.0408440
ta5A 40000000 41000000 0.0247380
ta5A 41000000 42000000 0.0303650
ta5A 42000000 43000000 0.0238540
ta5A 43000000 44000000 0.0299070
ta5A 44000000 45000000 0.0249020
ta5A 45000000 46000000 0.0248410
ta5A 46000000 47000000 0.0226420
ta5A 47000000 48000000 0.0273000
ta5A 48000000 49000000 0.0330450
ta5A 49000000 50000000 0.0195640
ta5A 50000000 51000000 0.0277240
ta5A 51000000 52000000 0.0267870
ta5A 52000000 53000000 0.0309930
ta5A 53000000 54000000 0.0217880
ta5A 54000000 55000000 0.0248780
ta5A 55000000 56000000 0.0187070
ta5A 56000000 57000000 0.0323430
ta5A 57000000 58000000 0.0252630
ta5A 58000000 59000000 0.0247080
ta5A 59000000 60000000 0.0211630
ta5A 60000000 61000000 0.0210730
ta5A 61000000 62000000 0.0180490
ta5A 62000000 63000000 0.0280350
ta5A 63000000 64000000 0.0253690
ta5A 64000000 65000000 0.0173160
ta5A 65000000 66000000 0.0589120
ta5A 66000000 67000000 0.5260940
ta5A 67000000 68000000 0.0249420
ta5A 68000000 69000000 0.0156520
ta5A 69000000 70000000 0.0243100
ta5A 70000000 71000000 0.0261660
ta5A 71000000 72000000 0.0179720
ta5A 72000000 73000000 0.0259040
ta5A 73000000 74000000 0.0195640
ta5A 74000000 75000000 0.0160720
ta5A 75000000 76000000 0.0205990
ta5A 76000000 77000000 0.0343390
ta5A 77000000 78000000 0.0293490
ta5A 78000000 79000000 0.0171860
ta5A 79000000 80000000 0.0228240
ta5A 80000000 81000000 0.1647040
ta5A 81000000 82000000 0.0179910
ta5A 82000000 83000000 0.0179680
ta5A 83000000 84000000 0.0268500
ta5A 84000000 85000000 0.0277570
ta5A 85000000 86000000 0.0232120
ta5A 86000000 87000000 0.0264790
ta5A 87000000 88000000 0.0264790
ta5A 88000000 89000000 0.0193970
ta5A 89000000 90000000 0.0182530
ta5A 90000000 91000000 0.0182600
ta5A 91000000 92000000 0.0158950
ta5A 92000000 93000000 0.0187270
ta5A 93000000 94000000 0.0185960
ta5A 94000000 95000000 0.0223510
ta5A 95000000 96000000 0.0154360
ta5A 96000000 97000000 0.0182520
ta5A 97000000 98000000 0.0307170
ta5A 98000000 99000000 0.0305340
ta5A 99000000 100000000 0.0218210
ta5A 100000000 101000000 0.0216940
ta5A 101000000 102000000 0.0177380
ta5A 102000000 103000000 0.0178560
ta5A 103000000 104000000 0.0155910
ta5A 104000000 105000000 0.0255740
ta5A 105000000 106000000 0.0187510
ta5A 106000000 107000000 0.0243010
ta5A 107000000 108000000 0.0324150
ta5A 108000000 109000000 0.0183390
ta5A 109000000 110000000 0.0179470
ta5A 110000000 111000000 0.0243130
ta5A 111000000 112000000 0.0151590
ta5A 112000000 113000000 0.0199980
ta5A 113000000 114000000 0.0305210
ta5A 114000000 115000000 0.0192180
ta5A 115000000 116000000 0.0205980
ta5A 116000000 117000000 0.0315110
ta5A 117000000 118000000 0.0289570
ta5A 118000000 119000000 0.0194450
ta5A 119000000 120000000 0.0209330
ta5A 120000000 121000000 0.0308740
ta5A 121000000 122000000 0.0207990
ta5A 122000000 123000000 0.0229130
ta5A 123000000 124000000 0.0269580
ta5A 124000000 125000000 0.0219930
ta5A 125000000 126000000 0.0226270
ta5A 126000000 127000000 0.0234130
ta5A 127000000 128000000 0.0234350
ta5A 128000000 129000000 0.0186900
ta5A 129000000 130000000 0.0226460
ta5A 130000000 131000000 0.0212450
ta5A 131000000 132000000 0.0204880
ta5A 132000000 133000000 0.0211340
ta5A 133000000 134000000 0.0160160
ta5A 134000000 135000000 0.0155770
ta5A 135000000 136000000 0.0246110
ta5A 136000000 137000000 0.0227140
ta5A 137000000 138000000 0.0255970
ta5A 138000000 139000000 0.0216170
ta5A 139000000 140000000 0.0195170
ta5A 140000000 141000000 0.0252320
ta5A 141000000 142000000 0.0134320
ta5A 142000000 143000000 0.0209600
ta5A 143000000 144000000 0.0202510
ta5A 144000000 145000000 0.0183520
ta5A 145000000 146000000 0.0263810
ta5A 146000000 147000000 0.0157130
ta5A 147000000 148000000 0.0219840
ta5A 148000000 149000000 0.0179420
ta5A 149000000 150000000 0.0198430
ta5A 150000000 151000000 0.0229980
ta5A 151000000 152000000 0.0152090
ta5A 152000000 153000000 0.0178100
ta5A 153000000 154000000 0.0141480
ta5A 154000000 155000000 0.0163690
ta5A 155000000 156000000 0.1370280
ta5A 156000000 157000000 0.0507920
ta5A 157000000 158000000 0.0284590
ta5A 158000000 159000000 0.0239000
ta5A 159000000 160000000 0.0227440
ta5A 160000000 161000000 0.0186730
ta5A 161000000 162000000 0.2029540
ta5A 162000000 163000000 0.0214680
ta5A 163000000 164000000 0.0239870
ta5A 164000000 165000000 0.0166070
ta5A 165000000 166000000 0.0211350
ta5A 166000000 167000000 0.0216330
ta5A 167000000 168000000 0.0205960
ta5A 168000000 169000000 0.0194080
ta5A 169000000 170000000 0.0201800
ta5A 170000000 171000000 0.0164500
ta5A 171000000 172000000 0.0200530
ta5A 172000000 173000000 0.0160390
ta5A 173000000 174000000 0.0152880
ta5A 174000000 175000000 0.0143770
ta5A 175000000 176000000 0.0256680
ta5A 176000000 177000000 0.0225660
ta5A 177000000 178000000 0.0229840
ta5A 178000000 179000000 0.0151450
ta5A 179000000 180000000 0.0193720
ta5A 180000000 181000000 0.0220490
ta5A 181000000 182000000 0.0149890
ta5A 182000000 183000000 0.0213300
ta5A 183000000 184000000 0.0187030
ta5A 184000000 185000000 0.0151590
ta5A 185000000 186000000 0.0193700
ta5A 186000000 187000000 0.0094380
ta5A 187000000 188000000 0.0193140
ta5A 188000000 189000000 0.0257380
ta5A 189000000 190000000 0.0172250
ta5A 190000000 191000000 0.0273630
ta5A 191000000 192000000 0.0267850
ta5A 192000000 193000000 0.0243590
ta5A 193000000 194000000 0.0214210
ta5A 194000000 195000000 0.0198060
ta5A 195000000 196000000 0.0257420
ta5A 196000000 197000000 0.0191290
ta5A 197000000 198000000 0.0186330
ta5A 198000000 199000000 0.0177840
ta5A 199000000 200000000 0.0207690
ta5A 200000000 201000000 0.0245620
ta5A 201000000 202000000 0.0200390
ta5A 202000000 203000000 0.0184330
ta5A 203000000 204000000 0.0181400
ta5A 204000000 205000000 0.0152080
ta5A 205000000 206000000 0.0203860
ta5A 206000000 207000000 0.0251230
ta5A 207000000 208000000 0.0193230
ta5A 208000000 209000000 0.0209560
ta5A 209000000 210000000 0.0169670
ta5A 210000000 211000000 0.0145150
ta5A 211000000 212000000 0.0220660
ta5A 212000000 213000000 0.0155590
ta5A 213000000 214000000 0.0238630
ta5A 214000000 215000000 0.0172530
ta5A 215000000 216000000 0.0236150
ta5A 216000000 217000000 0.0191680
ta5A 217000000 218000000 0.0262620
ta5A 218000000 219000000 0.0223930
ta5A 219000000 220000000 0.0187600
ta5A 220000000 221000000 0.0135190
ta5A 221000000 222000000 0.0207230
ta5A 222000000 223000000 0.0174510
ta5A 223000000 224000000 0.0233960
ta5A 224000000 225000000 0.0265120
ta5A 225000000 226000000 0.0145980
ta5A 226000000 227000000 0.0174400
ta5A 227000000 228000000 0.0157690
ta5A 228000000 229000000 0.0237200
ta5A 229000000 230000000 0.0221180
ta5A 230000000 231000000 0.1116600
ta5A 231000000 232000000 0.7993050
ta5A 232000000 233000000 0.0157360
ta5A 233000000 234000000 0.0281420
ta5A 234000000 235000000 0.0188930
ta5A 235000000 236000000 0.0115100
ta5A 236000000 237000000 0.0174370
ta5A 237000000 238000000 0.0296940
ta5A 238000000 239000000 0.0241950
ta5A 239000000 240000000 0.0277560
ta5A 240000000 241000000 0.0290820
ta5A 241000000 242000000 0.0226380
ta5A 242000000 243000000 0.0201410
ta5A 243000000 244000000 0.0152090
ta5A 244000000 245000000 0.0160390
ta5A 245000000 246000000 0.0189460
ta5A 246000000 247000000 0.0187700
ta5A 247000000 248000000 0.0202530
ta5A 248000000 249000000 0.0165810
ta5A 249000000 250000000 0.0215160
ta5A 250000000 251000000 0.0210060
ta5A 251000000 252000000 0.0183510
ta5A 252000000 253000000 0.0197610
ta5A 253000000 254000000 0.0258900
ta5A 254000000 255000000 0.0215480
ta5A 255000000 256000000 0.0203800
ta5A 256000000 257000000 0.0207320
ta5A 257000000 258000000 0.0243730
ta5A 258000000 259000000 0.0199830
ta5A 259000000 260000000 0.0209680
ta5A 260000000 261000000 0.0212120
ta5A 261000000 262000000 0.0179360
ta5A 262000000 263000000 0.0184510
ta5A 263000000 264000000 0.0184550
ta5A 264000000 265000000 0.0263440
ta5A 265000000 266000000 0.0188550
ta5A 266000000 267000000 0.0208190
ta5A 267000000 268000000 0.0178650
ta5A 268000000 269000000 0.0144720
ta5A 269000000 270000000 0.0208060
ta5A 270000000 271000000 0.0221810
ta5A 271000000 272000000 0.0177780
ta5A 272000000 273000000 0.0190350
ta5A 273000000 274000000 0.0196320
ta5A 274000000 275000000 0.0157120
ta5A 275000000 276000000 0.0237290
ta5A 276000000 277000000 0.0215940
ta5A 277000000 278000000 0.0232100
ta5A 278000000 279000000 0.0268910
ta5A 279000000 280000000 0.0155520
ta5A 280000000 281000000 0.0253000
ta5A 281000000 282000000 0.0151650
ta5A 282000000 283000000 0.0210650
ta5A 283000000 284000000 0.0200040
ta5A 284000000 285000000 0.0155590
ta5A 285000000 286000000 0.0230310
ta5A 286000000 287000000 0.0282980
ta5A 287000000 288000000 0.0193860
ta5A 288000000 289000000 0.0229060
ta5A 289000000 290000000 0.0216500
ta5A 290000000 291000000 0.0160440
ta5A 291000000 292000000 0.0231030
ta5A 292000000 293000000 0.0265600
ta5A 293000000 294000000 0.0199490
ta5A 294000000 295000000 0.0276160
ta5A 295000000 296000000 0.0156840
ta5A 296000000 297000000 0.0199970
ta5A 297000000 298000000 0.0171010
ta5A 298000000 299000000 0.0244810
ta5A 299000000 300000000 0.0171870
ta5A 300000000 301000000 0.0235980
ta5A 301000000 302000000 0.0145430
ta5A 302000000 303000000 0.0183050
ta5A 303000000 304000000 0.0215770
ta5A 304000000 305000000 0.0201220
ta5A 305000000 306000000 0.0241440
ta5A 306000000 307000000 0.0198240
ta5A 307000000 308000000 0.0197540
ta5A 308000000 309000000 0.0205050
ta5A 309000000 310000000 0.0180620
ta5A 310000000 311000000 0.0185210
ta5A 311000000 312000000 0.0221040
ta5A 312000000 313000000 0.0222840
ta5A 313000000 314000000 0.0213420
ta5A 314000000 315000000 0.0173830
ta5A 315000000 316000000 0.0156620
ta5A 316000000 317000000 0.0202400
ta5A 317000000 318000000 0.0208110
ta5A 318000000 319000000 0.0205020
ta5A 319000000 320000000 0.0201140
ta5A 320000000 321000000 0.0215220
ta5A 321000000 322000000 0.0202490
ta5A 322000000 323000000 0.0195430
ta5A 323000000 324000000 0.0227920
ta5A 324000000 325000000 0.0222720
ta5A 325000000 326000000 0.0205560
ta5A 326000000 327000000 0.0162290
ta5A 327000000 328000000 0.0185800
ta5A 328000000 329000000 0.0269040
ta5A 329000000 330000000 0.0255930
ta5A 330000000 331000000 0.0242700
ta5A 331000000 332000000 0.0221490
ta5A 332000000 333000000 0.0142450
ta5A 333000000 334000000 0.0175000
ta5A 334000000 335000000 0.0163970
ta5A 335000000 336000000 0.0187710
ta5A 336000000 337000000 0.0170350
ta5A 337000000 338000000 0.0149700
ta5A 338000000 339000000 0.0196560
ta5A 339000000 340000000 0.0204310
ta5A 340000000 341000000 0.0186540
ta5A 341000000 342000000 0.0185220
ta5A 342000000 343000000 0.0158260
ta5A 343000000 344000000 0.0226850
ta5A 344000000 345000000 0.0147760
ta5A 345000000 346000000 0.0183170
ta5A 346000000 347000000 0.0179500
ta5A 347000000 348000000 0.0402190
ta5A 348000000 349000000 0.0201080
ta5A 349000000 350000000 0.0180180
ta5A 350000000 351000000 0.0201880
ta5A 351000000 352000000 0.0183770
ta5A 352000000 353000000 0.0234450
ta5A 353000000 354000000 0.0202920
ta5A 354000000 355000000 0.0162410
ta5A 355000000 356000000 0.0237610
ta5A 356000000 357000000 0.0319440
ta5A 357000000 358000000 0.0246080
ta5A 358000000 359000000 0.0240880
ta5A 359000000 360000000 0.0197880
ta5A 360000000 361000000 0.0246000
ta5A 361000000 362000000 0.0252370
ta5A 362000000 363000000 0.0161500
ta5A 363000000 364000000 0.0172110
ta5A 364000000 365000000 0.0180440
ta5A 365000000 366000000 0.0209130
ta5A 366000000 367000000 0.0115670
ta5A 367000000 368000000 0.0227910
ta5A 368000000 369000000 0.0228520
ta5A 369000000 370000000 0.0212060
ta5A 370000000 371000000 0.0168820
ta5A 371000000 372000000 0.0212840
ta5A 372000000 373000000 0.0167550
ta5A 373000000 374000000 0.0190290
ta5A 374000000 375000000 0.0292840
ta5A 375000000 376000000 0.0160240
ta5A 376000000 377000000 0.0195900
ta5A 377000000 378000000 0.0258880
ta5A 378000000 379000000 0.0201400
ta5A 379000000 380000000 0.0221180
ta5A 380000000 381000000 0.0227600
ta5A 381000000 382000000 0.0209790
ta5A 382000000 383000000 0.0150630
ta5A 383000000 384000000 0.0228570
ta5A 384000000 385000000 0.0166880
ta5A 385000000 386000000 0.0271170
ta5A 386000000 387000000 0.0190700
ta5A 387000000 388000000 0.0192480
ta5A 388000000 389000000 0.0157180
ta5A 389000000 390000000 0.0181020
ta5A 390000000 391000000 0.0290550
ta5A 391000000 392000000 0.0228030
ta5A 392000000 393000000 0.0176180
ta5A 393000000 394000000 0.0211090
ta5A 394000000 395000000 0.0213930
ta5A 395000000 396000000 0.0209720
ta5A 396000000 397000000 0.0243870
ta5A 397000000 398000000 0.0239150
ta5A 398000000 399000000 0.0194180
ta5A 399000000 400000000 0.0213300
ta5A 400000000 401000000 0.0186030
ta5A 401000000 402000000 0.0223460
ta5A 402000000 403000000 0.0183910
ta5A 403000000 404000000 0.0181940
ta5A 404000000 405000000 0.0209820
ta5A 405000000 406000000 0.0208880
ta5A 406000000 407000000 0.0157090
ta5A 407000000 408000000 0.0165450
ta5A 408000000 409000000 0.0284120
ta5A 409000000 410000000 0.0172020
ta5A 410000000 411000000 0.0178870
ta5A 411000000 412000000 0.0225220
ta5A 412000000 413000000 0.0288250
ta5A 413000000 414000000 0.0221780
ta5A 414000000 415000000 0.0171350
ta5A 415000000 416000000 0.0242060
ta5A 416000000 417000000 0.0193690
ta5A 417000000 418000000 0.0295400
ta5A 418000000 419000000 0.0112780
ta5A 419000000 420000000 0.0190170
ta5A 420000000 421000000 0.0175420
ta5A 421000000 422000000 0.0249380
ta5A 422000000 423000000 0.0207640
ta5A 423000000 424000000 0.0173310
ta5A 424000000 425000000 0.0227950
ta5A 425000000 426000000 0.0241840
ta5A 426000000 427000000 0.2751540
ta5A 427000000 428000000 0.3981810
ta5A 428000000 429000000 0.0235110
ta5A 429000000 430000000 0.0217380
ta5A 430000000 431000000 0.0171140
ta5A 431000000 432000000 0.0203580
ta5A 432000000 433000000 0.0189430
ta5A 433000000 434000000 0.0207150
ta5A 434000000 435000000 0.0195330
ta5A 435000000 436000000 0.0222880
ta5A 436000000 437000000 0.0245180
ta5A 437000000 438000000 0.2475900
ta5A 438000000 439000000 0.0176360
ta5A 439000000 440000000 0.0162360
ta5A 440000000 441000000 0.0155560
ta5A 441000000 442000000 0.0236670
ta5A 442000000 443000000 0.0268760
ta5A 443000000 444000000 0.0297050
ta5A 444000000 445000000 0.0218540
ta5A 445000000 446000000 0.0182060
ta5A 446000000 447000000 0.0184450
ta5A 447000000 448000000 0.0202940
ta5A 448000000 449000000 0.0162810
ta5A 449000000 450000000 0.0177080
ta5A 450000000 451000000 0.0166030
ta5A 451000000 452000000 0.0292820
ta5A 452000000 453000000 0.0327450
ta5A 453000000 454000000 0.0165400
ta5A 454000000 455000000 0.0188870
ta5A 455000000 456000000 0.0251810
ta5A 456000000 457000000 0.0273620
ta5A 457000000 458000000 0.0154510
ta5A 458000000 459000000 0.0258940
ta5A 459000000 460000000 0.0254920
ta5A 460000000 461000000 0.0185850
ta5A 461000000 462000000 0.0199470
ta5A 462000000 463000000 0.0411390
ta5A 463000000 464000000 0.0215870
ta5A 464000000 465000000 0.0191700
ta5A 465000000 466000000 0.0253590
ta5A 466000000 467000000 0.0224040
ta5A 467000000 468000000 0.0128010
ta5A 468000000 469000000 0.0216780
ta5A 469000000 470000000 0.0207740
ta5A 470000000 471000000 0.0156780
ta5A 471000000 472000000 0.0284120
ta5A 472000000 473000000 0.0208810
ta5A 473000000 474000000 0.0147270
ta5A 474000000 475000000 0.0166300
ta5A 475000000 476000000 0.0253880
ta5A 476000000 477000000 0.0209240
ta5A 477000000 478000000 0.0197880
ta5A 478000000 479000000 0.0230940
ta5A 479000000 480000000 0.0539640
ta5A 480000000 481000000 0.0231060
ta5A 481000000 482000000 0.0241830
ta5A 482000000 483000000 0.0194290
ta5A 483000000 484000000 0.0241520
ta5A 484000000 485000000 0.0283830
ta5A 485000000 486000000 0.0163880
ta5A 486000000 487000000 0.0219650
ta5A 487000000 488000000 0.0180280
ta5A 488000000 489000000 0.0199230
ta5A 489000000 490000000 0.0262260
ta5A 490000000 491000000 0.0191080
ta5A 491000000 492000000 0.0214950
ta5A 492000000 493000000 0.0216670
ta5A 493000000 494000000 0.0231250
ta5A 494000000 495000000 0.0240150
ta5A 495000000 496000000 0.0256270
ta5A 496000000 497000000 0.0277820
ta5A 497000000 498000000 0.0207000
ta5A 498000000 499000000 0.0221650
ta5A 499000000 500000000 0.0274060
ta5A 500000000 501000000 0.0232720
ta5A 501000000 502000000 0.0233990
ta5A 502000000 503000000 0.0288100
ta5A 503000000 504000000 0.0238900
ta5A 504000000 505000000 0.0262250
ta5A 505000000 506000000 0.0325270
ta5A 506000000 507000000 0.0269850
ta5A 507000000 508000000 0.0315660
ta5A 508000000 509000000 0.0268620
ta5A 509000000 510000000 0.0253000
ta5A 510000000 511000000 0.0262880
ta5A 511000000 512000000 0.0347750
ta5A 512000000 513000000 0.0238530
ta5A 513000000 514000000 0.0317810
ta5A 514000000 515000000 0.1515170
ta5A 515000000 516000000 1.0000000
ta5A 516000000 517000000 1.0000000
ta5A 517000000 518000000 0.0802000
ta5A 518000000 519000000 0.0691830
ta5A 519000000 520000000 0.0231140
ta5A 520000000 521000000 0.0264540
ta5A 521000000 522000000 0.0199400
ta5A 522000000 523000000 0.0703860
ta5A 523000000 524000000 0.0226470
ta5A 524000000 525000000 0.0327000
ta5A 525000000 526000000 0.2169850
ta5A 526000000 527000000 0.0870490
ta5A 527000000 528000000 0.0237830
ta5A 528000000 529000000 0.0314350
ta5A 529000000 530000000 0.0228810
ta5A 530000000 531000000 0.0264320
ta5A 531000000 532000000 0.0410450
ta5A 532000000 533000000 0.0185230
ta5A 533000000 534000000 0.0265270
ta5A 534000000 535000000 0.0434270
ta5A 535000000 536000000 0.0150420
ta5A 536000000 537000000 0.0260500
ta5A 537000000 538000000 0.0232250
ta5A 538000000 539000000 0.0190060
ta5A 539000000 540000000 0.0168960
ta5A 540000000 541000000 0.0336800
ta5A 541000000 542000000 0.0270110
ta5A 542000000 543000000 0.0222940
ta5A 543000000 544000000 0.0201080
ta5A 544000000 545000000 0.0232890
ta5A 545000000 546000000 0.0295850
ta5A 546000000 547000000 0.0965320
ta5A 547000000 548000000 0.0291690
ta5A 548000000 549000000 0.0315570
ta5A 549000000 550000000 0.0196290
ta5A 550000000 551000000 0.0302930
ta5A 551000000 552000000 0.0224700
ta5A 552000000 553000000 0.0388050
ta5A 553000000 554000000 0.0247050
ta5A 554000000 555000000 0.0249340
ta5A 555000000 556000000 0.0255070
ta5A 556000000 557000000 0.0369050
ta5A 557000000 558000000 0.0317110
ta5A 558000000 559000000 0.0271600
ta5A 559000000 560000000 0.0305890
ta5A 560000000 561000000 0.0310920
ta5A 561000000 562000000 0.0344060
ta5A 562000000 563000000 0.0181970
ta5A 563000000 564000000 0.0939180
ta5A 564000000 565000000 0.0352500
ta5A 565000000 566000000 0.0311490
ta5A 566000000 567000000 0.0266420
ta5A 567000000 568000000 0.0330690
ta5A 568000000 569000000 0.0235460
ta5A 569000000 570000000 0.0276800
ta5A 570000000 571000000 0.0252260
ta5A 571000000 572000000 0.0188690
ta5A 572000000 573000000 0.0363600
ta5A 573000000 574000000 0.0323750
ta5A 574000000 575000000 0.0399800
ta5A 575000000 576000000 0.0317490
ta5A 576000000 577000000 0.0296050
ta5A 577000000 578000000 0.0490630
ta5A 578000000 579000000 0.0307670
ta5A 579000000 580000000 0.0176940
ta5A 580000000 581000000 0.0156010
ta5A 581000000 582000000 0.0223310
ta5A 582000000 583000000 0.0174680
ta5A 583000000 584000000 0.0663780
ta5A 584000000 585000000 0.0199570
ta5A 585000000 586000000 0.0271030
ta5A 586000000 587000000 0.0223180
ta5A 587000000 588000000 0.0237500
ta5A 588000000 589000000 0.0216590
ta5A 589000000 590000000 0.0263320
ta5A 590000000 591000000 0.0237080
ta5A 591000000 592000000 0.0169970
ta5A 592000000 593000000 0.0256220
ta5A 593000000 594000000 0.0202490
ta5A 594000000 595000000 0.0264610
ta5A 595000000 596000000 0.0193650
ta5A 596000000 597000000 0.0243820
ta5A 597000000 598000000 0.0212140
ta5A 598000000 599000000 0.0224730
ta5A 599000000 600000000 0.0260550
ta5A 600000000 601000000 0.0243380
ta5A 601000000 602000000 0.0177690
ta5A 602000000 603000000 0.0166220
ta5A 603000000 604000000 0.0214820
ta5A 604000000 605000000 0.0244170
ta5A 605000000 606000000 0.0178450
ta5A 606000000 607000000 0.0159490
ta5A 607000000 608000000 0.0201080
ta5A 608000000 609000000 0.0230770
ta5A 609000000 610000000 0.0234050
ta5A 610000000 611000000 0.0327580
ta5A 611000000 612000000 0.0297310
ta5A 612000000 613000000 0.0195100
ta5A 613000000 614000000 0.0183260
ta5A 614000000 615000000 0.0256750
ta5A 615000000 616000000 0.0351840
ta5A 616000000 617000000 0.0275560
ta5A 617000000 618000000 0.0354500
ta5A 618000000 619000000 0.0182450
ta5A 619000000 620000000 0.0199610
ta5A 620000000 621000000 0.0231320
ta5A 621000000 622000000 0.0236450
ta5A 622000000 623000000 0.0231890
ta5A 623000000 624000000 0.0247850
ta5A 624000000 625000000 0.0286460
ta5A 625000000 626000000 0.0258290
ta5A 626000000 627000000 0.0228390
ta5A 627000000 628000000 0.0365550
ta5A 628000000 629000000 0.0182070
ta5A 629000000 630000000 0.0201150
ta5A 630000000 631000000 0.0295590
ta5A 631000000 632000000 0.0209390
ta5A 632000000 633000000 0.0256920
ta5A 633000000 634000000 0.0172540
ta5A 634000000 635000000 0.0248340
ta5A 635000000 636000000 0.0242200
ta5A 636000000 637000000 0.0281040
ta5A 637000000 638000000 0.0350650
ta5A 638000000 639000000 0.0218130
ta5A 639000000 640000000 0.0371510
ta5A 640000000 641000000 0.0199000
ta5A 641000000 642000000 0.0305010
ta5A 642000000 643000000 0.0243110
ta5A 643000000 644000000 0.0274690
ta5A 644000000 645000000 0.0238660
ta5A 645000000 646000000 0.0149860
ta5A 646000000 647000000 0.0387390
ta5A 647000000 648000000 0.0165710
ta5A 648000000 649000000 0.0266460
ta5A 649000000 650000000 0.0248640
ta5A 650000000 651000000 0.0186780
ta5A 651000000 652000000 0.0275770
ta5A 652000000 653000000 0.0321140
ta5A 653000000 654000000 0.0186690
ta5A 654000000 655000000 0.0183610
ta5A 655000000 656000000 0.0262530
ta5A 656000000 657000000 0.0342220
ta5A 657000000 658000000 0.0286900
ta5A 658000000 659000000 0.0290910
ta5A 659000000 660000000 0.0268460
ta5A 660000000 661000000 0.0289310
ta5A 661000000 662000000 0.0186040
ta5A 662000000 663000000 0.0204670
ta5A 663000000 664000000 0.0187010
ta5A 664000000 665000000 0.0240420
ta5A 665000000 666000000 0.0272440
ta5A 666000000 667000000 0.0222450
ta5A 667000000 668000000 0.0269130
ta5A 668000000 669000000 0.0277830
ta5A 669000000 670000000 0.0153080
ta5A 670000000 671000000 0.0263930
ta5A 671000000 672000000 0.0211720
ta5A 672000000 673000000 0.0284020
ta5A 673000000 674000000 0.0228930
ta5A 674000000 675000000 0.0294340
ta5A 675000000 676000000 0.0263060
ta5A 676000000 677000000 0.0187260
ta5A 677000000 678000000 0.0269910
ta5A 678000000 679000000 0.0294610
ta5A 679000000 680000000 0.0310650
ta5A 680000000 681000000 0.0330070
ta5A 681000000 682000000 0.0238780
ta5A 682000000 683000000 0.0238970
ta5A 683000000 684000000 0.0319520
ta5A 684000000 685000000 0.0208490
ta5A 685000000 686000000 0.0460200
ta5A 686000000 687000000 0.0221880
ta5A 687000000 688000000 0.0188320
ta5A 688000000 689000000 0.0180860
ta5A 689000000 690000000 0.0299710
ta5A 690000000 691000000 0.0307570
ta5A 691000000 692000000 0.0292890
ta5A 692000000 693000000 0.0297860
ta5A 693000000 694000000 0.0279050
ta5A 694000000 695000000 0.0231150
ta5A 695000000 696000000 0.0295350
ta5A 696000000 697000000 0.0892210
ta5A 697000000 698000000 0.0272630
ta5A 698000000 699000000 0.0318690
ta5A 699000000 700000000 0.0297220
ta5A 700000000 701000000 0.0863340
ta5A 701000000 702000000 0.1591610
ta5A 702000000 703000000 0.0396720
ta5A 703000000 704000000 0.0300960
ta5A 704000000 705000000 0.0117290
ta5A 705000000 706000000 0.0289870
ta5A 706000000 707000000 0.0310940
ta5A 707000000 708000000 0.1280360
ta5A 708000000 709000000 0.0327890
ta5A 709000000 710000000 0.0240870
ta5A 710000000 711000000 0.0320500
ta5A 711000000 712000000 0.0521760
ta5A 712000000 713000000 0.0454890
ta5A 713000000 714000000 0.0310780
ta5A 714000000 715000000 0.0247710
ta5A 715000000 716000000 0.0375070
ta5A 716000000 717000000 0.0327650
ta5A 717000000 718000000 0.0282180
ta5A 718000000 719000000 0.0336440
ta5A 719000000 720000000 0.1884960
ta5A 720000000 721000000 0.0253310
ta5A 721000000 721986879 0.0374707
ta5B 0 1000000 0.5000780
ta5B 1000000 2000000 0.6048840
ta5B 2000000 3000000 0.0494210
ta5B 3000000 4000000 0.0639880
ta5B 4000000 5000000 0.6647330
ta5B 5000000 6000000 0.4223700
ta5B 6000000 7000000 0.2833260
ta5B 7000000 8000000 0.8363600
ta5B 8000000 9000000 0.8556740
ta5B 9000000 10000000 0.1295640
ta5B 10000000 11000000 0.0344720
ta5B 11000000 12000000 0.0227080
ta5B 12000000 13000000 0.0334090
ta5B 13000000 14000000 0.1998440
ta5B 14000000 15000000 0.0357340
ta5B 15000000 16000000 0.2928290
ta5B 16000000 17000000 0.2339860
ta5B 17000000 18000000 0.0807090
ta5B 18000000 19000000 0.0268420
ta5B 19000000 20000000 0.0487260
ta5B 20000000 21000000 0.0460160
ta5B 21000000 22000000 0.0395260
ta5B 22000000 23000000 0.0458720
ta5B 23000000 24000000 0.0812740
ta5B 24000000 25000000 0.0677210
ta5B 25000000 26000000 0.0349070
ta5B 26000000 27000000 0.0308300
ta5B 27000000 28000000 0.2672020
ta5B 28000000 29000000 0.0370260
ta5B 29000000 30000000 0.0252360
ta5B 30000000 31000000 0.0274070
ta5B 31000000 32000000 0.0357150
ta5B 32000000 33000000 0.0314930
ta5B 33000000 34000000 0.0321420
ta5B 34000000 35000000 0.0232100
ta5B 35000000 36000000 0.0441560
ta5B 36000000 37000000 0.0384130
ta5B 37000000 38000000 0.2358400
ta5B 38000000 39000000 0.0399460
ta5B 39000000 40000000 0.0329450
ta5B 40000000 41000000 0.0346710
ta5B 41000000 42000000 0.0238330
ta5B 42000000 43000000 0.0314500
ta5B 43000000 44000000 0.0240830
ta5B 44000000 45000000 0.0288440
ta5B 45000000 46000000 0.0298120
ta5B 46000000 47000000 0.0475620
ta5B 47000000 48000000 0.0334260
ta5B 48000000 49000000 0.0313270
ta5B 49000000 50000000 0.0343260
ta5B 50000000 51000000 0.0321830
ta5B 51000000 52000000 0.0237570
ta5B 52000000 53000000 0.0292600
ta5B 53000000 54000000 0.0410470
ta5B 54000000 55000000 0.0294230
ta5B 55000000 56000000 0.0243980
ta5B 56000000 57000000 0.0272940
ta5B 57000000 58000000 0.0261960
ta5B 58000000 59000000 0.0234490
ta5B 59000000 60000000 0.0251680
ta5B 60000000 61000000 0.0321400
ta5B 61000000 62000000 0.0191780
ta5B 62000000 63000000 0.0273590
ta5B 63000000 64000000 0.0235840
ta5B 64000000 65000000 0.0272520
ta5B 65000000 66000000 0.0323220
ta5B 66000000 67000000 0.0257410
ta5B 67000000 68000000 0.0284040
ta5B 68000000 69000000 0.0316700
ta5B 69000000 70000000 0.0244010
ta5B 70000000 71000000 0.0189810
ta5B 71000000 72000000 0.0171940
ta5B 72000000 73000000 0.0263250
ta5B 73000000 74000000 0.0165440
ta5B 74000000 75000000 0.0282300
ta5B 75000000 76000000 0.0301030
ta5B 76000000 77000000 0.0303910
ta5B 77000000 78000000 0.0282470
ta5B 78000000 79000000 0.0253070
ta5B 79000000 80000000 0.0267410
ta5B 80000000 81000000 0.0182900
ta5B 81000000 82000000 0.0251920
ta5B 82000000 83000000 0.0210550
ta5B 83000000 84000000 0.0332880
ta5B 84000000 85000000 0.6201130
ta5B 85000000 86000000 0.8901430
ta5B 86000000 87000000 0.8841870
ta5B 87000000 88000000 0.1573040
ta5B 88000000 89000000 0.0398150
ta5B 89000000 90000000 0.0238960
ta5B 90000000 91000000 0.0256160
ta5B 91000000 92000000 0.0229280
ta5B 92000000 93000000 0.0182190
ta5B 93000000 94000000 0.0254190
ta5B 94000000 95000000 0.0229250
ta5B 95000000 96000000 0.0274780
ta5B 96000000 97000000 0.0215580
ta5B 97000000 98000000 0.0185270
ta5B 98000000 99000000 0.0323910
ta5B 99000000 100000000 0.0280170
ta5B 100000000 101000000 0.0325540
ta5B 101000000 102000000 0.0165530
ta5B 102000000 103000000 0.0358330
ta5B 103000000 104000000 0.0203070
ta5B 104000000 105000000 0.0219780
ta5B 105000000 106000000 0.0263410
ta5B 106000000 107000000 0.0181370
ta5B 107000000 108000000 0.0262010
ta5B 108000000 109000000 0.0249680
ta5B 109000000 110000000 0.1515500
ta5B 110000000 111000000 0.6613250
ta5B 111000000 112000000 0.0348180
ta5B 112000000 113000000 0.0252740
ta5B 113000000 114000000 0.0232170
ta5B 114000000 115000000 0.0200190
ta5B 115000000 116000000 0.0383910
ta5B 116000000 117000000 0.0246990
ta5B 117000000 118000000 0.0252230
ta5B 118000000 119000000 0.0205270
ta5B 119000000 120000000 0.0262960
ta5B 120000000 121000000 0.0248730
ta5B 121000000 122000000 0.0151220
ta5B 122000000 123000000 0.0193350
ta5B 123000000 124000000 0.0293830
ta5B 124000000 125000000 0.0186500
ta5B 125000000 126000000 0.0170970
ta5B 126000000 127000000 0.0289280
ta5B 127000000 128000000 0.0201780
ta5B 128000000 129000000 0.0226320
ta5B 129000000 130000000 0.0251030
ta5B 130000000 131000000 0.0276680
ta5B 131000000 132000000 0.0223520
ta5B 132000000 133000000 0.0192810
ta5B 133000000 134000000 0.0213850
ta5B 134000000 135000000 0.0322880
ta5B 135000000 136000000 0.0222700
ta5B 136000000 137000000 0.0280440
ta5B 137000000 138000000 0.0181520
ta5B 138000000 139000000 0.0295800
ta5B 139000000 140000000 0.0198030
ta5B 140000000 141000000 0.0396530
ta5B 141000000 142000000 0.0192600
ta5B 142000000 143000000 0.0239540
ta5B 143000000 144000000 0.0202370
ta5B 144000000 145000000 0.0172280
ta5B 145000000 146000000 0.4611090
ta5B 146000000 147000000 0.0237060
ta5B 147000000 148000000 0.0254710
ta5B 148000000 149000000 0.0196430
ta5B 149000000 150000000 0.0205050
ta5B 150000000 151000000 0.0259420
ta5B 151000000 152000000 0.0224800
ta5B 152000000 153000000 0.0219900
ta5B 153000000 154000000 0.2488150
ta5B 154000000 155000000 0.0219700
ta5B 155000000 156000000 0.0163000
ta5B 156000000 157000000 0.0726630
ta5B 157000000 158000000 0.0178530
ta5B 158000000 159000000 0.0159210
ta5B 159000000 160000000 0.0219200
ta5B 160000000 161000000 0.0225110
ta5B 161000000 162000000 0.1016120
ta5B 162000000 163000000 0.0506460
ta5B 163000000 164000000 0.9925780
ta5B 164000000 165000000 0.3249410
ta5B 165000000 166000000 0.0168880
ta5B 166000000 167000000 0.2411700
ta5B 167000000 168000000 0.1677170
ta5B 168000000 169000000 0.0642270
ta5B 169000000 170000000 0.7572080
ta5B 170000000 171000000 0.0169540
ta5B 171000000 172000000 0.0179730
ta5B 172000000 173000000 0.0230440
ta5B 173000000 174000000 0.0206620
ta5B 174000000 175000000 0.0258260
ta5B 175000000 176000000 0.0231680
ta5B 176000000 177000000 0.0227300
ta5B 177000000 178000000 0.0206080
ta5B 178000000 179000000 0.0291610
ta5B 179000000 180000000 0.0218160
ta5B 180000000 181000000 0.0268580
ta5B 181000000 182000000 0.0233720
ta5B 182000000 183000000 0.0197550
ta5B 183000000 184000000 0.0210140
ta5B 184000000 185000000 0.0212020
ta5B 185000000 186000000 0.0209310
ta5B 186000000 187000000 0.0253230
ta5B 187000000 188000000 0.0228140
ta5B 188000000 189000000 0.0182560
ta5B 189000000 190000000 0.3218730
ta5B 190000000 191000000 0.0220860
ta5B 191000000 192000000 0.0712650
ta5B 192000000 193000000 0.0245910
ta5B 193000000 194000000 0.0220180
ta5B 194000000 195000000 0.0195230
ta5B 195000000 196000000 0.0222230
ta5B 196000000 197000000 0.0775110
ta5B 197000000 198000000 0.3873410
ta5B 198000000 199000000 0.0261720
ta5B 199000000 200000000 0.0267780
ta5B 200000000 201000000 0.0255010
ta5B 201000000 202000000 0.3140860
ta5B 202000000 203000000 0.0209550
ta5B 203000000 204000000 0.0448770
ta5B 204000000 205000000 0.0141520
ta5B 205000000 206000000 0.0213450
ta5B 206000000 207000000 0.0237390
ta5B 207000000 208000000 0.0162830
ta5B 208000000 209000000 0.1402970
ta5B 209000000 210000000 0.0224070
ta5B 210000000 211000000 0.0189360
ta5B 211000000 212000000 0.0851480
ta5B 212000000 213000000 0.0233020
ta5B 213000000 214000000 0.0191430
ta5B 214000000 215000000 0.0256650
ta5B 215000000 216000000 0.0181030
ta5B 216000000 217000000 0.0175350
ta5B 217000000 218000000 0.0173880
ta5B 218000000 219000000 0.0143830
ta5B 219000000 220000000 0.0201300
ta5B 220000000 221000000 0.0216470
ta5B 221000000 222000000 0.0198280
ta5B 222000000 223000000 0.0199280
ta5B 223000000 224000000 0.0406050
ta5B 224000000 225000000 0.0266340
ta5B 225000000 226000000 0.0393880
ta5B 226000000 227000000 0.0206660
ta5B 227000000 228000000 0.0204650
ta5B 228000000 229000000 0.0204330
ta5B 229000000 230000000 0.0219700
ta5B 230000000 231000000 0.0249190
ta5B 231000000 232000000 0.0216070
ta5B 232000000 233000000 0.0300520
ta5B 233000000 234000000 0.1031050
ta5B 234000000 235000000 0.0197340
ta5B 235000000 236000000 0.0220360
ta5B 236000000 237000000 0.0209650
ta5B 237000000 238000000 0.0159780
ta5B 238000000 239000000 0.0210760
ta5B 239000000 240000000 0.0174440
ta5B 240000000 241000000 0.0215430
ta5B 241000000 242000000 0.0153020
ta5B 242000000 243000000 0.0229790
ta5B 243000000 244000000 0.0291050
ta5B 244000000 245000000 0.0223300
ta5B 245000000 246000000 0.0217050
ta5B 246000000 247000000 0.0208700
ta5B 247000000 248000000 0.0209260
ta5B 248000000 249000000 0.0223470
ta5B 249000000 250000000 0.0204360
ta5B 250000000 251000000 0.0186620
ta5B 251000000 252000000 0.0236560
ta5B 252000000 253000000 0.0252670
ta5B 253000000 254000000 0.0219920
ta5B 254000000 255000000 0.0275710
ta5B 255000000 256000000 0.0210640
ta5B 256000000 257000000 0.0225430
ta5B 257000000 258000000 0.0282150
ta5B 258000000 259000000 0.0233330
ta5B 259000000 260000000 0.0303760
ta5B 260000000 261000000 0.0316640
ta5B 261000000 262000000 0.0186740
ta5B 262000000 263000000 0.0225570
ta5B 263000000 264000000 0.0182140
ta5B 264000000 265000000 0.0162100
ta5B 265000000 266000000 0.0218970
ta5B 266000000 267000000 0.0285580
ta5B 267000000 268000000 0.0251090
ta5B 268000000 269000000 0.0253700
ta5B 269000000 270000000 0.0203920
ta5B 270000000 271000000 0.0206560
ta5B 271000000 272000000 0.0265900
ta5B 272000000 273000000 0.0240250
ta5B 273000000 274000000 0.0171850
ta5B 274000000 275000000 0.0235940
ta5B 275000000 276000000 0.0205670
ta5B 276000000 277000000 0.0310350
ta5B 277000000 278000000 0.0149930
ta5B 278000000 279000000 0.0354610
ta5B 279000000 280000000 0.0184180
ta5B 280000000 281000000 0.0197920
ta5B 281000000 282000000 0.0238690
ta5B 282000000 283000000 0.0214980
ta5B 283000000 284000000 0.0239390
ta5B 284000000 285000000 0.0347300
ta5B 285000000 286000000 0.0235590
ta5B 286000000 287000000 0.0217150
ta5B 287000000 288000000 0.0280000
ta5B 288000000 289000000 0.0271390
ta5B 289000000 290000000 0.0258190
ta5B 290000000 291000000 0.0252010
ta5B 291000000 292000000 0.0260450
ta5B 292000000 293000000 0.0444190
ta5B 293000000 294000000 0.0326170
ta5B 294000000 295000000 0.0256960
ta5B 295000000 296000000 0.0221220
ta5B 296000000 297000000 0.0237390
ta5B 297000000 298000000 0.0163070
ta5B 298000000 299000000 0.0563880
ta5B 299000000 300000000 0.1042270
ta5B 300000000 301000000 0.7804770
ta5B 301000000 302000000 0.0275100
ta5B 302000000 303000000 0.0178400
ta5B 303000000 304000000 0.0239830
ta5B 304000000 305000000 0.0278840
ta5B 305000000 306000000 0.0251870
ta5B 306000000 307000000 0.0204870
ta5B 307000000 308000000 0.0210330
ta5B 308000000 309000000 0.0259560
ta5B 309000000 310000000 0.0285220
ta5B 310000000 311000000 0.0997890
ta5B 311000000 312000000 0.0203070
ta5B 312000000 313000000 0.0250110
ta5B 313000000 314000000 0.0192410
ta5B 314000000 315000000 0.0257600
ta5B 315000000 316000000 0.0250580
ta5B 316000000 317000000 0.0164870
ta5B 317000000 318000000 0.0309020
ta5B 318000000 319000000 0.0313490
ta5B 319000000 320000000 0.0245680
ta5B 320000000 321000000 0.0261130
ta5B 321000000 322000000 0.0213040
ta5B 322000000 323000000 0.0248940
ta5B 323000000 324000000 0.0215940
ta5B 324000000 325000000 0.0318960
ta5B 325000000 326000000 0.0261380
ta5B 326000000 327000000 0.0222200
ta5B 327000000 328000000 0.0271130
ta5B 328000000 329000000 0.0358170
ta5B 329000000 330000000 0.0225940
ta5B 330000000 331000000 0.0346250
ta5B 331000000 332000000 0.0152640
ta5B 332000000 333000000 0.0187340
ta5B 333000000 334000000 0.0233020
ta5B 334000000 335000000 0.0184730
ta5B 335000000 336000000 0.0296430
ta5B 336000000 337000000 0.0203310
ta5B 337000000 338000000 0.0228430
ta5B 338000000 339000000 0.0261380
ta5B 339000000 340000000 0.0252700
ta5B 340000000 341000000 0.0171770
ta5B 341000000 342000000 0.0184440
ta5B 342000000 343000000 0.0271770
ta5B 343000000 344000000 0.0210100
ta5B 344000000 345000000 0.0272700
ta5B 345000000 346000000 0.0310450
ta5B 346000000 347000000 0.0973610
ta5B 347000000 348000000 0.0245940
ta5B 348000000 349000000 0.0291870
ta5B 349000000 350000000 0.0239720
ta5B 350000000 351000000 0.0312580
ta5B 351000000 352000000 0.0285860
ta5B 352000000 353000000 0.0289840
ta5B 353000000 354000000 0.0554680
ta5B 354000000 355000000 0.0291950
ta5B 355000000 356000000 0.0232680
ta5B 356000000 357000000 0.0242800
ta5B 357000000 358000000 0.0255520
ta5B 358000000 359000000 0.0198910
ta5B 359000000 360000000 0.0249220
ta5B 360000000 361000000 0.0249880
ta5B 361000000 362000000 0.0338650
ta5B 362000000 363000000 0.0538680
ta5B 363000000 364000000 0.0715140
ta5B 364000000 365000000 0.0304190
ta5B 365000000 366000000 0.0294380
ta5B 366000000 367000000 0.0240080
ta5B 367000000 368000000 0.0209580
ta5B 368000000 369000000 0.0295210
ta5B 369000000 370000000 0.0265960
ta5B 370000000 371000000 0.0168250
ta5B 371000000 372000000 0.0271340
ta5B 372000000 373000000 0.0265150
ta5B 373000000 374000000 0.0254270
ta5B 374000000 375000000 0.0162880
ta5B 375000000 376000000 0.0304560
ta5B 376000000 377000000 0.0225310
ta5B 377000000 378000000 0.0295540
ta5B 378000000 379000000 0.0298550
ta5B 379000000 380000000 0.0234220
ta5B 380000000 381000000 0.0216230
ta5B 381000000 382000000 0.0289920
ta5B 382000000 383000000 0.0284230
ta5B 383000000 384000000 0.0219230
ta5B 384000000 385000000 0.0246490
ta5B 385000000 386000000 0.0245020
ta5B 386000000 387000000 0.0263330
ta5B 387000000 388000000 0.0263480
ta5B 388000000 389000000 0.0285680
ta5B 389000000 390000000 0.0254620
ta5B 390000000 391000000 0.0284100
ta5B 391000000 392000000 0.0277770
ta5B 392000000 393000000 0.0259310
ta5B 393000000 394000000 0.0226440
ta5B 394000000 395000000 0.0321700
ta5B 395000000 396000000 0.0281490
ta5B 396000000 397000000 0.0292190
ta5B 397000000 398000000 0.0152450
ta5B 398000000 399000000 0.0239370
ta5B 399000000 400000000 0.0309380
ta5B 400000000 401000000 0.0254650
ta5B 401000000 402000000 0.0143570
ta5B 402000000 403000000 0.0297940
ta5B 403000000 404000000 0.0199460
ta5B 404000000 405000000 0.0182250
ta5B 405000000 406000000 0.0257250
ta5B 406000000 407000000 0.0244540
ta5B 407000000 408000000 0.0217690
ta5B 408000000 409000000 0.0156830
ta5B 409000000 410000000 0.0272960
ta5B 410000000 411000000 0.0210890
ta5B 411000000 412000000 0.0302280
ta5B 412000000 413000000 0.0235440
ta5B 413000000 414000000 0.0188770
ta5B 414000000 415000000 0.0216790
ta5B 415000000 416000000 0.0270990
ta5B 416000000 417000000 0.0247620
ta5B 417000000 418000000 0.0168170
ta5B 418000000 419000000 0.0196050
ta5B 419000000 420000000 0.0238470
ta5B 420000000 421000000 0.0245300
ta5B 421000000 422000000 0.0282030
ta5B 422000000 423000000 0.0139950
ta5B 423000000 424000000 0.0207300
ta5B 424000000 425000000 0.0226450
ta5B 425000000 426000000 0.0244910
ta5B 426000000 427000000 0.1775990
ta5B 427000000 428000000 0.0222880
ta5B 428000000 429000000 0.0346900
ta5B 429000000 430000000 0.0438860
ta5B 430000000 431000000 0.0235710
ta5B 431000000 432000000 0.0306460
ta5B 432000000 433000000 0.0303700
ta5B 433000000 434000000 0.0251140
ta5B 434000000 435000000 0.0478100
ta5B 435000000 436000000 0.0221980
ta5B 436000000 437000000 0.2667670
ta5B 437000000 438000000 0.2899600
ta5B 438000000 439000000 0.0838700
ta5B 439000000 440000000 0.0203140
ta5B 440000000 441000000 0.0286970
ta5B 441000000 442000000 0.0250090
ta5B 442000000 443000000 0.0185110
ta5B 443000000 444000000 0.0278870
ta5B 444000000 445000000 0.0223020
ta5B 445000000 446000000 0.0256920
ta5B 446000000 447000000 0.0270850
ta5B 447000000 448000000 0.0238490
ta5B 448000000 449000000 0.0301120
ta5B 449000000 450000000 0.0230260
ta5B 450000000 451000000 0.0246860
ta5B 451000000 452000000 0.0245400
ta5B 452000000 453000000 0.0259310
ta5B 453000000 454000000 0.0282780
ta5B 454000000 455000000 0.0289510
ta5B 455000000 456000000 0.0207790
ta5B 456000000 457000000 0.0265760
ta5B 457000000 458000000 0.0225770
ta5B 458000000 459000000 0.0276940
ta5B 459000000 460000000 0.0350990
ta5B 460000000 461000000 0.0228350
ta5B 461000000 462000000 0.0278460
ta5B 462000000 463000000 0.0241520
ta5B 463000000 464000000 0.0306830
ta5B 464000000 465000000 0.0220770
ta5B 465000000 466000000 0.0201810
ta5B 466000000 467000000 0.0269330
ta5B 467000000 468000000 0.0250120
ta5B 468000000 469000000 0.0210180
ta5B 469000000 470000000 0.0248060
ta5B 470000000 471000000 0.0294690
ta5B 471000000 472000000 0.0239650
ta5B 472000000 473000000 0.0275770
ta5B 473000000 474000000 0.0223000
ta5B 474000000 475000000 0.0315820
ta5B 475000000 476000000 0.0072970
ta5B 476000000 477000000 0.0270030
ta5B 477000000 478000000 0.0256190
ta5B 478000000 479000000 0.0239480
ta5B 479000000 480000000 0.0222580
ta5B 480000000 481000000 0.0261130
ta5B 481000000 482000000 0.0316950
ta5B 482000000 483000000 0.0256340
ta5B 483000000 484000000 0.0269450
ta5B 484000000 485000000 0.0313070
ta5B 485000000 486000000 0.0209320
ta5B 486000000 487000000 0.0276870
ta5B 487000000 488000000 0.0285200
ta5B 488000000 489000000 0.0456230
ta5B 489000000 490000000 0.0243780
ta5B 490000000 491000000 0.0264850
ta5B 491000000 492000000 0.0352090
ta5B 492000000 493000000 0.0290060
ta5B 493000000 494000000 0.0252990
ta5B 494000000 495000000 0.0392430
ta5B 495000000 496000000 0.0315160
ta5B 496000000 497000000 0.0232500
ta5B 497000000 498000000 0.0333470
ta5B 498000000 499000000 0.0242410
ta5B 499000000 500000000 0.0354790
ta5B 500000000 501000000 0.0320250
ta5B 501000000 502000000 0.0305140
ta5B 502000000 503000000 0.0212220
ta5B 503000000 504000000 0.0347630
ta5B 504000000 505000000 0.0236130
ta5B 505000000 506000000 0.0209820
ta5B 506000000 507000000 0.0222630
ta5B 507000000 508000000 0.0470820
ta5B 508000000 509000000 0.0221170
ta5B 509000000 510000000 0.0237490
ta5B 510000000 511000000 0.0279030
ta5B 511000000 512000000 0.0282600
ta5B 512000000 513000000 0.0240680
ta5B 513000000 514000000 0.0341480
ta5B 514000000 515000000 0.0258910
ta5B 515000000 516000000 0.0264910
ta5B 516000000 517000000 0.0238430
ta5B 517000000 518000000 0.0261250
ta5B 518000000 519000000 0.0214710
ta5B 519000000 520000000 0.0274400
ta5B 520000000 521000000 0.0283950
ta5B 521000000 522000000 0.0167410
ta5B 522000000 523000000 0.0295590
ta5B 523000000 524000000 0.0191170
ta5B 524000000 525000000 0.0344660
ta5B 525000000 526000000 0.0518200
ta5B 526000000 527000000 0.0248530
ta5B 527000000 528000000 0.0292840
ta5B 528000000 529000000 0.0412740
ta5B 529000000 530000000 0.0278170
ta5B 530000000 531000000 0.0256490
ta5B 531000000 532000000 0.0406700
ta5B 532000000 533000000 0.0326380
ta5B 533000000 534000000 0.0351610
ta5B 534000000 535000000 0.0344790
ta5B 535000000 536000000 0.0321780
ta5B 536000000 537000000 0.0214200
ta5B 537000000 538000000 0.0360370
ta5B 538000000 539000000 0.0352400
ta5B 539000000 540000000 0.0239910
ta5B 540000000 541000000 0.0224990
ta5B 541000000 542000000 0.0406700
ta5B 542000000 543000000 0.0234070
ta5B 543000000 544000000 0.0279670
ta5B 544000000 545000000 0.0330750
ta5B 545000000 546000000 0.0881010
ta5B 546000000 547000000 0.0612520
ta5B 547000000 548000000 0.0357730
ta5B 548000000 549000000 0.0448380
ta5B 549000000 550000000 0.0356520
ta5B 550000000 551000000 0.0360520
ta5B 551000000 552000000 0.0291540
ta5B 552000000 553000000 0.0424120
ta5B 553000000 554000000 0.0317400
ta5B 554000000 555000000 0.0221120
ta5B 555000000 556000000 0.0427790
ta5B 556000000 557000000 0.0431550
ta5B 557000000 558000000 0.0524570
ta5B 558000000 559000000 0.0586970
ta5B 559000000 560000000 0.0357080
ta5B 560000000 561000000 0.0294500
ta5B 561000000 562000000 0.0470720
ta5B 562000000 563000000 0.0418200
ta5B 563000000 564000000 0.0290820
ta5B 564000000 565000000 0.0350110
ta5B 565000000 566000000 0.0324440
ta5B 566000000 567000000 0.0303770
ta5B 567000000 568000000 0.0285520
ta5B 568000000 569000000 0.0420240
ta5B 569000000 570000000 0.0336310
ta5B 570000000 571000000 0.0356270
ta5B 571000000 572000000 0.0339040
ta5B 572000000 573000000 0.0406860
ta5B 573000000 574000000 0.0410840
ta5B 574000000 575000000 0.0297720
ta5B 575000000 576000000 0.0273660
ta5B 576000000 577000000 0.0194290
ta5B 577000000 578000000 0.0251740
ta5B 578000000 579000000 0.0163440
ta5B 579000000 580000000 0.0280150
ta5B 580000000 581000000 0.0330500
ta5B 581000000 582000000 0.0297350
ta5B 582000000 583000000 0.0252110
ta5B 583000000 584000000 0.0181070
ta5B 584000000 585000000 0.0180010
ta5B 585000000 586000000 0.0230980
ta5B 586000000 587000000 0.0316190
ta5B 587000000 588000000 0.0254740
ta5B 588000000 589000000 0.0284780
ta5B 589000000 590000000 0.0390840
ta5B 590000000 591000000 0.0221150
ta5B 591000000 592000000 0.0227270
ta5B 592000000 593000000 0.0223140
ta5B 593000000 594000000 0.0859240
ta5B 594000000 595000000 0.0248680
ta5B 595000000 596000000 0.0386160
ta5B 596000000 597000000 0.0236680
ta5B 597000000 598000000 0.0232580
ta5B 598000000 599000000 0.0208400
ta5B 599000000 600000000 0.0219230
ta5B 600000000 601000000 0.0338890
ta5B 601000000 602000000 0.0241640
ta5B 602000000 603000000 0.0279120
ta5B 603000000 604000000 0.0207080
ta5B 604000000 605000000 0.0217020
ta5B 605000000 606000000 0.0226020
ta5B 606000000 607000000 0.0214810
ta5B 607000000 608000000 0.0239350
ta5B 608000000 609000000 0.0307490
ta5B 609000000 610000000 0.0211330
ta5B 610000000 611000000 0.0308660
ta5B 611000000 612000000 0.0255440
ta5B 612000000 613000000 0.0260180
ta5B 613000000 614000000 0.0353890
ta5B 614000000 615000000 0.0375020
ta5B 615000000 616000000 0.0352650
ta5B 616000000 617000000 0.0403990
ta5B 617000000 618000000 0.0297370
ta5B 618000000 619000000 0.0332780
ta5B 619000000 620000000 0.0260670
ta5B 620000000 621000000 0.0524920
ta5B 621000000 622000000 0.0342500
ta5B 622000000 623000000 0.0389560
ta5B 623000000 624000000 0.0436700
ta5B 624000000 625000000 0.0291140
ta5B 625000000 626000000 0.0409300
ta5B 626000000 627000000 0.0200020
ta5B 627000000 628000000 0.0277870
ta5B 628000000 629000000 0.0219370
ta5B 629000000 630000000 0.0250210
ta5B 630000000 631000000 0.0354170
ta5B 631000000 632000000 0.0229640
ta5B 632000000 633000000 0.0221370
ta5B 633000000 634000000 0.0320590
ta5B 634000000 635000000 0.0207800
ta5B 635000000 636000000 0.0290510
ta5B 636000000 637000000 0.0325510
ta5B 637000000 638000000 0.0375470
ta5B 638000000 639000000 0.0313470
ta5B 639000000 640000000 0.0268180
ta5B 640000000 641000000 0.0257910
ta5B 641000000 642000000 0.0268680
ta5B 642000000 643000000 0.0345070
ta5B 643000000 644000000 0.0269790
ta5B 644000000 645000000 0.0215410
ta5B 645000000 646000000 0.0269660
ta5B 646000000 647000000 0.0204490
ta5B 647000000 648000000 0.0219380
ta5B 648000000 649000000 0.0301370
ta5B 649000000 650000000 0.0255620
ta5B 650000000 651000000 0.0193800
ta5B 651000000 652000000 0.0220670
ta5B 652000000 653000000 0.0220810
ta5B 653000000 654000000 0.0254700
ta5B 654000000 655000000 0.0188000
ta5B 655000000 656000000 0.0378110
ta5B 656000000 657000000 0.0366320
ta5B 657000000 658000000 0.0352300
ta5B 658000000 659000000 0.0347770
ta5B 659000000 660000000 0.0265290
ta5B 660000000 661000000 0.0369920
ta5B 661000000 662000000 0.0930870
ta5B 662000000 663000000 0.0249680
ta5B 663000000 664000000 0.0324630
ta5B 664000000 665000000 0.0317300
ta5B 665000000 666000000 0.0302600
ta5B 666000000 667000000 0.0281780
ta5B 667000000 668000000 0.0393060
ta5B 668000000 669000000 0.0193360
ta5B 669000000 670000000 0.0256600
ta5B 670000000 671000000 0.0319250
ta5B 671000000 672000000 0.0276720
ta5B 672000000 673000000 0.0233910
ta5B 673000000 674000000 0.0263730
ta5B 674000000 675000000 0.0258780
ta5B 675000000 676000000 0.0263260
ta5B 676000000 677000000 0.0260820
ta5B 677000000 678000000 0.0386730
ta5B 678000000 679000000 0.0329830
ta5B 679000000 680000000 0.0221340
ta5B 680000000 681000000 0.0267930
ta5B 681000000 682000000 0.0296900
ta5B 682000000 683000000 0.0333120
ta5B 683000000 684000000 0.0313370
ta5B 684000000 685000000 0.0205890
ta5B 685000000 686000000 0.0360530
ta5B 686000000 687000000 0.0300280
ta5B 687000000 688000000 0.0269980
ta5B 688000000 689000000 0.0282860
ta5B 689000000 690000000 0.0468090
ta5B 690000000 691000000 0.0304450
ta5B 691000000 692000000 0.0276920
ta5B 692000000 693000000 0.0275260
ta5B 693000000 694000000 0.0294050
ta5B 694000000 695000000 0.0390890
ta5B 695000000 696000000 0.0307890
ta5B 696000000 697000000 0.0292650
ta5B 697000000 698000000 0.0268300
ta5B 698000000 699000000 0.0244780
ta5B 699000000 700000000 0.0311150
ta5B 700000000 701000000 0.0350410
ta5B 701000000 702000000 0.0264690
ta5B 702000000 703000000 0.0362730
ta5B 703000000 704000000 0.0316530
ta5B 704000000 705000000 0.0351490
ta5B 705000000 706000000 0.0349960
ta5B 706000000 707000000 0.0309400
ta5B 707000000 708000000 0.0286530
ta5B 708000000 709000000 0.0397240
ta5B 709000000 710000000 0.0327850
ta5B 710000000 711000000 0.0539200
ta5B 711000000 712000000 0.0389100
ta5B 712000000 713000000 0.0313210
ta5B 713000000 714000000 0.0400600
ta5B 714000000 715000000 0.0331340
ta5B 715000000 716000000 0.0482480
ta5B 716000000 717000000 0.0356250
ta5B 717000000 718000000 0.0337680
ta5B 718000000 719000000 0.0387080
ta5B 719000000 720000000 0.0311910
ta5B 720000000 721000000 0.0300890
ta5B 721000000 722000000 0.0486360
ta5B 722000000 723000000 0.0601350
ta5B 723000000 724000000 0.0368700
ta5B 724000000 725000000 0.0384840
ta5B 725000000 726000000 0.0402150
ta5B 726000000 727000000 0.0396330
ta5B 727000000 728000000 0.0340870
ta5B 728000000 729000000 0.0628450
ta5B 729000000 730000000 0.0269330
ta5B 730000000 731000000 0.0970050
ta5B 731000000 732000000 0.0437520
ta5B 732000000 733000000 0.0407370
ta5B 733000000 734000000 0.0410660
ta5B 734000000 735000000 0.0355330
ta5B 735000000 736000000 0.0683830
ta5B 736000000 737000000 0.0484930
ta5B 737000000 737472575 0.0300460
ta5D 0 1000000 0.3156460
ta5D 1000000 2000000 0.0311310
ta5D 2000000 3000000 0.0329570
ta5D 3000000 4000000 0.0332450
ta5D 4000000 5000000 0.0360670
ta5D 5000000 6000000 0.0340940
ta5D 6000000 7000000 0.0266140
ta5D 7000000 8000000 0.1876980
ta5D 8000000 9000000 0.0329160
ta5D 9000000 10000000 0.0320550
ta5D 10000000 11000000 0.0301840
ta5D 11000000 12000000 0.0433910
ta5D 12000000 13000000 0.0345060
ta5D 13000000 14000000 0.0290430
ta5D 14000000 15000000 0.0360850
ta5D 15000000 16000000 0.0383310
ta5D 16000000 17000000 0.0760830
ta5D 17000000 18000000 0.0291080
ta5D 18000000 19000000 0.0229730
ta5D 19000000 20000000 0.1065150
ta5D 20000000 21000000 0.1096850
ta5D 21000000 22000000 0.3773840
ta5D 22000000 23000000 0.0413080
ta5D 23000000 24000000 0.2997740
ta5D 24000000 25000000 0.7929190
ta5D 25000000 26000000 0.0275640
ta5D 26000000 27000000 0.3434280
ta5D 27000000 28000000 0.0440920
ta5D 28000000 29000000 0.0313390
ta5D 29000000 30000000 0.0227000
ta5D 30000000 31000000 0.2387520
ta5D 31000000 32000000 0.0282780
ta5D 32000000 33000000 0.0315000
ta5D 33000000 34000000 0.0379280
ta5D 34000000 35000000 0.0489730
ta5D 35000000 36000000 0.0856880
ta5D 36000000 37000000 0.0363520
ta5D 37000000 38000000 0.0284410
ta5D 38000000 39000000 0.0878880
ta5D 39000000 40000000 0.0315130
ta5D 40000000 41000000 0.0271160
ta5D 41000000 42000000 0.0495070
ta5D 42000000 43000000 0.0325360
ta5D 43000000 44000000 0.0330130
ta5D 44000000 45000000 0.0317670
ta5D 45000000 46000000 0.0298320
ta5D 46000000 47000000 0.0327510
ta5D 47000000 48000000 0.0327610
ta5D 48000000 49000000 0.0388850
ta5D 49000000 50000000 0.0351480
ta5D 50000000 51000000 0.0271430
ta5D 51000000 52000000 0.0425940
ta5D 52000000 53000000 0.0298750
ta5D 53000000 54000000 0.0256550
ta5D 54000000 55000000 0.0618190
ta5D 55000000 56000000 0.0358960
ta5D 56000000 57000000 0.0316170
ta5D 57000000 58000000 0.0382810
ta5D 58000000 59000000 0.0301250
ta5D 59000000 60000000 0.0324930
ta5D 60000000 61000000 0.0494660
ta5D 61000000 62000000 0.0250670
ta5D 62000000 63000000 0.0271100
ta5D 63000000 64000000 0.0342090
ta5D 64000000 65000000 0.0202130
ta5D 65000000 66000000 0.0361540
ta5D 66000000 67000000 0.0315090
ta5D 67000000 68000000 0.0251470
ta5D 68000000 69000000 0.0403290
ta5D 69000000 70000000 0.0289540
ta5D 70000000 71000000 0.0242610
ta5D 71000000 72000000 0.0307710
ta5D 72000000 73000000 0.0269620
ta5D 73000000 74000000 0.0355080
ta5D 74000000 75000000 0.6100700
ta5D 75000000 76000000 0.0344980
ta5D 76000000 77000000 0.0422330
ta5D 77000000 78000000 0.0337150
ta5D 78000000 79000000 0.0265690
ta5D 79000000 80000000 0.0282750
ta5D 80000000 81000000 0.0360720
ta5D 81000000 82000000 0.0235120
ta5D 82000000 83000000 0.0264230
ta5D 83000000 84000000 0.0271420
ta5D 84000000 85000000 0.0258450
ta5D 85000000 86000000 0.0348570
ta5D 86000000 87000000 0.0340220
ta5D 87000000 88000000 0.0334860
ta5D 88000000 89000000 0.0276030
ta5D 89000000 90000000 0.0343780
ta5D 90000000 91000000 0.0266110
ta5D 91000000 92000000 0.0305350
ta5D 92000000 93000000 0.0208830
ta5D 93000000 94000000 0.0367390
ta5D 94000000 95000000 0.0220850
ta5D 95000000 96000000 0.0253970
ta5D 96000000 97000000 0.0260390
ta5D 97000000 98000000 0.0283280
ta5D 98000000 99000000 0.0369040
ta5D 99000000 100000000 0.0263410
ta5D 100000000 101000000 0.0269520
ta5D 101000000 102000000 0.0193040
ta5D 102000000 103000000 0.0233090
ta5D 103000000 104000000 0.0234350
ta5D 104000000 105000000 0.0327750
ta5D 105000000 106000000 0.0286110
ta5D 106000000 107000000 0.0345470
ta5D 107000000 108000000 0.0207340
ta5D 108000000 109000000 0.0241840
ta5D 109000000 110000000 0.0285460
ta5D 110000000 111000000 0.0165240
ta5D 111000000 112000000 0.0219730
ta5D 112000000 113000000 0.2199770
ta5D 113000000 114000000 0.0349660
ta5D 114000000 115000000 0.0272100
ta5D 115000000 116000000 0.0194310
ta5D 116000000 117000000 0.0209470
ta5D 117000000 118000000 0.0175550
ta5D 118000000 119000000 0.0268270
ta5D 119000000 120000000 0.0233410
ta5D 120000000 121000000 0.0248030
ta5D 121000000 122000000 0.0216300
ta5D 122000000 123000000 0.0249530
ta5D 123000000 124000000 0.0232430
ta5D 124000000 125000000 0.0289660
ta5D 125000000 126000000 0.0276490
ta5D 126000000 127000000 0.0148700
ta5D 127000000 128000000 0.0352060
ta5D 128000000 129000000 0.0305530
ta5D 129000000 130000000 0.0242910
ta5D 130000000 131000000 0.0210370
ta5D 131000000 132000000 0.0190850
ta5D 132000000 133000000 0.0322220
ta5D 133000000 134000000 0.0284600
ta5D 134000000 135000000 0.0209640
ta5D 135000000 136000000 0.0212290
ta5D 136000000 137000000 0.0268100
ta5D 137000000 138000000 0.0181040
ta5D 138000000 139000000 0.0229510
ta5D 139000000 140000000 0.0277350
ta5D 140000000 141000000 0.0201610
ta5D 141000000 142000000 0.0260940
ta5D 142000000 143000000 0.1548830
ta5D 143000000 144000000 1.0000000
ta5D 144000000 145000000 1.0000000
ta5D 145000000 146000000 1.0000000
ta5D 146000000 147000000 0.9811590
ta5D 147000000 148000000 0.1970270
ta5D 148000000 149000000 0.1418490
ta5D 149000000 150000000 0.1926200
ta5D 150000000 151000000 0.0221110
ta5D 151000000 152000000 0.8148370
ta5D 152000000 153000000 1.0000000
ta5D 153000000 154000000 0.8555520
ta5D 154000000 155000000 0.4173790
ta5D 155000000 156000000 0.0201550
ta5D 156000000 157000000 0.0190650
ta5D 157000000 158000000 0.5282720
ta5D 158000000 159000000 0.0184980
ta5D 159000000 160000000 0.0225060
ta5D 160000000 161000000 0.0229960
ta5D 161000000 162000000 0.0365220
ta5D 162000000 163000000 0.0167840
ta5D 163000000 164000000 0.0275680
ta5D 164000000 165000000 0.1568860
ta5D 165000000 166000000 0.0349380
ta5D 166000000 167000000 0.0247730
ta5D 167000000 168000000 0.0226210
ta5D 168000000 169000000 0.0249660
ta5D 169000000 170000000 0.0281310
ta5D 170000000 171000000 0.1928140
ta5D 171000000 172000000 0.0472680
ta5D 172000000 173000000 0.0266880
ta5D 173000000 174000000 0.0253470
ta5D 174000000 175000000 0.0213930
ta5D 175000000 176000000 0.0177420
ta5D 176000000 177000000 0.0254130
ta5D 177000000 178000000 0.0171560
ta5D 178000000 179000000 0.0239810
ta5D 179000000 180000000 0.0308300
ta5D 180000000 181000000 0.0289900
ta5D 181000000 182000000 0.0296230
ta5D 182000000 183000000 0.0179320
ta5D 183000000 184000000 0.0252840
ta5D 184000000 185000000 0.0274670
ta5D 185000000 186000000 0.0325970
ta5D 186000000 187000000 0.0324360
ta5D 187000000 188000000 0.0272950
ta5D 188000000 189000000 0.0311590
ta5D 189000000 190000000 0.0280860
ta5D 190000000 191000000 0.0228420
ta5D 191000000 192000000 0.0242000
ta5D 192000000 193000000 0.0254790
ta5D 193000000 194000000 0.0346070
ta5D 194000000 195000000 0.0257950
ta5D 195000000 196000000 0.0239020
ta5D 196000000 197000000 0.0270010
ta5D 197000000 198000000 0.0200070
ta5D 198000000 199000000 0.0317620
ta5D 199000000 200000000 0.0229470
ta5D 200000000 201000000 0.0243610
ta5D 201000000 202000000 0.0232530
ta5D 202000000 203000000 0.0258080
ta5D 203000000 204000000 0.0236540
ta5D 204000000 205000000 0.0243560
ta5D 205000000 206000000 0.0241480
ta5D 206000000 207000000 0.0172220
ta5D 207000000 208000000 0.0172250
ta5D 208000000 209000000 0.0227210
ta5D 209000000 210000000 0.0312030
ta5D 210000000 211000000 0.0217390
ta5D 211000000 212000000 0.0219820
ta5D 212000000 213000000 0.0239570
ta5D 213000000 214000000 0.0235400
ta5D 214000000 215000000 0.0221400
ta5D 215000000 216000000 0.0264000
ta5D 216000000 217000000 0.0309680
ta5D 217000000 218000000 0.0211580
ta5D 218000000 219000000 0.0282780
ta5D 219000000 220000000 0.0267620
ta5D 220000000 221000000 0.0249920
ta5D 221000000 222000000 0.0217790
ta5D 222000000 223000000 0.0325680
ta5D 223000000 224000000 0.0222070
ta5D 224000000 225000000 0.0264610
ta5D 225000000 226000000 0.0190940
ta5D 226000000 227000000 0.0263170
ta5D 227000000 228000000 0.0302080
ta5D 228000000 229000000 0.0235430
ta5D 229000000 230000000 0.0181620
ta5D 230000000 231000000 0.0210070
ta5D 231000000 232000000 0.0261020
ta5D 232000000 233000000 0.0296810
ta5D 233000000 234000000 0.0230760
ta5D 234000000 235000000 0.0249190
ta5D 235000000 236000000 0.0189960
ta5D 236000000 237000000 0.0217390
ta5D 237000000 238000000 0.0182020
ta5D 238000000 239000000 0.0205450
ta5D 239000000 240000000 0.0304800
ta5D 240000000 241000000 0.0215670
ta5D 241000000 242000000 0.0238590
ta5D 242000000 243000000 0.0252140
ta5D 243000000 244000000 0.0200130
ta5D 244000000 245000000 0.0261190
ta5D 245000000 246000000 0.0286910
ta5D 246000000 247000000 0.0315970
ta5D 247000000 248000000 0.0277330
ta5D 248000000 249000000 0.0216050
ta5D 249000000 250000000 0.0295630
ta5D 250000000 251000000 0.0210040
ta5D 251000000 252000000 0.0251700
ta5D 252000000 253000000 0.0277380
ta5D 253000000 254000000 0.0246430
ta5D 254000000 255000000 0.0269100
ta5D 255000000 256000000 0.4102800
ta5D 256000000 257000000 0.0270100
ta5D 257000000 258000000 0.0236270
ta5D 258000000 259000000 0.0268250
ta5D 259000000 260000000 0.0274830
ta5D 260000000 261000000 0.0264690
ta5D 261000000 262000000 0.0260170
ta5D 262000000 263000000 0.0384840
ta5D 263000000 264000000 0.0228260
ta5D 264000000 265000000 0.0220320
ta5D 265000000 266000000 0.0353310
ta5D 266000000 267000000 0.0386270
ta5D 267000000 268000000 0.0299020
ta5D 268000000 269000000 0.0242960
ta5D 269000000 270000000 0.0225810
ta5D 270000000 271000000 0.0242540
ta5D 271000000 272000000 0.0176580
ta5D 272000000 273000000 0.0189730
ta5D 273000000 274000000 0.0220740
ta5D 274000000 275000000 0.0288040
ta5D 275000000 276000000 0.0288570
ta5D 276000000 277000000 0.0251280
ta5D 277000000 278000000 0.0221170
ta5D 278000000 279000000 0.0292060
ta5D 279000000 280000000 0.0199920
ta5D 280000000 281000000 0.0288370
ta5D 281000000 282000000 0.0226270
ta5D 282000000 283000000 0.0281640
ta5D 283000000 284000000 0.0255040
ta5D 284000000 285000000 0.0198750
ta5D 285000000 286000000 0.0244950
ta5D 286000000 287000000 0.0201480
ta5D 287000000 288000000 0.0436520
ta5D 288000000 289000000 0.0264810
ta5D 289000000 290000000 0.0208700
ta5D 290000000 291000000 0.0228600
ta5D 291000000 292000000 0.0318310
ta5D 292000000 293000000 0.0228760
ta5D 293000000 294000000 0.0215660
ta5D 294000000 295000000 0.0249590
ta5D 295000000 296000000 0.0198130
ta5D 296000000 297000000 0.0279120
ta5D 297000000 298000000 0.0310860
ta5D 298000000 299000000 0.0261710
ta5D 299000000 300000000 0.0197370
ta5D 300000000 301000000 0.0187440
ta5D 301000000 302000000 0.0497830
ta5D 302000000 303000000 0.0212290
ta5D 303000000 304000000 0.0325060
ta5D 304000000 305000000 0.0253770
ta5D 305000000 306000000 0.0225500
ta5D 306000000 307000000 0.0275450
ta5D 307000000 308000000 0.0244980
ta5D 308000000 309000000 0.0259960
ta5D 309000000 310000000 0.0232780
ta5D 310000000 311000000 0.0296070
ta5D 311000000 312000000 0.0262240
ta5D 312000000 313000000 0.0364250
ta5D 313000000 314000000 0.0297420
ta5D 314000000 315000000 0.0451230
ta5D 315000000 316000000 0.0253610
ta5D 316000000 317000000 0.0274390
ta5D 317000000 318000000 0.0303260
ta5D 318000000 319000000 0.0232840
ta5D 319000000 320000000 0.0214850
ta5D 320000000 321000000 0.0291330
ta5D 321000000 322000000 0.0246080
ta5D 322000000 323000000 0.0266920
ta5D 323000000 324000000 0.0259410
ta5D 324000000 325000000 0.0254540
ta5D 325000000 326000000 0.0285150
ta5D 326000000 327000000 0.0210790
ta5D 327000000 328000000 0.0324730
ta5D 328000000 329000000 0.0232090
ta5D 329000000 330000000 0.0243190
ta5D 330000000 331000000 0.0369770
ta5D 331000000 332000000 0.0573860
ta5D 332000000 333000000 0.0266710
ta5D 333000000 334000000 0.0307760
ta5D 334000000 335000000 0.0291140
ta5D 335000000 336000000 0.0264520
ta5D 336000000 337000000 0.0246670
ta5D 337000000 338000000 0.0232360
ta5D 338000000 339000000 0.0268690
ta5D 339000000 340000000 0.0493900
ta5D 340000000 341000000 0.1123390
ta5D 341000000 342000000 0.0272730
ta5D 342000000 343000000 0.0305310
ta5D 343000000 344000000 0.0265960
ta5D 344000000 345000000 0.0232730
ta5D 345000000 346000000 0.0333610
ta5D 346000000 347000000 0.0221090
ta5D 347000000 348000000 0.0284080
ta5D 348000000 349000000 0.0246380
ta5D 349000000 350000000 0.0333720
ta5D 350000000 351000000 0.0246780
ta5D 351000000 352000000 0.0216780
ta5D 352000000 353000000 0.0309360
ta5D 353000000 354000000 0.0253720
ta5D 354000000 355000000 0.0235590
ta5D 355000000 356000000 0.0287710
ta5D 356000000 357000000 0.0205780
ta5D 357000000 358000000 0.0321880
ta5D 358000000 359000000 0.0299610
ta5D 359000000 360000000 0.0268600
ta5D 360000000 361000000 0.0275070
ta5D 361000000 362000000 0.0338040
ta5D 362000000 363000000 0.0194400
ta5D 363000000 364000000 0.0268820
ta5D 364000000 365000000 0.0164340
ta5D 365000000 366000000 0.0248750
ta5D 366000000 367000000 0.0314160
ta5D 367000000 368000000 0.0258450
ta5D 368000000 369000000 0.0271450
ta5D 369000000 370000000 0.0304500
ta5D 370000000 371000000 0.0180020
ta5D 371000000 372000000 0.0234300
ta5D 372000000 373000000 0.0247460
ta5D 373000000 374000000 0.0339320
ta5D 374000000 375000000 0.0281550
ta5D 375000000 376000000 0.0321540
ta5D 376000000 377000000 0.0216620
ta5D 377000000 378000000 0.0314060
ta5D 378000000 379000000 0.0313310
ta5D 379000000 380000000 0.0286120
ta5D 380000000 381000000 0.0328190
ta5D 381000000 382000000 0.0508180
ta5D 382000000 383000000 0.0330400
ta5D 383000000 384000000 0.0220090
ta5D 384000000 385000000 0.0470230
ta5D 385000000 386000000 0.2650610
ta5D 386000000 387000000 0.0248600
ta5D 387000000 388000000 0.0322090
ta5D 388000000 389000000 0.0221830
ta5D 389000000 390000000 0.0295300
ta5D 390000000 391000000 0.0311490
ta5D 391000000 392000000 0.0281700
ta5D 392000000 393000000 0.0313940
ta5D 393000000 394000000 0.0232000
ta5D 394000000 395000000 0.0292720
ta5D 395000000 396000000 0.0270570
ta5D 396000000 397000000 0.0237630
ta5D 397000000 398000000 0.0383360
ta5D 398000000 399000000 0.0312980
ta5D 399000000 400000000 0.0296650
ta5D 400000000 401000000 0.0403020
ta5D 401000000 402000000 0.0353760
ta5D 402000000 403000000 0.0257710
ta5D 403000000 404000000 0.0523230
ta5D 404000000 405000000 0.1262860
ta5D 405000000 406000000 0.0342370
ta5D 406000000 407000000 0.0731850
ta5D 407000000 408000000 0.0284300
ta5D 408000000 409000000 0.0211080
ta5D 409000000 410000000 0.0342990
ta5D 410000000 411000000 0.1522200
ta5D 411000000 412000000 0.0343660
ta5D 412000000 413000000 0.0991500
ta5D 413000000 414000000 0.2016950
ta5D 414000000 415000000 1.0000000
ta5D 415000000 416000000 0.9998460
ta5D 416000000 417000000 0.0398910
ta5D 417000000 418000000 0.0305040
ta5D 418000000 419000000 0.0293960
ta5D 419000000 420000000 0.0295230
ta5D 420000000 421000000 0.0318590
ta5D 421000000 422000000 0.0470380
ta5D 422000000 423000000 0.0422760
ta5D 423000000 424000000 0.0292640
ta5D 424000000 425000000 0.0234350
ta5D 425000000 426000000 0.0285490
ta5D 426000000 427000000 0.0234460
ta5D 427000000 428000000 0.0327380
ta5D 428000000 429000000 0.0318060
ta5D 429000000 430000000 0.0317850
ta5D 430000000 431000000 0.0178610
ta5D 431000000 432000000 0.0352380
ta5D 432000000 433000000 0.0249870
ta5D 433000000 434000000 0.2199450
ta5D 434000000 435000000 0.0348920
ta5D 435000000 436000000 0.1129420
ta5D 436000000 437000000 0.0374820
ta5D 437000000 438000000 0.0334970
ta5D 438000000 439000000 0.0353380
ta5D 439000000 440000000 0.0329700
ta5D 440000000 441000000 0.0309660
ta5D 441000000 442000000 0.0283110
ta5D 442000000 443000000 0.0313350
ta5D 443000000 444000000 0.0207830
ta5D 444000000 445000000 0.0350990
ta5D 445000000 446000000 0.0361330
ta5D 446000000 447000000 0.0390580
ta5D 447000000 448000000 0.0403780
ta5D 448000000 449000000 0.0387320
ta5D 449000000 450000000 0.0370500
ta5D 450000000 451000000 0.0336230
ta5D 451000000 452000000 0.0408160
ta5D 452000000 453000000 0.0324140
ta5D 453000000 454000000 0.0459050
ta5D 454000000 455000000 0.0341830
ta5D 455000000 456000000 0.0409230
ta5D 456000000 457000000 0.0343730
ta5D 457000000 458000000 0.0325270
ta5D 458000000 459000000 0.0340200
ta5D 459000000 460000000 0.0382840
ta5D 460000000 461000000 0.0878080
ta5D 461000000 462000000 0.0402860
ta5D 462000000 463000000 0.0406840
ta5D 463000000 464000000 0.0341200
ta5D 464000000 465000000 0.0271260
ta5D 465000000 466000000 0.0232930
ta5D 466000000 467000000 0.0251570
ta5D 467000000 468000000 0.0252740
ta5D 468000000 469000000 0.0309140
ta5D 469000000 470000000 0.0224790
ta5D 470000000 471000000 0.0234210
ta5D 471000000 472000000 0.0317650
ta5D 472000000 473000000 0.0309480
ta5D 473000000 474000000 0.0298500
ta5D 474000000 475000000 0.0315860
ta5D 475000000 476000000 0.0247440
ta5D 476000000 477000000 0.0253110
ta5D 477000000 478000000 0.0241920
ta5D 478000000 479000000 0.0231150
ta5D 479000000 480000000 0.0245610
ta5D 480000000 481000000 0.0743420
ta5D 481000000 482000000 0.0317570
ta5D 482000000 483000000 0.0250330
ta5D 483000000 484000000 0.0365200
ta5D 484000000 485000000 0.0271830
ta5D 485000000 486000000 0.0272570
ta5D 486000000 487000000 0.0248730
ta5D 487000000 488000000 0.0257280
ta5D 488000000 489000000 0.0322700
ta5D 489000000 490000000 0.0229500
ta5D 490000000 491000000 0.0267980
ta5D 491000000 492000000 0.0248090
ta5D 492000000 493000000 0.0272630
ta5D 493000000 494000000 0.0210730
ta5D 494000000 495000000 0.0348090
ta5D 495000000 496000000 0.0360680
ta5D 496000000 497000000 0.0374190
ta5D 497000000 498000000 0.0296720
ta5D 498000000 499000000 0.0910330
ta5D 499000000 500000000 0.0356710
ta5D 500000000 501000000 0.0440060
ta5D 501000000 502000000 0.0859480
ta5D 502000000 503000000 0.0251220
ta5D 503000000 504000000 0.0286690
ta5D 504000000 505000000 0.1383910
ta5D 505000000 506000000 0.0318310
ta5D 506000000 507000000 0.0281800
ta5D 507000000 508000000 0.0324110
ta5D 508000000 509000000 0.0291200
ta5D 509000000 510000000 0.0275450
ta5D 510000000 511000000 0.0288390
ta5D 511000000 512000000 0.0308280
ta5D 512000000 513000000 0.0238100
ta5D 513000000 514000000 0.0303880
ta5D 514000000 515000000 0.0383170
ta5D 515000000 516000000 0.0268140
ta5D 516000000 517000000 0.0351750
ta5D 517000000 518000000 0.0298610
ta5D 518000000 519000000 0.0271670
ta5D 519000000 520000000 0.0259660
ta5D 520000000 521000000 0.0266330
ta5D 521000000 522000000 0.0324160
ta5D 522000000 523000000 0.0316120
ta5D 523000000 524000000 0.0340860
ta5D 524000000 525000000 0.0305460
ta5D 525000000 526000000 0.0187070
ta5D 526000000 527000000 0.0316930
ta5D 527000000 528000000 0.0402270
ta5D 528000000 529000000 0.0303190
ta5D 529000000 530000000 0.0280460
ta5D 530000000 531000000 0.0293830
ta5D 531000000 532000000 0.0322490
ta5D 532000000 533000000 0.0425890
ta5D 533000000 534000000 0.0355630
ta5D 534000000 535000000 0.0343840
ta5D 535000000 536000000 0.0259940
ta5D 536000000 537000000 0.0329550
ta5D 537000000 538000000 0.0263480
ta5D 538000000 539000000 0.0316730
ta5D 539000000 540000000 0.2120540
ta5D 540000000 541000000 0.0893370
ta5D 541000000 542000000 0.0419080
ta5D 542000000 543000000 0.0305260
ta5D 543000000 544000000 0.0336480
ta5D 544000000 545000000 0.0313390
ta5D 545000000 546000000 0.0300550
ta5D 546000000 547000000 0.2434120
ta5D 547000000 548000000 0.0478460
ta5D 548000000 549000000 0.0321120
ta5D 549000000 550000000 0.0329910
ta5D 550000000 551000000 0.0386220
ta5D 551000000 552000000 0.0331550
ta5D 552000000 553000000 0.0349980
ta5D 553000000 554000000 0.0358600
ta5D 554000000 555000000 0.1229450
ta5D 555000000 556000000 0.0268400
ta5D 556000000 557000000 0.0310000
ta5D 557000000 558000000 0.0423380
ta5D 558000000 559000000 0.0371790
ta5D 559000000 560000000 0.0413900
ta5D 560000000 561000000 0.0722280
ta5D 561000000 562000000 0.0948070
ta5D 562000000 563000000 0.0766210
ta5D 563000000 564000000 0.0459440
ta5D 564000000 565000000 0.0337880
ta5D 565000000 566000000 0.0327790
ta5D 566000000 567000000 0.0284570
ta5D 567000000 568000000 0.0376230
ta5D 568000000 569000000 0.0372760
ta5D 569000000 570000000 0.0743280
ta5D 570000000 571000000 0.0720110
ta5D 571000000 572000000 0.0491920
ta5D 572000000 573000000 0.0260400
ta5D 573000000 574000000 0.0367950
ta5D 574000000 575000000 0.0425270
ta5D 575000000 576000000 0.2678400
ta5D 576000000 577000000 0.0403270
ta5D 577000000 578000000 0.0477000
ta5D 578000000 579000000 0.0389650
ta5D 579000000 580000000 0.0876220
ta5D 580000000 581000000 0.0509730
ta5D 581000000 582000000 0.0629060
ta5D 582000000 583000000 0.0351940
ta5D 583000000 583195916 0.0595714
ta6A 0 1000000 0.2406590
ta6A 1000000 2000000 0.0476110
ta6A 2000000 3000000 0.0263630
ta6A 3000000 4000000 0.0365770
ta6A 4000000 5000000 0.0349490
ta6A 5000000 6000000 0.0324360
ta6A 6000000 7000000 0.0417770
ta6A 7000000 8000000 0.3041950
ta6A 8000000 9000000 0.0352530
ta6A 9000000 10000000 0.0254560
ta6A 10000000 11000000 0.0326020
ta6A 11000000 12000000 0.0372850
ta6A 12000000 13000000 0.0453180
ta6A 13000000 14000000 0.0418650
ta6A 14000000 15000000 0.0451280
ta6A 15000000 16000000 0.0386290
ta6A 16000000 17000000 0.0288580
ta6A 17000000 18000000 0.0840820
ta6A 18000000 19000000 0.0388750
ta6A 19000000 20000000 0.0526320
ta6A 20000000 21000000 0.1139950
ta6A 21000000 22000000 0.0286220
ta6A 22000000 23000000 0.0270810
ta6A 23000000 24000000 0.0694910
ta6A 24000000 25000000 0.0366650
ta6A 25000000 26000000 0.0593690
ta6A 26000000 27000000 0.0478550
ta6A 27000000 28000000 0.0584870
ta6A 28000000 29000000 0.0375080
ta6A 29000000 30000000 0.0280350
ta6A 30000000 31000000 0.0310140
ta6A 31000000 32000000 0.0302180
ta6A 32000000 33000000 0.0381840
ta6A 33000000 34000000 0.0211730
ta6A 34000000 35000000 0.0306120
ta6A 35000000 36000000 0.0275290
ta6A 36000000 37000000 0.0368340
ta6A 37000000 38000000 0.0259580
ta6A 38000000 39000000 0.0281310
ta6A 39000000 40000000 0.0207000
ta6A 40000000 41000000 0.0227990
ta6A 41000000 42000000 0.0235600
ta6A 42000000 43000000 0.0302570
ta6A 43000000 44000000 0.0562590
ta6A 44000000 45000000 0.0425440
ta6A 45000000 46000000 0.0345670
ta6A 46000000 47000000 0.0360160
ta6A 47000000 48000000 0.0349200
ta6A 48000000 49000000 0.0328710
ta6A 49000000 50000000 0.0384960
ta6A 50000000 51000000 0.0266890
ta6A 51000000 52000000 0.0308740
ta6A 52000000 53000000 0.0212570
ta6A 53000000 54000000 0.0526170
ta6A 54000000 55000000 0.0284960
ta6A 55000000 56000000 0.0258330
ta6A 56000000 57000000 0.0295710
ta6A 57000000 58000000 0.0289750
ta6A 58000000 59000000 0.0225080
ta6A 59000000 60000000 0.0268870
ta6A 60000000 61000000 0.0278810
ta6A 61000000 62000000 0.0212730
ta6A 62000000 63000000 0.0287490
ta6A 63000000 64000000 0.0231560
ta6A 64000000 65000000 0.0358520
ta6A 65000000 66000000 0.0225170
ta6A 66000000 67000000 0.0294730
ta6A 67000000 68000000 0.0159530
ta6A 68000000 69000000 0.0225040
ta6A 69000000 70000000 0.0224070
ta6A 70000000 71000000 0.0258810
ta6A 71000000 72000000 0.0280640
ta6A 72000000 73000000 0.0231560
ta6A 73000000 74000000 0.0279480
ta6A 74000000 75000000 0.0254810
ta6A 75000000 76000000 0.0299450
ta6A 76000000 77000000 0.0399500
ta6A 77000000 78000000 0.0297140
ta6A 78000000 79000000 0.0290040
ta6A 79000000 80000000 0.0283320
ta6A 80000000 81000000 0.0306120
ta6A 81000000 82000000 0.0258650
ta6A 82000000 83000000 0.0246240
ta6A 83000000 84000000 0.0222530
ta6A 84000000 85000000 0.0269960
ta6A 85000000 86000000 0.0367740
ta6A 86000000 87000000 0.0232710
ta6A 87000000 88000000 0.0251820
ta6A 88000000 89000000 0.0253080
ta6A 89000000 90000000 0.0231660
ta6A 90000000 91000000 0.0229420
ta6A 91000000 92000000 0.0283790
ta6A 92000000 93000000 0.0298400
ta6A 93000000 94000000 0.0375100
ta6A 94000000 95000000 0.0516530
ta6A 95000000 96000000 0.0286110
ta6A 96000000 97000000 0.0295400
ta6A 97000000 98000000 0.0258120
ta6A 98000000 99000000 0.0300200
ta6A 99000000 100000000 0.0208080
ta6A 100000000 101000000 0.0216790
ta6A 101000000 102000000 0.0270900
ta6A 102000000 103000000 0.0245290
ta6A 103000000 104000000 0.0217790
ta6A 104000000 105000000 0.0241700
ta6A 105000000 106000000 0.0327100
ta6A 106000000 107000000 0.0258530
ta6A 107000000 108000000 0.0338410
ta6A 108000000 109000000 0.0249330
ta6A 109000000 110000000 0.0231770
ta6A 110000000 111000000 0.0284550
ta6A 111000000 112000000 0.0222520
ta6A 112000000 113000000 0.0165870
ta6A 113000000 114000000 0.0235830
ta6A 114000000 115000000 0.0200510
ta6A 115000000 116000000 0.0217920
ta6A 116000000 117000000 0.0193750
ta6A 117000000 118000000 0.0278720
ta6A 118000000 119000000 0.0198470
ta6A 119000000 120000000 0.0287810
ta6A 120000000 121000000 0.0230120
ta6A 121000000 122000000 0.0316110
ta6A 122000000 123000000 0.0227480
ta6A 123000000 124000000 0.0261780
ta6A 124000000 125000000 0.0228040
ta6A 125000000 126000000 0.0217150
ta6A 126000000 127000000 0.0229660
ta6A 127000000 128000000 0.0251110
ta6A 128000000 129000000 0.0217850
ta6A 129000000 130000000 0.0254300
ta6A 130000000 131000000 0.0212730
ta6A 131000000 132000000 0.0213920
ta6A 132000000 133000000 0.0130040
ta6A 133000000 134000000 0.0205340
ta6A 134000000 135000000 0.0258990
ta6A 135000000 136000000 0.0276950
ta6A 136000000 137000000 0.0230500
ta6A 137000000 138000000 0.0158320
ta6A 138000000 139000000 0.0163260
ta6A 139000000 140000000 0.0207840
ta6A 140000000 141000000 0.0222410
ta6A 141000000 142000000 0.0177510
ta6A 142000000 143000000 0.0223190
ta6A 143000000 144000000 0.0205970
ta6A 144000000 145000000 0.0175630
ta6A 145000000 146000000 0.0339880
ta6A 146000000 147000000 0.0169480
ta6A 147000000 148000000 0.0181130
ta6A 148000000 149000000 0.0221090
ta6A 149000000 150000000 0.0203050
ta6A 150000000 151000000 0.0203330
ta6A 151000000 152000000 0.0304530
ta6A 152000000 153000000 0.0254140
ta6A 153000000 154000000 0.0184780
ta6A 154000000 155000000 0.0259210
ta6A 155000000 156000000 0.0228200
ta6A 156000000 157000000 0.0212460
ta6A 157000000 158000000 0.0181770
ta6A 158000000 159000000 0.0237970
ta6A 159000000 160000000 0.0185080
ta6A 160000000 161000000 0.0244940
ta6A 161000000 162000000 0.0218400
ta6A 162000000 163000000 0.0236760
ta6A 163000000 164000000 0.0196380
ta6A 164000000 165000000 0.0221480
ta6A 165000000 166000000 0.0224810
ta6A 166000000 167000000 0.0282480
ta6A 167000000 168000000 0.0186660
ta6A 168000000 169000000 0.0199130
ta6A 169000000 170000000 0.0219660
ta6A 170000000 171000000 0.0161750
ta6A 171000000 172000000 0.0316040
ta6A 172000000 173000000 0.0216340
ta6A 173000000 174000000 0.0223810
ta6A 174000000 175000000 0.0268300
ta6A 175000000 176000000 0.0254070
ta6A 176000000 177000000 0.0301470
ta6A 177000000 178000000 0.0236740
ta6A 178000000 179000000 0.0209160
ta6A 179000000 180000000 0.0198830
ta6A 180000000 181000000 0.0215360
ta6A 181000000 182000000 0.0236110
ta6A 182000000 183000000 0.0170770
ta6A 183000000 184000000 0.0258640
ta6A 184000000 185000000 0.0190870
ta6A 185000000 186000000 0.0186420
ta6A 186000000 187000000 0.0210110
ta6A 187000000 188000000 0.0179990
ta6A 188000000 189000000 0.0273250
ta6A 189000000 190000000 0.0208990
ta6A 190000000 191000000 0.0204050
ta6A 191000000 192000000 0.0152280
ta6A 192000000 193000000 0.0145410
ta6A 193000000 194000000 0.0155000
ta6A 194000000 195000000 0.0205810
ta6A 195000000 196000000 0.0232130
ta6A 196000000 197000000 0.0295060
ta6A 197000000 198000000 0.0196050
ta6A 198000000 199000000 0.0195570
ta6A 199000000 200000000 0.0247120
ta6A 200000000 201000000 0.0182620
ta6A 201000000 202000000 0.0192650
ta6A 202000000 203000000 0.0217630
ta6A 203000000 204000000 0.0200330
ta6A 204000000 205000000 0.0279270
ta6A 205000000 206000000 0.0246230
ta6A 206000000 207000000 0.0210540
ta6A 207000000 208000000 0.0188960
ta6A 208000000 209000000 0.0261930
ta6A 209000000 210000000 0.0210400
ta6A 210000000 211000000 0.0109420
ta6A 211000000 212000000 0.0261330
ta6A 212000000 213000000 0.0206200
ta6A 213000000 214000000 0.0171340
ta6A 214000000 215000000 0.0210180
ta6A 215000000 216000000 0.0278030
ta6A 216000000 217000000 0.0187780
ta6A 217000000 218000000 0.0215330
ta6A 218000000 219000000 0.0150080
ta6A 219000000 220000000 0.0254200
ta6A 220000000 221000000 0.0215600
ta6A 221000000 222000000 0.0304010
ta6A 222000000 223000000 0.0252670
ta6A 223000000 224000000 0.0186740
ta6A 224000000 225000000 0.0161330
ta6A 225000000 226000000 0.0220040
ta6A 226000000 227000000 0.0244120
ta6A 227000000 228000000 0.0203290
ta6A 228000000 229000000 0.0206270
ta6A 229000000 230000000 0.0164870
ta6A 230000000 231000000 0.0191340
ta6A 231000000 232000000 0.0217990
ta6A 232000000 233000000 0.0181000
ta6A 233000000 234000000 0.0163000
ta6A 234000000 235000000 0.0152170
ta6A 235000000 236000000 0.0139980
ta6A 236000000 237000000 0.0223850
ta6A 237000000 238000000 0.0194740
ta6A 238000000 239000000 0.0103130
ta6A 239000000 240000000 0.0151100
ta6A 240000000 241000000 0.0144360
ta6A 241000000 242000000 0.0151210
ta6A 242000000 243000000 0.0140070
ta6A 243000000 244000000 0.0224960
ta6A 244000000 245000000 0.0153210
ta6A 245000000 246000000 0.0200520
ta6A 246000000 247000000 0.0170130
ta6A 247000000 248000000 0.0149430
ta6A 248000000 249000000 0.0162910
ta6A 249000000 250000000 0.0229860
ta6A 250000000 251000000 0.0147630
ta6A 251000000 252000000 0.0109260
ta6A 252000000 253000000 0.0154730
ta6A 253000000 254000000 0.0211780
ta6A 254000000 255000000 0.0140720
ta6A 255000000 256000000 0.0206380
ta6A 256000000 257000000 0.1175080
ta6A 257000000 258000000 0.0203270
ta6A 258000000 259000000 0.0166920
ta6A 259000000 260000000 0.0127870
ta6A 260000000 261000000 0.0172970
ta6A 261000000 262000000 0.0157820
ta6A 262000000 263000000 0.0191900
ta6A 263000000 264000000 0.0485530
ta6A 264000000 265000000 0.0184350
ta6A 265000000 266000000 0.0247130
ta6A 266000000 267000000 0.0226720
ta6A 267000000 268000000 0.0187030
ta6A 268000000 269000000 0.0252420
ta6A 269000000 270000000 0.0150340
ta6A 270000000 271000000 0.0206510
ta6A 271000000 272000000 0.0223130
ta6A 272000000 273000000 0.0191770
ta6A 273000000 274000000 0.0194330
ta6A 274000000 275000000 0.0158570
ta6A 275000000 276000000 0.0144620
ta6A 276000000 277000000 0.0139900
ta6A 277000000 278000000 0.1782180
ta6A 278000000 279000000 0.5169980
ta6A 279000000 280000000 0.0188480
ta6A 280000000 281000000 0.0141600
ta6A 281000000 282000000 0.0186590
ta6A 282000000 283000000 0.0219260
ta6A 283000000 284000000 0.0164850
ta6A 284000000 285000000 0.0211150
ta6A 285000000 286000000 0.0166890
ta6A 286000000 287000000 0.0158050
ta6A 287000000 288000000 0.0201040
ta6A 288000000 289000000 0.0238090
ta6A 289000000 290000000 0.0142780
ta6A 290000000 291000000 0.0183060
ta6A 291000000 292000000 0.0237260
ta6A 292000000 293000000 0.0232370
ta6A 293000000 294000000 0.0244730
ta6A 294000000 295000000 0.0302780
ta6A 295000000 296000000 0.0129410
ta6A 296000000 297000000 0.0145110
ta6A 297000000 298000000 0.0225040
ta6A 298000000 299000000 0.0155600
ta6A 299000000 300000000 0.0240090
ta6A 300000000 301000000 0.0211960
ta6A 301000000 302000000 0.0173070
ta6A 302000000 303000000 0.0191370
ta6A 303000000 304000000 0.0162510
ta6A 304000000 305000000 0.0190900
ta6A 305000000 306000000 0.0172070
ta6A 306000000 307000000 0.0378050
ta6A 307000000 308000000 0.0193830
ta6A 308000000 309000000 0.0156840
ta6A 309000000 310000000 0.0204010
ta6A 310000000 311000000 0.0149120
ta6A 311000000 312000000 0.0242560
ta6A 312000000 313000000 0.0167890
ta6A 313000000 314000000 0.0157710
ta6A 314000000 315000000 0.0135510
ta6A 315000000 316000000 0.0194010
ta6A 316000000 317000000 0.0166380
ta6A 317000000 318000000 0.0169940
ta6A 318000000 319000000 0.0203210
ta6A 319000000 320000000 0.0149110
ta6A 320000000 321000000 0.0178010
ta6A 321000000 322000000 0.0173200
ta6A 322000000 323000000 0.0138500
ta6A 323000000 324000000 0.0226140
ta6A 324000000 325000000 0.0148260
ta6A 325000000 326000000 0.0164440
ta6A 326000000 327000000 0.0197760
ta6A 327000000 328000000 0.0193730
ta6A 328000000 329000000 0.0241820
ta6A 329000000 330000000 0.0196670
ta6A 330000000 331000000 0.0184490
ta6A 331000000 332000000 0.0197410
ta6A 332000000 333000000 0.0242370
ta6A 333000000 334000000 0.0127640
ta6A 334000000 335000000 0.0181960
ta6A 335000000 336000000 0.0293410
ta6A 336000000 337000000 0.0235570
ta6A 337000000 338000000 0.0239970
ta6A 338000000 339000000 0.0202090
ta6A 339000000 340000000 0.0192120
ta6A 340000000 341000000 0.0113940
ta6A 341000000 342000000 0.0193000
ta6A 342000000 343000000 0.0472570
ta6A 343000000 344000000 0.0161850
ta6A 344000000 345000000 0.0201560
ta6A 345000000 346000000 0.0207990
ta6A 346000000 347000000 0.0139450
ta6A 347000000 348000000 0.0176080
ta6A 348000000 349000000 0.0190170
ta6A 349000000 350000000 0.0187470
ta6A 350000000 351000000 0.0224360
ta6A 351000000 352000000 0.0216790
ta6A 352000000 353000000 0.0177710
ta6A 353000000 354000000 0.0745110
ta6A 354000000 355000000 0.0144930
ta6A 355000000 356000000 0.0163030
ta6A 356000000 357000000 0.0221980
ta6A 357000000 358000000 0.0209670
ta6A 358000000 359000000 0.0338440
ta6A 359000000 360000000 0.0140470
ta6A 360000000 361000000 0.0158900
ta6A 361000000 362000000 0.0113730
ta6A 362000000 363000000 0.0321740
ta6A 363000000 364000000 0.0239780
ta6A 364000000 365000000 0.0181190
ta6A 365000000 366000000 0.0191750
ta6A 366000000 367000000 0.0183930
ta6A 367000000 368000000 0.0211700
ta6A 368000000 369000000 0.0154710
ta6A 369000000 370000000 0.0195130
ta6A 370000000 371000000 0.0222970
ta6A 371000000 372000000 0.2516540
ta6A 372000000 373000000 0.0201420
ta6A 373000000 374000000 0.0224900
ta6A 374000000 375000000 0.0179170
ta6A 375000000 376000000 0.0221320
ta6A 376000000 377000000 0.0183220
ta6A 377000000 378000000 0.0228490
ta6A 378000000 379000000 0.0145240
ta6A 379000000 380000000 0.0274300
ta6A 380000000 381000000 0.0217460
ta6A 381000000 382000000 0.0162660
ta6A 382000000 383000000 0.0247600
ta6A 383000000 384000000 0.0181780
ta6A 384000000 385000000 0.0209200
ta6A 385000000 386000000 0.0225040
ta6A 386000000 387000000 0.0204580
ta6A 387000000 388000000 0.0242990
ta6A 388000000 389000000 0.0322840
ta6A 389000000 390000000 0.0216980
ta6A 390000000 391000000 0.0174940
ta6A 391000000 392000000 0.0212640
ta6A 392000000 393000000 0.0251840
ta6A 393000000 394000000 0.0174250
ta6A 394000000 395000000 0.0217560
ta6A 395000000 396000000 0.0263470
ta6A 396000000 397000000 0.0212360
ta6A 397000000 398000000 0.0258520
ta6A 398000000 399000000 0.0251100
ta6A 399000000 400000000 0.0226690
ta6A 400000000 401000000 0.0167300
ta6A 401000000 402000000 0.0179230
ta6A 402000000 403000000 0.0131660
ta6A 403000000 404000000 0.0213020
ta6A 404000000 405000000 0.0250860
ta6A 405000000 406000000 0.0195760
ta6A 406000000 407000000 0.0193600
ta6A 407000000 408000000 0.0160030
ta6A 408000000 409000000 0.0167530
ta6A 409000000 410000000 0.0236490
ta6A 410000000 411000000 0.0175040
ta6A 411000000 412000000 0.0220800
ta6A 412000000 413000000 0.0293050
ta6A 413000000 414000000 0.0141500
ta6A 414000000 415000000 0.0237640
ta6A 415000000 416000000 0.0178850
ta6A 416000000 417000000 0.0246490
ta6A 417000000 418000000 0.0205350
ta6A 418000000 419000000 0.0233220
ta6A 419000000 420000000 0.0200880
ta6A 420000000 421000000 0.0192580
ta6A 421000000 422000000 0.0223280
ta6A 422000000 423000000 0.0296030
ta6A 423000000 424000000 0.0195650
ta6A 424000000 425000000 0.0201320
ta6A 425000000 426000000 0.0273030
ta6A 426000000 427000000 0.0227010
ta6A 427000000 428000000 0.0246560
ta6A 428000000 429000000 0.0150500
ta6A 429000000 430000000 0.0247580
ta6A 430000000 431000000 0.0178750
ta6A 431000000 432000000 0.0320030
ta6A 432000000 433000000 0.0236780
ta6A 433000000 434000000 0.0165670
ta6A 434000000 435000000 0.0283210
ta6A 435000000 436000000 0.0141710
ta6A 436000000 437000000 0.0279550
ta6A 437000000 438000000 0.0244930
ta6A 438000000 439000000 0.0201850
ta6A 439000000 440000000 0.0186110
ta6A 440000000 441000000 0.0366850
ta6A 441000000 442000000 0.0218440
ta6A 442000000 443000000 0.0167840
ta6A 443000000 444000000 0.0300530
ta6A 444000000 445000000 0.0216250
ta6A 445000000 446000000 0.0324640
ta6A 446000000 447000000 0.0269500
ta6A 447000000 448000000 0.0307210
ta6A 448000000 449000000 0.0239830
ta6A 449000000 450000000 0.0221870
ta6A 450000000 451000000 0.0173850
ta6A 451000000 452000000 0.0293960
ta6A 452000000 453000000 0.0196350
ta6A 453000000 454000000 0.0216550
ta6A 454000000 455000000 0.0192730
ta6A 455000000 456000000 0.0173890
ta6A 456000000 457000000 0.0208510
ta6A 457000000 458000000 0.0177110
ta6A 458000000 459000000 0.0282210
ta6A 459000000 460000000 0.0234340
ta6A 460000000 461000000 0.0199060
ta6A 461000000 462000000 0.0237650
ta6A 462000000 463000000 0.0170460
ta6A 463000000 464000000 0.0230530
ta6A 464000000 465000000 0.0194760
ta6A 465000000 466000000 0.0368170
ta6A 466000000 467000000 0.0273620
ta6A 467000000 468000000 0.0191500
ta6A 468000000 469000000 0.0170130
ta6A 469000000 470000000 0.0232510
ta6A 470000000 471000000 0.0187700
ta6A 471000000 472000000 0.0200110
ta6A 472000000 473000000 0.0323050
ta6A 473000000 474000000 0.0296070
ta6A 474000000 475000000 0.0186250
ta6A 475000000 476000000 0.0255870
ta6A 476000000 477000000 0.0183720
ta6A 477000000 478000000 0.0166120
ta6A 478000000 479000000 0.0248820
ta6A 479000000 480000000 0.0195720
ta6A 480000000 481000000 0.0205620
ta6A 481000000 482000000 0.0133320
ta6A 482000000 483000000 0.0210780
ta6A 483000000 484000000 0.0177360
ta6A 484000000 485000000 0.0229960
ta6A 485000000 486000000 0.0321360
ta6A 486000000 487000000 0.0152090
ta6A 487000000 488000000 0.0154400
ta6A 488000000 489000000 0.0162230
ta6A 489000000 490000000 0.0227490
ta6A 490000000 491000000 0.0163760
ta6A 491000000 492000000 0.0197590
ta6A 492000000 493000000 0.0217460
ta6A 493000000 494000000 0.0295440
ta6A 494000000 495000000 0.0205830
ta6A 495000000 496000000 0.0222550
ta6A 496000000 497000000 0.0286820
ta6A 497000000 498000000 0.0209070
ta6A 498000000 499000000 0.0340780
ta6A 499000000 500000000 0.0192900
ta6A 500000000 501000000 0.0187880
ta6A 501000000 502000000 0.0236920
ta6A 502000000 503000000 0.0161600
ta6A 503000000 504000000 0.0170590
ta6A 504000000 505000000 0.0235360
ta6A 505000000 506000000 0.0198950
ta6A 506000000 507000000 0.0191750
ta6A 507000000 508000000 0.0169840
ta6A 508000000 509000000 0.0178050
ta6A 509000000 510000000 0.0278840
ta6A 510000000 511000000 0.0232770
ta6A 511000000 512000000 0.0216960
ta6A 512000000 513000000 0.0263570
ta6A 513000000 514000000 0.0196260
ta6A 514000000 515000000 0.0192460
ta6A 515000000 516000000 0.0168460
ta6A 516000000 517000000 0.0245270
ta6A 517000000 518000000 0.0248140
ta6A 518000000 519000000 0.0165880
ta6A 519000000 520000000 0.0268230
ta6A 520000000 521000000 0.0184890
ta6A 521000000 522000000 0.0241510
ta6A 522000000 523000000 0.0168610
ta6A 523000000 524000000 0.0202190
ta6A 524000000 525000000 0.0211650
ta6A 525000000 526000000 0.0220400
ta6A 526000000 527000000 0.0192770
ta6A 527000000 528000000 0.0217610
ta6A 528000000 529000000 0.0176510
ta6A 529000000 530000000 0.0265260
ta6A 530000000 531000000 0.0288170
ta6A 531000000 532000000 0.0186920
ta6A 532000000 533000000 0.0258770
ta6A 533000000 534000000 0.0290220
ta6A 534000000 535000000 0.1233320
ta6A 535000000 536000000 0.0260460
ta6A 536000000 537000000 0.0217890
ta6A 537000000 538000000 0.0248560
ta6A 538000000 539000000 0.0144970
ta6A 539000000 540000000 0.0222350
ta6A 540000000 541000000 0.0232930
ta6A 541000000 542000000 0.0190950
ta6A 542000000 543000000 0.0172850
ta6A 543000000 544000000 0.0209410
ta6A 544000000 545000000 0.0190240
ta6A 545000000 546000000 0.0252070
ta6A 546000000 547000000 0.0148200
ta6A 547000000 548000000 0.0194810
ta6A 548000000 549000000 0.0385190
ta6A 549000000 550000000 0.0174150
ta6A 550000000 551000000 0.0139150
ta6A 551000000 552000000 0.0189350
ta6A 552000000 553000000 0.0224640
ta6A 553000000 554000000 0.0139790
ta6A 554000000 555000000 0.0173160
ta6A 555000000 556000000 0.0214090
ta6A 556000000 557000000 0.0170330
ta6A 557000000 558000000 0.0272070
ta6A 558000000 559000000 0.0165060
ta6A 559000000 560000000 0.0208030
ta6A 560000000 561000000 0.0232560
ta6A 561000000 562000000 0.0325200
ta6A 562000000 563000000 0.0352130
ta6A 563000000 564000000 0.0392110
ta6A 564000000 565000000 0.0221160
ta6A 565000000 566000000 0.0209590
ta6A 566000000 567000000 0.0239070
ta6A 567000000 568000000 0.0306010
ta6A 568000000 569000000 0.0270860
ta6A 569000000 570000000 0.0233200
ta6A 570000000 571000000 0.0200320
ta6A 571000000 572000000 0.0150600
ta6A 572000000 573000000 0.0224910
ta6A 573000000 574000000 0.0218080
ta6A 574000000 575000000 0.0333950
ta6A 575000000 576000000 0.0375370
ta6A 576000000 577000000 0.0240990
ta6A 577000000 578000000 0.0378870
ta6A 578000000 579000000 0.0286300
ta6A 579000000 580000000 0.0252010
ta6A 580000000 581000000 0.0263920
ta6A 581000000 582000000 0.0183800
ta6A 582000000 583000000 0.0368170
ta6A 583000000 584000000 0.0256230
ta6A 584000000 585000000 0.0320840
ta6A 585000000 586000000 0.0282120
ta6A 586000000 587000000 0.0408490
ta6A 587000000 588000000 0.0212790
ta6A 588000000 589000000 0.0276930
ta6A 589000000 590000000 0.0193950
ta6A 590000000 591000000 0.0283260
ta6A 591000000 592000000 0.0710090
ta6A 592000000 593000000 0.0197860
ta6A 593000000 594000000 0.0260450
ta6A 594000000 595000000 0.0261350
ta6A 595000000 596000000 0.0257460
ta6A 596000000 597000000 0.0344050
ta6A 597000000 598000000 0.0274980
ta6A 598000000 599000000 0.0287040
ta6A 599000000 600000000 0.3375510
ta6A 600000000 601000000 0.8641100
ta6A 601000000 602000000 0.0248360
ta6A 602000000 603000000 0.0220800
ta6A 603000000 604000000 0.0209150
ta6A 604000000 605000000 0.0227650
ta6A 605000000 606000000 0.0290520
ta6A 606000000 607000000 0.0275810
ta6A 607000000 608000000 0.0375010
ta6A 608000000 609000000 0.0250920
ta6A 609000000 610000000 0.0382750
ta6A 610000000 611000000 0.0209190
ta6A 611000000 612000000 0.0230170
ta6A 612000000 613000000 0.0239440
ta6A 613000000 614000000 0.0376910
ta6A 614000000 615000000 0.0231310
ta6A 615000000 616000000 0.0318510
ta6A 616000000 617000000 0.0287500
ta6A 617000000 618000000 0.0324260
ta6A 618000000 619000000 0.0262250
ta6A 619000000 620000000 0.0506620
ta6A 620000000 621000000 0.0292230
ta6A 621000000 622000000 0.0544820
ta6A 622000000 623000000 0.0294840
ta6A 623000000 623167309 0.0263345
ta6B 0 1000000 0.0536030
ta6B 1000000 2000000 0.0320360
ta6B 2000000 3000000 0.0385030
ta6B 3000000 4000000 0.0392500
ta6B 4000000 5000000 0.0277750
ta6B 5000000 6000000 0.0606070
ta6B 6000000 7000000 0.0475450
ta6B 7000000 8000000 0.0348160
ta6B 8000000 9000000 0.0268350
ta6B 9000000 10000000 0.0314120
ta6B 10000000 11000000 0.0348970
ta6B 11000000 12000000 0.0529110
ta6B 12000000 13000000 0.0541530
ta6B 13000000 14000000 0.0460550
ta6B 14000000 15000000 0.0789030
ta6B 15000000 16000000 0.0427020
ta6B 16000000 17000000 0.0424360
ta6B 17000000 18000000 0.0450740
ta6B 18000000 19000000 0.0570670
ta6B 19000000 20000000 0.0441880
ta6B 20000000 21000000 0.0435350
ta6B 21000000 22000000 0.0306700
ta6B 22000000 23000000 0.0860410
ta6B 23000000 24000000 0.0350220
ta6B 24000000 25000000 0.0467860
ta6B 25000000 26000000 0.0400370
ta6B 26000000 27000000 0.0680200
ta6B 27000000 28000000 0.0678260
ta6B 28000000 29000000 0.3619250
ta6B 29000000 30000000 0.0357780
ta6B 30000000 31000000 0.0609450
ta6B 31000000 32000000 0.0359510
ta6B 32000000 33000000 0.0298040
ta6B 33000000 34000000 0.0299320
ta6B 34000000 35000000 0.0368650
ta6B 35000000 36000000 0.0503740
ta6B 36000000 37000000 0.1033780
ta6B 37000000 38000000 0.0390190
ta6B 38000000 39000000 0.0419150
ta6B 39000000 40000000 0.0395200
ta6B 40000000 41000000 0.0531240
ta6B 41000000 42000000 0.0388340
ta6B 42000000 43000000 0.0365570
ta6B 43000000 44000000 0.0374500
ta6B 44000000 45000000 0.0505310
ta6B 45000000 46000000 0.0407040
ta6B 46000000 47000000 0.0523540
ta6B 47000000 48000000 0.0360280
ta6B 48000000 49000000 0.0280090
ta6B 49000000 50000000 0.0381230
ta6B 50000000 51000000 0.0289410
ta6B 51000000 52000000 0.0264970
ta6B 52000000 53000000 0.0548940
ta6B 53000000 54000000 0.0496090
ta6B 54000000 55000000 0.0347700
ta6B 55000000 56000000 0.0327020
ta6B 56000000 57000000 0.0321570
ta6B 57000000 58000000 0.0380250
ta6B 58000000 59000000 0.0338810
ta6B 59000000 60000000 0.0265520
ta6B 60000000 61000000 0.0252280
ta6B 61000000 62000000 0.0319170
ta6B 62000000 63000000 0.0260010
ta6B 63000000 64000000 0.0264830
ta6B 64000000 65000000 0.0221980
ta6B 65000000 66000000 0.0295490
ta6B 66000000 67000000 0.0279690
ta6B 67000000 68000000 0.0401330
ta6B 68000000 69000000 0.0371530
ta6B 69000000 70000000 0.0210690
ta6B 70000000 71000000 0.0329210
ta6B 71000000 72000000 0.0250660
ta6B 72000000 73000000 0.0326770
ta6B 73000000 74000000 0.0362740
ta6B 74000000 75000000 0.0292220
ta6B 75000000 76000000 0.0600350
ta6B 76000000 77000000 0.0472170
ta6B 77000000 78000000 0.0298540
ta6B 78000000 79000000 0.0425600
ta6B 79000000 80000000 0.0300030
ta6B 80000000 81000000 0.0483590
ta6B 81000000 82000000 0.0334640
ta6B 82000000 83000000 0.0482610
ta6B 83000000 84000000 0.0439810
ta6B 84000000 85000000 0.0780680
ta6B 85000000 86000000 0.0323120
ta6B 86000000 87000000 0.0336860
ta6B 87000000 88000000 0.0402810
ta6B 88000000 89000000 0.0703530
ta6B 89000000 90000000 0.0361650
ta6B 90000000 91000000 0.0426980
ta6B 91000000 92000000 0.0285260
ta6B 92000000 93000000 0.0267780
ta6B 93000000 94000000 0.0242890
ta6B 94000000 95000000 0.0336740
ta6B 95000000 96000000 0.1067680
ta6B 96000000 97000000 0.0280390
ta6B 97000000 98000000 0.0363760
ta6B 98000000 99000000 0.0276470
ta6B 99000000 100000000 0.0171400
ta6B 100000000 101000000 0.0339710
ta6B 101000000 102000000 0.0266110
ta6B 102000000 103000000 0.0244220
ta6B 103000000 104000000 0.0270150
ta6B 104000000 105000000 0.0327200
ta6B 105000000 106000000 0.0218850
ta6B 106000000 107000000 0.0305050
ta6B 107000000 108000000 0.0412710
ta6B 108000000 109000000 0.0319620
ta6B 109000000 110000000 0.0165510
ta6B 110000000 111000000 0.0271360
ta6B 111000000 112000000 0.0211760
ta6B 112000000 113000000 0.0488200
ta6B 113000000 114000000 0.0259930
ta6B 114000000 115000000 0.0163480
ta6B 115000000 116000000 0.0443490
ta6B 116000000 117000000 0.0305710
ta6B 117000000 118000000 0.0214280
ta6B 118000000 119000000 0.1638840
ta6B 119000000 120000000 0.3119180
ta6B 120000000 121000000 0.0350320
ta6B 121000000 122000000 0.1097500
ta6B 122000000 123000000 0.0240590
ta6B 123000000 124000000 0.0373730
ta6B 124000000 125000000 0.0380600
ta6B 125000000 126000000 0.0395110
ta6B 126000000 127000000 0.0241540
ta6B 127000000 128000000 0.0220940
ta6B 128000000 129000000 0.0259850
ta6B 129000000 130000000 0.0244580
ta6B 130000000 131000000 0.0303940
ta6B 131000000 132000000 0.0543770
ta6B 132000000 133000000 0.0390340
ta6B 133000000 134000000 0.0242370
ta6B 134000000 135000000 0.0306570
ta6B 135000000 136000000 0.0282660
ta6B 136000000 137000000 0.0304770
ta6B 137000000 138000000 0.0233930
ta6B 138000000 139000000 0.0271240
ta6B 139000000 140000000 0.0212790
ta6B 140000000 141000000 0.0292420
ta6B 141000000 142000000 0.0282000
ta6B 142000000 143000000 0.0284930
ta6B 143000000 144000000 0.0206960
ta6B 144000000 145000000 0.0273730
ta6B 145000000 146000000 0.0256090
ta6B 146000000 147000000 0.0328150
ta6B 147000000 148000000 0.0347910
ta6B 148000000 149000000 0.0309260
ta6B 149000000 150000000 0.0273910
ta6B 150000000 151000000 0.0232430
ta6B 151000000 152000000 0.0308280
ta6B 152000000 153000000 0.0268990
ta6B 153000000 154000000 0.0215470
ta6B 154000000 155000000 0.0182890
ta6B 155000000 156000000 0.0203660
ta6B 156000000 157000000 0.0313570
ta6B 157000000 158000000 0.0171020
ta6B 158000000 159000000 0.0291830
ta6B 159000000 160000000 0.0211780
ta6B 160000000 161000000 0.0378010
ta6B 161000000 162000000 0.0391490
ta6B 162000000 163000000 0.0270510
ta6B 163000000 164000000 0.0292030
ta6B 164000000 165000000 0.0250900
ta6B 165000000 166000000 0.0264550
ta6B 166000000 167000000 0.0281560
ta6B 167000000 168000000 0.0283100
ta6B 168000000 169000000 0.0383480
ta6B 169000000 170000000 0.0287010
ta6B 170000000 171000000 0.0263570
ta6B 171000000 172000000 0.0285240
ta6B 172000000 173000000 0.0365300
ta6B 173000000 174000000 0.0388050
ta6B 174000000 175000000 0.0267710
ta6B 175000000 176000000 0.0330180
ta6B 176000000 177000000 0.0324710
ta6B 177000000 178000000 0.0240990
ta6B 178000000 179000000 0.0124190
ta6B 179000000 180000000 0.0279960
ta6B 180000000 181000000 0.0248550
ta6B 181000000 182000000 0.0321200
ta6B 182000000 183000000 0.0312640
ta6B 183000000 184000000 0.0323530
ta6B 184000000 185000000 0.0255310
ta6B 185000000 186000000 0.0282780
ta6B 186000000 187000000 0.0299310
ta6B 187000000 188000000 0.0237420
ta6B 188000000 189000000 0.0242910
ta6B 189000000 190000000 0.0231540
ta6B 190000000 191000000 0.0239940
ta6B 191000000 192000000 0.0341840
ta6B 192000000 193000000 0.0237200
ta6B 193000000 194000000 0.0242580
ta6B 194000000 195000000 0.0181030
ta6B 195000000 196000000 0.0260080
ta6B 196000000 197000000 0.0208620
ta6B 197000000 198000000 0.0240850
ta6B 198000000 199000000 0.0269260
ta6B 199000000 200000000 0.0204250
ta6B 200000000 201000000 0.0259680
ta6B 201000000 202000000 0.1473810
ta6B 202000000 203000000 0.0223600
ta6B 203000000 204000000 0.0242640
ta6B 204000000 205000000 0.0261370
ta6B 205000000 206000000 0.0241820
ta6B 206000000 207000000 0.0184060
ta6B 207000000 208000000 0.0232300
ta6B 208000000 209000000 0.0270900
ta6B 209000000 210000000 0.0268710
ta6B 210000000 211000000 0.0212480
ta6B 211000000 212000000 0.0292330
ta6B 212000000 213000000 0.0203460
ta6B 213000000 214000000 0.0266830
ta6B 214000000 215000000 0.0264830
ta6B 215000000 216000000 0.0208660
ta6B 216000000 217000000 0.0217610
ta6B 217000000 218000000 0.0257380
ta6B 218000000 219000000 0.0210070
ta6B 219000000 220000000 0.0242080
ta6B 220000000 221000000 0.0332870
ta6B 221000000 222000000 0.0251080
ta6B 222000000 223000000 0.0203080
ta6B 223000000 224000000 0.0222630
ta6B 224000000 225000000 0.0358840
ta6B 225000000 226000000 0.0281710
ta6B 226000000 227000000 0.0197170
ta6B 227000000 228000000 0.0191210
ta6B 228000000 229000000 0.0245460
ta6B 229000000 230000000 0.0279850
ta6B 230000000 231000000 0.0330910
ta6B 231000000 232000000 0.0240100
ta6B 232000000 233000000 0.0226550
ta6B 233000000 234000000 0.0452200
ta6B 234000000 235000000 0.0226970
ta6B 235000000 236000000 0.0204140
ta6B 236000000 237000000 0.0245380
ta6B 237000000 238000000 0.1728340
ta6B 238000000 239000000 0.0221940
ta6B 239000000 240000000 0.0219440
ta6B 240000000 241000000 0.0233420
ta6B 241000000 242000000 0.0190600
ta6B 242000000 243000000 0.0249410
ta6B 243000000 244000000 0.0282540
ta6B 244000000 245000000 0.0236710
ta6B 245000000 246000000 0.0187710
ta6B 246000000 247000000 0.0195340
ta6B 247000000 248000000 0.0305320
ta6B 248000000 249000000 0.0163450
ta6B 249000000 250000000 0.0267640
ta6B 250000000 251000000 0.3399140
ta6B 251000000 252000000 0.0227580
ta6B 252000000 253000000 0.0901350
ta6B 253000000 254000000 0.0284490
ta6B 254000000 255000000 0.0182100
ta6B 255000000 256000000 0.0296390
ta6B 256000000 257000000 0.0183250
ta6B 257000000 258000000 0.0234540
ta6B 258000000 259000000 0.0290150
ta6B 259000000 260000000 0.0243320
ta6B 260000000 261000000 0.0248880
ta6B 261000000 262000000 0.0207000
ta6B 262000000 263000000 0.0166880
ta6B 263000000 264000000 0.0223990
ta6B 264000000 265000000 0.0231540
ta6B 265000000 266000000 0.0239700
ta6B 266000000 267000000 0.0251800
ta6B 267000000 268000000 0.0264790
ta6B 268000000 269000000 0.0187910
ta6B 269000000 270000000 0.0281640
ta6B 270000000 271000000 0.0173690
ta6B 271000000 272000000 0.0219660
ta6B 272000000 273000000 0.0288680
ta6B 273000000 274000000 0.0151830
ta6B 274000000 275000000 0.0190740
ta6B 275000000 276000000 0.0299780
ta6B 276000000 277000000 0.0209160
ta6B 277000000 278000000 0.1374190
ta6B 278000000 279000000 0.0311840
ta6B 279000000 280000000 0.0227030
ta6B 280000000 281000000 0.0197520
ta6B 281000000 282000000 0.0261510
ta6B 282000000 283000000 0.0189700
ta6B 283000000 284000000 0.0539810
ta6B 284000000 285000000 0.0284590
ta6B 285000000 286000000 0.0233700
ta6B 286000000 287000000 0.0269020
ta6B 287000000 288000000 0.0219500
ta6B 288000000 289000000 0.0299240
ta6B 289000000 290000000 0.0237310
ta6B 290000000 291000000 0.0215880
ta6B 291000000 292000000 0.0311150
ta6B 292000000 293000000 0.0190570
ta6B 293000000 294000000 0.0220540
ta6B 294000000 295000000 0.0253180
ta6B 295000000 296000000 0.0257460
ta6B 296000000 297000000 0.0245110
ta6B 297000000 298000000 0.0233560
ta6B 298000000 299000000 0.0276820
ta6B 299000000 300000000 0.1241980
ta6B 300000000 301000000 0.0201680
ta6B 301000000 302000000 0.0183300
ta6B 302000000 303000000 0.8406230
ta6B 303000000 304000000 0.3745400
ta6B 304000000 305000000 0.0174570
ta6B 305000000 306000000 0.0190970
ta6B 306000000 307000000 0.0263490
ta6B 307000000 308000000 0.0212390
ta6B 308000000 309000000 0.0180600
ta6B 309000000 310000000 0.0236880
ta6B 310000000 311000000 0.2340820
ta6B 311000000 312000000 0.0193190
ta6B 312000000 313000000 0.0218550
ta6B 313000000 314000000 0.0235170
ta6B 314000000 315000000 0.1891250
ta6B 315000000 316000000 0.3943000
ta6B 316000000 317000000 0.0170420
ta6B 317000000 318000000 0.1519260
ta6B 318000000 319000000 0.0305370
ta6B 319000000 320000000 0.0344510
ta6B 320000000 321000000 0.0371710
ta6B 321000000 322000000 0.0190270
ta6B 322000000 323000000 0.0272700
ta6B 323000000 324000000 0.0164170
ta6B 324000000 325000000 0.0196280
ta6B 325000000 326000000 0.4492490
ta6B 326000000 327000000 0.0222470
ta6B 327000000 328000000 0.0176760
ta6B 328000000 329000000 0.0178620
ta6B 329000000 330000000 0.0208320
ta6B 330000000 331000000 0.0232930
ta6B 331000000 332000000 0.0367600
ta6B 332000000 333000000 0.0207470
ta6B 333000000 334000000 0.0208170
ta6B 334000000 335000000 0.0204970
ta6B 335000000 336000000 0.0189450
ta6B 336000000 337000000 0.0190930
ta6B 337000000 338000000 0.0204630
ta6B 338000000 339000000 0.0151530
ta6B 339000000 340000000 0.0166830
ta6B 340000000 341000000 0.0174690
ta6B 341000000 342000000 0.0148970
ta6B 342000000 343000000 0.0235300
ta6B 343000000 344000000 0.0187020
ta6B 344000000 345000000 0.0198220
ta6B 345000000 346000000 0.0649540
ta6B 346000000 347000000 0.0134900
ta6B 347000000 348000000 0.0171610
ta6B 348000000 349000000 0.2447120
ta6B 349000000 350000000 0.1209170
ta6B 350000000 351000000 0.0144180
ta6B 351000000 352000000 0.0176940
ta6B 352000000 353000000 0.0160980
ta6B 353000000 354000000 0.0155120
ta6B 354000000 355000000 0.1129070
ta6B 355000000 356000000 0.0467530
ta6B 356000000 357000000 0.0290510
ta6B 357000000 358000000 0.0260630
ta6B 358000000 359000000 0.0214600
ta6B 359000000 360000000 0.0299260
ta6B 360000000 361000000 0.0271650
ta6B 361000000 362000000 0.0204800
ta6B 362000000 363000000 0.0148780
ta6B 363000000 364000000 0.0176880
ta6B 364000000 365000000 0.0192380
ta6B 365000000 366000000 0.0257710
ta6B 366000000 367000000 0.0253080
ta6B 367000000 368000000 0.0246050
ta6B 368000000 369000000 0.0118390
ta6B 369000000 370000000 0.0582690
ta6B 370000000 371000000 0.0186790
ta6B 371000000 372000000 0.0197390
ta6B 372000000 373000000 0.0165310
ta6B 373000000 374000000 0.0147800
ta6B 374000000 375000000 0.0224010
ta6B 375000000 376000000 0.0179130
ta6B 376000000 377000000 0.0297670
ta6B 377000000 378000000 0.0171740
ta6B 378000000 379000000 0.0244190
ta6B 379000000 380000000 0.0203640
ta6B 380000000 381000000 0.0264430
ta6B 381000000 382000000 0.0332890
ta6B 382000000 383000000 0.0232260
ta6B 383000000 384000000 0.0170650
ta6B 384000000 385000000 0.0545920
ta6B 385000000 386000000 0.0139930
ta6B 386000000 387000000 0.0185250
ta6B 387000000 388000000 0.0182520
ta6B 388000000 389000000 0.0272570
ta6B 389000000 390000000 0.0265320
ta6B 390000000 391000000 0.0166380
ta6B 391000000 392000000 0.0335950
ta6B 392000000 393000000 0.0296410
ta6B 393000000 394000000 0.0212530
ta6B 394000000 395000000 0.0174730
ta6B 395000000 396000000 0.0246370
ta6B 396000000 397000000 0.0368860
ta6B 397000000 398000000 0.0176350
ta6B 398000000 399000000 0.0281170
ta6B 399000000 400000000 0.0239440
ta6B 400000000 401000000 0.0166010
ta6B 401000000 402000000 0.0229920
ta6B 402000000 403000000 0.2677580
ta6B 403000000 404000000 0.1115180
ta6B 404000000 405000000 0.0223320
ta6B 405000000 406000000 0.0262890
ta6B 406000000 407000000 0.0254370
ta6B 407000000 408000000 0.0208590
ta6B 408000000 409000000 0.0266140
ta6B 409000000 410000000 0.0286160
ta6B 410000000 411000000 0.0183300
ta6B 411000000 412000000 0.0207070
ta6B 412000000 413000000 0.0154710
ta6B 413000000 414000000 0.0208840
ta6B 414000000 415000000 0.0161810
ta6B 415000000 416000000 0.1502250
ta6B 416000000 417000000 0.8612150
ta6B 417000000 418000000 0.4906800
ta6B 418000000 419000000 0.0267520
ta6B 419000000 420000000 0.0279440
ta6B 420000000 421000000 0.0207830
ta6B 421000000 422000000 0.0308750
ta6B 422000000 423000000 0.0152440
ta6B 423000000 424000000 0.0274650
ta6B 424000000 425000000 0.0256920
ta6B 425000000 426000000 0.0302110
ta6B 426000000 427000000 0.0185600
ta6B 427000000 428000000 0.0255030
ta6B 428000000 429000000 0.0305460
ta6B 429000000 430000000 0.0294740
ta6B 430000000 431000000 0.0264220
ta6B 431000000 432000000 0.0195160
ta6B 432000000 433000000 0.0298720
ta6B 433000000 434000000 0.0241250
ta6B 434000000 435000000 0.0182150
ta6B 435000000 436000000 0.0206410
ta6B 436000000 437000000 0.0252360
ta6B 437000000 438000000 0.0247450
ta6B 438000000 439000000 0.0231990
ta6B 439000000 440000000 0.0195550
ta6B 440000000 441000000 0.0329820
ta6B 441000000 442000000 0.0182950
ta6B 442000000 443000000 0.0262290
ta6B 443000000 444000000 0.0327380
ta6B 444000000 445000000 0.0193850
ta6B 445000000 446000000 0.0474660
ta6B 446000000 447000000 0.0235860
ta6B 447000000 448000000 0.0195720
ta6B 448000000 449000000 0.2522020
ta6B 449000000 450000000 1.0000000
ta6B 450000000 451000000 1.0000000
ta6B 451000000 452000000 0.4310360
ta6B 452000000 453000000 0.0231000
ta6B 453000000 454000000 0.0155360
ta6B 454000000 455000000 0.0157590
ta6B 455000000 456000000 0.0249880
ta6B 456000000 457000000 0.0194740
ta6B 457000000 458000000 0.0285340
ta6B 458000000 459000000 0.0244450
ta6B 459000000 460000000 0.0206870
ta6B 460000000 461000000 0.0184910
ta6B 461000000 462000000 0.0264770
ta6B 462000000 463000000 0.0235690
ta6B 463000000 464000000 0.0187070
ta6B 464000000 465000000 0.0188120
ta6B 465000000 466000000 0.6649970
ta6B 466000000 467000000 0.0463440
ta6B 467000000 468000000 0.0240970
ta6B 468000000 469000000 0.0353400
ta6B 469000000 470000000 0.0232040
ta6B 470000000 471000000 0.0241520
ta6B 471000000 472000000 0.0246510
ta6B 472000000 473000000 0.0325240
ta6B 473000000 474000000 0.0246480
ta6B 474000000 475000000 0.0324910
ta6B 475000000 476000000 0.0252320
ta6B 476000000 477000000 0.0256370
ta6B 477000000 478000000 0.0242480
ta6B 478000000 479000000 0.0179860
ta6B 479000000 480000000 0.0303660
ta6B 480000000 481000000 0.0198220
ta6B 481000000 482000000 0.0215320
ta6B 482000000 483000000 0.0258560
ta6B 483000000 484000000 0.0282410
ta6B 484000000 485000000 0.0356080
ta6B 485000000 486000000 0.0244020
ta6B 486000000 487000000 0.0185640
ta6B 487000000 488000000 0.0286860
ta6B 488000000 489000000 0.0284620
ta6B 489000000 490000000 0.0251380
ta6B 490000000 491000000 0.0174470
ta6B 491000000 492000000 0.0270560
ta6B 492000000 493000000 0.0205400
ta6B 493000000 494000000 0.0231060
ta6B 494000000 495000000 0.0255720
ta6B 495000000 496000000 0.0615600
ta6B 496000000 497000000 0.0234900
ta6B 497000000 498000000 0.2215830
ta6B 498000000 499000000 0.0215100
ta6B 499000000 500000000 0.0195440
ta6B 500000000 501000000 0.0190600
ta6B 501000000 502000000 0.0220400
ta6B 502000000 503000000 0.0252800
ta6B 503000000 504000000 0.0289850
ta6B 504000000 505000000 0.0197420
ta6B 505000000 506000000 0.0295930
ta6B 506000000 507000000 0.0240250
ta6B 507000000 508000000 0.0294120
ta6B 508000000 509000000 0.0199350
ta6B 509000000 510000000 0.0270720
ta6B 510000000 511000000 0.0301580
ta6B 511000000 512000000 0.0283970
ta6B 512000000 513000000 0.0182850
ta6B 513000000 514000000 0.0305460
ta6B 514000000 515000000 0.0252310
ta6B 515000000 516000000 0.0211310
ta6B 516000000 517000000 0.8647960
ta6B 517000000 518000000 0.1836510
ta6B 518000000 519000000 0.0251130
ta6B 519000000 520000000 0.0249190
ta6B 520000000 521000000 0.0253360
ta6B 521000000 522000000 0.2267120
ta6B 522000000 523000000 0.0567850
ta6B 523000000 524000000 0.0165670
ta6B 524000000 525000000 0.0177090
ta6B 525000000 526000000 0.0294930
ta6B 526000000 527000000 0.0226530
ta6B 527000000 528000000 0.0251340
ta6B 528000000 529000000 0.0263080
ta6B 529000000 530000000 0.0237280
ta6B 530000000 531000000 0.0175140
ta6B 531000000 532000000 0.0193240
ta6B 532000000 533000000 0.0237610
ta6B 533000000 534000000 0.0253900
ta6B 534000000 535000000 0.0235140
ta6B 535000000 536000000 0.0239770
ta6B 536000000 537000000 0.0233400
ta6B 537000000 538000000 0.0232490
ta6B 538000000 539000000 0.0204440
ta6B 539000000 540000000 0.0230010
ta6B 540000000 541000000 0.0221790
ta6B 541000000 542000000 0.0180630
ta6B 542000000 543000000 0.0202410
ta6B 543000000 544000000 0.0179990
ta6B 544000000 545000000 0.0228830
ta6B 545000000 546000000 0.1551690
ta6B 546000000 547000000 0.1973860
ta6B 547000000 548000000 0.0306800
ta6B 548000000 549000000 0.0263450
ta6B 549000000 550000000 0.0194210
ta6B 550000000 551000000 0.0260340
ta6B 551000000 552000000 0.0317790
ta6B 552000000 553000000 0.0220320
ta6B 553000000 554000000 0.0172050
ta6B 554000000 555000000 0.0849840
ta6B 555000000 556000000 0.0202230
ta6B 556000000 557000000 0.0184570
ta6B 557000000 558000000 0.0247540
ta6B 558000000 559000000 0.0250520
ta6B 559000000 560000000 0.1021090
ta6B 560000000 561000000 0.0173330
ta6B 561000000 562000000 0.0227950
ta6B 562000000 563000000 0.0228980
ta6B 563000000 564000000 0.0224770
ta6B 564000000 565000000 0.0235260
ta6B 565000000 566000000 0.0262480
ta6B 566000000 567000000 0.0240670
ta6B 567000000 568000000 0.0322350
ta6B 568000000 569000000 0.0289030
ta6B 569000000 570000000 0.0223130
ta6B 570000000 571000000 0.0151060
ta6B 571000000 572000000 0.0224280
ta6B 572000000 573000000 0.0198560
ta6B 573000000 574000000 0.0273770
ta6B 574000000 575000000 0.0209010
ta6B 575000000 576000000 0.0235110
ta6B 576000000 577000000 0.0299870
ta6B 577000000 578000000 0.0204430
ta6B 578000000 579000000 0.0202630
ta6B 579000000 580000000 0.0208830
ta6B 580000000 581000000 0.0291380
ta6B 581000000 582000000 0.0384580
ta6B 582000000 583000000 0.0326070
ta6B 583000000 584000000 0.0270030
ta6B 584000000 585000000 0.0209280
ta6B 585000000 586000000 0.0221530
ta6B 586000000 587000000 0.0201080
ta6B 587000000 588000000 0.0196270
ta6B 588000000 589000000 0.0282950
ta6B 589000000 590000000 0.0310560
ta6B 590000000 591000000 0.0336450
ta6B 591000000 592000000 0.0244560
ta6B 592000000 593000000 0.0194850
ta6B 593000000 594000000 0.0609050
ta6B 594000000 595000000 0.0182580
ta6B 595000000 596000000 0.0272400
ta6B 596000000 597000000 0.0313800
ta6B 597000000 598000000 0.0259810
ta6B 598000000 599000000 0.0288880
ta6B 599000000 600000000 0.0209240
ta6B 600000000 601000000 0.0285810
ta6B 601000000 602000000 0.0274750
ta6B 602000000 603000000 0.0285060
ta6B 603000000 604000000 0.0273980
ta6B 604000000 605000000 0.0336230
ta6B 605000000 606000000 0.0209480
ta6B 606000000 607000000 0.0186760
ta6B 607000000 608000000 0.0220490
ta6B 608000000 609000000 0.0235210
ta6B 609000000 610000000 0.0225720
ta6B 610000000 611000000 0.0316100
ta6B 611000000 612000000 0.0286920
ta6B 612000000 613000000 0.0282620
ta6B 613000000 614000000 0.0256210
ta6B 614000000 615000000 0.0210070
ta6B 615000000 616000000 0.0235340
ta6B 616000000 617000000 0.0225890
ta6B 617000000 618000000 0.0171640
ta6B 618000000 619000000 0.0265570
ta6B 619000000 620000000 0.0249370
ta6B 620000000 621000000 0.0213120
ta6B 621000000 622000000 0.0209510
ta6B 622000000 623000000 0.0179980
ta6B 623000000 624000000 0.0197170
ta6B 624000000 625000000 0.0246460
ta6B 625000000 626000000 0.0268450
ta6B 626000000 627000000 0.0256910
ta6B 627000000 628000000 0.0254080
ta6B 628000000 629000000 0.0223440
ta6B 629000000 630000000 0.0176490
ta6B 630000000 631000000 0.0250650
ta6B 631000000 632000000 0.0180460
ta6B 632000000 633000000 0.0202500
ta6B 633000000 634000000 0.0219740
ta6B 634000000 635000000 0.0197360
ta6B 635000000 636000000 0.0291640
ta6B 636000000 637000000 0.0167950
ta6B 637000000 638000000 0.0363410
ta6B 638000000 639000000 0.0209960
ta6B 639000000 640000000 0.0281940
ta6B 640000000 641000000 0.0293800
ta6B 641000000 642000000 0.0312610
ta6B 642000000 643000000 0.0653910
ta6B 643000000 644000000 0.0298340
ta6B 644000000 645000000 0.0312730
ta6B 645000000 646000000 0.0276370
ta6B 646000000 647000000 0.0236800
ta6B 647000000 648000000 0.0210870
ta6B 648000000 649000000 0.0578510
ta6B 649000000 650000000 0.0283420
ta6B 650000000 651000000 0.0311810
ta6B 651000000 652000000 0.0290710
ta6B 652000000 653000000 0.0296960
ta6B 653000000 654000000 0.0310760
ta6B 654000000 655000000 0.0316170
ta6B 655000000 656000000 0.0225710
ta6B 656000000 657000000 0.0230950
ta6B 657000000 658000000 0.0241390
ta6B 658000000 659000000 0.0198880
ta6B 659000000 660000000 0.0261910
ta6B 660000000 661000000 0.0249560
ta6B 661000000 662000000 0.0212740
ta6B 662000000 663000000 0.0318230
ta6B 663000000 664000000 0.0313470
ta6B 664000000 665000000 0.0221720
ta6B 665000000 666000000 0.0338410
ta6B 666000000 667000000 0.0408630
ta6B 667000000 668000000 0.0315770
ta6B 668000000 669000000 0.0228980
ta6B 669000000 670000000 0.0319690
ta6B 670000000 671000000 0.0320630
ta6B 671000000 672000000 0.0379120
ta6B 672000000 673000000 0.0282140
ta6B 673000000 674000000 0.0291670
ta6B 674000000 675000000 0.0184040
ta6B 675000000 676000000 0.0315380
ta6B 676000000 677000000 0.0351160
ta6B 677000000 678000000 0.0256210
ta6B 678000000 679000000 0.0206610
ta6B 679000000 680000000 0.0207170
ta6B 680000000 681000000 0.0275100
ta6B 681000000 682000000 0.0248130
ta6B 682000000 683000000 0.0227420
ta6B 683000000 684000000 0.0250500
ta6B 684000000 685000000 0.0300740
ta6B 685000000 686000000 0.0299080
ta6B 686000000 687000000 0.0360200
ta6B 687000000 688000000 0.0376510
ta6B 688000000 689000000 0.0288200
ta6B 689000000 690000000 0.0216480
ta6B 690000000 691000000 0.0240490
ta6B 691000000 692000000 0.0472800
ta6B 692000000 693000000 0.0245840
ta6B 693000000 694000000 0.0267180
ta6B 694000000 695000000 0.0303580
ta6B 695000000 696000000 0.0333460
ta6B 696000000 697000000 0.0226120
ta6B 697000000 698000000 0.0262350
ta6B 698000000 699000000 0.0394720
ta6B 699000000 700000000 0.0350330
ta6B 700000000 701000000 0.0193660
ta6B 701000000 702000000 0.0352180
ta6B 702000000 703000000 0.0218890
ta6B 703000000 704000000 0.0370730
ta6B 704000000 705000000 0.0259680
ta6B 705000000 706000000 0.0416580
ta6B 706000000 707000000 0.0403330
ta6B 707000000 708000000 0.0428380
ta6B 708000000 709000000 0.0279520
ta6B 709000000 710000000 0.0196660
ta6B 710000000 711000000 0.0292090
ta6B 711000000 712000000 0.0413740
ta6B 712000000 713000000 0.0257520
ta6B 713000000 714000000 0.0371820
ta6B 714000000 715000000 0.0360240
ta6B 715000000 716000000 0.0273180
ta6B 716000000 717000000 0.0271950
ta6B 717000000 718000000 0.0346260
ta6B 718000000 719000000 0.0365550
ta6B 719000000 720000000 0.0246220
ta6B 720000000 721000000 0.0374550
ta6B 721000000 722000000 0.0361090
ta6B 722000000 723000000 0.0489340
ta6B 723000000 724000000 0.0388590
ta6B 724000000 725000000 0.0289340
ta6B 725000000 726000000 0.0242860
ta6B 726000000 727000000 0.0355200
ta6B 727000000 728000000 0.0288680
ta6B 728000000 729000000 0.0380690
ta6B 729000000 730000000 0.0242350
ta6B 730000000 731000000 0.0390920
ta6B 731000000 732000000 0.0362990
ta6B 732000000 733000000 0.0278180
ta6B 733000000 734000000 0.0228740
ta6B 734000000 735000000 0.0298020
ta6B 735000000 736000000 0.0442510
ta6B 736000000 737000000 0.0327400
ta6B 737000000 738000000 0.0347530
ta6B 738000000 739000000 0.0524920
ta6B 739000000 740000000 0.0388170
ta6B 740000000 741000000 0.0432590
ta6B 741000000 742000000 0.0320480
ta6B 742000000 743000000 0.0566880
ta6B 743000000 744000000 0.1418110
ta6B 744000000 745000000 0.0731850
ta6B 745000000 746000000 0.0327650
ta6B 746000000 747000000 0.0289600
ta6B 747000000 748000000 0.0359240
ta6B 748000000 748983441 0.8915014
ta6D 0 1000000 0.0382870
ta6D 1000000 2000000 0.0329140
ta6D 2000000 3000000 0.1314970
ta6D 3000000 4000000 0.0294840
ta6D 4000000 5000000 0.0078860
ta6D 5000000 6000000 0.0654770
ta6D 6000000 7000000 0.0602230
ta6D 7000000 8000000 0.0490940
ta6D 8000000 9000000 0.0457950
ta6D 9000000 10000000 0.0349270
ta6D 10000000 11000000 0.0306770
ta6D 11000000 12000000 0.0322250
ta6D 12000000 13000000 0.0344140
ta6D 13000000 14000000 0.0380150
ta6D 14000000 15000000 0.0401320
ta6D 15000000 16000000 0.0397640
ta6D 16000000 17000000 0.0329680
ta6D 17000000 18000000 0.0272880
ta6D 18000000 19000000 0.0341820
ta6D 19000000 20000000 0.0446720
ta6D 20000000 21000000 0.0780840
ta6D 21000000 22000000 0.8327110
ta6D 22000000 23000000 0.2554010
ta6D 23000000 24000000 0.0512770
ta6D 24000000 25000000 0.0351360
ta6D 25000000 26000000 0.0452360
ta6D 26000000 27000000 0.0467800
ta6D 27000000 28000000 0.1489070
ta6D 28000000 29000000 0.0557540
ta6D 29000000 30000000 0.0350680
ta6D 30000000 31000000 0.0419590
ta6D 31000000 32000000 0.0430280
ta6D 32000000 33000000 0.0490790
ta6D 33000000 34000000 0.0539010
ta6D 34000000 35000000 0.0365590
ta6D 35000000 36000000 0.0491300
ta6D 36000000 37000000 0.0173890
ta6D 37000000 38000000 0.2043330
ta6D 38000000 39000000 0.0397440
ta6D 39000000 40000000 0.5277900
ta6D 40000000 41000000 0.0376460
ta6D 41000000 42000000 0.0416520
ta6D 42000000 43000000 0.0433090
ta6D 43000000 44000000 0.0348900
ta6D 44000000 45000000 0.0516830
ta6D 45000000 46000000 0.0438080
ta6D 46000000 47000000 0.0374190
ta6D 47000000 48000000 0.0426130
ta6D 48000000 49000000 0.0242870
ta6D 49000000 50000000 0.0378240
ta6D 50000000 51000000 0.0720640
ta6D 51000000 52000000 0.1691440
ta6D 52000000 53000000 0.2374070
ta6D 53000000 54000000 0.7839340
ta6D 54000000 55000000 1.0000000
ta6D 55000000 56000000 0.0745740
ta6D 56000000 57000000 0.0424970
ta6D 57000000 58000000 0.0696780
ta6D 58000000 59000000 0.0385540
ta6D 59000000 60000000 0.0348000
ta6D 60000000 61000000 0.7417310
ta6D 61000000 62000000 0.0329820
ta6D 62000000 63000000 0.0396890
ta6D 63000000 64000000 0.0394180
ta6D 64000000 65000000 0.1363000
ta6D 65000000 66000000 0.0248900
ta6D 66000000 67000000 0.0343620
ta6D 67000000 68000000 0.0345740
ta6D 68000000 69000000 0.1022500
ta6D 69000000 70000000 0.0292270
ta6D 70000000 71000000 0.0350170
ta6D 71000000 72000000 0.0259590
ta6D 72000000 73000000 0.5478970
ta6D 73000000 74000000 0.0302150
ta6D 74000000 75000000 0.0323210
ta6D 75000000 76000000 0.0277380
ta6D 76000000 77000000 0.0310310
ta6D 77000000 78000000 0.0428920
ta6D 78000000 79000000 0.0387000
ta6D 79000000 80000000 0.0354060
ta6D 80000000 81000000 0.0394290
ta6D 81000000 82000000 0.0255350
ta6D 82000000 83000000 0.0259810
ta6D 83000000 84000000 0.0562430
ta6D 84000000 85000000 0.0360250
ta6D 85000000 86000000 0.0549900
ta6D 86000000 87000000 0.0268890
ta6D 87000000 88000000 0.0310140
ta6D 88000000 89000000 0.0272370
ta6D 89000000 90000000 0.0375490
ta6D 90000000 91000000 0.0300390
ta6D 91000000 92000000 0.0246930
ta6D 92000000 93000000 0.0283070
ta6D 93000000 94000000 0.0328980
ta6D 94000000 95000000 0.0290720
ta6D 95000000 96000000 0.0236730
ta6D 96000000 97000000 0.0274690
ta6D 97000000 98000000 0.0279440
ta6D 98000000 99000000 0.0286320
ta6D 99000000 100000000 0.0286790
ta6D 100000000 101000000 0.0283620
ta6D 101000000 102000000 0.0252230
ta6D 102000000 103000000 0.0249610
ta6D 103000000 104000000 0.0317510
ta6D 104000000 105000000 0.0277410
ta6D 105000000 106000000 0.0331690
ta6D 106000000 107000000 0.0385840
ta6D 107000000 108000000 0.0451920
ta6D 108000000 109000000 0.0376770
ta6D 109000000 110000000 0.0316490
ta6D 110000000 111000000 0.0442460
ta6D 111000000 112000000 0.0309280
ta6D 112000000 113000000 0.0310710
ta6D 113000000 114000000 0.0300260
ta6D 114000000 115000000 0.0288730
ta6D 115000000 116000000 0.0309660
ta6D 116000000 117000000 0.0320850
ta6D 117000000 118000000 0.0319750
ta6D 118000000 119000000 0.0181110
ta6D 119000000 120000000 0.0303380
ta6D 120000000 121000000 0.0361020
ta6D 121000000 122000000 0.0271760
ta6D 122000000 123000000 0.2916950
ta6D 123000000 124000000 0.8409270
ta6D 124000000 125000000 0.0860760
ta6D 125000000 126000000 0.0262870
ta6D 126000000 127000000 0.1132010
ta6D 127000000 128000000 0.3814190
ta6D 128000000 129000000 0.0247010
ta6D 129000000 130000000 0.0269260
ta6D 130000000 131000000 0.0314810
ta6D 131000000 132000000 0.0595780
ta6D 132000000 133000000 0.0232640
ta6D 133000000 134000000 0.0316260
ta6D 134000000 135000000 0.0282620
ta6D 135000000 136000000 0.0265350
ta6D 136000000 137000000 0.0225470
ta6D 137000000 138000000 0.0312950
ta6D 138000000 139000000 0.0292960
ta6D 139000000 140000000 0.0309100
ta6D 140000000 141000000 0.0383270
ta6D 141000000 142000000 0.0199080
ta6D 142000000 143000000 0.0307740
ta6D 143000000 144000000 0.0280860
ta6D 144000000 145000000 0.0221000
ta6D 145000000 146000000 0.0264330
ta6D 146000000 147000000 0.0329150
ta6D 147000000 148000000 0.0696020
ta6D 148000000 149000000 0.0268770
ta6D 149000000 150000000 0.0257700
ta6D 150000000 151000000 0.0303730
ta6D 151000000 152000000 0.0291770
ta6D 152000000 153000000 0.0331570
ta6D 153000000 154000000 0.0261270
ta6D 154000000 155000000 0.0275270
ta6D 155000000 156000000 0.0236490
ta6D 156000000 157000000 0.0257130
ta6D 157000000 158000000 0.0223730
ta6D 158000000 159000000 0.0267450
ta6D 159000000 160000000 0.0296570
ta6D 160000000 161000000 0.0266340
ta6D 161000000 162000000 0.0207280
ta6D 162000000 163000000 0.0283030
ta6D 163000000 164000000 0.0343320
ta6D 164000000 165000000 0.0224700
ta6D 165000000 166000000 0.0238810
ta6D 166000000 167000000 0.0206500
ta6D 167000000 168000000 0.0323540
ta6D 168000000 169000000 0.0286350
ta6D 169000000 170000000 0.0322590
ta6D 170000000 171000000 0.0182590
ta6D 171000000 172000000 0.3036400
ta6D 172000000 173000000 0.2425140
ta6D 173000000 174000000 0.0237580
ta6D 174000000 175000000 0.0317280
ta6D 175000000 176000000 0.0266430
ta6D 176000000 177000000 0.0247130
ta6D 177000000 178000000 0.0224310
ta6D 178000000 179000000 0.0179650
ta6D 179000000 180000000 0.0194940
ta6D 180000000 181000000 0.0254350
ta6D 181000000 182000000 0.0358400
ta6D 182000000 183000000 0.0372010
ta6D 183000000 184000000 0.0289350
ta6D 184000000 185000000 0.0235340
ta6D 185000000 186000000 0.0358840
ta6D 186000000 187000000 0.0305800
ta6D 187000000 188000000 0.0253950
ta6D 188000000 189000000 0.0229210
ta6D 189000000 190000000 0.0228420
ta6D 190000000 191000000 0.0410850
ta6D 191000000 192000000 0.0246440
ta6D 192000000 193000000 0.0299680
ta6D 193000000 194000000 0.0444790
ta6D 194000000 195000000 0.0204190
ta6D 195000000 196000000 0.0265080
ta6D 196000000 197000000 0.0528940
ta6D 197000000 198000000 0.0189490
ta6D 198000000 199000000 0.0185010
ta6D 199000000 200000000 0.0198310
ta6D 200000000 201000000 0.0231100
ta6D 201000000 202000000 0.0234240
ta6D 202000000 203000000 0.0197630
ta6D 203000000 204000000 0.0233130
ta6D 204000000 205000000 0.0224660
ta6D 205000000 206000000 0.0264530
ta6D 206000000 207000000 0.0243430
ta6D 207000000 208000000 0.0276820
ta6D 208000000 209000000 0.0194870
ta6D 209000000 210000000 0.0265380
ta6D 210000000 211000000 0.0154260
ta6D 211000000 212000000 0.0234950
ta6D 212000000 213000000 0.0221130
ta6D 213000000 214000000 0.0410100
ta6D 214000000 215000000 0.0210600
ta6D 215000000 216000000 0.0222220
ta6D 216000000 217000000 0.0181880
ta6D 217000000 218000000 0.0238440
ta6D 218000000 219000000 0.0200780
ta6D 219000000 220000000 0.0245340
ta6D 220000000 221000000 0.0243690
ta6D 221000000 222000000 0.0249040
ta6D 222000000 223000000 0.0193970
ta6D 223000000 224000000 0.0275700
ta6D 224000000 225000000 0.0256640
ta6D 225000000 226000000 0.0221130
ta6D 226000000 227000000 0.0228260
ta6D 227000000 228000000 0.0233040
ta6D 228000000 229000000 0.0163510
ta6D 229000000 230000000 0.0251410
ta6D 230000000 231000000 0.0249300
ta6D 231000000 232000000 0.0230820
ta6D 232000000 233000000 0.0240510
ta6D 233000000 234000000 0.0353270
ta6D 234000000 235000000 0.0249540
ta6D 235000000 236000000 0.0285550
ta6D 236000000 237000000 0.0234390
ta6D 237000000 238000000 0.0250700
ta6D 238000000 239000000 0.0268310
ta6D 239000000 240000000 0.0358710
ta6D 240000000 241000000 0.0270670
ta6D 241000000 242000000 0.0195690
ta6D 242000000 243000000 0.0266380
ta6D 243000000 244000000 0.0263160
ta6D 244000000 245000000 0.0213130
ta6D 245000000 246000000 0.0283930
ta6D 246000000 247000000 0.0256240
ta6D 247000000 248000000 0.0201260
ta6D 248000000 249000000 0.0175500
ta6D 249000000 250000000 0.0565560
ta6D 250000000 251000000 0.0221430
ta6D 251000000 252000000 0.0204850
ta6D 252000000 253000000 0.0335250
ta6D 253000000 254000000 0.0287380
ta6D 254000000 255000000 0.0341630
ta6D 255000000 256000000 0.0218570
ta6D 256000000 257000000 0.0414660
ta6D 257000000 258000000 0.0254270
ta6D 258000000 259000000 0.0255510
ta6D 259000000 260000000 0.0365140
ta6D 260000000 261000000 0.0328490
ta6D 261000000 262000000 0.0260680
ta6D 262000000 263000000 0.0205140
ta6D 263000000 264000000 0.0308170
ta6D 264000000 265000000 0.0321700
ta6D 265000000 266000000 0.0237630
ta6D 266000000 267000000 0.0322180
ta6D 267000000 268000000 0.0313070
ta6D 268000000 269000000 0.0205700
ta6D 269000000 270000000 0.0164070
ta6D 270000000 271000000 0.0286120
ta6D 271000000 272000000 0.0204950
ta6D 272000000 273000000 0.0223470
ta6D 273000000 274000000 0.0211070
ta6D 274000000 275000000 0.0417730
ta6D 275000000 276000000 0.0280110
ta6D 276000000 277000000 0.0244000
ta6D 277000000 278000000 0.0243500
ta6D 278000000 279000000 0.0203800
ta6D 279000000 280000000 0.0171360
ta6D 280000000 281000000 0.0245770
ta6D 281000000 282000000 0.0266940
ta6D 282000000 283000000 0.0248490
ta6D 283000000 284000000 0.0220320
ta6D 284000000 285000000 0.2966180
ta6D 285000000 286000000 0.0254950
ta6D 286000000 287000000 0.3492450
ta6D 287000000 288000000 0.0230130
ta6D 288000000 289000000 0.0263900
ta6D 289000000 290000000 0.0327820
ta6D 290000000 291000000 0.0210880
ta6D 291000000 292000000 0.0293660
ta6D 292000000 293000000 0.0239790
ta6D 293000000 294000000 0.0357450
ta6D 294000000 295000000 0.0284970
ta6D 295000000 296000000 0.0240890
ta6D 296000000 297000000 0.0299460
ta6D 297000000 298000000 0.0214510
ta6D 298000000 299000000 0.0224600
ta6D 299000000 300000000 0.0275210
ta6D 300000000 301000000 0.0232530
ta6D 301000000 302000000 0.0175370
ta6D 302000000 303000000 0.0240900
ta6D 303000000 304000000 0.0201710
ta6D 304000000 305000000 0.0255460
ta6D 305000000 306000000 0.0413140
ta6D 306000000 307000000 0.0307940
ta6D 307000000 308000000 0.0337400
ta6D 308000000 309000000 0.0349930
ta6D 309000000 310000000 0.0264300
ta6D 310000000 311000000 0.9814740
ta6D 311000000 312000000 0.9659530
ta6D 312000000 313000000 0.0295270
ta6D 313000000 314000000 0.0226460
ta6D 314000000 315000000 0.0303740
ta6D 315000000 316000000 0.0179580
ta6D 316000000 317000000 0.0224600
ta6D 317000000 318000000 0.0272740
ta6D 318000000 319000000 0.0273370
ta6D 319000000 320000000 0.0294530
ta6D 320000000 321000000 0.0365900
ta6D 321000000 322000000 0.0212850
ta6D 322000000 323000000 0.0211970
ta6D 323000000 324000000 0.0210800
ta6D 324000000 325000000 0.0239120
ta6D 325000000 326000000 0.0285350
ta6D 326000000 327000000 0.0310190
ta6D 327000000 328000000 0.0205240
ta6D 328000000 329000000 0.0234430
ta6D 329000000 330000000 0.0344290
ta6D 330000000 331000000 0.0304590
ta6D 331000000 332000000 0.0176490
ta6D 332000000 333000000 0.0327100
ta6D 333000000 334000000 0.0285290
ta6D 334000000 335000000 0.0340180
ta6D 335000000 336000000 0.0305540
ta6D 336000000 337000000 0.0216220
ta6D 337000000 338000000 0.0227880
ta6D 338000000 339000000 0.0236970
ta6D 339000000 340000000 0.0251980
ta6D 340000000 341000000 0.0205130
ta6D 341000000 342000000 0.0228160
ta6D 342000000 343000000 0.0309670
ta6D 343000000 344000000 0.0272620
ta6D 344000000 345000000 0.0246190
ta6D 345000000 346000000 0.0373590
ta6D 346000000 347000000 0.0258180
ta6D 347000000 348000000 0.0366180
ta6D 348000000 349000000 0.0197390
ta6D 349000000 350000000 0.0281300
ta6D 350000000 351000000 0.0206860
ta6D 351000000 352000000 0.0307040
ta6D 352000000 353000000 0.0277000
ta6D 353000000 354000000 0.0230890
ta6D 354000000 355000000 0.0263700
ta6D 355000000 356000000 0.0329960
ta6D 356000000 357000000 0.0330390
ta6D 357000000 358000000 0.0266110
ta6D 358000000 359000000 0.0176370
ta6D 359000000 360000000 0.0257930
ta6D 360000000 361000000 0.0211510
ta6D 361000000 362000000 0.0217640
ta6D 362000000 363000000 0.0287200
ta6D 363000000 364000000 0.0333660
ta6D 364000000 365000000 0.0449310
ta6D 365000000 366000000 0.0307750
ta6D 366000000 367000000 0.0309620
ta6D 367000000 368000000 0.0225510
ta6D 368000000 369000000 0.0272620
ta6D 369000000 370000000 0.0257770
ta6D 370000000 371000000 0.0252280
ta6D 371000000 372000000 0.0312720
ta6D 372000000 373000000 0.0316360
ta6D 373000000 374000000 0.0278210
ta6D 374000000 375000000 0.0270830
ta6D 375000000 376000000 0.0205490
ta6D 376000000 377000000 0.0259080
ta6D 377000000 378000000 0.0244590
ta6D 378000000 379000000 0.0241960
ta6D 379000000 380000000 0.0242590
ta6D 380000000 381000000 0.0298960
ta6D 381000000 382000000 0.0276630
ta6D 382000000 383000000 0.0276860
ta6D 383000000 384000000 0.0350620
ta6D 384000000 385000000 0.0282080
ta6D 385000000 386000000 0.0236610
ta6D 386000000 387000000 0.0188960
ta6D 387000000 388000000 0.0301670
ta6D 388000000 389000000 0.0240160
ta6D 389000000 390000000 0.0284920
ta6D 390000000 391000000 0.0220600
ta6D 391000000 392000000 0.0275990
ta6D 392000000 393000000 0.0262150
ta6D 393000000 394000000 0.0305640
ta6D 394000000 395000000 0.0333750
ta6D 395000000 396000000 0.0224470
ta6D 396000000 397000000 0.0318270
ta6D 397000000 398000000 0.0374550
ta6D 398000000 399000000 0.0307870
ta6D 399000000 400000000 0.0322260
ta6D 400000000 401000000 0.0346280
ta6D 401000000 402000000 0.0257300
ta6D 402000000 403000000 0.0281780
ta6D 403000000 404000000 0.0290240
ta6D 404000000 405000000 0.0286210
ta6D 405000000 406000000 0.0237100
ta6D 406000000 407000000 0.1628690
ta6D 407000000 408000000 0.0322630
ta6D 408000000 409000000 0.0216980
ta6D 409000000 410000000 0.0263100
ta6D 410000000 411000000 0.0213170
ta6D 411000000 412000000 0.0289830
ta6D 412000000 413000000 0.0387460
ta6D 413000000 414000000 0.0319100
ta6D 414000000 415000000 0.0284660
ta6D 415000000 416000000 0.0218510
ta6D 416000000 417000000 0.1782510
ta6D 417000000 418000000 0.0206510
ta6D 418000000 419000000 0.0551850
ta6D 419000000 420000000 0.0590700
ta6D 420000000 421000000 0.0189950
ta6D 421000000 422000000 0.0243730
ta6D 422000000 423000000 0.0340030
ta6D 423000000 424000000 0.0318410
ta6D 424000000 425000000 0.0309170
ta6D 425000000 426000000 0.0348960
ta6D 426000000 427000000 0.0357880
ta6D 427000000 428000000 0.0272330
ta6D 428000000 429000000 0.0240340
ta6D 429000000 430000000 0.0258890
ta6D 430000000 431000000 0.0251830
ta6D 431000000 432000000 0.0292180
ta6D 432000000 433000000 0.0269270
ta6D 433000000 434000000 0.0237890
ta6D 434000000 435000000 0.0303520
ta6D 435000000 436000000 0.0242640
ta6D 436000000 437000000 0.0268350
ta6D 437000000 438000000 0.0287500
ta6D 438000000 439000000 0.0291710
ta6D 439000000 440000000 0.0288460
ta6D 440000000 441000000 0.0262980
ta6D 441000000 442000000 0.0319980
ta6D 442000000 443000000 0.0315980
ta6D 443000000 444000000 0.0299220
ta6D 444000000 445000000 0.1636370
ta6D 445000000 446000000 0.0226650
ta6D 446000000 447000000 0.0390410
ta6D 447000000 448000000 0.0340190
ta6D 448000000 449000000 0.0357520
ta6D 449000000 450000000 0.0451130
ta6D 450000000 451000000 0.0360120
ta6D 451000000 452000000 0.0302500
ta6D 452000000 453000000 0.0309370
ta6D 453000000 454000000 0.2398650
ta6D 454000000 455000000 0.0253210
ta6D 455000000 456000000 0.0237020
ta6D 456000000 457000000 0.0246530
ta6D 457000000 458000000 0.0285810
ta6D 458000000 459000000 0.0376940
ta6D 459000000 460000000 0.3841790
ta6D 460000000 461000000 0.0447930
ta6D 461000000 462000000 0.0434360
ta6D 462000000 463000000 0.0485120
ta6D 463000000 464000000 0.0294680
ta6D 464000000 465000000 0.0273700
ta6D 465000000 466000000 0.0196860
ta6D 466000000 467000000 0.0235750
ta6D 467000000 468000000 0.0301790
ta6D 468000000 469000000 0.3425570
ta6D 469000000 470000000 0.0302000
ta6D 470000000 471000000 0.0296880
ta6D 471000000 472000000 0.0582770
ta6D 472000000 473000000 0.0329640
ta6D 473000000 474000000 0.0424110
ta6D 474000000 475000000 0.3890750
ta6D 475000000 476000000 0.0566600
ta6D 476000000 477000000 0.0459030
ta6D 477000000 478000000 0.0322270
ta6D 478000000 479000000 0.0340410
ta6D 479000000 480000000 0.0420750
ta6D 480000000 481000000 0.0864220
ta6D 481000000 482000000 0.0361260
ta6D 482000000 483000000 0.0883130
ta6D 483000000 484000000 0.0258310
ta6D 484000000 485000000 0.0254520
ta6D 485000000 486000000 0.0337770
ta6D 486000000 487000000 0.0378920
ta6D 487000000 488000000 0.0338640
ta6D 488000000 489000000 0.0420220
ta6D 489000000 490000000 0.0333900
ta6D 490000000 491000000 0.0344960
ta6D 491000000 492000000 0.0329150
ta6D 492000000 493000000 0.0668080
ta6D 493000000 494000000 0.0470200
ta6D 494000000 495000000 0.0391750
ta6D 495000000 496000000 0.1455910
ta6D 496000000 497000000 0.0382050
ta6D 497000000 498000000 0.0326150
ta6D 498000000 499000000 0.0345830
ta6D 499000000 500000000 0.0345980
ta6D 500000000 501000000 0.0180610
ta6D 501000000 502000000 0.0595190
ta6D 502000000 503000000 0.0322690
ta6D 503000000 504000000 0.0308080
ta6D 504000000 505000000 0.1908730
ta6D 505000000 506000000 0.1320580
ta6D 506000000 506597824 0.0485126
ta7A 0 1000000 0.0558630
ta7A 1000000 2000000 0.0482050
ta7A 2000000 3000000 0.0439910
ta7A 3000000 4000000 0.0417580
ta7A 4000000 5000000 0.0330160
ta7A 5000000 6000000 0.0530360
ta7A 6000000 7000000 0.0390070
ta7A 7000000 8000000 0.0325100
ta7A 8000000 9000000 0.0350650
ta7A 9000000 10000000 0.0366050
ta7A 10000000 11000000 0.0406960
ta7A 11000000 12000000 0.0360240
ta7A 12000000 13000000 0.0357490
ta7A 13000000 14000000 0.0408430
ta7A 14000000 15000000 0.0385390
ta7A 15000000 16000000 0.0342130
ta7A 16000000 17000000 0.0362160
ta7A 17000000 18000000 0.0332070
ta7A 18000000 19000000 0.0349430
ta7A 19000000 20000000 0.0302320
ta7A 20000000 21000000 0.0268250
ta7A 21000000 22000000 0.0272250
ta7A 22000000 23000000 0.0416580
ta7A 23000000 24000000 0.0509190
ta7A 24000000 25000000 0.0353090
ta7A 25000000 26000000 0.0387730
ta7A 26000000 27000000 0.0315690
ta7A 27000000 28000000 0.0995980
ta7A 28000000 29000000 0.0328560
ta7A 29000000 30000000 0.0463300
ta7A 30000000 31000000 0.0361190
ta7A 31000000 32000000 0.0323680
ta7A 32000000 33000000 0.0939920
ta7A 33000000 34000000 0.0279510
ta7A 34000000 35000000 0.0325050
ta7A 35000000 36000000 0.0321730
ta7A 36000000 37000000 0.0340140
ta7A 37000000 38000000 0.0289120
ta7A 38000000 39000000 0.0329420
ta7A 39000000 40000000 0.0331030
ta7A 40000000 41000000 0.0470230
ta7A 41000000 42000000 0.0350490
ta7A 42000000 43000000 0.0483880
ta7A 43000000 44000000 0.0353380
ta7A 44000000 45000000 0.0280480
ta7A 45000000 46000000 0.0249890
ta7A 46000000 47000000 0.0348120
ta7A 47000000 48000000 0.0360810
ta7A 48000000 49000000 0.0381640
ta7A 49000000 50000000 0.0417230
ta7A 50000000 51000000 0.0363050
ta7A 51000000 52000000 0.0716910
ta7A 52000000 53000000 0.0444220
ta7A 53000000 54000000 0.0399810
ta7A 54000000 55000000 0.0514880
ta7A 55000000 56000000 0.0384610
ta7A 56000000 57000000 0.0328230
ta7A 57000000 58000000 0.0275090
ta7A 58000000 59000000 0.0377150
ta7A 59000000 60000000 0.0248740
ta7A 60000000 61000000 0.0349910
ta7A 61000000 62000000 0.0350000
ta7A 62000000 63000000 0.2057380
ta7A 63000000 64000000 0.0274680
ta7A 64000000 65000000 0.0366330
ta7A 65000000 66000000 0.1037300
ta7A 66000000 67000000 0.0410230
ta7A 67000000 68000000 0.0296910
ta7A 68000000 69000000 0.0219190
ta7A 69000000 70000000 0.0306770
ta7A 70000000 71000000 0.0296400
ta7A 71000000 72000000 0.0233320
ta7A 72000000 73000000 0.0287970
ta7A 73000000 74000000 0.0297820
ta7A 74000000 75000000 0.0351490
ta7A 75000000 76000000 0.0297270
ta7A 76000000 77000000 0.1154600
ta7A 77000000 78000000 1.0000000
ta7A 78000000 79000000 0.1572880
ta7A 79000000 80000000 0.0658120
ta7A 80000000 81000000 0.0352730
ta7A 81000000 82000000 0.0318060
ta7A 82000000 83000000 0.0383020
ta7A 83000000 84000000 0.0312170
ta7A 84000000 85000000 0.0460350
ta7A 85000000 86000000 0.0291640
ta7A 86000000 87000000 0.0236670
ta7A 87000000 88000000 0.0303350
ta7A 88000000 89000000 0.0397020
ta7A 89000000 90000000 0.0318760
ta7A 90000000 91000000 0.0190570
ta7A 91000000 92000000 0.0194810
ta7A 92000000 93000000 0.0324740
ta7A 93000000 94000000 0.0310470
ta7A 94000000 95000000 0.0292770
ta7A 95000000 96000000 0.0233000
ta7A 96000000 97000000 0.0270210
ta7A 97000000 98000000 0.0284140
ta7A 98000000 99000000 0.0286520
ta7A 99000000 100000000 0.0288150
ta7A 100000000 101000000 0.0355360
ta7A 101000000 102000000 0.0317520
ta7A 102000000 103000000 0.0339580
ta7A 103000000 104000000 0.0181730
ta7A 104000000 105000000 0.0230180
ta7A 105000000 106000000 0.0294310
ta7A 106000000 107000000 0.0288890
ta7A 107000000 108000000 0.7432080
ta7A 108000000 109000000 0.8738780
ta7A 109000000 110000000 0.0299420
ta7A 110000000 111000000 0.0217540
ta7A 111000000 112000000 0.0233620
ta7A 112000000 113000000 0.0256560
ta7A 113000000 114000000 0.0223690
ta7A 114000000 115000000 0.0360740
ta7A 115000000 116000000 0.0279080
ta7A 116000000 117000000 0.0207990
ta7A 117000000 118000000 0.0302990
ta7A 118000000 119000000 0.0360210
ta7A 119000000 120000000 0.0440150
ta7A 120000000 121000000 0.0345820
ta7A 121000000 122000000 0.0379410
ta7A 122000000 123000000 0.0329220
ta7A 123000000 124000000 0.0254040
ta7A 124000000 125000000 0.0290700
ta7A 125000000 126000000 0.0432480
ta7A 126000000 127000000 0.0288190
ta7A 127000000 128000000 0.0365030
ta7A 128000000 129000000 0.0189150
ta7A 129000000 130000000 0.0181760
ta7A 130000000 131000000 0.0308480
ta7A 131000000 132000000 0.0268010
ta7A 132000000 133000000 0.0243850
ta7A 133000000 134000000 0.0223210
ta7A 134000000 135000000 0.0581080
ta7A 135000000 136000000 0.0254020
ta7A 136000000 137000000 0.0197610
ta7A 137000000 138000000 0.0257410
ta7A 138000000 139000000 0.0261380
ta7A 139000000 140000000 0.0181550
ta7A 140000000 141000000 0.0187950
ta7A 141000000 142000000 0.0173820
ta7A 142000000 143000000 0.0248320
ta7A 143000000 144000000 0.0217460
ta7A 144000000 145000000 0.0225700
ta7A 145000000 146000000 0.0279390
ta7A 146000000 147000000 0.0231380
ta7A 147000000 148000000 0.0273150
ta7A 148000000 149000000 0.0216740
ta7A 149000000 150000000 0.0233870
ta7A 150000000 151000000 0.0224810
ta7A 151000000 152000000 0.0149210
ta7A 152000000 153000000 0.0170180
ta7A 153000000 154000000 0.0174760
ta7A 154000000 155000000 0.0135350
ta7A 155000000 156000000 0.0210100
ta7A 156000000 157000000 0.0206110
ta7A 157000000 158000000 0.0257130
ta7A 158000000 159000000 0.0144000
ta7A 159000000 160000000 0.0175020
ta7A 160000000 161000000 0.0254510
ta7A 161000000 162000000 0.0281340
ta7A 162000000 163000000 0.0208140
ta7A 163000000 164000000 0.0371440
ta7A 164000000 165000000 0.0241680
ta7A 165000000 166000000 0.0160340
ta7A 166000000 167000000 0.0292650
ta7A 167000000 168000000 0.0301830
ta7A 168000000 169000000 0.0218670
ta7A 169000000 170000000 0.0273780
ta7A 170000000 171000000 0.0201830
ta7A 171000000 172000000 0.0327730
ta7A 172000000 173000000 0.0204490
ta7A 173000000 174000000 0.0249530
ta7A 174000000 175000000 0.0265100
ta7A 175000000 176000000 0.0227400
ta7A 176000000 177000000 0.0247740
ta7A 177000000 178000000 0.0164510
ta7A 178000000 179000000 0.0198120
ta7A 179000000 180000000 0.0240150
ta7A 180000000 181000000 0.0223220
ta7A 181000000 182000000 0.0189210
ta7A 182000000 183000000 0.0152260
ta7A 183000000 184000000 0.0149200
ta7A 184000000 185000000 0.0288380
ta7A 185000000 186000000 0.0170900
ta7A 186000000 187000000 0.0290810
ta7A 187000000 188000000 0.0260570
ta7A 188000000 189000000 0.0320870
ta7A 189000000 190000000 0.0279950
ta7A 190000000 191000000 0.0222230
ta7A 191000000 192000000 0.0225330
ta7A 192000000 193000000 0.0257120
ta7A 193000000 194000000 0.0256300
ta7A 194000000 195000000 0.0280310
ta7A 195000000 196000000 0.0293890
ta7A 196000000 197000000 0.0195100
ta7A 197000000 198000000 0.0176290
ta7A 198000000 199000000 0.0200110
ta7A 199000000 200000000 0.0210490
ta7A 200000000 201000000 0.0252730
ta7A 201000000 202000000 0.0247070
ta7A 202000000 203000000 0.0283190
ta7A 203000000 204000000 0.0295930
ta7A 204000000 205000000 0.0182110
ta7A 205000000 206000000 0.0194730
ta7A 206000000 207000000 0.4450780
ta7A 207000000 208000000 0.0127610
ta7A 208000000 209000000 0.0179110
ta7A 209000000 210000000 0.0188980
ta7A 210000000 211000000 0.0231480
ta7A 211000000 212000000 0.0227960
ta7A 212000000 213000000 0.0181940
ta7A 213000000 214000000 0.0227950
ta7A 214000000 215000000 0.0229140
ta7A 215000000 216000000 0.0228590
ta7A 216000000 217000000 0.0327400
ta7A 217000000 218000000 0.0177630
ta7A 218000000 219000000 0.0219890
ta7A 219000000 220000000 0.0211410
ta7A 220000000 221000000 0.0223130
ta7A 221000000 222000000 0.0242190
ta7A 222000000 223000000 0.0217260
ta7A 223000000 224000000 0.0181620
ta7A 224000000 225000000 0.0185110
ta7A 225000000 226000000 0.0190250
ta7A 226000000 227000000 0.0165360
ta7A 227000000 228000000 0.0216910
ta7A 228000000 229000000 0.0238970
ta7A 229000000 230000000 0.0227820
ta7A 230000000 231000000 0.0215380
ta7A 231000000 232000000 0.0168510
ta7A 232000000 233000000 0.0161310
ta7A 233000000 234000000 0.0152160
ta7A 234000000 235000000 0.0242220
ta7A 235000000 236000000 0.0264640
ta7A 236000000 237000000 0.0168190
ta7A 237000000 238000000 0.0177560
ta7A 238000000 239000000 0.0169990
ta7A 239000000 240000000 0.0209400
ta7A 240000000 241000000 0.0203740
ta7A 241000000 242000000 0.0163290
ta7A 242000000 243000000 0.0199750
ta7A 243000000 244000000 0.0210270
ta7A 244000000 245000000 0.0210310
ta7A 245000000 246000000 0.0290000
ta7A 246000000 247000000 0.0230240
ta7A 247000000 248000000 0.0206750
ta7A 248000000 249000000 0.0182820
ta7A 249000000 250000000 0.0143270
ta7A 250000000 251000000 0.0167380
ta7A 251000000 252000000 0.0188830
ta7A 252000000 253000000 0.0239240
ta7A 253000000 254000000 0.0150850
ta7A 254000000 255000000 0.0268490
ta7A 255000000 256000000 0.0251290
ta7A 256000000 257000000 0.0184750
ta7A 257000000 258000000 0.0232240
ta7A 258000000 259000000 0.0209270
ta7A 259000000 260000000 0.0273410
ta7A 260000000 261000000 0.0174840
ta7A 261000000 262000000 0.0203850
ta7A 262000000 263000000 0.0236930
ta7A 263000000 264000000 0.0160580
ta7A 264000000 265000000 0.0205030
ta7A 265000000 266000000 0.0195620
ta7A 266000000 267000000 0.0190420
ta7A 267000000 268000000 0.0160680
ta7A 268000000 269000000 0.0211140
ta7A 269000000 270000000 0.0304660
ta7A 270000000 271000000 0.0236810
ta7A 271000000 272000000 0.0126950
ta7A 272000000 273000000 0.0162220
ta7A 273000000 274000000 0.0169010
ta7A 274000000 275000000 0.0281480
ta7A 275000000 276000000 0.0189070
ta7A 276000000 277000000 0.0187290
ta7A 277000000 278000000 0.0274520
ta7A 278000000 279000000 0.0271210
ta7A 279000000 280000000 0.0180110
ta7A 280000000 281000000 0.0218780
ta7A 281000000 282000000 0.0181090
ta7A 282000000 283000000 0.0223100
ta7A 283000000 284000000 0.0233560
ta7A 284000000 285000000 0.0186810
ta7A 285000000 286000000 0.0232470
ta7A 286000000 287000000 0.0215910
ta7A 287000000 288000000 0.0226440
ta7A 288000000 289000000 0.0298080
ta7A 289000000 290000000 0.0219700
ta7A 290000000 291000000 0.0259380
ta7A 291000000 292000000 0.0202860
ta7A 292000000 293000000 0.0309460
ta7A 293000000 294000000 0.0195060
ta7A 294000000 295000000 0.0140320
ta7A 295000000 296000000 0.0177570
ta7A 296000000 297000000 0.0169970
ta7A 297000000 298000000 0.0233110
ta7A 298000000 299000000 0.0228270
ta7A 299000000 300000000 0.0148410
ta7A 300000000 301000000 0.0231520
ta7A 301000000 302000000 0.0145780
ta7A 302000000 303000000 0.0188900
ta7A 303000000 304000000 0.0194250
ta7A 304000000 305000000 0.0203480
ta7A 305000000 306000000 0.0528580
ta7A 306000000 307000000 0.0225990
ta7A 307000000 308000000 0.0169940
ta7A 308000000 309000000 0.0238870
ta7A 309000000 310000000 0.0171710
ta7A 310000000 311000000 0.0184530
ta7A 311000000 312000000 0.0151200
ta7A 312000000 313000000 0.0258770
ta7A 313000000 314000000 0.0210130
ta7A 314000000 315000000 0.0161870
ta7A 315000000 316000000 0.0247890
ta7A 316000000 317000000 0.0221560
ta7A 317000000 318000000 0.0202370
ta7A 318000000 319000000 0.0241140
ta7A 319000000 320000000 0.0131890
ta7A 320000000 321000000 0.0235090
ta7A 321000000 322000000 0.0240650
ta7A 322000000 323000000 0.0263750
ta7A 323000000 324000000 0.0205870
ta7A 324000000 325000000 0.0235410
ta7A 325000000 326000000 0.0232690
ta7A 326000000 327000000 0.0292560
ta7A 327000000 328000000 0.0130850
ta7A 328000000 329000000 0.0153680
ta7A 329000000 330000000 0.0192470
ta7A 330000000 331000000 0.0191180
ta7A 331000000 332000000 0.0145460
ta7A 332000000 333000000 0.0127890
ta7A 333000000 334000000 0.0176960
ta7A 334000000 335000000 0.0148180
ta7A 335000000 336000000 0.0210250
ta7A 336000000 337000000 0.0158580
ta7A 337000000 338000000 0.0187750
ta7A 338000000 339000000 0.0177360
ta7A 339000000 340000000 0.0178870
ta7A 340000000 341000000 0.0173880
ta7A 341000000 342000000 0.0149570
ta7A 342000000 343000000 0.0240790
ta7A 343000000 344000000 0.0177360
ta7A 344000000 345000000 0.0142730
ta7A 345000000 346000000 0.0173780
ta7A 346000000 347000000 0.0217390
ta7A 347000000 348000000 0.0170750
ta7A 348000000 349000000 0.0199700
ta7A 349000000 350000000 0.0177700
ta7A 350000000 351000000 0.0195240
ta7A 351000000 352000000 0.0242380
ta7A 352000000 353000000 0.0181380
ta7A 353000000 354000000 0.0114140
ta7A 354000000 355000000 0.0174510
ta7A 355000000 356000000 0.0200210
ta7A 356000000 357000000 0.0180630
ta7A 357000000 358000000 0.0158830
ta7A 358000000 359000000 0.3230640
ta7A 359000000 360000000 0.0209430
ta7A 360000000 361000000 0.0162090
ta7A 361000000 362000000 0.0187640
ta7A 362000000 363000000 0.0162160
ta7A 363000000 364000000 0.0222820
ta7A 364000000 365000000 0.0101300
ta7A 365000000 366000000 0.0179150
ta7A 366000000 367000000 0.0165400
ta7A 367000000 368000000 0.0158580
ta7A 368000000 369000000 0.1624380
ta7A 369000000 370000000 0.0177800
ta7A 370000000 371000000 0.0362950
ta7A 371000000 372000000 0.0269140
ta7A 372000000 373000000 0.0227590
ta7A 373000000 374000000 0.0174150
ta7A 374000000 375000000 0.0398680
ta7A 375000000 376000000 0.0459780
ta7A 376000000 377000000 0.0179620
ta7A 377000000 378000000 0.0216760
ta7A 378000000 379000000 0.0197990
ta7A 379000000 380000000 0.0283250
ta7A 380000000 381000000 0.0442390
ta7A 381000000 382000000 0.0266330
ta7A 382000000 383000000 0.0180200
ta7A 383000000 384000000 0.0219240
ta7A 384000000 385000000 0.0233730
ta7A 385000000 386000000 0.0203540
ta7A 386000000 387000000 0.0180090
ta7A 387000000 388000000 0.0224890
ta7A 388000000 389000000 0.0204970
ta7A 389000000 390000000 0.0173210
ta7A 390000000 391000000 0.0224800
ta7A 391000000 392000000 0.0163480
ta7A 392000000 393000000 0.0143680
ta7A 393000000 394000000 0.0182010
ta7A 394000000 395000000 0.4795730
ta7A 395000000 396000000 1.0000000
ta7A 396000000 397000000 0.3062970
ta7A 397000000 398000000 0.0207080
ta7A 398000000 399000000 0.0154080
ta7A 399000000 400000000 0.0217040
ta7A 400000000 401000000 0.0178840
ta7A 401000000 402000000 0.0192950
ta7A 402000000 403000000 0.0221410
ta7A 403000000 404000000 0.0185230
ta7A 404000000 405000000 0.0282730
ta7A 405000000 406000000 0.0162780
ta7A 406000000 407000000 0.0239680
ta7A 407000000 408000000 0.0260670
ta7A 408000000 409000000 0.0123810
ta7A 409000000 410000000 0.0162680
ta7A 410000000 411000000 0.0179260
ta7A 411000000 412000000 0.0220900
ta7A 412000000 413000000 0.0204680
ta7A 413000000 414000000 0.0188510
ta7A 414000000 415000000 0.0292940
ta7A 415000000 416000000 0.0195840
ta7A 416000000 417000000 0.0157910
ta7A 417000000 418000000 0.0134920
ta7A 418000000 419000000 0.0215660
ta7A 419000000 420000000 0.0163610
ta7A 420000000 421000000 0.0161390
ta7A 421000000 422000000 0.0141060
ta7A 422000000 423000000 0.0180150
ta7A 423000000 424000000 0.0120460
ta7A 424000000 425000000 0.0177320
ta7A 425000000 426000000 0.0184710
ta7A 426000000 427000000 0.0234550
ta7A 427000000 428000000 0.0263450
ta7A 428000000 429000000 0.0129770
ta7A 429000000 430000000 0.0184080
ta7A 430000000 431000000 0.0169820
ta7A 431000000 432000000 0.0102620
ta7A 432000000 433000000 0.0160110
ta7A 433000000 434000000 0.0190000
ta7A 434000000 435000000 0.0138960
ta7A 435000000 436000000 0.0305360
ta7A 436000000 437000000 0.0296830
ta7A 437000000 438000000 0.0211700
ta7A 438000000 439000000 0.0242710
ta7A 439000000 440000000 0.0169300
ta7A 440000000 441000000 0.0155270
ta7A 441000000 442000000 0.0213120
ta7A 442000000 443000000 0.0129160
ta7A 443000000 444000000 0.0206020
ta7A 444000000 445000000 0.0247060
ta7A 445000000 446000000 0.0197060
ta7A 446000000 447000000 0.0259520
ta7A 447000000 448000000 0.0216360
ta7A 448000000 449000000 0.0207410
ta7A 449000000 450000000 0.0208910
ta7A 450000000 451000000 0.0220510
ta7A 451000000 452000000 0.0209590
ta7A 452000000 453000000 0.0184920
ta7A 453000000 454000000 0.0185590
ta7A 454000000 455000000 0.0157990
ta7A 455000000 456000000 0.0268780
ta7A 456000000 457000000 0.0211870
ta7A 457000000 458000000 0.0226390
ta7A 458000000 459000000 0.0260600
ta7A 459000000 460000000 0.0246940
ta7A 460000000 461000000 0.0243280
ta7A 461000000 462000000 0.0226000
ta7A 462000000 463000000 0.0164980
ta7A 463000000 464000000 0.0197970
ta7A 464000000 465000000 0.0199400
ta7A 465000000 466000000 0.0144810
ta7A 466000000 467000000 0.1278480
ta7A 467000000 468000000 0.0474460
ta7A 468000000 469000000 0.0169540
ta7A 469000000 470000000 0.0281550
ta7A 470000000 471000000 0.0213300
ta7A 471000000 472000000 0.0152740
ta7A 472000000 473000000 0.0208100
ta7A 473000000 474000000 0.0165890
ta7A 474000000 475000000 0.0175710
ta7A 475000000 476000000 0.0247500
ta7A 476000000 477000000 0.0163220
ta7A 477000000 478000000 0.0183280
ta7A 478000000 479000000 0.0201930
ta7A 479000000 480000000 0.0174040
ta7A 480000000 481000000 0.0208760
ta7A 481000000 482000000 0.0304680
ta7A 482000000 483000000 0.0169480
ta7A 483000000 484000000 0.0227010
ta7A 484000000 485000000 0.0187020
ta7A 485000000 486000000 0.0239450
ta7A 486000000 487000000 0.0208370
ta7A 487000000 488000000 0.0173190
ta7A 488000000 489000000 0.0285740
ta7A 489000000 490000000 0.0161740
ta7A 490000000 491000000 0.0226500
ta7A 491000000 492000000 0.0204930
ta7A 492000000 493000000 0.0231890
ta7A 493000000 494000000 0.0305670
ta7A 494000000 495000000 0.0201610
ta7A 495000000 496000000 0.0293100
ta7A 496000000 497000000 0.0255100
ta7A 497000000 498000000 0.0175980
ta7A 498000000 499000000 0.0179700
ta7A 499000000 500000000 0.0137660
ta7A 500000000 501000000 0.0263270
ta7A 501000000 502000000 0.0192560
ta7A 502000000 503000000 0.0154440
ta7A 503000000 504000000 0.0176220
ta7A 504000000 505000000 0.0191410
ta7A 505000000 506000000 0.0208340
ta7A 506000000 507000000 0.0277090
ta7A 507000000 508000000 0.0199280
ta7A 508000000 509000000 0.0259790
ta7A 509000000 510000000 0.0220040
ta7A 510000000 511000000 0.0270000
ta7A 511000000 512000000 0.0336050
ta7A 512000000 513000000 0.0220730
ta7A 513000000 514000000 0.0171070
ta7A 514000000 515000000 0.0197690
ta7A 515000000 516000000 0.0308400
ta7A 516000000 517000000 0.0178970
ta7A 517000000 518000000 0.0205200
ta7A 518000000 519000000 0.0307970
ta7A 519000000 520000000 0.0315410
ta7A 520000000 521000000 0.0155660
ta7A 521000000 522000000 0.0166200
ta7A 522000000 523000000 0.0254840
ta7A 523000000 524000000 0.0239400
ta7A 524000000 525000000 0.0195310
ta7A 525000000 526000000 0.0240330
ta7A 526000000 527000000 0.0208320
ta7A 527000000 528000000 0.0197070
ta7A 528000000 529000000 0.0229520
ta7A 529000000 530000000 0.0271920
ta7A 530000000 531000000 0.0169770
ta7A 531000000 532000000 0.0238890
ta7A 532000000 533000000 0.0251840
ta7A 533000000 534000000 0.0203650
ta7A 534000000 535000000 0.0182520
ta7A 535000000 536000000 0.0235150
ta7A 536000000 537000000 0.0192610
ta7A 537000000 538000000 0.0258080
ta7A 538000000 539000000 0.0213680
ta7A 539000000 540000000 0.0212230
ta7A 540000000 541000000 0.0220510
ta7A 541000000 542000000 0.0193020
ta7A 542000000 543000000 0.0298240
ta7A 543000000 544000000 0.0224620
ta7A 544000000 545000000 0.0219350
ta7A 545000000 546000000 0.0222760
ta7A 546000000 547000000 0.0233330
ta7A 547000000 548000000 0.0245480
ta7A 548000000 549000000 0.0257070
ta7A 549000000 550000000 0.0143710
ta7A 550000000 551000000 0.0267780
ta7A 551000000 552000000 0.0278640
ta7A 552000000 553000000 0.0284230
ta7A 553000000 554000000 0.0286010
ta7A 554000000 555000000 0.0229020
ta7A 555000000 556000000 0.0279780
ta7A 556000000 557000000 0.0173330
ta7A 557000000 558000000 0.0166160
ta7A 558000000 559000000 0.0282840
ta7A 559000000 560000000 0.0357930
ta7A 560000000 561000000 0.0208110
ta7A 561000000 562000000 0.0191870
ta7A 562000000 563000000 0.0200170
ta7A 563000000 564000000 0.0258380
ta7A 564000000 565000000 0.0213690
ta7A 565000000 566000000 0.0221100
ta7A 566000000 567000000 0.0219960
ta7A 567000000 568000000 0.0181480
ta7A 568000000 569000000 0.0196110
ta7A 569000000 570000000 0.0213360
ta7A 570000000 571000000 0.0247950
ta7A 571000000 572000000 0.0289020
ta7A 572000000 573000000 0.0192920
ta7A 573000000 574000000 0.0269040
ta7A 574000000 575000000 0.0155150
ta7A 575000000 576000000 0.0180470
ta7A 576000000 577000000 0.0201960
ta7A 577000000 578000000 0.0208080
ta7A 578000000 579000000 0.0213880
ta7A 579000000 580000000 0.0272030
ta7A 580000000 581000000 0.0227730
ta7A 581000000 582000000 0.0348570
ta7A 582000000 583000000 0.0263710
ta7A 583000000 584000000 0.0326560
ta7A 584000000 585000000 0.0250190
ta7A 585000000 586000000 0.0289850
ta7A 586000000 587000000 0.0171290
ta7A 587000000 588000000 0.0214030
ta7A 588000000 589000000 0.0322460
ta7A 589000000 590000000 0.0186160
ta7A 590000000 591000000 0.0190400
ta7A 591000000 592000000 0.0222510
ta7A 592000000 593000000 0.0302740
ta7A 593000000 594000000 0.0170000
ta7A 594000000 595000000 0.0197890
ta7A 595000000 596000000 0.0344040
ta7A 596000000 597000000 0.0234130
ta7A 597000000 598000000 0.0154130
ta7A 598000000 599000000 0.0379310
ta7A 599000000 600000000 0.0512750
ta7A 600000000 601000000 0.0242370
ta7A 601000000 602000000 0.0125880
ta7A 602000000 603000000 0.0223650
ta7A 603000000 604000000 0.0196240
ta7A 604000000 605000000 0.0180440
ta7A 605000000 606000000 0.0186840
ta7A 606000000 607000000 0.0321600
ta7A 607000000 608000000 0.0238810
ta7A 608000000 609000000 0.0209440
ta7A 609000000 610000000 0.0228700
ta7A 610000000 611000000 0.0261730
ta7A 611000000 612000000 0.0232580
ta7A 612000000 613000000 0.0296720
ta7A 613000000 614000000 0.0228640
ta7A 614000000 615000000 0.0278040
ta7A 615000000 616000000 0.0249650
ta7A 616000000 617000000 0.0310050
ta7A 617000000 618000000 0.0327640
ta7A 618000000 619000000 0.0292090
ta7A 619000000 620000000 0.0234920
ta7A 620000000 621000000 0.0253380
ta7A 621000000 622000000 0.0281290
ta7A 622000000 623000000 0.0230490
ta7A 623000000 624000000 0.0294640
ta7A 624000000 625000000 0.0203320
ta7A 625000000 626000000 0.0365110
ta7A 626000000 627000000 0.0158790
ta7A 627000000 628000000 0.0183080
ta7A 628000000 629000000 0.0313920
ta7A 629000000 630000000 0.0225610
ta7A 630000000 631000000 0.0195150
ta7A 631000000 632000000 0.0212220
ta7A 632000000 633000000 0.0217710
ta7A 633000000 634000000 0.0235140
ta7A 634000000 635000000 0.0254980
ta7A 635000000 636000000 0.0291860
ta7A 636000000 637000000 0.0335620
ta7A 637000000 638000000 0.0213160
ta7A 638000000 639000000 0.0259950
ta7A 639000000 640000000 0.0257920
ta7A 640000000 641000000 0.0244400
ta7A 641000000 642000000 0.0242870
ta7A 642000000 643000000 0.0395190
ta7A 643000000 644000000 0.0316640
ta7A 644000000 645000000 0.0158410
ta7A 645000000 646000000 0.0371860
ta7A 646000000 647000000 0.0355770
ta7A 647000000 648000000 0.0309710
ta7A 648000000 649000000 0.0372640
ta7A 649000000 650000000 0.0281190
ta7A 650000000 651000000 0.0264320
ta7A 651000000 652000000 0.0285090
ta7A 652000000 653000000 0.0288260
ta7A 653000000 654000000 0.0349320
ta7A 654000000 655000000 0.0257070
ta7A 655000000 656000000 0.0298580
ta7A 656000000 657000000 0.0338240
ta7A 657000000 658000000 0.0361350
ta7A 658000000 659000000 0.0801920
ta7A 659000000 660000000 0.0463610
ta7A 660000000 661000000 0.0441950
ta7A 661000000 662000000 0.0360900
ta7A 662000000 663000000 0.0347690
ta7A 663000000 664000000 0.0339630
ta7A 664000000 665000000 0.0337510
ta7A 665000000 666000000 0.0250080
ta7A 666000000 667000000 0.0367880
ta7A 667000000 668000000 0.0231670
ta7A 668000000 669000000 0.0264240
ta7A 669000000 670000000 0.0279490
ta7A 670000000 671000000 0.0142760
ta7A 671000000 672000000 0.0376630
ta7A 672000000 673000000 0.0258090
ta7A 673000000 674000000 0.0235260
ta7A 674000000 675000000 0.0272720
ta7A 675000000 676000000 0.0436140
ta7A 676000000 677000000 0.0258880
ta7A 677000000 678000000 0.0368890
ta7A 678000000 679000000 0.0327570
ta7A 679000000 680000000 0.0263070
ta7A 680000000 681000000 0.0219730
ta7A 681000000 682000000 0.0999000
ta7A 682000000 683000000 0.0359200
ta7A 683000000 684000000 0.0271730
ta7A 684000000 685000000 0.0381790
ta7A 685000000 686000000 0.0241140
ta7A 686000000 687000000 0.0273580
ta7A 687000000 688000000 0.0278860
ta7A 688000000 689000000 0.0259150
ta7A 689000000 690000000 0.0393270
ta7A 690000000 691000000 0.0280290
ta7A 691000000 692000000 0.0302740
ta7A 692000000 693000000 0.0464000
ta7A 693000000 694000000 0.0292100
ta7A 694000000 695000000 0.0332260
ta7A 695000000 696000000 0.0279700
ta7A 696000000 697000000 0.0304890
ta7A 697000000 698000000 0.0283870
ta7A 698000000 699000000 0.0364870
ta7A 699000000 700000000 0.0334380
ta7A 700000000 701000000 0.0256870
ta7A 701000000 702000000 0.0850840
ta7A 702000000 703000000 0.0274040
ta7A 703000000 704000000 0.0283470
ta7A 704000000 705000000 0.0403130
ta7A 705000000 706000000 0.0309290
ta7A 706000000 707000000 0.0220970
ta7A 707000000 708000000 0.0293620
ta7A 708000000 709000000 0.0342440
ta7A 709000000 710000000 0.0344760
ta7A 710000000 711000000 0.1397870
ta7A 711000000 712000000 0.4944380
ta7A 712000000 713000000 0.0420470
ta7A 713000000 714000000 0.0287180
ta7A 714000000 715000000 0.0371280
ta7A 715000000 716000000 0.0317260
ta7A 716000000 717000000 0.0323610
ta7A 717000000 718000000 0.0352090
ta7A 718000000 719000000 0.0367030
ta7A 719000000 720000000 0.0368350
ta7A 720000000 721000000 0.0407740
ta7A 721000000 722000000 0.0285850
ta7A 722000000 723000000 0.0472050
ta7A 723000000 724000000 0.0306370
ta7A 724000000 725000000 0.0400230
ta7A 725000000 726000000 0.0281870
ta7A 726000000 727000000 0.0361690
ta7A 727000000 728000000 0.0416160
ta7A 728000000 729000000 0.0345160
ta7A 729000000 730000000 0.0324850
ta7A 730000000 731000000 0.0434800
ta7A 731000000 732000000 0.0444580
ta7A 732000000 733000000 0.0298170
ta7A 733000000 734000000 0.0288440
ta7A 734000000 735000000 0.0560460
ta7A 735000000 736000000 0.0304270
ta7A 736000000 737000000 0.0258710
ta7A 737000000 738000000 0.0274270
ta7A 738000000 739000000 0.0322030
ta7A 739000000 740000000 0.0260310
ta7A 740000000 741000000 0.0428760
ta7A 741000000 742000000 0.0316590
ta7A 742000000 743000000 0.0310740
ta7A 743000000 744000000 0.0475310
ta7A 744000000 745000000 0.0387940
ta7A 745000000 746000000 0.0738940
ta7A 746000000 747000000 0.0342280
ta7A 747000000 748000000 0.0296020
ta7A 748000000 749000000 0.0281280
ta7A 749000000 750000000 0.0404750
ta7A 750000000 751000000 0.0402720
ta7A 751000000 752000000 0.0749000
ta7A 752000000 753000000 0.0347970
ta7A 753000000 753959795 0.0607557
ta7B 0 1000000 0.0381700
ta7B 1000000 2000000 0.0400660
ta7B 2000000 3000000 0.0412710
ta7B 3000000 4000000 0.0262140
ta7B 4000000 5000000 0.0359580
ta7B 5000000 6000000 0.0354630
ta7B 6000000 7000000 0.0403940
ta7B 7000000 8000000 0.0482950
ta7B 8000000 9000000 0.0407370
ta7B 9000000 10000000 0.0230260
ta7B 10000000 11000000 0.0254940
ta7B 11000000 12000000 0.0316070
ta7B 12000000 13000000 0.0532920
ta7B 13000000 14000000 0.0366340
ta7B 14000000 15000000 0.0251840
ta7B 15000000 16000000 0.0299460
ta7B 16000000 17000000 0.0241160
ta7B 17000000 18000000 0.0337150
ta7B 18000000 19000000 0.1186810
ta7B 19000000 20000000 0.0324320
ta7B 20000000 21000000 0.0299030
ta7B 21000000 22000000 0.0369620
ta7B 22000000 23000000 0.0414250
ta7B 23000000 24000000 0.0319860
ta7B 24000000 25000000 0.0323160
ta7B 25000000 26000000 0.0265810
ta7B 26000000 27000000 0.0288740
ta7B 27000000 28000000 0.0274180
ta7B 28000000 29000000 0.0298590
ta7B 29000000 30000000 0.0313350
ta7B 30000000 31000000 0.0286440
ta7B 31000000 32000000 0.0225680
ta7B 32000000 33000000 0.0228250
ta7B 33000000 34000000 0.0338550
ta7B 34000000 35000000 0.0173420
ta7B 35000000 36000000 0.0270830
ta7B 36000000 37000000 0.0478430
ta7B 37000000 38000000 0.0328890
ta7B 38000000 39000000 0.0304820
ta7B 39000000 40000000 0.0293080
ta7B 40000000 41000000 0.0303510
ta7B 41000000 42000000 0.0261030
ta7B 42000000 43000000 0.0289520
ta7B 43000000 44000000 0.0322270
ta7B 44000000 45000000 0.0311100
ta7B 45000000 46000000 0.0249060
ta7B 46000000 47000000 0.0263330
ta7B 47000000 48000000 0.0204660
ta7B 48000000 49000000 0.0314380
ta7B 49000000 50000000 0.0249820
ta7B 50000000 51000000 0.0294230
ta7B 51000000 52000000 0.0173590
ta7B 52000000 53000000 0.0249360
ta7B 53000000 54000000 0.0254850
ta7B 54000000 55000000 0.0233970
ta7B 55000000 56000000 0.0270500
ta7B 56000000 57000000 0.0330120
ta7B 57000000 58000000 0.0233350
ta7B 58000000 59000000 0.0267070
ta7B 59000000 60000000 0.0312680
ta7B 60000000 61000000 0.0250410
ta7B 61000000 62000000 0.0265860
ta7B 62000000 63000000 0.0266100
ta7B 63000000 64000000 0.0300930
ta7B 64000000 65000000 0.0316890
ta7B 65000000 66000000 0.0284700
ta7B 66000000 67000000 0.0363560
ta7B 67000000 68000000 0.0414400
ta7B 68000000 69000000 0.0494150
ta7B 69000000 70000000 0.3588910
ta7B 70000000 71000000 0.6405670
ta7B 71000000 72000000 0.0325490
ta7B 72000000 73000000 0.5279500
ta7B 73000000 74000000 0.0297190
ta7B 74000000 75000000 0.0307110
ta7B 75000000 76000000 0.0261950
ta7B 76000000 77000000 0.0275950
ta7B 77000000 78000000 0.0407190
ta7B 78000000 79000000 0.0319810
ta7B 79000000 80000000 0.0279700
ta7B 80000000 81000000 0.0314900
ta7B 81000000 82000000 0.0296000
ta7B 82000000 83000000 0.0302330
ta7B 83000000 84000000 0.0233340
ta7B 84000000 85000000 0.0280880
ta7B 85000000 86000000 0.0275560
ta7B 86000000 87000000 0.0309150
ta7B 87000000 88000000 0.0243020
ta7B 88000000 89000000 0.0306670
ta7B 89000000 90000000 0.0295740
ta7B 90000000 91000000 0.0286470
ta7B 91000000 92000000 0.0227420
ta7B 92000000 93000000 0.0330500
ta7B 93000000 94000000 0.0201940
ta7B 94000000 95000000 0.0300160
ta7B 95000000 96000000 0.0256570
ta7B 96000000 97000000 0.0218890
ta7B 97000000 98000000 0.0306040
ta7B 98000000 99000000 0.0196050
ta7B 99000000 100000000 0.0199170
ta7B 100000000 101000000 0.0240440
ta7B 101000000 102000000 0.0280130
ta7B 102000000 103000000 0.0235240
ta7B 103000000 104000000 0.1236820
ta7B 104000000 105000000 0.0797290
ta7B 105000000 106000000 0.0335110
ta7B 106000000 107000000 0.0227410
ta7B 107000000 108000000 0.0186160
ta7B 108000000 109000000 0.0235060
ta7B 109000000 110000000 0.0335830
ta7B 110000000 111000000 0.0319440
ta7B 111000000 112000000 0.0292140
ta7B 112000000 113000000 0.0217800
ta7B 113000000 114000000 0.0282410
ta7B 114000000 115000000 0.0215860
ta7B 115000000 116000000 0.0202840
ta7B 116000000 117000000 0.0312900
ta7B 117000000 118000000 0.0487110
ta7B 118000000 119000000 0.0415180
ta7B 119000000 120000000 0.0235340
ta7B 120000000 121000000 0.0585750
ta7B 121000000 122000000 0.2102860
ta7B 122000000 123000000 0.0249610
ta7B 123000000 124000000 0.0261340
ta7B 124000000 125000000 0.0299700
ta7B 125000000 126000000 0.0223130
ta7B 126000000 127000000 0.0282370
ta7B 127000000 128000000 0.0323960
ta7B 128000000 129000000 0.0198520
ta7B 129000000 130000000 0.0223280
ta7B 130000000 131000000 0.0346070
ta7B 131000000 132000000 0.0329320
ta7B 132000000 133000000 0.0168520
ta7B 133000000 134000000 0.0245850
ta7B 134000000 135000000 0.0195660
ta7B 135000000 136000000 0.0389100
ta7B 136000000 137000000 0.0357350
ta7B 137000000 138000000 0.0228520
ta7B 138000000 139000000 0.0245190
ta7B 139000000 140000000 0.0289380
ta7B 140000000 141000000 0.0880440
ta7B 141000000 142000000 0.1044950
ta7B 142000000 143000000 0.0217720
ta7B 143000000 144000000 0.0257370
ta7B 144000000 145000000 0.0332230
ta7B 145000000 146000000 0.0271990
ta7B 146000000 147000000 0.0276480
ta7B 147000000 148000000 0.0305200
ta7B 148000000 149000000 0.0353960
ta7B 149000000 150000000 0.0297610
ta7B 150000000 151000000 0.0330000
ta7B 151000000 152000000 0.0280660
ta7B 152000000 153000000 0.0404010
ta7B 153000000 154000000 0.0416460
ta7B 154000000 155000000 0.0296750
ta7B 155000000 156000000 0.0232030
ta7B 156000000 157000000 0.0236700
ta7B 157000000 158000000 0.0311930
ta7B 158000000 159000000 0.0261870
ta7B 159000000 160000000 0.1077300
ta7B 160000000 161000000 0.0267530
ta7B 161000000 162000000 0.0291040
ta7B 162000000 163000000 0.0290850
ta7B 163000000 164000000 0.0314950
ta7B 164000000 165000000 0.0200850
ta7B 165000000 166000000 0.0216090
ta7B 166000000 167000000 0.0166100
ta7B 167000000 168000000 0.0202220
ta7B 168000000 169000000 0.0177680
ta7B 169000000 170000000 0.0309680
ta7B 170000000 171000000 0.0231460
ta7B 171000000 172000000 0.0195750
ta7B 172000000 173000000 0.0259480
ta7B 173000000 174000000 0.0238330
ta7B 174000000 175000000 0.0280380
ta7B 175000000 176000000 0.0300810
ta7B 176000000 177000000 0.0269150
ta7B 177000000 178000000 0.0277960
ta7B 178000000 179000000 0.0254620
ta7B 179000000 180000000 0.0283240
ta7B 180000000 181000000 0.0241370
ta7B 181000000 182000000 0.0164140
ta7B 182000000 183000000 0.0190790
ta7B 183000000 184000000 0.0305650
ta7B 184000000 185000000 0.0343920
ta7B 185000000 186000000 0.0266910
ta7B 186000000 187000000 0.0415340
ta7B 187000000 188000000 0.0230270
ta7B 188000000 189000000 0.0212650
ta7B 189000000 190000000 0.0250580
ta7B 190000000 191000000 0.0258320
ta7B 191000000 192000000 0.0265330
ta7B 192000000 193000000 0.0400840
ta7B 193000000 194000000 0.0194600
ta7B 194000000 195000000 0.0208750
ta7B 195000000 196000000 0.0212120
ta7B 196000000 197000000 0.0250540
ta7B 197000000 198000000 0.0221020
ta7B 198000000 199000000 0.0204420
ta7B 199000000 200000000 0.0231900
ta7B 200000000 201000000 0.0271590
ta7B 201000000 202000000 0.0221150
ta7B 202000000 203000000 0.0255760
ta7B 203000000 204000000 0.0254440
ta7B 204000000 205000000 0.0212420
ta7B 205000000 206000000 0.0548820
ta7B 206000000 207000000 0.0167690
ta7B 207000000 208000000 0.0264110
ta7B 208000000 209000000 0.0421280
ta7B 209000000 210000000 0.0233280
ta7B 210000000 211000000 0.0281700
ta7B 211000000 212000000 0.0326630
ta7B 212000000 213000000 0.0224020
ta7B 213000000 214000000 0.0270450
ta7B 214000000 215000000 0.0291270
ta7B 215000000 216000000 0.0317340
ta7B 216000000 217000000 0.0220390
ta7B 217000000 218000000 0.0266950
ta7B 218000000 219000000 0.0252460
ta7B 219000000 220000000 0.0237640
ta7B 220000000 221000000 0.0265160
ta7B 221000000 222000000 0.0248230
ta7B 222000000 223000000 0.0247880
ta7B 223000000 224000000 0.0249540
ta7B 224000000 225000000 0.0215120
ta7B 225000000 226000000 0.0156890
ta7B 226000000 227000000 0.0344690
ta7B 227000000 228000000 0.0270820
ta7B 228000000 229000000 0.0309480
ta7B 229000000 230000000 0.0248470
ta7B 230000000 231000000 0.0213700
ta7B 231000000 232000000 0.0221490
ta7B 232000000 233000000 0.0230750
ta7B 233000000 234000000 0.0268410
ta7B 234000000 235000000 0.0197640
ta7B 235000000 236000000 0.0224330
ta7B 236000000 237000000 0.0246770
ta7B 237000000 238000000 0.0142920
ta7B 238000000 239000000 0.0231330
ta7B 239000000 240000000 0.0230980
ta7B 240000000 241000000 0.0294430
ta7B 241000000 242000000 0.0197820
ta7B 242000000 243000000 0.0282030
ta7B 243000000 244000000 0.0253150
ta7B 244000000 245000000 0.0217400
ta7B 245000000 246000000 0.0258920
ta7B 246000000 247000000 0.0342480
ta7B 247000000 248000000 0.0276130
ta7B 248000000 249000000 0.0283350
ta7B 249000000 250000000 0.0243400
ta7B 250000000 251000000 0.0247260
ta7B 251000000 252000000 0.0231090
ta7B 252000000 253000000 0.0292120
ta7B 253000000 254000000 0.0265620
ta7B 254000000 255000000 0.0261060
ta7B 255000000 256000000 0.0267450
ta7B 256000000 257000000 0.0230910
ta7B 257000000 258000000 0.0201960
ta7B 258000000 259000000 0.0181310
ta7B 259000000 260000000 0.0260850
ta7B 260000000 261000000 0.0237000
ta7B 261000000 262000000 0.0185860
ta7B 262000000 263000000 0.0244090
ta7B 263000000 264000000 0.0219230
ta7B 264000000 265000000 0.0332010
ta7B 265000000 266000000 0.0292270
ta7B 266000000 267000000 0.0314190
ta7B 267000000 268000000 0.0419740
ta7B 268000000 269000000 0.0198140
ta7B 269000000 270000000 0.0530190
ta7B 270000000 271000000 0.1023380
ta7B 271000000 272000000 0.0223090
ta7B 272000000 273000000 0.0285130
ta7B 273000000 274000000 0.4496790
ta7B 274000000 275000000 0.0258820
ta7B 275000000 276000000 0.0144340
ta7B 276000000 277000000 0.0279120
ta7B 277000000 278000000 0.0227750
ta7B 278000000 279000000 0.0274650
ta7B 279000000 280000000 0.0239970
ta7B 280000000 281000000 0.0197400
ta7B 281000000 282000000 0.0230090
ta7B 282000000 283000000 0.4843620
ta7B 283000000 284000000 0.3586060
ta7B 284000000 285000000 0.0200830
ta7B 285000000 286000000 0.0206280
ta7B 286000000 287000000 0.0267260
ta7B 287000000 288000000 0.0186800
ta7B 288000000 289000000 0.0326330
ta7B 289000000 290000000 0.0159620
ta7B 290000000 291000000 0.0246860
ta7B 291000000 292000000 0.0231110
ta7B 292000000 293000000 0.0177730
ta7B 293000000 294000000 0.0150090
ta7B 294000000 295000000 0.0205800
ta7B 295000000 296000000 0.0155980
ta7B 296000000 297000000 0.0182320
ta7B 297000000 298000000 0.0183110
ta7B 298000000 299000000 0.0222420
ta7B 299000000 300000000 0.0206470
ta7B 300000000 301000000 0.0164390
ta7B 301000000 302000000 0.1348860
ta7B 302000000 303000000 0.0309150
ta7B 303000000 304000000 0.0239970
ta7B 304000000 305000000 0.0227560
ta7B 305000000 306000000 0.0249410
ta7B 306000000 307000000 0.0246250
ta7B 307000000 308000000 0.0238950
ta7B 308000000 309000000 0.0202110
ta7B 309000000 310000000 0.0254650
ta7B 310000000 311000000 0.0195380
ta7B 311000000 312000000 0.0235190
ta7B 312000000 313000000 0.0195320
ta7B 313000000 314000000 0.0229740
ta7B 314000000 315000000 0.0187720
ta7B 315000000 316000000 0.0173920
ta7B 316000000 317000000 0.0206050
ta7B 317000000 318000000 0.0279860
ta7B 318000000 319000000 0.0196580
ta7B 319000000 320000000 0.0201100
ta7B 320000000 321000000 0.0159940
ta7B 321000000 322000000 0.0239940
ta7B 322000000 323000000 0.0185910
ta7B 323000000 324000000 0.0296580
ta7B 324000000 325000000 0.0165440
ta7B 325000000 326000000 0.0162280
ta7B 326000000 327000000 0.0275510
ta7B 327000000 328000000 0.0388450
ta7B 328000000 329000000 0.0275180
ta7B 329000000 330000000 0.0220080
ta7B 330000000 331000000 0.0261220
ta7B 331000000 332000000 0.0207310
ta7B 332000000 333000000 0.0197910
ta7B 333000000 334000000 0.0236240
ta7B 334000000 335000000 0.0223190
ta7B 335000000 336000000 0.0239800
ta7B 336000000 337000000 0.0255960
ta7B 337000000 338000000 0.0190940
ta7B 338000000 339000000 0.0161390
ta7B 339000000 340000000 0.0226790
ta7B 340000000 341000000 0.0233800
ta7B 341000000 342000000 0.0335850
ta7B 342000000 343000000 0.1056880
ta7B 343000000 344000000 0.1376190
ta7B 344000000 345000000 0.0330330
ta7B 345000000 346000000 0.0205450
ta7B 346000000 347000000 0.0170070
ta7B 347000000 348000000 0.0224360
ta7B 348000000 349000000 0.0181050
ta7B 349000000 350000000 0.0168110
ta7B 350000000 351000000 0.0236440
ta7B 351000000 352000000 0.0205470
ta7B 352000000 353000000 0.0211440
ta7B 353000000 354000000 0.0261180
ta7B 354000000 355000000 0.0195260
ta7B 355000000 356000000 0.0152360
ta7B 356000000 357000000 0.0234350
ta7B 357000000 358000000 0.1656790
ta7B 358000000 359000000 0.0244770
ta7B 359000000 360000000 0.0264010
ta7B 360000000 361000000 0.0177210
ta7B 361000000 362000000 0.0152920
ta7B 362000000 363000000 0.0198730
ta7B 363000000 364000000 0.0165640
ta7B 364000000 365000000 0.0263990
ta7B 365000000 366000000 0.0169790
ta7B 366000000 367000000 0.0124420
ta7B 367000000 368000000 0.0282920
ta7B 368000000 369000000 0.0217530
ta7B 369000000 370000000 0.0363800
ta7B 370000000 371000000 0.0277550
ta7B 371000000 372000000 0.0299690
ta7B 372000000 373000000 0.0225070
ta7B 373000000 374000000 0.0161830
ta7B 374000000 375000000 0.0207960
ta7B 375000000 376000000 0.0143560
ta7B 376000000 377000000 0.0321910
ta7B 377000000 378000000 0.0311700
ta7B 378000000 379000000 0.0921420
ta7B 379000000 380000000 0.1917520
ta7B 380000000 381000000 0.0238260
ta7B 381000000 382000000 0.0280920
ta7B 382000000 383000000 0.0269910
ta7B 383000000 384000000 0.1821390
ta7B 384000000 385000000 0.4347750
ta7B 385000000 386000000 0.0180390
ta7B 386000000 387000000 0.0266980
ta7B 387000000 388000000 0.0266550
ta7B 388000000 389000000 0.0205130
ta7B 389000000 390000000 0.0221110
ta7B 390000000 391000000 0.0202050
ta7B 391000000 392000000 0.0208080
ta7B 392000000 393000000 0.0266350
ta7B 393000000 394000000 0.0287410
ta7B 394000000 395000000 0.0288430
ta7B 395000000 396000000 0.0232850
ta7B 396000000 397000000 0.0231550
ta7B 397000000 398000000 0.1266410
ta7B 398000000 399000000 0.0229970
ta7B 399000000 400000000 0.0210760
ta7B 400000000 401000000 0.0288790
ta7B 401000000 402000000 0.0243130
ta7B 402000000 403000000 0.0277810
ta7B 403000000 404000000 0.0281940
ta7B 404000000 405000000 0.0228630
ta7B 405000000 406000000 0.0199500
ta7B 406000000 407000000 0.0183030
ta7B 407000000 408000000 0.0148480
ta7B 408000000 409000000 0.0281330
ta7B 409000000 410000000 0.0202400
ta7B 410000000 411000000 0.0197080
ta7B 411000000 412000000 0.0260440
ta7B 412000000 413000000 0.0239880
ta7B 413000000 414000000 0.0249730
ta7B 414000000 415000000 0.0315730
ta7B 415000000 416000000 0.0311260
ta7B 416000000 417000000 0.0256770
ta7B 417000000 418000000 0.0278060
ta7B 418000000 419000000 0.0200540
ta7B 419000000 420000000 0.0263250
ta7B 420000000 421000000 0.0246140
ta7B 421000000 422000000 0.0263790
ta7B 422000000 423000000 0.0547310
ta7B 423000000 424000000 0.0238360
ta7B 424000000 425000000 0.0307740
ta7B 425000000 426000000 0.0243150
ta7B 426000000 427000000 0.0296220
ta7B 427000000 428000000 0.0326850
ta7B 428000000 429000000 0.0255110
ta7B 429000000 430000000 0.0189320
ta7B 430000000 431000000 0.0267060
ta7B 431000000 432000000 0.0256680
ta7B 432000000 433000000 0.0207620
ta7B 433000000 434000000 0.0195250
ta7B 434000000 435000000 0.0262650
ta7B 435000000 436000000 0.0267860
ta7B 436000000 437000000 0.0428430
ta7B 437000000 438000000 0.0195720
ta7B 438000000 439000000 0.0247900
ta7B 439000000 440000000 0.0213210
ta7B 440000000 441000000 0.0252730
ta7B 441000000 442000000 0.0213270
ta7B 442000000 443000000 0.0294830
ta7B 443000000 444000000 0.0285850
ta7B 444000000 445000000 0.1777220
ta7B 445000000 446000000 0.0338970
ta7B 446000000 447000000 0.0280560
ta7B 447000000 448000000 0.0244090
ta7B 448000000 449000000 0.0235900
ta7B 449000000 450000000 0.0252570
ta7B 450000000 451000000 0.0300090
ta7B 451000000 452000000 0.0224110
ta7B 452000000 453000000 0.0242950
ta7B 453000000 454000000 0.0263940
ta7B 454000000 455000000 0.0228650
ta7B 455000000 456000000 0.0217170
ta7B 456000000 457000000 0.0247410
ta7B 457000000 458000000 0.0335990
ta7B 458000000 459000000 0.0202740
ta7B 459000000 460000000 0.0191260
ta7B 460000000 461000000 0.0274070
ta7B 461000000 462000000 0.0348240
ta7B 462000000 463000000 0.0239630
ta7B 463000000 464000000 0.0149600
ta7B 464000000 465000000 0.0338030
ta7B 465000000 466000000 0.0244190
ta7B 466000000 467000000 0.0195300
ta7B 467000000 468000000 0.0279380
ta7B 468000000 469000000 0.0325650
ta7B 469000000 470000000 0.0200170
ta7B 470000000 471000000 0.0229700
ta7B 471000000 472000000 0.0295140
ta7B 472000000 473000000 0.0275310
ta7B 473000000 474000000 0.0280690
ta7B 474000000 475000000 0.0186940
ta7B 475000000 476000000 0.2177550
ta7B 476000000 477000000 0.0252930
ta7B 477000000 478000000 0.0249150
ta7B 478000000 479000000 0.0257030
ta7B 479000000 480000000 0.0374640
ta7B 480000000 481000000 0.0364340
ta7B 481000000 482000000 0.0252010
ta7B 482000000 483000000 0.0247100
ta7B 483000000 484000000 0.0259000
ta7B 484000000 485000000 0.0316990
ta7B 485000000 486000000 0.0298460
ta7B 486000000 487000000 0.0322440
ta7B 487000000 488000000 0.0253870
ta7B 488000000 489000000 0.0255810
ta7B 489000000 490000000 0.0275250
ta7B 490000000 491000000 0.0263240
ta7B 491000000 492000000 0.0294520
ta7B 492000000 493000000 0.0193360
ta7B 493000000 494000000 0.0193580
ta7B 494000000 495000000 0.0243610
ta7B 495000000 496000000 0.0287700
ta7B 496000000 497000000 0.0217640
ta7B 497000000 498000000 0.0212200
ta7B 498000000 499000000 0.0270170
ta7B 499000000 500000000 0.0247720
ta7B 500000000 501000000 0.0247040
ta7B 501000000 502000000 0.0239920
ta7B 502000000 503000000 0.0361340
ta7B 503000000 504000000 0.0240460
ta7B 504000000 505000000 0.0323180
ta7B 505000000 506000000 0.0283320
ta7B 506000000 507000000 0.0325500
ta7B 507000000 508000000 0.0302450
ta7B 508000000 509000000 0.0248240
ta7B 509000000 510000000 0.0266030
ta7B 510000000 511000000 0.0299200
ta7B 511000000 512000000 0.0192110
ta7B 512000000 513000000 0.0250430
ta7B 513000000 514000000 0.0201250
ta7B 514000000 515000000 0.0240290
ta7B 515000000 516000000 0.0327500
ta7B 516000000 517000000 0.0256490
ta7B 517000000 518000000 0.0198060
ta7B 518000000 519000000 0.0295730
ta7B 519000000 520000000 0.0170870
ta7B 520000000 521000000 0.0173350
ta7B 521000000 522000000 0.0238900
ta7B 522000000 523000000 0.0169890
ta7B 523000000 524000000 0.0209600
ta7B 524000000 525000000 0.0199970
ta7B 525000000 526000000 0.0261740
ta7B 526000000 527000000 0.0181210
ta7B 527000000 528000000 0.0232850
ta7B 528000000 529000000 0.0171770
ta7B 529000000 530000000 0.0260840
ta7B 530000000 531000000 0.0238980
ta7B 531000000 532000000 0.2570850
ta7B 532000000 533000000 0.0213900
ta7B 533000000 534000000 0.0210210
ta7B 534000000 535000000 0.7151350
ta7B 535000000 536000000 0.3132470
ta7B 536000000 537000000 0.0349740
ta7B 537000000 538000000 0.0249500
ta7B 538000000 539000000 0.0367750
ta7B 539000000 540000000 0.0228550
ta7B 540000000 541000000 0.0227680
ta7B 541000000 542000000 0.0420710
ta7B 542000000 543000000 0.0194810
ta7B 543000000 544000000 0.0297050
ta7B 544000000 545000000 0.0172220
ta7B 545000000 546000000 0.0295230
ta7B 546000000 547000000 0.0303370
ta7B 547000000 548000000 0.0264340
ta7B 548000000 549000000 0.0212840
ta7B 549000000 550000000 0.0359160
ta7B 550000000 551000000 0.0215230
ta7B 551000000 552000000 0.0233480
ta7B 552000000 553000000 0.0316110
ta7B 553000000 554000000 0.1250270
ta7B 554000000 555000000 0.0303960
ta7B 555000000 556000000 0.0257790
ta7B 556000000 557000000 0.0244410
ta7B 557000000 558000000 0.0328370
ta7B 558000000 559000000 0.0336030
ta7B 559000000 560000000 0.0266370
ta7B 560000000 561000000 0.0249170
ta7B 561000000 562000000 0.0353470
ta7B 562000000 563000000 0.0252420
ta7B 563000000 564000000 0.0299490
ta7B 564000000 565000000 0.0314660
ta7B 565000000 566000000 0.0256250
ta7B 566000000 567000000 0.0295870
ta7B 567000000 568000000 0.0293850
ta7B 568000000 569000000 0.0228480
ta7B 569000000 570000000 0.0246860
ta7B 570000000 571000000 0.0297930
ta7B 571000000 572000000 0.0288690
ta7B 572000000 573000000 0.0246140
ta7B 573000000 574000000 0.0928550
ta7B 574000000 575000000 0.0251120
ta7B 575000000 576000000 0.0184810
ta7B 576000000 577000000 0.0809470
ta7B 577000000 578000000 0.4557510
ta7B 578000000 579000000 0.0214720
ta7B 579000000 580000000 0.0251030
ta7B 580000000 581000000 0.0234080
ta7B 581000000 582000000 0.0279050
ta7B 582000000 583000000 0.0357450
ta7B 583000000 584000000 0.0223190
ta7B 584000000 585000000 0.0385170
ta7B 585000000 586000000 0.0291570
ta7B 586000000 587000000 0.0277160
ta7B 587000000 588000000 0.0227530
ta7B 588000000 589000000 0.0227490
ta7B 589000000 590000000 0.0283160
ta7B 590000000 591000000 0.0234200
ta7B 591000000 592000000 0.0289120
ta7B 592000000 593000000 0.0323840
ta7B 593000000 594000000 0.0442540
ta7B 594000000 595000000 0.0338490
ta7B 595000000 596000000 0.0218910
ta7B 596000000 597000000 0.0170740
ta7B 597000000 598000000 0.0280970
ta7B 598000000 599000000 0.0242620
ta7B 599000000 600000000 0.0298480
ta7B 600000000 601000000 0.0380360
ta7B 601000000 602000000 0.0374190
ta7B 602000000 603000000 0.0299080
ta7B 603000000 604000000 0.0316900
ta7B 604000000 605000000 0.0205860
ta7B 605000000 606000000 0.0348910
ta7B 606000000 607000000 0.0299310
ta7B 607000000 608000000 0.0495170
ta7B 608000000 609000000 0.0217240
ta7B 609000000 610000000 0.0917950
ta7B 610000000 611000000 0.0304420
ta7B 611000000 612000000 0.0301930
ta7B 612000000 613000000 0.0366130
ta7B 613000000 614000000 0.0370700
ta7B 614000000 615000000 0.0325400
ta7B 615000000 616000000 0.0361440
ta7B 616000000 617000000 0.0252390
ta7B 617000000 618000000 0.0358390
ta7B 618000000 619000000 0.0274840
ta7B 619000000 620000000 0.0356400
ta7B 620000000 621000000 0.0361500
ta7B 621000000 622000000 0.0361170
ta7B 622000000 623000000 0.0338210
ta7B 623000000 624000000 0.0400050
ta7B 624000000 625000000 0.0420510
ta7B 625000000 626000000 0.0385010
ta7B 626000000 627000000 0.0216630
ta7B 627000000 628000000 0.0299710
ta7B 628000000 629000000 0.0375570
ta7B 629000000 630000000 0.0397390
ta7B 630000000 631000000 0.0286360
ta7B 631000000 632000000 0.0514530
ta7B 632000000 633000000 0.0358650
ta7B 633000000 634000000 0.0225960
ta7B 634000000 635000000 0.0260620
ta7B 635000000 636000000 0.0246520
ta7B 636000000 637000000 0.0228020
ta7B 637000000 638000000 0.0311280
ta7B 638000000 639000000 0.0260760
ta7B 639000000 640000000 0.0396090
ta7B 640000000 641000000 0.0325030
ta7B 641000000 642000000 0.0318820
ta7B 642000000 643000000 0.0353350
ta7B 643000000 644000000 0.0438330
ta7B 644000000 645000000 0.0397930
ta7B 645000000 646000000 0.0334740
ta7B 646000000 647000000 0.0440800
ta7B 647000000 648000000 0.0475160
ta7B 648000000 649000000 0.0335550
ta7B 649000000 650000000 0.0437790
ta7B 650000000 651000000 0.0387620
ta7B 651000000 652000000 0.0328950
ta7B 652000000 653000000 0.0458740
ta7B 653000000 654000000 0.0363200
ta7B 654000000 655000000 0.0330050
ta7B 655000000 656000000 0.0325290
ta7B 656000000 657000000 0.0337080
ta7B 657000000 658000000 0.0345300
ta7B 658000000 659000000 0.0390550
ta7B 659000000 660000000 0.0400390
ta7B 660000000 661000000 0.0335500
ta7B 661000000 662000000 0.0401870
ta7B 662000000 663000000 0.0387950
ta7B 663000000 664000000 0.0355870
ta7B 664000000 665000000 0.1106600
ta7B 665000000 666000000 0.0211980
ta7B 666000000 667000000 0.0337600
ta7B 667000000 668000000 0.0337180
ta7B 668000000 669000000 0.0318580
ta7B 669000000 670000000 0.0355870
ta7B 670000000 671000000 0.0275710
ta7B 671000000 672000000 0.0204630
ta7B 672000000 673000000 0.0388710
ta7B 673000000 674000000 0.0395570
ta7B 674000000 675000000 0.0370490
ta7B 675000000 676000000 0.0352000
ta7B 676000000 677000000 0.0509880
ta7B 677000000 678000000 0.2611450
ta7B 678000000 679000000 0.0337120
ta7B 679000000 680000000 0.0348920
ta7B 680000000 681000000 0.0392700
ta7B 681000000 682000000 0.0318670
ta7B 682000000 683000000 0.0402650
ta7B 683000000 684000000 0.0363970
ta7B 684000000 685000000 0.0372210
ta7B 685000000 686000000 0.0336530
ta7B 686000000 687000000 0.0371750
ta7B 687000000 688000000 0.0429870
ta7B 688000000 689000000 0.0462230
ta7B 689000000 690000000 0.0359240
ta7B 690000000 691000000 0.0518160
ta7B 691000000 692000000 0.0497060
ta7B 692000000 693000000 0.0286930
ta7B 693000000 694000000 0.0416550
ta7B 694000000 695000000 0.0320600
ta7B 695000000 696000000 0.0334640
ta7B 696000000 697000000 0.2485480
ta7B 697000000 698000000 0.0393750
ta7B 698000000 699000000 0.0314870
ta7B 699000000 700000000 0.0400870
ta7B 700000000 701000000 0.0300270
ta7B 701000000 702000000 0.0310360
ta7B 702000000 703000000 0.0535670
ta7B 703000000 704000000 0.0316840
ta7B 704000000 705000000 0.0398240
ta7B 705000000 706000000 0.0321580
ta7B 706000000 707000000 0.0360760
ta7B 707000000 708000000 0.1473380
ta7B 708000000 709000000 0.1137680
ta7B 709000000 710000000 0.0340180
ta7B 710000000 711000000 0.0343130
ta7B 711000000 712000000 0.0386350
ta7B 712000000 713000000 0.0288870
ta7B 713000000 714000000 0.0378580
ta7B 714000000 715000000 0.0411340
ta7B 715000000 716000000 0.0404570
ta7B 716000000 717000000 0.0357280
ta7B 717000000 718000000 0.0361930
ta7B 718000000 719000000 0.0457390
ta7B 719000000 720000000 0.0444220
ta7B 720000000 721000000 0.0382760
ta7B 721000000 722000000 0.0390620
ta7B 722000000 723000000 0.0365230
ta7B 723000000 724000000 0.0340370
ta7B 724000000 725000000 0.0332350
ta7B 725000000 726000000 0.0316740
ta7B 726000000 727000000 0.0338280
ta7B 727000000 728000000 0.0642490
ta7B 728000000 729000000 0.0440320
ta7B 729000000 730000000 0.0366020
ta7B 730000000 731000000 0.0416260
ta7B 731000000 732000000 0.0492920
ta7B 732000000 733000000 0.0762210
ta7B 733000000 734000000 0.0475360
ta7B 734000000 735000000 0.0269390
ta7B 735000000 736000000 0.0511660
ta7B 736000000 737000000 0.0349850
ta7B 737000000 738000000 0.0279840
ta7B 738000000 739000000 0.0441180
ta7B 739000000 740000000 0.0402410
ta7B 740000000 741000000 0.0595500
ta7B 741000000 742000000 0.0373140
ta7B 742000000 743000000 0.0332620
ta7B 743000000 744000000 0.0365470
ta7B 744000000 745000000 0.0370490
ta7B 745000000 746000000 0.0178380
ta7B 746000000 747000000 0.0349590
ta7B 747000000 748000000 0.0338660
ta7B 748000000 749000000 0.0301240
ta7B 749000000 750000000 0.0327620
ta7B 750000000 751000000 0.0386300
ta7B 751000000 752000000 0.0367890
ta7B 752000000 753000000 0.0382830
ta7B 753000000 754000000 0.0343600
ta7B 754000000 755000000 0.0255750
ta7B 755000000 756000000 0.0633170
ta7B 756000000 757000000 0.0196830
ta7B 757000000 758000000 0.0267640
ta7B 758000000 759000000 0.0327990
ta7B 759000000 760000000 0.0746830
ta7B 760000000 761000000 0.0299650
ta7B 761000000 762000000 0.1393280
ta7B 762000000 763000000 0.0424830
ta7B 763000000 764000000 0.0316070
ta7B 764000000 765000000 0.0401780
ta7B 765000000 765635790 0.0442898
ta7D 0 1000000 0.0491970
ta7D 1000000 2000000 0.0343760
ta7D 2000000 3000000 0.0432080
ta7D 3000000 4000000 0.0311080
ta7D 4000000 5000000 0.0352280
ta7D 5000000 6000000 0.0401080
ta7D 6000000 7000000 0.2218050
ta7D 7000000 8000000 0.0492930
ta7D 8000000 9000000 0.0413920
ta7D 9000000 10000000 0.0401340
ta7D 10000000 11000000 0.0582930
ta7D 11000000 12000000 0.0321100
ta7D 12000000 13000000 0.0323740
ta7D 13000000 14000000 0.0376050
ta7D 14000000 15000000 0.1282400
ta7D 15000000 16000000 0.0857310
ta7D 16000000 17000000 0.0364680
ta7D 17000000 18000000 0.0441330
ta7D 18000000 19000000 0.2192940
ta7D 19000000 20000000 0.4307500
ta7D 20000000 21000000 0.0327110
ta7D 21000000 22000000 0.0248100
ta7D 22000000 23000000 0.0421910
ta7D 23000000 24000000 0.5975670
ta7D 24000000 25000000 0.2930100
ta7D 25000000 26000000 0.0493400
ta7D 26000000 27000000 0.2929290
ta7D 27000000 28000000 0.1852490
ta7D 28000000 29000000 0.0806670
ta7D 29000000 30000000 0.0482200
ta7D 30000000 31000000 0.0391250
ta7D 31000000 32000000 0.0360160
ta7D 32000000 33000000 0.0384540
ta7D 33000000 34000000 0.0398780
ta7D 34000000 35000000 0.0397820
ta7D 35000000 36000000 0.0321950
ta7D 36000000 37000000 0.2465330
ta7D 37000000 38000000 0.0413100
ta7D 38000000 39000000 0.0451000
ta7D 39000000 40000000 0.0419090
ta7D 40000000 41000000 0.2730060
ta7D 41000000 42000000 0.0860520
ta7D 42000000 43000000 0.5440840
ta7D 43000000 44000000 0.0403290
ta7D 44000000 45000000 0.0519520
ta7D 45000000 46000000 0.0538470
ta7D 46000000 47000000 0.0455810
ta7D 47000000 48000000 0.0473690
ta7D 48000000 49000000 0.0398620
ta7D 49000000 50000000 0.0414430
ta7D 50000000 51000000 0.0463740
ta7D 51000000 52000000 0.0468870
ta7D 52000000 53000000 0.0578600
ta7D 53000000 54000000 0.0424640
ta7D 54000000 55000000 0.0345550
ta7D 55000000 56000000 0.2427370
ta7D 56000000 57000000 0.0307250
ta7D 57000000 58000000 0.0332610
ta7D 58000000 59000000 0.0449740
ta7D 59000000 60000000 0.0394300
ta7D 60000000 61000000 0.0407660
ta7D 61000000 62000000 0.0391810
ta7D 62000000 63000000 0.1680780
ta7D 63000000 64000000 0.2001200
ta7D 64000000 65000000 0.0417380
ta7D 65000000 66000000 0.0390310
ta7D 66000000 67000000 0.0299260
ta7D 67000000 68000000 0.0503470
ta7D 68000000 69000000 0.0577380
ta7D 69000000 70000000 0.0305920
ta7D 70000000 71000000 0.0468370
ta7D 71000000 72000000 0.0419180
ta7D 72000000 73000000 0.0475760
ta7D 73000000 74000000 0.0663060
ta7D 74000000 75000000 0.0271900
ta7D 75000000 76000000 0.0476860
ta7D 76000000 77000000 0.0589110
ta7D 77000000 78000000 0.4153980
ta7D 78000000 79000000 0.0305790
ta7D 79000000 80000000 0.0420690
ta7D 80000000 81000000 0.0822690
ta7D 81000000 82000000 0.0343330
ta7D 82000000 83000000 0.0274000
ta7D 83000000 84000000 0.0322760
ta7D 84000000 85000000 0.0360000
ta7D 85000000 86000000 0.0765210
ta7D 86000000 87000000 0.0412070
ta7D 87000000 88000000 0.0327030
ta7D 88000000 89000000 0.0224570
ta7D 89000000 90000000 0.0240510
ta7D 90000000 91000000 0.0458770
ta7D 91000000 92000000 0.0381200
ta7D 92000000 93000000 0.0511110
ta7D 93000000 94000000 0.0319310
ta7D 94000000 95000000 0.0338110
ta7D 95000000 96000000 0.0264600
ta7D 96000000 97000000 0.0284830
ta7D 97000000 98000000 0.0470330
ta7D 98000000 99000000 0.0447140
ta7D 99000000 100000000 0.0351330
ta7D 100000000 101000000 0.0434700
ta7D 101000000 102000000 0.0295410
ta7D 102000000 103000000 0.0394250
ta7D 103000000 104000000 0.0400840
ta7D 104000000 105000000 0.0366920
ta7D 105000000 106000000 0.4292570
ta7D 106000000 107000000 0.2727240
ta7D 107000000 108000000 0.0382460
ta7D 108000000 109000000 0.0270250
ta7D 109000000 110000000 0.0404160
ta7D 110000000 111000000 0.0352670
ta7D 111000000 112000000 0.0477960
ta7D 112000000 113000000 0.0465770
ta7D 113000000 114000000 0.0818750
ta7D 114000000 115000000 0.4744280
ta7D 115000000 116000000 0.0492140
ta7D 116000000 117000000 0.0454810
ta7D 117000000 118000000 0.0343300
ta7D 118000000 119000000 0.0607320
ta7D 119000000 120000000 0.0422460
ta7D 120000000 121000000 0.0343840
ta7D 121000000 122000000 0.0397010
ta7D 122000000 123000000 0.0404960
ta7D 123000000 124000000 0.0382480
ta7D 124000000 125000000 0.6815340
ta7D 125000000 126000000 0.4652830
ta7D 126000000 127000000 0.0472570
ta7D 127000000 128000000 0.0314000
ta7D 128000000 129000000 0.0306820
ta7D 129000000 130000000 0.0389980
ta7D 130000000 131000000 0.0316320
ta7D 131000000 132000000 0.0328030
ta7D 132000000 133000000 0.0273850
ta7D 133000000 134000000 0.0313420
ta7D 134000000 135000000 0.0262770
ta7D 135000000 136000000 0.0362560
ta7D 136000000 137000000 0.0288420
ta7D 137000000 138000000 0.0262800
ta7D 138000000 139000000 0.0183900
ta7D 139000000 140000000 0.0258520
ta7D 140000000 141000000 0.0351300
ta7D 141000000 142000000 0.0221190
ta7D 142000000 143000000 0.0299590
ta7D 143000000 144000000 0.0385860
ta7D 144000000 145000000 0.0395490
ta7D 145000000 146000000 0.0292690
ta7D 146000000 147000000 0.0233510
ta7D 147000000 148000000 0.0350020
ta7D 148000000 149000000 0.0329460
ta7D 149000000 150000000 0.0311200
ta7D 150000000 151000000 0.2525690
ta7D 151000000 152000000 0.0336470
ta7D 152000000 153000000 0.0335990
ta7D 153000000 154000000 0.0335390
ta7D 154000000 155000000 0.0253360
ta7D 155000000 156000000 0.0309240
ta7D 156000000 157000000 0.0631240
ta7D 157000000 158000000 0.0783340
ta7D 158000000 159000000 0.0303940
ta7D 159000000 160000000 0.0320620
ta7D 160000000 161000000 0.0297180
ta7D 161000000 162000000 0.0278670
ta7D 162000000 163000000 0.0273390
ta7D 163000000 164000000 0.0401870
ta7D 164000000 165000000 0.0249830
ta7D 165000000 166000000 0.0243770
ta7D 166000000 167000000 0.0324830
ta7D 167000000 168000000 0.0211140
ta7D 168000000 169000000 0.0329950
ta7D 169000000 170000000 0.0315320
ta7D 170000000 171000000 0.0293760
ta7D 171000000 172000000 0.0302540
ta7D 172000000 173000000 0.0315860
ta7D 173000000 174000000 0.0275160
ta7D 174000000 175000000 0.0212130
ta7D 175000000 176000000 0.0387020
ta7D 176000000 177000000 0.0239190
ta7D 177000000 178000000 0.0236270
ta7D 178000000 179000000 0.0267370
ta7D 179000000 180000000 0.0337400
ta7D 180000000 181000000 0.0339890
ta7D 181000000 182000000 0.0344480
ta7D 182000000 183000000 0.0295980
ta7D 183000000 184000000 0.0259990
ta7D 184000000 185000000 0.0267920
ta7D 185000000 186000000 0.0465240
ta7D 186000000 187000000 0.0341920
ta7D 187000000 188000000 0.0261600
ta7D 188000000 189000000 0.0381770
ta7D 189000000 190000000 0.0292920
ta7D 190000000 191000000 0.0326240
ta7D 191000000 192000000 0.0346220
ta7D 192000000 193000000 0.0376260
ta7D 193000000 194000000 0.0343230
ta7D 194000000 195000000 0.0311650
ta7D 195000000 196000000 0.0328150
ta7D 196000000 197000000 0.0280900
ta7D 197000000 198000000 0.0289290
ta7D 198000000 199000000 0.0308000
ta7D 199000000 200000000 0.0272400
ta7D 200000000 201000000 0.0256250
ta7D 201000000 202000000 0.0270110
ta7D 202000000 203000000 0.0255090
ta7D 203000000 204000000 0.0337180
ta7D 204000000 205000000 0.0296690
ta7D 205000000 206000000 0.0277420
ta7D 206000000 207000000 0.0207960
ta7D 207000000 208000000 0.0230720
ta7D 208000000 209000000 0.0292830
ta7D 209000000 210000000 0.0279670
ta7D 210000000 211000000 0.0265320
ta7D 211000000 212000000 0.0252830
ta7D 212000000 213000000 0.0177390
ta7D 213000000 214000000 0.0209780
ta7D 214000000 215000000 0.0289190
ta7D 215000000 216000000 0.0316760
ta7D 216000000 217000000 0.0361370
ta7D 217000000 218000000 0.0320580
ta7D 218000000 219000000 0.0246050
ta7D 219000000 220000000 0.0251560
ta7D 220000000 221000000 0.0234940
ta7D 221000000 222000000 0.0254280
ta7D 222000000 223000000 0.0255130
ta7D 223000000 224000000 0.0302860
ta7D 224000000 225000000 0.0302950
ta7D 225000000 226000000 0.0251800
ta7D 226000000 227000000 0.0269440
ta7D 227000000 228000000 0.0342300
ta7D 228000000 229000000 0.0293830
ta7D 229000000 230000000 0.0287030
ta7D 230000000 231000000 0.0292430
ta7D 231000000 232000000 0.0277790
ta7D 232000000 233000000 0.0307110
ta7D 233000000 234000000 0.1172340
ta7D 234000000 235000000 0.0266750
ta7D 235000000 236000000 0.0179070
ta7D 236000000 237000000 0.0327960
ta7D 237000000 238000000 0.0294400
ta7D 238000000 239000000 0.0303510
ta7D 239000000 240000000 0.0284160
ta7D 240000000 241000000 0.0278250
ta7D 241000000 242000000 0.0285920
ta7D 242000000 243000000 0.0320170
ta7D 243000000 244000000 0.0354240
ta7D 244000000 245000000 0.0269320
ta7D 245000000 246000000 0.0258650
ta7D 246000000 247000000 0.0277500
ta7D 247000000 248000000 0.0317900
ta7D 248000000 249000000 0.0317510
ta7D 249000000 250000000 0.0292940
ta7D 250000000 251000000 0.0273060
ta7D 251000000 252000000 0.0286700
ta7D 252000000 253000000 0.0240940
ta7D 253000000 254000000 0.0270100
ta7D 254000000 255000000 0.0189870
ta7D 255000000 256000000 0.0227050
ta7D 256000000 257000000 0.0289030
ta7D 257000000 258000000 0.0174100
ta7D 258000000 259000000 0.0235910
ta7D 259000000 260000000 0.0321250
ta7D 260000000 261000000 0.0233530
ta7D 261000000 262000000 0.0158190
ta7D 262000000 263000000 0.0294390
ta7D 263000000 264000000 0.0201950
ta7D 264000000 265000000 0.0265680
ta7D 265000000 266000000 0.0322310
ta7D 266000000 267000000 0.0217330
ta7D 267000000 268000000 0.0288850
ta7D 268000000 269000000 0.0278480
ta7D 269000000 270000000 0.0202020
ta7D 270000000 271000000 0.0227590
ta7D 271000000 272000000 0.0261060
ta7D 272000000 273000000 0.0242660
ta7D 273000000 274000000 0.0259090
ta7D 274000000 275000000 0.0260100
ta7D 275000000 276000000 0.0278650
ta7D 276000000 277000000 0.0233950
ta7D 277000000 278000000 0.0257930
ta7D 278000000 279000000 0.0296500
ta7D 279000000 280000000 0.0254430
ta7D 280000000 281000000 0.0254080
ta7D 281000000 282000000 0.0229490
ta7D 282000000 283000000 0.0410270
ta7D 283000000 284000000 0.0302370
ta7D 284000000 285000000 0.0200990
ta7D 285000000 286000000 0.0250880
ta7D 286000000 287000000 0.0352980
ta7D 287000000 288000000 0.0213830
ta7D 288000000 289000000 0.0253280
ta7D 289000000 290000000 0.0226980
ta7D 290000000 291000000 0.0182530
ta7D 291000000 292000000 0.0237980
ta7D 292000000 293000000 0.0231040
ta7D 293000000 294000000 0.0231100
ta7D 294000000 295000000 0.0205910
ta7D 295000000 296000000 0.0290830
ta7D 296000000 297000000 0.0201770
ta7D 297000000 298000000 0.0230540
ta7D 298000000 299000000 0.0221560
ta7D 299000000 300000000 0.0257530
ta7D 300000000 301000000 0.0297700
ta7D 301000000 302000000 0.0229840
ta7D 302000000 303000000 0.0272350
ta7D 303000000 304000000 0.0326890
ta7D 304000000 305000000 0.0273210
ta7D 305000000 306000000 0.0343280
ta7D 306000000 307000000 0.0318780
ta7D 307000000 308000000 0.0185730
ta7D 308000000 309000000 0.0212770
ta7D 309000000 310000000 0.0216860
ta7D 310000000 311000000 0.0270730
ta7D 311000000 312000000 0.0174340
ta7D 312000000 313000000 0.0175510
ta7D 313000000 314000000 0.0296000
ta7D 314000000 315000000 0.0243470
ta7D 315000000 316000000 0.0278520
ta7D 316000000 317000000 0.0213160
ta7D 317000000 318000000 0.0177720
ta7D 318000000 319000000 0.0306460
ta7D 319000000 320000000 0.0200330
ta7D 320000000 321000000 0.0205700
ta7D 321000000 322000000 0.0234850
ta7D 322000000 323000000 0.0167780
ta7D 323000000 324000000 0.0154520
ta7D 324000000 325000000 0.0256490
ta7D 325000000 326000000 0.0312620
ta7D 326000000 327000000 0.0208300
ta7D 327000000 328000000 0.0303420
ta7D 328000000 329000000 0.0172900
ta7D 329000000 330000000 0.0342560
ta7D 330000000 331000000 0.0243080
ta7D 331000000 332000000 0.0429440
ta7D 332000000 333000000 0.0190320
ta7D 333000000 334000000 0.0265900
ta7D 334000000 335000000 0.0262930
ta7D 335000000 336000000 0.0229030
ta7D 336000000 337000000 0.0205470
ta7D 337000000 338000000 0.0209980
ta7D 338000000 339000000 0.0292550
ta7D 339000000 340000000 0.0228100
ta7D 340000000 341000000 0.0187290
ta7D 341000000 342000000 0.0274960
ta7D 342000000 343000000 0.0225460
ta7D 343000000 344000000 0.0208390
ta7D 344000000 345000000 0.0234360
ta7D 345000000 346000000 0.0239340
ta7D 346000000 347000000 0.0313850
ta7D 347000000 348000000 0.0229650
ta7D 348000000 349000000 0.0430630
ta7D 349000000 350000000 0.0258040
ta7D 350000000 351000000 0.0213870
ta7D 351000000 352000000 0.0304060
ta7D 352000000 353000000 0.0234660
ta7D 353000000 354000000 0.0232170
ta7D 354000000 355000000 0.0219080
ta7D 355000000 356000000 0.1964780
ta7D 356000000 357000000 0.0268990
ta7D 357000000 358000000 0.0388910
ta7D 358000000 359000000 0.0125260
ta7D 359000000 360000000 0.0203930
ta7D 360000000 361000000 0.0243080
ta7D 361000000 362000000 0.0264190
ta7D 362000000 363000000 0.0304460
ta7D 363000000 364000000 0.0244370
ta7D 364000000 365000000 0.0268040
ta7D 365000000 366000000 0.0166240
ta7D 366000000 367000000 0.0266070
ta7D 367000000 368000000 0.0220520
ta7D 368000000 369000000 0.0213890
ta7D 369000000 370000000 0.0346380
ta7D 370000000 371000000 0.0286680
ta7D 371000000 372000000 0.0260500
ta7D 372000000 373000000 0.0240060
ta7D 373000000 374000000 0.0156670
ta7D 374000000 375000000 0.0356380
ta7D 375000000 376000000 0.0189180
ta7D 376000000 377000000 0.0232140
ta7D 377000000 378000000 0.0243770
ta7D 378000000 379000000 0.0315200
ta7D 379000000 380000000 0.0200160
ta7D 380000000 381000000 0.0218190
ta7D 381000000 382000000 0.0252370
ta7D 382000000 383000000 0.0303170
ta7D 383000000 384000000 0.0224390
ta7D 384000000 385000000 0.0284940
ta7D 385000000 386000000 0.0389030
ta7D 386000000 387000000 0.0240170
ta7D 387000000 388000000 0.0333380
ta7D 388000000 389000000 0.0189610
ta7D 389000000 390000000 0.0295270
ta7D 390000000 391000000 0.0194700
ta7D 391000000 392000000 0.0293770
ta7D 392000000 393000000 0.0192170
ta7D 393000000 394000000 0.0205660
ta7D 394000000 395000000 0.0233830
ta7D 395000000 396000000 0.0240330
ta7D 396000000 397000000 0.0241950
ta7D 397000000 398000000 0.0310320
ta7D 398000000 399000000 0.0208620
ta7D 399000000 400000000 0.0299950
ta7D 400000000 401000000 0.0253510
ta7D 401000000 402000000 0.0241670
ta7D 402000000 403000000 0.0375820
ta7D 403000000 404000000 0.0253300
ta7D 404000000 405000000 0.0227360
ta7D 405000000 406000000 0.0240420
ta7D 406000000 407000000 0.0436450
ta7D 407000000 408000000 0.3674460
ta7D 408000000 409000000 0.9716010
ta7D 409000000 410000000 0.6373350
ta7D 410000000 411000000 0.0300690
ta7D 411000000 412000000 0.0242840
ta7D 412000000 413000000 0.0203430
ta7D 413000000 414000000 0.0220350
ta7D 414000000 415000000 0.0230430
ta7D 415000000 416000000 0.0254240
ta7D 416000000 417000000 0.0271860
ta7D 417000000 418000000 0.0258180
ta7D 418000000 419000000 0.0308520
ta7D 419000000 420000000 0.0256170
ta7D 420000000 421000000 0.0230770
ta7D 421000000 422000000 0.0277990
ta7D 422000000 423000000 0.0295740
ta7D 423000000 424000000 0.0356150
ta7D 424000000 425000000 0.0265590
ta7D 425000000 426000000 0.0254020
ta7D 426000000 427000000 0.0285570
ta7D 427000000 428000000 0.0849810
ta7D 428000000 429000000 0.0264370
ta7D 429000000 430000000 0.0270870
ta7D 430000000 431000000 0.0277800
ta7D 431000000 432000000 0.0220630
ta7D 432000000 433000000 0.0311770
ta7D 433000000 434000000 0.0308670
ta7D 434000000 435000000 0.0247450
ta7D 435000000 436000000 0.0325510
ta7D 436000000 437000000 0.0254330
ta7D 437000000 438000000 0.0229870
ta7D 438000000 439000000 0.0262150
ta7D 439000000 440000000 0.0159100
ta7D 440000000 441000000 0.0284860
ta7D 441000000 442000000 0.0305270
ta7D 442000000 443000000 0.0257070
ta7D 443000000 444000000 0.0236550
ta7D 444000000 445000000 0.0213210
ta7D 445000000 446000000 0.0253410
ta7D 446000000 447000000 0.0341680
ta7D 447000000 448000000 0.0264110
ta7D 448000000 449000000 0.0279620
ta7D 449000000 450000000 0.0256500
ta7D 450000000 451000000 0.0194590
ta7D 451000000 452000000 0.0311310
ta7D 452000000 453000000 0.0255270
ta7D 453000000 454000000 0.0292160
ta7D 454000000 455000000 0.0257420
ta7D 455000000 456000000 0.0250060
ta7D 456000000 457000000 0.0260970
ta7D 457000000 458000000 0.0248700
ta7D 458000000 459000000 0.0325240
ta7D 459000000 460000000 0.0245100
ta7D 460000000 461000000 0.0243150
ta7D 461000000 462000000 0.0362270
ta7D 462000000 463000000 0.0320010
ta7D 463000000 464000000 0.0272700
ta7D 464000000 465000000 0.0457940
ta7D 465000000 466000000 0.0399290
ta7D 466000000 467000000 0.0415710
ta7D 467000000 468000000 0.0373260
ta7D 468000000 469000000 0.0267470
ta7D 469000000 470000000 0.0290380
ta7D 470000000 471000000 0.0293670
ta7D 471000000 472000000 0.0290800
ta7D 472000000 473000000 0.0306980
ta7D 473000000 474000000 0.0249750
ta7D 474000000 475000000 0.0244860
ta7D 475000000 476000000 0.0263530
ta7D 476000000 477000000 0.0225940
ta7D 477000000 478000000 0.0280350
ta7D 478000000 479000000 0.0299270
ta7D 479000000 480000000 0.0333000
ta7D 480000000 481000000 0.0243170
ta7D 481000000 482000000 0.0252700
ta7D 482000000 483000000 0.0256930
ta7D 483000000 484000000 0.0286920
ta7D 484000000 485000000 0.0205000
ta7D 485000000 486000000 0.0361920
ta7D 486000000 487000000 0.0291850
ta7D 487000000 488000000 0.0257820
ta7D 488000000 489000000 0.0254990
ta7D 489000000 490000000 0.0247110
ta7D 490000000 491000000 0.0229320
ta7D 491000000 492000000 0.0311160
ta7D 492000000 493000000 0.0275490
ta7D 493000000 494000000 0.0271590
ta7D 494000000 495000000 0.0311900
ta7D 495000000 496000000 0.0227730
ta7D 496000000 497000000 0.0325470
ta7D 497000000 498000000 0.0326110
ta7D 498000000 499000000 0.0185690
ta7D 499000000 500000000 0.0347720
ta7D 500000000 501000000 0.0284150
ta7D 501000000 502000000 0.0298930
ta7D 502000000 503000000 0.0336570
ta7D 503000000 504000000 0.0373510
ta7D 504000000 505000000 0.0351970
ta7D 505000000 506000000 0.0357260
ta7D 506000000 507000000 0.0257390
ta7D 507000000 508000000 0.0308560
ta7D 508000000 509000000 0.0287710
ta7D 509000000 510000000 0.0238990
ta7D 510000000 511000000 0.0293660
ta7D 511000000 512000000 0.0278360
ta7D 512000000 513000000 0.0574590
ta7D 513000000 514000000 0.0413650
ta7D 514000000 515000000 0.0668710
ta7D 515000000 516000000 0.0309090
ta7D 516000000 517000000 0.0222260
ta7D 517000000 518000000 0.0270300
ta7D 518000000 519000000 0.0274540
ta7D 519000000 520000000 0.0247790
ta7D 520000000 521000000 0.0280750
ta7D 521000000 522000000 0.0306160
ta7D 522000000 523000000 0.0606520
ta7D 523000000 524000000 0.0299880
ta7D 524000000 525000000 0.0266130
ta7D 525000000 526000000 0.1170580
ta7D 526000000 527000000 0.0229860
ta7D 527000000 528000000 0.0338490
ta7D 528000000 529000000 0.0296340
ta7D 529000000 530000000 0.0294230
ta7D 530000000 531000000 0.0376050
ta7D 531000000 532000000 0.0476860
ta7D 532000000 533000000 0.0376580
ta7D 533000000 534000000 0.1887890
ta7D 534000000 535000000 0.0416650
ta7D 535000000 536000000 0.0434820
ta7D 536000000 537000000 0.0244350
ta7D 537000000 538000000 0.0360010
ta7D 538000000 539000000 0.0337730
ta7D 539000000 540000000 0.0394300
ta7D 540000000 541000000 0.0361470
ta7D 541000000 542000000 0.0352070
ta7D 542000000 543000000 0.0352590
ta7D 543000000 544000000 0.0396410
ta7D 544000000 545000000 0.0305030
ta7D 545000000 546000000 0.0411920
ta7D 546000000 547000000 0.0375570
ta7D 547000000 548000000 0.1408550
ta7D 548000000 549000000 0.0276490
ta7D 549000000 550000000 0.0233540
ta7D 550000000 551000000 0.0233340
ta7D 551000000 552000000 0.0266910
ta7D 552000000 553000000 0.0371640
ta7D 553000000 554000000 0.0303070
ta7D 554000000 555000000 0.0398980
ta7D 555000000 556000000 0.0388670
ta7D 556000000 557000000 0.0333130
ta7D 557000000 558000000 0.0295190
ta7D 558000000 559000000 0.0254050
ta7D 559000000 560000000 0.0312230
ta7D 560000000 561000000 0.0351530
ta7D 561000000 562000000 0.0505380
ta7D 562000000 563000000 0.0420510
ta7D 563000000 564000000 0.0322560
ta7D 564000000 565000000 0.5554220
ta7D 565000000 566000000 0.1778790
ta7D 566000000 567000000 0.0468630
ta7D 567000000 568000000 0.0317150
ta7D 568000000 569000000 0.0262990
ta7D 569000000 570000000 0.1111960
ta7D 570000000 571000000 0.1187150
ta7D 571000000 572000000 0.0951880
ta7D 572000000 573000000 0.0270670
ta7D 573000000 574000000 0.0519320
ta7D 574000000 575000000 0.0495120
ta7D 575000000 576000000 0.0471740
ta7D 576000000 577000000 0.0657480
ta7D 577000000 578000000 0.0489090
ta7D 578000000 579000000 0.1799850
ta7D 579000000 580000000 0.0331270
ta7D 580000000 581000000 0.0384320
ta7D 581000000 582000000 0.0327470
ta7D 582000000 583000000 0.0339510
ta7D 583000000 584000000 0.0250490
ta7D 584000000 585000000 0.0407900
ta7D 585000000 586000000 0.0467270
ta7D 586000000 587000000 0.0339220
ta7D 587000000 588000000 0.0330810
ta7D 588000000 589000000 0.0414480
ta7D 589000000 590000000 0.0414500
ta7D 590000000 591000000 0.0308560
ta7D 591000000 592000000 0.0351720
ta7D 592000000 593000000 0.0392310
ta7D 593000000 594000000 0.1305010
ta7D 594000000 595000000 0.1218990
ta7D 595000000 596000000 0.2927960
ta7D 596000000 597000000 0.2684550
ta7D 597000000 598000000 0.0404590
ta7D 598000000 599000000 0.0272810
ta7D 599000000 600000000 0.0734530
ta7D 600000000 601000000 0.0438440
ta7D 601000000 602000000 0.0370560
ta7D 602000000 603000000 0.0598750
ta7D 603000000 604000000 0.0507270
ta7D 604000000 605000000 0.0375350
ta7D 605000000 606000000 0.0451360
ta7D 606000000 607000000 0.0522770
ta7D 607000000 608000000 0.0472340
ta7D 608000000 609000000 0.0318730
ta7D 609000000 610000000 0.0359960
ta7D 610000000 611000000 0.0668860
ta7D 611000000 612000000 0.3166730
ta7D 612000000 613000000 0.0345580
ta7D 613000000 614000000 0.0288910
ta7D 614000000 615000000 0.0357330
ta7D 615000000 616000000 0.0327700
ta7D 616000000 617000000 0.0393700
ta7D 617000000 618000000 0.1458650
ta7D 618000000 619000000 0.0443820
ta7D 619000000 620000000 0.0545940
ta7D 620000000 621000000 0.0228540
ta7D 621000000 622000000 0.0359210
ta7D 622000000 623000000 0.0503510
ta7D 623000000 624000000 0.0484130
ta7D 624000000 625000000 0.0403400
ta7D 625000000 626000000 0.0919180
ta7D 626000000 627000000 0.3720240
ta7D 627000000 628000000 0.0410120
ta7D 628000000 629000000 0.0405190
ta7D 629000000 630000000 0.1310500
ta7D 630000000 631000000 0.0465770
ta7D 631000000 632000000 0.0330840
ta7D 632000000 633000000 0.1234050
ta7D 633000000 634000000 0.0399090
ta7D 634000000 635000000 0.0381810
ta7D 635000000 636000000 0.0857940
ta7D 636000000 637000000 0.0550050
ta7D 637000000 638000000 0.0436070
ta7D 638000000 639000000 0.3112560
ta7D 639000000 640000000 0.0430070
ta7D 640000000 641000000 0.0580260
ta7D 641000000 642000000 0.0355140
ta7D 642000000 643000000 0.0353830
ta7D 643000000 644000000 0.0426570
ta7D 644000000 645000000 0.0389340
ta7D 645000000 646000000 0.0389610
ta7D 646000000 647000000 0.0510750
ta7D 647000000 648000000 0.0585750
ta7D 648000000 649000000 0.0665370
ta7D 649000000 650000000 0.6484000
ta7D 650000000 651000000 0.2114330
ta7D 651000000 652000000 0.0789140
ta7D 652000000 653000000 0.0490500
ta7D 653000000 653597169 0.0385770
