ta6B 239000000 240000000 94039
ta5A 299000000 300000000 57810
ta3D 574000000 575000000 36152
ta6A 481000000 482000000 64204
ta7B 679000000 680000000 61855
ta6A 458000000 459000000 43025
ta4B 477000000 478000000 57836
ta3A 256000000 257000000 40958
ta3A 35000000 36000000 64536
ta7D 122000000 123000000 60506
ta5B 636000000 637000000 70829
ta4A 696000000 697000000 26856
ta4A 415000000 416000000 40360
ta2B 434000000 435000000 59724
ta1A 213000000 214000000 84339
ta7B 71000000 72000000 26410
ta7A 502000000 503000000 71685
ta7B 48000000 49000000 57842
ta5D 360000000 361000000 74916
ta2A 653000000 654000000 59512
ta6B 378000000 379000000 80047
ta5D 337000000 338000000 40162
ta3B 176000000 177000000 47969
ta2D 135000000 136000000 45273
ta3D 575000000 576000000 58389
ta3A 395000000 396000000 38132
ta1B 133000000 134000000 68424
ta7B 422000000 423000000 54158
ta6A 201000000 202000000 67716
ta5D 1000000 2000000 40417
ta2B 573000000 574000000 64779
ta1A 352000000 353000000 106643
ta7A 641000000 642000000 82776
ta1A 329000000 330000000 69040
ta7D 123000000 124000000 40680
ta7A 618000000 619000000 35360
ta4A 416000000 417000000 86534
ta5D 55000000 56000000 46048
ta2D 274000000 275000000 94479
ta6B 121000000 122000000 53351
ta5A 181000000 182000000 72108
ta6B 10000000 11000000 15023
ta6B 379000000 380000000 106909
ta5A 158000000 159000000 97040
ta7B 561000000 562000000 38308
ta6A 340000000 341000000 72854
ta3B 88000000 89000000 85784
ta7B 538000000 539000000 39300
ta6A 598000000 599000000 40569
ta6A 317000000 318000000 66194
ta4B 336000000 337000000 92668
ta3A 115000000 116000000 55879
ta7D 262000000 263000000 62052
ta4A 555000000 556000000 56596
ta1A 353000000 354000000 89196
ta7D 239000000 240000000 42370
ta3B 733000000 734000000 44300
ta2A 512000000 513000000 66717
ta5D 477000000 478000000 37107
ta5A 297000000 298000000 81879
ta4A 95000000 96000000 83315
ta1D 95000000 96000000 53808
ta4B 475000000 476000000 74209
ta3D 434000000 435000000 54559
ta3A 254000000 255000000 70961
ta1B 273000000 274000000 59509
ta6A 341000000 342000000 48269
ta2B 50000000 51000000 32382
ta6A 318000000 319000000 61233
ta1A 492000000 493000000 52860
ta2B 432000000 433000000 85036
ta7A 500000000 501000000 87313
ta2B 27000000 28000000 48173
ta4D 176000000 177000000 77795
ta1A 469000000 470000000 56607
ta2B 409000000 410000000 41538
ta7B 46000000 47000000 62844
ta2D 133000000 134000000 62988
ta6B 261000000 262000000 60373
ta5A 715000000 716000000 64198
ta6B 238000000 239000000 84618
ta3D 573000000 574000000 49763
ta7B 420000000 421000000 67969
ta6A 480000000 481000000 78328
ta1B 389000000 390000000 72550
ta7B 678000000 679000000 17511
ta6A 457000000 458000000 79776
ta3A 255000000 256000000 30499
ta3A 34000000 35000000 43462
ta7D 121000000 122000000 44198
ta5B 635000000 636000000 52065
ta4A 695000000 696000000 31943
ta4A 414000000 415000000 65141
ta2B 433000000 434000000 36659
ta1A 212000000 213000000 51906
ta7B 70000000 71000000 39047
ta7D 379000000 380000000 37489
ta7A 199000000 200000000 73649
ta7B 47000000 48000000 45860
ta2A 652000000 653000000 53806
ta6B 377000000 378000000 65509
ta5D 336000000 337000000 61918
ta5A 156000000 157000000 56364
ta3B 175000000 176000000 38256
ta2A 629000000 630000000 55366
ta3B 86000000 87000000 34091
ta4B 334000000 335000000 32958
ta3A 394000000 395000000 73409
ta1B 132000000 133000000 67155
ta7B 421000000 422000000 70032
ta6A 200000000 201000000 79823
ta1B 109000000 110000000 55594
ta2B 572000000 573000000 50496
ta1A 351000000 352000000 57559
ta7A 640000000 641000000 53188
ta2B 549000000 550000000 63804
ta1A 328000000 329000000 53747
ta7A 617000000 618000000 50932
ta5D 54000000 55000000 33242
ta5D 475000000 476000000 81153
ta2D 273000000 274000000 95329
ta2A 768000000 769000000 61395
ta6B 120000000 121000000 79227
ta5A 180000000 181000000 86634
ta5A 157000000 158000000 75386
ta3D 432000000 433000000 90226
ta1B 271000000 272000000 51740
ta7B 560000000 561000000 40141
ta3B 87000000 88000000 58835
ta1B 248000000 249000000 83978
ta7B 537000000 538000000 52012
ta6A 597000000 598000000 42861
ta6A 316000000 317000000 57148
ta4B 335000000 336000000 91253
ta3A 114000000 115000000 31599
ta2B 688000000 689000000 105793
ta7D 261000000 262000000 83855
ta4A 554000000 555000000 72635
ta7D 238000000 239000000 63741
ta3B 732000000 733000000 55700
ta2A 511000000 512000000 71872
ta2D 389000000 390000000 59260
ta6B 236000000 237000000 51533
ta5D 476000000 477000000 61055
ta5A 296000000 297000000 41914
ta3B 709000000 710000000 43942
ta2A 769000000 770000000 65812
ta4A 94000000 95000000 65722
ta1D 94000000 95000000 53434
ta4B 474000000 475000000 55242
ta3D 433000000 434000000 50482
ta3A 253000000 254000000 89476
ta1B 272000000 273000000 70400
ta1B 249000000 250000000 56330
ta4A 693000000 694000000 42694
ta1A 210000000 211000000 68710
ta1A 491000000 492000000 74096
ta2B 431000000 432000000 66411
ta2B 26000000 27000000 50466
ta7D 377000000 378000000 84657
ta4D 175000000 176000000 74141
ta2B 689000000 690000000 68434
ta1A 468000000 469000000 90735
ta2B 408000000 409000000 36423
ta7B 45000000 46000000 43430
ta3B 848000000 849000000 21264
ta3B 173000000 174000000 59871
ta2D 132000000 133000000 63255
ta6B 260000000 261000000 63936
ta5A 714000000 715000000 70667
ta2D 109000000 110000000 44719
ta6B 237000000 238000000 64273
ta3D 572000000 573000000 56796
ta3D 549000000 550000000 48007
ta1B 388000000 389000000 60580
ta7B 677000000 678000000 38969
ta6A 456000000 457000000 66061
ta3A 33000000 34000000 32969
ta7D 120000000 121000000 80813
ta5B 634000000 635000000 51572
ta4A 694000000 695000000 5136
ta4A 413000000 414000000 45944
ta1A 211000000 212000000 50960
ta7D 378000000 379000000 58488
ta7A 198000000 199000000 83545
ta2D 271000000 272000000 67735
ta2A 651000000 652000000 20702
ta6B 376000000 377000000 89570
ta5D 335000000 336000000 68916
ta5A 155000000 156000000 74097
ta3B 849000000 850000000 58482
ta3B 174000000 175000000 59553
ta2A 628000000 629000000 66209
ta3B 85000000 86000000 90789
ta3A 9000000 10000000 39998
ta6A 595000000 596000000 39150
ta4B 333000000 334000000 90517
ta3A 393000000 394000000 70054
ta3A 112000000 113000000 63201
ta1B 131000000 132000000 60922
ta1B 108000000 109000000 62438
ta2B 571000000 572000000 59463
ta1A 350000000 351000000 75381
ta2B 548000000 549000000 31827
ta1A 327000000 328000000 57224
ta7A 616000000 617000000 48447
ta3B 730000000 731000000 56569
ta5D 53000000 54000000 70140
ta5D 474000000 475000000 78928
ta2D 272000000 273000000 77163
ta2A 767000000 768000000 68435
ta4A 92000000 93000000 29939
ta2D 249000000 250000000 48871
ta3D 431000000 432000000 75903
ta1B 270000000 271000000 60041
ta3D 408000000 409000000 62692
ta1B 247000000 248000000 69704
ta7B 536000000 537000000 73119
ta6A 596000000 597000000 53239
ta6A 315000000 316000000 74118
ta3A 113000000 114000000 42981
ta2B 24000000 25000000 54785
ta2B 687000000 688000000 32869
ta7D 260000000 261000000 74557
ta4A 553000000 554000000 81333
ta7D 237000000 238000000 66855
ta5A 712000000 713000000 43484
ta3B 731000000 732000000 74841
ta2A 510000000 511000000 50535
ta2D 388000000 389000000 66459
ta6B 235000000 236000000 51194
ta5A 295000000 296000000 41802
ta3B 708000000 709000000 43127
ta4A 93000000 94000000 63025
ta1D 93000000 94000000 74762
ta7B 675000000 676000000 24300
ta4B 473000000 474000000 62230
ta3A 252000000 253000000 73402
ta3D 409000000 410000000 36006
ta3A 229000000 230000000 59172
ta6D 89000000 90000000 72234
ta4A 692000000 693000000 23386
ta1A 490000000 491000000 61211
ta2B 430000000 431000000 54105
ta2B 25000000 26000000 34761
ta7D 376000000 377000000 67801
ta4D 174000000 175000000 46086
ta4A 669000000 670000000 17159
ta1A 467000000 468000000 93215
ta2B 407000000 408000000 60705
ta7B 44000000 45000000 36678
ta5D 333000000 334000000 83150
ta3B 847000000 848000000 30972
ta3B 172000000 173000000 55593
ta2D 131000000 132000000 51802
ta2A 626000000 627000000 20037
ta5A 713000000 714000000 81554
ta3B 149000000 150000000 56494
ta2D 108000000 109000000 69241
ta3D 571000000 572000000 52527
ta4B 589000000 590000000 46820
ta3D 548000000 549000000 75137
ta1B 387000000 388000000 81020
ta1B 106000000 107000000 70616
ta7B 676000000 677000000 36776
ta6A 455000000 456000000 60651
ta3A 32000000 33000000 67348
ta7A 614000000 615000000 56675
ta5B 633000000 634000000 42117
ta4A 412000000 413000000 54690
ta5D 51000000 52000000 54293
ta7A 197000000 198000000 74313
ta2D 270000000 271000000 70643
ta5D 28000000 29000000 60943
ta2A 650000000 651000000 76424
ta2D 247000000 248000000 59076
ta6B 375000000 376000000 55349
ta5D 334000000 335000000 78019
ta5A 154000000 155000000 61218
ta2A 627000000 628000000 54411
ta3B 84000000 85000000 50142
ta3A 8000000 9000000 46808
ta6A 594000000 595000000 42988
ta4B 332000000 333000000 62808
ta3A 392000000 393000000 53355
ta3A 111000000 112000000 68006
ta1B 130000000 131000000 40069
ta4B 309000000 310000000 64262
ta3A 369000000 370000000 57436
ta1B 107000000 108000000 32774
ta4A 551000000 552000000 42479
ta2B 570000000 571000000 64298
ta7D 235000000 236000000 73266
ta4A 528000000 529000000 70196
ta2B 547000000 548000000 25642
ta1A 326000000 327000000 69243
ta7A 615000000 616000000 57844
ta5D 52000000 53000000 62977
ta5D 473000000 474000000 30832
ta3B 706000000 707000000 49853
ta2A 766000000 767000000 54802
ta5D 29000000 30000000 40471
ta4A 91000000 92000000 67617
ta3B 289000000 290000000 78427
ta2D 248000000 249000000 33964
ta1D 91000000 92000000 58414
ta4A 68000000 69000000 68824
ta3D 430000000 431000000 48430
ta3D 407000000 408000000 51824
ta1B 246000000 247000000 59334
ta7B 535000000 536000000 38869
ta6A 314000000 315000000 89402
ta2B 23000000 24000000 19604
ta4D 172000000 173000000 56718
ta2B 686000000 687000000 32150
ta1A 465000000 466000000 78702
ta4A 552000000 553000000 53527
ta4D 149000000 150000000 53947
ta7D 236000000 237000000 69785
ta4A 529000000 530000000 24381
ta5A 711000000 712000000 37431
ta2D 387000000 388000000 44991
ta6B 234000000 235000000 86244
ta5A 294000000 295000000 62486
ta3B 707000000 708000000 71131
ta1D 92000000 93000000 26882
ta7B 674000000 675000000 46546
ta6A 453000000 454000000 67082
ta4B 472000000 473000000 26150
ta4A 69000000 70000000 79741
ta3A 251000000 252000000 41235
ta3A 30000000 31000000 41066
ta1D 69000000 70000000 62604
ta4B 449000000 450000000 38067
ta3A 228000000 229000000 58550
ta6D 88000000 89000000 56791
ta5B 631000000 632000000 51524
ta4A 691000000 692000000 50449
ta7D 375000000 376000000 75354
ta5B 608000000 609000000 41160
ta4D 173000000 174000000 36207
ta4A 668000000 669000000 50458
ta1A 466000000 467000000 56102
ta2B 406000000 407000000 69110
ta7B 43000000 44000000 82067
ta5D 332000000 333000000 42430
ta3B 846000000 847000000 25954
ta3B 171000000 172000000 66682
ta2D 130000000 131000000 64610
ta2A 625000000 626000000 35057
ta5D 309000000 310000000 35609
ta3B 148000000 149000000 60724
ta2D 107000000 108000000 57725
ta3D 570000000 571000000 26338
ta3A 390000000 391000000 46491
ta4B 588000000 589000000 74078
ta3D 547000000 548000000 62569
ta3A 367000000 368000000 83105
ta1B 105000000 106000000 62102
ta1B 386000000 387000000 81212
ta6A 454000000 455000000 101926
ta3A 31000000 32000000 44355
ta2B 545000000 546000000 87350
ta7A 613000000 614000000 47229
ta5B 632000000 633000000 54524
ta4A 411000000 412000000 41809
ta5D 50000000 51000000 62650
ta4D 289000000 290000000 95558
ta7A 196000000 197000000 56039
ta5B 609000000 610000000 61542
ta5D 27000000 28000000 61995
ta2D 246000000 247000000 50602
ta6B 374000000 375000000 72059
ta5A 153000000 154000000 58754
ta3B 83000000 84000000 88194
ta3A 7000000 8000000 46556
ta7B 533000000 534000000 76355
ta6A 593000000 594000000 82051
ta4B 331000000 332000000 53189
ta3A 391000000 392000000 80834
ta3A 110000000 111000000 47006
ta4B 308000000 309000000 37694
ta3A 368000000 369000000 35717
ta4A 550000000 551000000 61307
ta7D 234000000 235000000 47214
ta4A 527000000 528000000 39015
ta2B 546000000 547000000 88363
ta1A 325000000 326000000 94139
ta5D 472000000 473000000 50745
ta5A 292000000 293000000 71676
ta3B 705000000 706000000 41131
ta2A 765000000 766000000 57071
ta4A 90000000 91000000 60830
ta5D 449000000 450000000 54094
ta5A 269000000 270000000 34139
ta3B 288000000 289000000 59500
ta1D 90000000 91000000 58729
ta4B 470000000 471000000 63918
ta4A 67000000 68000000 89828
ta1D 67000000 68000000 69970
ta4B 447000000 448000000 50939
ta3D 406000000 407000000 61230
ta1B 245000000 246000000 39645
ta7B 534000000 535000000 23055
ta6A 313000000 314000000 51119
ta2B 22000000 23000000 13942
ta4D 171000000 172000000 52723
ta2B 685000000 686000000 44767
ta1A 464000000 465000000 56093
ta7A 753000000 754000000 23832
ta4D 148000000 149000000 38490
ta5A 710000000 711000000 51726
ta2D 386000000 387000000 47163
ta2D 105000000 106000000 43174
ta6B 233000000 234000000 66923
ta5A 293000000 294000000 84560
ta1B 384000000 385000000 63375
ta7B 673000000 674000000 85770
ta6A 452000000 453000000 51541
ta4B 471000000 472000000 69115
ta3A 250000000 251000000 86628
ta1D 68000000 69000000 41005
ta6A 429000000 430000000 93250
ta4B 448000000 449000000 51935
ta3A 227000000 228000000 44322
ta6D 87000000 88000000 13200
ta5B 630000000 631000000 17406
ta4A 690000000 691000000 22217
ta7D 374000000 375000000 55232
ta7A 194000000 195000000 82539
ta5B 607000000 608000000 46423
ta4A 667000000 668000000 17031
ta2B 405000000 406000000 71182
ta7B 42000000 43000000 52969
ta7B 19000000 20000000 56449
ta6B 372000000 373000000 97390
ta5D 331000000 332000000 64443
ta3B 845000000 846000000 29887
ta3B 170000000 171000000 67455
ta2A 624000000 625000000 48370
ta6B 349000000 350000000 70220
ta5D 308000000 309000000 48976
ta3B 147000000 148000000 36565
ta2D 106000000 107000000 45596
ta4B 587000000 588000000 44892
ta3D 546000000 547000000 70701
ta3A 366000000 367000000 63338
ta1B 104000000 105000000 70590
ta1B 385000000 386000000 93217
ta2B 544000000 545000000 114117
ta1A 323000000 324000000 30833
ta7A 612000000 613000000 34249
ta4A 410000000 411000000 81554
ta4D 288000000 289000000 47357
ta7A 195000000 196000000 85318
ta5D 26000000 27000000 14559
ta3B 286000000 287000000 61492
ta2D 245000000 246000000 39243
ta6B 373000000 374000000 67729
ta5A 152000000 153000000 59868
ta3B 82000000 83000000 54082
ta5A 129000000 130000000 56983
ta3A 6000000 7000000 67324
ta7B 532000000 533000000 55341
ta6A 592000000 593000000 62614
ta6A 311000000 312000000 42892
ta4B 330000000 331000000 56448
ta3B 59000000 60000000 55382
ta7B 509000000 510000000 69217
ta6A 569000000 570000000 53744
ta4B 307000000 308000000 23555
ta7D 233000000 234000000 54322
ta4A 526000000 527000000 53099
ta1A 324000000 325000000 57124
ta5D 471000000 472000000 37751
ta5A 291000000 292000000 61123
ta3B 704000000 705000000 37642
ta2A 764000000 765000000 46916
ta6B 489000000 490000000 81270
ta5D 448000000 449000000 45505
ta5A 268000000 269000000 49090
ta3B 287000000 288000000 61968
ta4A 66000000 67000000 62515
ta1D 66000000 67000000 48182
ta4B 446000000 447000000 67138
ta3D 405000000 406000000 33445
ta3A 225000000 226000000 54116
ta1B 244000000 245000000 73761
ta6A 312000000 313000000 98159
ta2B 21000000 22000000 24281
ta4D 170000000 171000000 57171
ta2B 684000000 685000000 73564
ta1A 463000000 464000000 46918
ta2B 403000000 404000000 53138
ta7B 40000000 41000000 39901
ta7A 752000000 753000000 16704
ta5B 188000000 189000000 49868
ta4D 147000000 148000000 35155
ta7A 729000000 730000000 57262
ta2D 385000000 386000000 71612
ta2D 104000000 105000000 60519
ta6B 232000000 233000000 58150
ta6B 209000000 210000000 38992
ta3D 544000000 545000000 39932
ta1B 383000000 384000000 56298
ta7B 672000000 673000000 43365
ta6A 451000000 452000000 42366
ta7B 649000000 650000000 38089
ta6A 428000000 429000000 112082
ta3A 226000000 227000000 60540
ta6D 86000000 87000000 71712
ta7D 373000000 374000000 100623
ta7A 193000000 194000000 85388
ta5B 606000000 607000000 68750
ta4A 666000000 667000000 58678
ta2B 404000000 405000000 75287
ta7B 41000000 42000000 22995
ta5B 189000000 190000000 43735
ta7B 18000000 19000000 52513
ta6B 371000000 372000000 64342
ta5D 330000000 331000000 62722
ta5A 150000000 151000000 51349
ta3B 844000000 845000000 24935
ta2A 623000000 624000000 88011
ta6B 348000000 349000000 40771
ta5D 307000000 308000000 60007
ta3B 146000000 147000000 50810
ta3A 4000000 5000000 40713
ta4B 586000000 587000000 53583
ta4B 305000000 306000000 51782
ta3D 545000000 546000000 65733
ta3A 365000000 366000000 38523
ta1B 103000000 104000000 49599
ta2B 543000000 544000000 80279
ta1D 502000000 503000000 79779
ta1A 322000000 323000000 30320
ta7A 611000000 612000000 58066
ta7D 489000000 490000000 60216
ta4D 287000000 288000000 49676
ta2A 762000000 763000000 31639
ta5D 25000000 26000000 64261
ta5D 446000000 447000000 47529
ta3B 285000000 286000000 48100
ta2D 244000000 245000000 63108
ta2A 739000000 740000000 47666
ta5A 151000000 152000000 65835
ta3B 81000000 82000000 44594
ta5A 128000000 129000000 84866
ta3A 5000000 6000000 20823
ta1B 242000000 243000000 60591
ta7B 531000000 532000000 39433
ta6A 591000000 592000000 65385
ta6A 310000000 311000000 62143
ta3B 58000000 59000000 65228
ta1B 219000000 220000000 8092
ta7B 508000000 509000000 75585
ta6A 568000000 569000000 52255
ta4B 306000000 307000000 53877
ta7A 750000000 751000000 47795
ta7D 232000000 233000000 60078
ta7A 727000000 728000000 44719
ta4A 525000000 526000000 35961
ta7D 209000000 210000000 41060
ta2D 383000000 384000000 50453
ta6B 230000000 231000000 53874
ta5D 470000000 471000000 39589
ta5A 290000000 291000000 54806
ta3B 703000000 704000000 55507
ta2A 763000000 764000000 17673
ta6B 488000000 489000000 31424
ta5D 447000000 448000000 30546
ta5A 267000000 268000000 42179
ta4A 65000000 66000000 68975
ta1D 65000000 66000000 61325
ta4B 445000000 446000000 64575
ta3D 404000000 405000000 50694
ta3A 224000000 225000000 23831
ta1B 243000000 244000000 46498
ta6D 189000000 190000000 61081
ta2B 20000000 21000000 24804
ta7D 371000000 372000000 59681
ta4A 664000000 665000000 25594
ta2B 683000000 684000000 65705
ta1A 462000000 463000000 77805
ta2B 402000000 403000000 54186
ta7A 751000000 752000000 36186
ta7D 348000000 349000000 69911
ta5B 187000000 188000000 48915
ta4D 146000000 147000000 54380
ta1A 439000000 440000000 62702
ta7B 16000000 17000000 81802
ta7A 728000000 729000000 35454
ta3B 842000000 843000000 28937
ta3B 819000000 820000000 54845
ta3B 144000000 145000000 61402
ta2D 384000000 385000000 44945
ta2D 103000000 104000000 63278
ta6B 231000000 232000000 44732
ta6B 208000000 209000000 64675
ta3D 543000000 544000000 56118
ta1B 382000000 383000000 41249
ta7B 671000000 672000000 59134
ta6A 450000000 451000000 80392
ta1B 359000000 360000000 50654
ta7B 648000000 649000000 39587
ta6A 427000000 428000000 101982
ta1D 500000000 501000000 41386
ta6D 85000000 86000000 74708
ta4D 285000000 286000000 88319
ta2B 799000000 800000000 29621
ta1A 578000000 579000000 54350
ta7D 372000000 373000000 48457
ta7A 192000000 193000000 29218
ta5B 605000000 606000000 41052
ta4A 665000000 666000000 42553
ta7D 349000000 350000000 75033
ta7A 169000000 170000000 58615
ta7B 17000000 18000000 73071
ta6B 370000000 371000000 65233
ta3B 843000000 844000000 40996
ta2A 622000000 623000000 92707
ta6B 347000000 348000000 70161
ta5D 306000000 307000000 57211
ta5A 126000000 127000000 67545
ta3B 145000000 146000000 40872
ta3A 3000000 4000000 31083
ta3B 56000000 57000000 30278
ta6A 566000000 567000000 67180
ta4B 585000000 586000000 68819
ta4B 304000000 305000000 58248
ta3A 364000000 365000000 60344
ta1B 102000000 103000000 46000
ta2B 542000000 543000000 48941
ta1D 501000000 502000000 56872
ta1A 321000000 322000000 52355
ta7A 610000000 611000000 74687
ta1D 199000000 200000000 59446
ta7D 488000000 489000000 72259
ta4D 286000000 287000000 49306
ta2B 519000000 520000000 65600
ta1A 579000000 580000000 58116
ta2A 761000000 762000000 58068
ta5D 24000000 25000000 5600
ta5D 445000000 446000000 85575
ta3B 284000000 285000000 34013
ta2D 243000000 244000000 31802
ta2A 738000000 739000000 30230
ta3B 80000000 81000000 52445
ta5A 127000000 128000000 35739
ta3D 402000000 403000000 73174
ta1B 241000000 242000000 65612
ta7B 530000000 531000000 54480
ta6A 590000000 591000000 65683
ta3B 57000000 58000000 39338
ta6D 187000000 188000000 105488
ta1B 218000000 219000000 40109
ta1B 499000000 500000000 49870
ta7B 507000000 508000000 30159
ta6A 567000000 568000000 58858
ta2B 681000000 682000000 42906
ta2B 658000000 659000000 43520
ta7D 231000000 232000000 37906
ta7A 726000000 727000000 34368
ta4A 524000000 525000000 66700
ta7D 208000000 209000000 78711
ta2D 382000000 383000000 55617
ta3B 702000000 703000000 57127
ta2D 359000000 360000000 40149
ta6B 487000000 488000000 62545
ta6B 206000000 207000000 53223
ta5A 266000000 267000000 76197
ta4A 64000000 65000000 85201
ta1D 64000000 65000000 65694
ta7B 646000000 647000000 62480
ta4B 444000000 445000000 66768
ta3D 403000000 404000000 42184
ta3A 223000000 224000000 62446
ta6D 83000000 84000000 61006
ta6D 188000000 189000000 68552
ta7D 370000000 371000000 39605
ta4A 663000000 664000000 59028
ta2B 682000000 683000000 58232
ta1A 461000000 462000000 58850
ta2B 401000000 402000000 71517
ta7D 347000000 348000000 88399
ta5B 186000000 187000000 78506
ta4D 145000000 146000000 61712
ta2B 659000000 660000000 48924
ta1A 438000000 439000000 40997
ta7B 15000000 16000000 36549
ta3B 841000000 842000000 28079
ta2A 620000000 621000000 67514
ta5D 304000000 305000000 53421
ta3B 818000000 819000000 27318
ta3B 143000000 144000000 80571
ta2D 102000000 103000000 58283
ta6B 207000000 208000000 71494
ta4B 583000000 584000000 37506
ta3D 542000000 543000000 44430
ta1B 100000000 101000000 66512
ta1B 381000000 382000000 63150
ta7B 670000000 671000000 25144
ta3D 519000000 520000000 78140
ta1B 358000000 359000000 55683
ta7B 647000000 648000000 42497
ta6A 426000000 427000000 62980
ta6D 84000000 85000000 56170
ta4D 284000000 285000000 49093
ta2B 798000000 799000000 24743
ta1A 577000000 578000000 41965
ta7A 191000000 192000000 67619
ta5B 604000000 605000000 65198
ta5D 22000000 23000000 61590
ta7A 168000000 169000000 37969
ta2D 241000000 242000000 54383
ta2A 621000000 622000000 76871
ta2D 499000000 500000000 65427
ta2D 218000000 219000000 73085
ta6B 346000000 347000000 38901
ta5D 305000000 306000000 73746
ta5A 125000000 126000000 66707
ta3A 2000000 3000000 39229
ta3B 55000000 56000000 22145
ta1B 497000000 498000000 37542
ta6A 565000000 566000000 80322
ta4B 584000000 585000000 30280
ta4B 303000000 304000000 22454
ta3A 363000000 364000000 29273
ta1B 101000000 102000000 64666
ta4A 522000000 523000000 61523
ta2B 541000000 542000000 32974
ta1A 320000000 321000000 52930
ta1D 198000000 199000000 40413
ta7D 487000000 488000000 84715
ta2B 518000000 519000000 51898
ta3B 700000000 701000000 74951
ta2A 760000000 761000000 57473
ta5D 23000000 24000000 49058
ta6B 485000000 486000000 72526
ta5D 444000000 445000000 55344
ta3B 283000000 284000000 78304
ta2D 242000000 243000000 89246
ta2A 737000000 738000000 57735
ta4A 62000000 63000000 42479
ta2D 219000000 220000000 74404
ta4A 39000000 40000000 46113
ta3D 401000000 402000000 75388
ta1B 240000000 241000000 38316
ta6D 186000000 187000000 104069
ta3A 479000000 480000000 59631
ta1B 498000000 499000000 59093
ta1B 217000000 218000000 69018
ta7B 506000000 507000000 57608
ta2B 680000000 681000000 90504
ta4D 143000000 144000000 49691
ta2B 657000000 658000000 42508
ta1A 436000000 437000000 63662
ta7D 230000000 231000000 67957
ta7A 725000000 726000000 68428
ta4A 523000000 524000000 48644
ta7D 207000000 208000000 67503
ta2D 381000000 382000000 61395
ta3B 701000000 702000000 67625
ta3B 399000000 400000000 36558
ta2D 358000000 359000000 61552
ta6B 486000000 487000000 66277
ta6B 205000000 206000000 75926
ta5A 265000000 266000000 96455
ta4A 63000000 64000000 55217
ta1D 63000000 64000000 47335
ta7B 645000000 646000000 44520
ta4B 443000000 444000000 40322
ta3A 222000000 223000000 48834
ta6D 82000000 83000000 77079
ta6D 59000000 60000000 45819
ta5B 602000000 603000000 37148
ta4A 662000000 663000000 42758
ta1A 460000000 461000000 73526
ta2B 400000000 401000000 58825
ta7D 346000000 347000000 105803
ta5B 185000000 186000000 58944
ta4D 144000000 145000000 48170
ta4A 639000000 640000000 40273
ta1A 437000000 438000000 60024
ta7B 14000000 15000000 73576
ta3B 840000000 841000000 52459
ta5D 303000000 304000000 67863
ta3B 817000000 818000000 52808
ta3B 142000000 143000000 72779
ta2D 101000000 102000000 66284
ta3B 119000000 120000000 65288
ta2A 179000000 180000000 68488
ta4B 582000000 583000000 33664
ta3D 541000000 542000000 48748
ta3A 361000000 362000000 54757
ta1B 380000000 381000000 27236
ta4B 559000000 560000000 46342
ta3D 518000000 519000000 35063
ta1B 357000000 358000000 37995
ta6A 425000000 426000000 68872
ta4D 283000000 284000000 32187
ta2B 797000000 798000000 18392
ta2B 516000000 517000000 40954
ta1A 576000000 577000000 46678
ta7A 190000000 191000000 58946
ta5B 603000000 604000000 31222
ta5D 21000000 22000000 30607
ta7A 167000000 168000000 56125
ta5A 99000000 100000000 51686
ta2D 240000000 241000000 53810
ta2D 99000000 100000000 73509
ta2D 498000000 499000000 51662
ta2D 217000000 218000000 40296
ta6B 345000000 346000000 104277
ta5A 124000000 125000000 60805
ta3A 1000000 2000000 22219
ta3B 54000000 55000000 28400
ta1B 496000000 497000000 56361
ta6A 564000000 565000000 64077
ta4B 302000000 303000000 54148
ta3A 362000000 363000000 63837
ta3A 339000000 340000000 51760
ta4A 521000000 522000000 63114
ta2B 540000000 541000000 53102
ta1D 197000000 198000000 71122
ta7D 486000000 487000000 71492
ta7D 205000000 206000000 67567
ta5B 719000000 720000000 70173
ta2B 517000000 518000000 73580
ta6B 484000000 485000000 35347
ta5D 443000000 444000000 74529
ta3B 282000000 283000000 78978
ta2A 736000000 737000000 79042
ta4A 61000000 62000000 51574
ta3B 259000000 260000000 75109
ta1D 61000000 62000000 45610
ta4B 441000000 442000000 6870
ta4A 38000000 39000000 65180
ta3D 400000000 401000000 68778
ta1D 38000000 39000000 67128
ta6D 185000000 186000000 70108
ta4B 699000000 700000000 21556
ta3A 478000000 479000000 79451
ta1B 216000000 217000000 51677
ta7B 505000000 506000000 51344
ta4D 142000000 143000000 50901
ta2B 656000000 657000000 43846
ta1A 435000000 436000000 56195
ta7A 724000000 725000000 50173
ta4D 119000000 120000000 52190
ta7D 206000000 207000000 77878
ta5D 582000000 583000000 58310
ta2D 380000000 381000000 54410
ta5D 559000000 560000000 37988
ta3B 398000000 399000000 42119
ta2D 357000000 358000000 54009
ta2A 177000000 178000000 45016
ta6B 204000000 205000000 71829
ta5A 264000000 265000000 65346
ta1B 355000000 356000000 73338
ta1D 62000000 63000000 70926
ta7B 644000000 645000000 30517
ta6A 423000000 424000000 55849
ta4B 442000000 443000000 57649
ta3A 221000000 222000000 50443
ta6D 81000000 82000000 67470
ta1D 39000000 40000000 60759
ta4B 419000000 420000000 54504
ta6D 58000000 59000000 53985
ta5B 601000000 602000000 41370
ta4A 661000000 662000000 40185
ta7D 345000000 346000000 93302
ta5B 184000000 185000000 24824
ta4A 638000000 639000000 43962
ta7B 13000000 14000000 50320
ta2D 496000000 497000000 50904
ta6B 343000000 344000000 80692
ta5D 583000000 584000000 7413
ta5D 302000000 303000000 63287
ta3B 816000000 817000000 35727
ta3B 141000000 142000000 74561
ta2D 100000000 101000000 66559
ta3B 118000000 119000000 49211
ta2A 178000000 179000000 74027
ta4B 581000000 582000000 60430
ta3D 540000000 541000000 50187
ta3A 360000000 361000000 24602
ta4B 558000000 559000000 74903
ta3D 517000000 518000000 43897
ta3A 337000000 338000000 47284
ta1B 356000000 357000000 56704
ta6A 424000000 425000000 57201
ta7D 484000000 485000000 70034
ta4D 282000000 283000000 66085
ta2B 796000000 797000000 31908
ta2B 515000000 516000000 51085
ta1A 575000000 576000000 64010
ta5D 20000000 21000000 26847
ta4D 259000000 260000000 36990
ta7A 166000000 167000000 67050
ta5A 98000000 99000000 47692
ta3B 280000000 281000000 60133
ta2D 98000000 99000000 85608
ta3B 257000000 258000000 51247
ta2D 497000000 498000000 47008
ta2D 216000000 217000000 33012
ta6B 344000000 345000000 82158
ta5A 123000000 124000000 89462
ta3B 53000000 54000000 43454
ta1B 495000000 496000000 39412
ta7B 503000000 504000000 38461
ta6A 563000000 564000000 46806
ta4B 301000000 302000000 54825
ta3A 338000000 339000000 54554
ta4A 520000000 521000000 48162
ta4D 398000000 399000000 67007
ta1D 196000000 197000000 22338
ta7D 485000000 486000000 87008
ta7D 204000000 205000000 53799
ta5B 718000000 719000000 20433
ta6B 483000000 484000000 50572
ta5D 442000000 443000000 56473
ta5A 262000000 263000000 84274
ta3B 281000000 282000000 54916
ta2A 735000000 736000000 29958
ta4A 60000000 61000000 34173
ta5D 419000000 420000000 51198
ta5A 239000000 240000000 47857
ta3B 258000000 259000000 71016
ta1D 60000000 61000000 31843
ta4B 440000000 441000000 72631
ta4A 37000000 38000000 51059
ta1D 37000000 38000000 97791
ta6D 184000000 185000000 68787
ta4B 698000000 699000000 33238
ta4B 417000000 418000000 61164
ta3A 477000000 478000000 72852
ta1B 215000000 216000000 43250
ta7B 504000000 505000000 63332
ta5B 182000000 183000000 55362
ta4D 141000000 142000000 72102
ta2B 655000000 656000000 50927
ta1A 434000000 435000000 59160
ta7A 723000000 724000000 72393
ta4D 399000000 400000000 58378
ta4D 118000000 119000000 81907
ta5D 581000000 582000000 85836
ta5D 558000000 559000000 73268
ta3B 397000000 398000000 13191
ta2D 356000000 357000000 48999
ta2A 176000000 177000000 41360
ta6B 203000000 204000000 49686
ta5A 263000000 264000000 85111
ta3D 515000000 516000000 63368
ta1B 354000000 355000000 68752
ta7B 643000000 644000000 44598
ta6B 0 1000000 27275
ta6A 422000000 423000000 45120
ta3A 220000000 221000000 56301
ta6D 80000000 81000000 63891
ta4B 418000000 419000000 54303
ta2B 794000000 795000000 53283
ta6D 57000000 58000000 42531
ta5B 600000000 601000000 44510
ta4A 660000000 661000000 40571
ta7D 344000000 345000000 101726
ta7A 164000000 165000000 60867
ta5B 183000000 184000000 60264
ta4A 637000000 638000000 56784
ta7B 12000000 13000000 28854
ta2D 495000000 496000000 61107
ta6B 342000000 343000000 75076
ta5D 301000000 302000000 65061
ta3B 815000000 816000000 53269
ta3B 140000000 141000000 18497
ta6B 319000000 320000000 35075
ta5A 379000000 380000000 85882
ta3B 117000000 118000000 54011
ta4B 580000000 581000000 43414
ta7B 759000000 760000000 38004
ta4B 557000000 558000000 61561
ta3D 516000000 517000000 31080
ta3A 336000000 337000000 62435
ta7D 483000000 484000000 66247
ta4D 281000000 282000000 57703
ta2B 795000000 796000000 47421
ta2B 514000000 515000000 52909
ta1A 574000000 575000000 46411
ta5B 299000000 300000000 71512
ta4D 258000000 259000000 37053
ta7A 165000000 166000000 34444
ta5D 440000000 441000000 44990
ta5A 97000000 98000000 61287
ta2A 733000000 734000000 43859
ta2D 97000000 98000000 40580
ta5D 417000000 418000000 75217
ta3B 256000000 257000000 30082
ta2D 215000000 216000000 60463
ta5A 122000000 123000000 46834
ta3B 52000000 53000000 34434
ta1B 213000000 214000000 72205
ta1B 494000000 495000000 38641
ta7B 502000000 503000000 30078
ta6A 562000000 563000000 55412
ta4B 300000000 301000000 33784
ta3B 29000000 30000000 33223
ta6A 539000000 540000000 86417
ta7A 721000000 722000000 36236
ta4D 397000000 398000000 51897
ta1D 195000000 196000000 54564
ta7D 203000000 204000000 55017
ta5B 717000000 718000000 33790
ta2D 354000000 355000000 58202
ta6B 482000000 483000000 58403
ta5D 441000000 442000000 58406
ta5A 261000000 262000000 139327
ta2A 734000000 735000000 74058
ta6B 459000000 460000000 62753
ta5D 418000000 419000000 41463
ta5A 238000000 239000000 37756
ta4A 36000000 37000000 84063
ta1D 36000000 37000000 46906
ta6D 183000000 184000000 75135
ta4B 697000000 698000000 7901
ta4B 416000000 417000000 38100
ta3A 476000000 477000000 60717
ta1B 214000000 215000000 51287
ta7D 342000000 343000000 57798
ta5B 181000000 182000000 81703
ta4D 140000000 141000000 63088
ta4A 635000000 636000000 46773
ta2B 654000000 655000000 54892
ta1A 433000000 434000000 29256
ta7B 10000000 11000000 80272
ta7A 722000000 723000000 45309
ta5B 158000000 159000000 64571
ta4D 117000000 118000000 59440
ta5D 580000000 581000000 75988
ta4B 88000000 89000000 81852
ta3B 813000000 814000000 45049
ta6B 598000000 599000000 66515
ta5D 557000000 558000000 50826
ta3B 396000000 397000000 38016
ta2D 355000000 356000000 56537
ta2A 175000000 176000000 65847
ta6B 202000000 203000000 59615
ta3D 514000000 515000000 62860
ta1B 353000000 354000000 36950
ta7B 642000000 643000000 54068
ta6A 421000000 422000000 58104
ta6D 299000000 300000000 57226
ta7B 619000000 620000000 38470
ta2B 793000000 794000000 43465
ta1A 572000000 573000000 43259
ta6D 56000000 57000000 38226
ta4D 256000000 257000000 37286
ta1A 549000000 550000000 55219
ta7D 343000000 344000000 77930
ta7A 163000000 164000000 51422
ta4A 636000000 637000000 71635
ta7B 11000000 12000000 35238
ta5B 159000000 160000000 33622
ta2D 494000000 495000000 52777
ta6B 341000000 342000000 84432
ta5D 300000000 301000000 70408
ta5A 120000000 121000000 55677
ta4B 89000000 90000000 73208
ta3B 814000000 815000000 54534
ta3B 50000000 51000000 40223
ta6B 599000000 600000000 70271
ta6B 318000000 319000000 75099
ta5A 378000000 379000000 48362
ta3B 116000000 117000000 53899
ta6A 560000000 561000000 65194
ta3B 27000000 28000000 37362
ta7B 758000000 759000000 55295
ta4B 556000000 557000000 53061
ta3A 335000000 336000000 77626
ta1D 193000000 194000000 68276
ta7D 482000000 483000000 53267
ta5B 715000000 716000000 44065
ta4D 280000000 281000000 46253
ta2B 513000000 514000000 83189
ta1A 573000000 574000000 35441
ta7D 459000000 460000000 39843
ta5B 298000000 299000000 39648
ta4D 257000000 258000000 21675
ta5A 96000000 97000000 90489
ta2A 732000000 733000000 63053
ta2D 96000000 97000000 44083
ta5D 416000000 417000000 68190
ta3B 255000000 256000000 50994
ta2D 214000000 215000000 74280
ta2A 709000000 710000000 84728
ta5A 121000000 122000000 63653
ta3B 51000000 52000000 42225
ta6D 181000000 182000000 66941
ta4B 695000000 696000000 39247
ta3A 474000000 475000000 39442
ta1B 493000000 494000000 80282
ta1B 212000000 213000000 41848
ta7B 501000000 502000000 47990
ta6A 561000000 562000000 45804
ta3B 28000000 29000000 40343
ta6A 538000000 539000000 80077
ta2B 652000000 653000000 33834
ta7A 720000000 721000000 38874
ta4D 396000000 397000000 61047
ta2B 629000000 630000000 60337
ta1D 194000000 195000000 47369
ta7D 202000000 203000000 65983
ta5B 716000000 717000000 37119
ta2D 353000000 354000000 50136
ta6B 481000000 482000000 56343
ta6B 200000000 201000000 56967
ta5A 260000000 261000000 121582
ta6B 458000000 459000000 61557
ta5A 237000000 238000000 58529
ta7B 640000000 641000000 41294
ta4A 35000000 36000000 74787
ta1D 35000000 36000000 52824
ta6D 182000000 183000000 36557
ta4B 415000000 416000000 75028
ta3A 475000000 476000000 95319
ta6D 54000000 55000000 3440
ta6D 159000000 160000000 73443
ta7D 341000000 342000000 21060
ta5B 180000000 181000000 75432
ta4A 634000000 635000000 64024
ta2B 653000000 654000000 57517
ta1A 432000000 433000000 67112
ta7D 599000000 600000000 29047
ta7D 318000000 319000000 47394
ta5B 157000000 158000000 42815
ta4D 116000000 117000000 46618
ta1A 409000000 410000000 82629
ta4B 87000000 88000000 53974
ta3B 812000000 813000000 39560
ta6B 597000000 598000000 61851
ta5D 556000000 557000000 53815
ta3B 395000000 396000000 56693
ta3B 114000000 115000000 37701
ta2A 174000000 175000000 65612
ta6B 201000000 202000000 65455
ta4B 554000000 555000000 79828
ta3D 513000000 514000000 52136
ta1B 352000000 353000000 61223
ta7B 641000000 642000000 26758
ta6A 420000000 421000000 64972
ta6D 298000000 299000000 64604
ta1B 329000000 330000000 78411
ta7B 618000000 619000000 19719
ta2B 792000000 793000000 21605
ta1A 571000000 572000000 35009
ta6D 55000000 56000000 60871
ta4D 255000000 256000000 60860
ta2B 769000000 770000000 40005
ta1A 548000000 549000000 48697
ta7A 162000000 163000000 84250
ta5A 94000000 95000000 32976
ta7D 319000000 320000000 36765
ta7A 139000000 140000000 53254
ta2D 493000000 494000000 73898
ta2D 212000000 213000000 81420
ta6B 340000000 341000000 99070
ta6B 317000000 318000000 77498
ta5A 377000000 378000000 65988
ta3B 115000000 116000000 69617
ta1B 491000000 492000000 42820
ta3B 26000000 27000000 40927
ta1B 468000000 469000000 47774
ta7B 757000000 758000000 29807
ta6A 536000000 537000000 66505
ta4B 555000000 556000000 63109
ta3A 334000000 335000000 92432
ta1D 192000000 193000000 65120
ta7D 481000000 482000000 83825
ta5B 714000000 715000000 44122
ta2B 512000000 513000000 49921
ta1D 169000000 170000000 58637
ta7D 458000000 459000000 38499
ta5B 297000000 298000000 68601
ta5A 95000000 96000000 71141
ta2A 731000000 732000000 59004
ta2D 95000000 96000000 74957
ta5D 415000000 416000000 4307
ta3B 254000000 255000000 52217
ta2D 213000000 214000000 40458
ta2A 708000000 709000000 47408
ta4A 33000000 34000000 65671
ta6D 180000000 181000000 65707
ta4B 694000000 695000000 49766
ta3A 473000000 474000000 62132
ta1B 492000000 493000000 63222
ta1B 211000000 212000000 60904
ta7B 500000000 501000000 47767
ta6D 157000000 158000000 59753
ta1B 469000000 470000000 58762
ta6A 537000000 538000000 68808
ta2B 651000000 652000000 52829
ta1A 430000000 431000000 69546
ta7D 597000000 598000000 69890
ta4D 395000000 396000000 66749
ta2B 628000000 629000000 69858
ta7D 201000000 202000000 63506
ta7A 279000000 280000000 66524
ta3B 393000000 394000000 60416
ta2D 352000000 353000000 73268
ta6B 480000000 481000000 52666
ta2D 329000000 330000000 72995
ta6B 457000000 458000000 60699
ta5A 236000000 237000000 50294
ta4A 34000000 35000000 68083
ta1D 34000000 35000000 18175
ta7B 616000000 617000000 60287
ta4B 414000000 415000000 47452
ta6D 53000000 54000000 19708
ta7B 199000000 200000000 59527
ta6D 158000000 159000000 77259
ta7D 340000000 341000000 101481
ta4A 633000000 634000000 59961
ta1A 431000000 432000000 41576
ta7D 598000000 599000000 33738
ta7D 317000000 318000000 68705
ta5B 156000000 157000000 59490
ta4D 115000000 116000000 54360
ta1A 408000000 409000000 83792
ta4B 86000000 87000000 55158
ta3B 811000000 812000000 44012
ta6B 596000000 597000000 64550
ta5D 555000000 556000000 48250
ta5A 375000000 376000000 62330
ta3B 394000000 395000000 49590
ta3B 113000000 114000000 42072
ta2A 173000000 174000000 63814
ta4B 553000000 554000000 46261
ta3D 512000000 513000000 89747
ta1B 351000000 352000000 76017
ta6D 297000000 298000000 81093
ta1B 328000000 329000000 50558
ta7B 617000000 618000000 26252
ta2B 791000000 792000000 22844
ta2B 510000000 511000000 69847
ta1A 570000000 571000000 42632
ta4D 254000000 255000000 57643
ta2B 768000000 769000000 41939
ta1A 547000000 548000000 93579
ta7A 161000000 162000000 66067
ta5A 93000000 94000000 48506
ta2D 93000000 94000000 36834
ta7A 138000000 139000000 76876
ta2D 492000000 493000000 82085
ta2D 211000000 212000000 99709
ta2D 469000000 470000000 43543
ta2A 289000000 290000000 38559
ta6B 316000000 317000000 63393
ta5A 376000000 377000000 43989
ta1B 490000000 491000000 51213
ta3B 25000000 26000000 45752
ta3D 628000000 629000000 26417
ta1B 467000000 468000000 75614
ta7B 756000000 757000000 49964
ta6A 535000000 536000000 41501
ta3A 333000000 334000000 83398
ta1D 191000000 192000000 77810
ta7D 480000000 481000000 56161
ta5B 713000000 714000000 29073
ta2B 511000000 512000000 46417
ta1D 168000000 169000000 57355
ta7D 457000000 458000000 41274
ta7A 277000000 278000000 46362
ta5B 296000000 297000000 66534
ta2A 730000000 731000000 72725
ta2D 94000000 95000000 62557
ta6B 455000000 456000000 64841
ta3B 253000000 254000000 56217
ta2A 707000000 708000000 59649
ta4A 32000000 33000000 80738
ta1D 32000000 33000000 57981
ta4B 693000000 694000000 47929
ta3A 472000000 473000000 34068
ta1B 210000000 211000000 60202
ta6D 156000000 157000000 66860
ta3D 629000000 630000000 37007
ta3A 449000000 450000000 81741
ta2B 650000000 651000000 57144
ta7D 596000000 597000000 18723
ta4D 394000000 395000000 35857
ta4D 113000000 114000000 48977
ta2B 627000000 628000000 79323
ta1A 406000000 407000000 45859
ta7D 200000000 201000000 78188
ta7A 278000000 279000000 80936
ta5D 553000000 554000000 68742
ta3B 392000000 393000000 62950
ta2D 351000000 352000000 49839
ta3B 369000000 370000000 36398
ta2D 328000000 329000000 64563
ta6B 456000000 457000000 69423
ta5A 235000000 236000000 82376
ta1D 33000000 34000000 45817
ta7B 615000000 616000000 36750
ta4B 413000000 414000000 41530
ta6D 52000000 53000000 40360
ta7B 198000000 199000000 63857
ta6D 29000000 30000000 54534
ta4A 632000000 633000000 69299
ta7D 316000000 317000000 78475
ta5B 155000000 156000000 51840
ta4D 114000000 115000000 40478
ta4A 609000000 610000000 40090
ta2D 490000000 491000000 46418
ta1A 407000000 408000000 57344
ta4B 85000000 86000000 85785
ta3B 810000000 811000000 44944
ta2D 467000000 468000000 76633
ta6B 595000000 596000000 39802
ta5D 554000000 555000000 61079
ta5A 374000000 375000000 41219
ta3B 112000000 113000000 54376
ta2A 172000000 173000000 44208
ta2A 149000000 150000000 40652
ta4B 552000000 553000000 70130
ta3D 511000000 512000000 79361
ta3A 331000000 332000000 107896
ta1B 350000000 351000000 66931
ta6D 296000000 297000000 58369
ta4B 529000000 530000000 53572
ta3A 589000000 590000000 61238
ta3A 308000000 309000000 67013
ta1B 327000000 328000000 58541
ta2B 790000000 791000000 50170
ta5B 294000000 295000000 69716
ta4D 253000000 254000000 24421
ta2B 767000000 768000000 40086
ta1A 546000000 547000000 56584
ta7A 160000000 161000000 51857
ta5A 92000000 93000000 51253
ta2D 92000000 93000000 37206
ta7A 137000000 138000000 74695
ta5A 69000000 70000000 83554
ta2D 491000000 492000000 65392
ta2D 210000000 211000000 62330
ta2D 69000000 70000000 46386
ta2D 468000000 469000000 47871
ta2A 288000000 289000000 33907
ta6B 315000000 316000000 64525
ta3B 24000000 25000000 36989
ta3D 627000000 628000000 24661
ta1B 466000000 467000000 80642
ta7B 755000000 756000000 30795
ta6A 534000000 535000000 56578
ta3A 332000000 333000000 130292
ta4D 392000000 393000000 36889
ta3A 309000000 310000000 25553
ta1D 190000000 191000000 72495
ta5B 712000000 713000000 53761
ta1D 167000000 168000000 36617
ta7D 456000000 457000000 53819
ta7A 276000000 277000000 83086
ta5B 295000000 296000000 52748
ta4A 749000000 750000000 21247
ta6B 454000000 455000000 58017
ta5D 413000000 414000000 46253
ta5A 233000000 234000000 51597
ta3B 252000000 253000000 65190
ta2A 706000000 707000000 72448
ta4A 31000000 32000000 94148
ta3B 229000000 230000000 58783
ta1D 31000000 32000000 23063
ta7D 89000000 90000000 65751
ta4B 692000000 693000000 34630
ta4B 411000000 412000000 82593
ta3A 471000000 472000000 87765
ta7B 196000000 197000000 52139
ta6D 155000000 156000000 71559
ta4B 669000000 670000000 26010
ta3A 448000000 449000000 58213
ta7D 595000000 596000000 37128
ta4D 393000000 394000000 61145
ta4D 112000000 113000000 53290
ta2B 626000000 627000000 60974
ta1A 405000000 406000000 62662
ta5D 552000000 553000000 39476
ta3B 391000000 392000000 58918
ta2D 350000000 351000000 59039
ta2A 170000000 171000000 50673
ta5D 529000000 530000000 83087
ta3B 368000000 369000000 61917
ta2D 327000000 328000000 90156
ta2A 147000000 148000000 86386
ta5A 234000000 235000000 69538
ta6D 294000000 295000000 74787
ta1B 325000000 326000000 56125
ta7B 614000000 615000000 49131
ta4B 412000000 413000000 67144
ta6D 51000000 52000000 27346
ta7B 197000000 198000000 64096
ta2B 765000000 766000000 47186
ta6D 28000000 29000000 34068
ta4A 631000000 632000000 53576
ta7D 315000000 316000000 52287
ta7A 135000000 136000000 72689
ta5B 154000000 155000000 51376
ta4A 608000000 609000000 68621
ta4B 84000000 85000000 75702
ta2D 466000000 467000000 64804
ta6B 594000000 595000000 65375
ta6B 313000000 314000000 38855
ta5A 373000000 374000000 100030
ta3B 111000000 112000000 91417
ta2A 171000000 172000000 56097
ta2A 148000000 149000000 84735
ta4B 551000000 552000000 101429
ta3D 510000000 511000000 57376
ta3A 330000000 331000000 94831
ta6D 295000000 296000000 32679
ta4B 528000000 529000000 38874
ta3A 588000000 589000000 60295
ta3A 307000000 308000000 58574
ta1B 326000000 327000000 72705
ta7D 454000000 455000000 54736
ta5B 293000000 294000000 76673
ta4D 252000000 253000000 51357
ta4A 747000000 748000000 22722
ta2B 766000000 767000000 25418
ta1A 545000000 546000000 55308
ta5A 91000000 92000000 68142
ta4D 229000000 230000000 51471
ta2D 91000000 92000000 63400
ta7A 136000000 137000000 40162
ta5A 68000000 69000000 71610
ta3B 250000000 251000000 76175
ta2D 68000000 69000000 52166
ta3B 227000000 228000000 41410
ta2A 287000000 288000000 39229
ta6B 314000000 315000000 67450
ta4B 690000000 691000000 36976
ta3B 23000000 24000000 20989
ta3D 626000000 627000000 27321
ta1B 465000000 466000000 74629
ta7B 754000000 755000000 46904
ta6A 533000000 534000000 61041
ta4D 391000000 392000000 37472
ta5B 711000000 712000000 19076
ta4D 368000000 369000000 43846
ta1D 166000000 167000000 53391
ta7D 455000000 456000000 85483
ta7A 275000000 276000000 82692
ta4A 748000000 749000000 35789
ta6B 453000000 454000000 89469
ta5D 412000000 413000000 46600
ta5A 232000000 233000000 51188
ta3B 251000000 252000000 82960
ta2A 705000000 706000000 61919
ta4A 30000000 31000000 61749
ta5A 209000000 210000000 38631
ta3B 228000000 229000000 80134
ta1D 30000000 31000000 36331
ta7D 88000000 89000000 73192
ta4B 691000000 692000000 31798
ta4B 410000000 411000000 37693
ta3A 470000000 471000000 61025
ta7B 195000000 196000000 78558
ta6D 154000000 155000000 70097
ta4B 668000000 669000000 35010
ta3A 447000000 448000000 74959
ta7D 594000000 595000000 52830
ta5B 152000000 153000000 40595
ta4D 111000000 112000000 86958
ta2B 625000000 626000000 47191
ta1A 404000000 405000000 71954
ta4B 82000000 83000000 59545
ta5B 129000000 130000000 59564
ta4D 369000000 370000000 52516
ta4A 189000000 190000000 65437
ta5D 551000000 552000000 81158
ta4B 59000000 60000000 85080
ta3B 390000000 391000000 45999
ta5D 528000000 529000000 47694
ta3B 367000000 368000000 41473
ta2D 326000000 327000000 46526
ta2A 146000000 147000000 47262
ta6D 293000000 294000000 43370
ta3A 586000000 587000000 70452
ta1B 324000000 325000000 54705
ta7B 613000000 614000000 41074
ta6D 50000000 51000000 38594
ta4D 250000000 251000000 2992
ta2B 764000000 765000000 45259
ta6D 27000000 28000000 40947
ta4A 630000000 631000000 62118
ta7D 314000000 315000000 57109
ta7A 134000000 135000000 63208
ta5B 153000000 154000000 36276
ta4A 607000000 608000000 41436
ta4B 83000000 84000000 73413
ta2D 465000000 466000000 82087
ta6B 593000000 594000000 32426
ta6B 312000000 313000000 59057
ta5A 372000000 373000000 63708
ta3B 110000000 111000000 56790
ta3B 21000000 22000000 32930
ta5A 349000000 350000000 63115
ta7B 752000000 753000000 61148
ta4B 550000000 551000000 58621
ta7B 729000000 730000000 12236
ta4B 527000000 528000000 62407
ta3A 587000000 588000000 69769
ta3A 306000000 307000000 59973
ta1D 164000000 165000000 82530
ta7D 453000000 454000000 65451
ta5B 292000000 293000000 40096
ta4D 251000000 252000000 41242
ta4A 746000000 747000000 35274
ta1A 544000000 545000000 66920
ta5A 90000000 91000000 71292
ta5B 269000000 270000000 50352
ta4D 228000000 229000000 24212
ta2D 90000000 91000000 36129
ta5D 410000000 411000000 62403
ta5A 67000000 68000000 87412
ta2A 703000000 704000000 61578
ta2D 67000000 68000000 69770
ta5A 488000000 489000000 63981
ta3B 226000000 227000000 38149
ta2A 286000000 287000000 57892
ta7D 86000000 87000000 56037
ta3B 22000000 23000000 16681
ta4B 666000000 667000000 23270
ta3D 625000000 626000000 57057
ta1B 464000000 465000000 77735
ta7B 753000000 754000000 62820
ta6A 532000000 533000000 64006
ta6A 509000000 510000000 33631
ta4D 390000000 391000000 27468
ta5B 710000000 711000000 47761
ta4D 367000000 368000000 54162
ta1D 165000000 166000000 94929
ta7A 274000000 275000000 38739
ta2D 324000000 325000000 61998
ta6B 452000000 453000000 82086
ta5D 411000000 412000000 69144
ta5A 231000000 232000000 47555
ta2A 704000000 705000000 76014
ta6B 429000000 430000000 64292
ta5A 489000000 490000000 63681
ta5A 208000000 209000000 70733
ta7D 87000000 88000000 55292
ta7B 194000000 195000000 61771
ta6D 153000000 154000000 61847
ta4B 667000000 668000000 59112
ta3A 446000000 447000000 57564
ta7D 593000000 594000000 37913
ta7D 312000000 313000000 55461
ta5B 151000000 152000000 70620
ta4D 110000000 111000000 59553
ta4A 605000000 606000000 30046
ta2B 624000000 625000000 82450
ta1A 403000000 404000000 44119
ta4B 81000000 82000000 70828
ta5B 128000000 129000000 64340
ta4A 188000000 189000000 58222
ta6B 591000000 592000000 71410
ta5D 550000000 551000000 35982
ta4B 58000000 59000000 71565
ta6B 568000000 569000000 63950
ta5D 527000000 528000000 27091
ta3B 366000000 367000000 75625
ta2D 325000000 326000000 54930
ta2A 145000000 146000000 79097
ta6D 292000000 293000000 58980
ta3A 585000000 586000000 53402
ta1B 323000000 324000000 60284
ta7B 612000000 613000000 62819
ta6D 269000000 270000000 57624
ta2B 763000000 764000000 29151
ta1A 542000000 543000000 56427
ta6D 26000000 27000000 31435
ta4D 226000000 227000000 61488
ta1A 519000000 520000000 44428
ta7D 313000000 314000000 69279
ta7A 133000000 134000000 65898
ta5A 65000000 66000000 30184
ta4A 606000000 607000000 6916
ta2D 464000000 465000000 61460
ta6B 592000000 593000000 55888
ta6B 311000000 312000000 60176
ta5A 371000000 372000000 36960
ta3B 20000000 21000000 41427
ta6B 569000000 570000000 49276
ta5A 348000000 349000000 68430
ta1B 462000000 463000000 70273
ta7B 751000000 752000000 52033
ta6A 530000000 531000000 60714
ta7B 728000000 729000000 24284
ta6A 507000000 508000000 62284
ta4B 526000000 527000000 37846
ta3A 305000000 306000000 73823
ta1D 163000000 164000000 55334
ta7D 452000000 453000000 45062
ta5B 291000000 292000000 60787
ta4A 745000000 746000000 41647
ta1A 543000000 544000000 63697
ta7D 429000000 430000000 54576
ta5B 268000000 269000000 74493
ta4D 227000000 228000000 67508
ta5A 66000000 67000000 32436
ta2A 702000000 703000000 68974
ta2D 66000000 67000000 34693
ta5A 487000000 488000000 62412
ta3B 225000000 226000000 55455
ta2A 285000000 286000000 36111
ta7D 85000000 86000000 52364
ta6D 151000000 152000000 37390
ta4B 665000000 666000000 51865
ta3D 624000000 625000000 38613
ta3A 444000000 445000000 58626
ta1B 463000000 464000000 56786
ta6A 531000000 532000000 58761
ta6D 128000000 129000000 65476
ta7D 591000000 592000000 35812
ta6A 508000000 509000000 99307
ta2B 622000000 623000000 51827
ta4D 366000000 367000000 69532
ta7A 273000000 274000000 80004
ta2D 323000000 324000000 94162
ta6B 451000000 452000000 56410
ta5A 230000000 231000000 59646
ta6B 428000000 429000000 76403
ta5A 207000000 208000000 75022
ta7B 610000000 611000000 76923
ta1B 579000000 580000000 67573
ta7B 193000000 194000000 91872
ta6D 152000000 153000000 60234
ta3A 445000000 446000000 72919
ta6D 24000000 25000000 40485
ta6D 129000000 130000000 30540
ta7D 592000000 593000000 47753
ta7D 311000000 312000000 61753
ta5B 150000000 151000000 68050
ta4A 604000000 605000000 6998
ta2B 623000000 624000000 59317
ta1A 402000000 403000000 55827
ta4B 80000000 81000000 49475
ta7D 569000000 570000000 62300
ta7A 389000000 390000000 56270
ta5B 127000000 128000000 37892
ta4A 187000000 188000000 74876
ta6B 590000000 591000000 59771
ta4B 57000000 58000000 58077
ta6B 567000000 568000000 62779
ta5D 526000000 527000000 94231
ta5A 346000000 347000000 83323
ta3B 365000000 366000000 106573
ta2A 144000000 145000000 60302
ta6D 291000000 292000000 50590
ta4B 524000000 525000000 51353
ta3A 584000000 585000000 96010
ta1B 322000000 323000000 73771
ta7B 611000000 612000000 59248
ta6D 268000000 269000000 62259
ta2B 762000000 763000000 30614
ta1A 541000000 542000000 51703
ta6D 25000000 26000000 50018
ta4D 225000000 226000000 57720
ta2B 739000000 740000000 45934
ta1A 518000000 519000000 55345
ta7A 132000000 133000000 63347
ta5A 64000000 65000000 63388
ta2D 64000000 65000000 36695
ta7A 109000000 110000000 67366
ta2D 463000000 464000000 49622
ta2A 283000000 284000000 83280
ta6B 310000000 311000000 35695
ta5A 370000000 371000000 56645
ta5A 347000000 348000000 38391
ta3D 622000000 623000000 34344
ta1B 461000000 462000000 60364
ta7B 750000000 751000000 55013
ta1B 438000000 439000000 46927
ta7B 727000000 728000000 18886
ta6A 506000000 507000000 74457
ta4B 525000000 526000000 76127
ta3A 304000000 305000000 64033
ta1D 162000000 163000000 42452
ta7D 451000000 452000000 60098
ta7A 271000000 272000000 79643
ta5B 290000000 291000000 50773
ta4A 744000000 745000000 30465
ta1D 139000000 140000000 51477
ta7D 428000000 429000000 85201
ta7A 248000000 249000000 77618
ta5B 267000000 268000000 80637
ta2A 701000000 702000000 107527
ta2D 579000000 580000000 82772
ta2D 65000000 66000000 24745
ta6B 426000000 427000000 72547
ta5A 486000000 487000000 55381
ta3B 224000000 225000000 54215
ta2A 284000000 285000000 70692
ta7D 84000000 85000000 70404
ta6D 150000000 151000000 57942
ta4B 664000000 665000000 46731
ta3D 623000000 624000000 30672
ta3A 443000000 444000000 57930
ta6D 127000000 128000000 60862
ta1B 439000000 440000000 61209
ta7D 590000000 591000000 38216
ta2B 621000000 622000000 55705
ta1A 400000000 401000000 77907
ta7D 567000000 568000000 77394
ta4D 365000000 366000000 36694
ta4A 185000000 186000000 51852
ta7A 272000000 273000000 100170
ta7A 249000000 250000000 67626
ta3B 363000000 364000000 155537
ta2D 322000000 323000000 30927
ta6B 450000000 451000000 35146
ta6B 427000000 428000000 58078
ta5A 206000000 207000000 48088
ta1B 578000000 579000000 69584
ta7B 192000000 193000000 53066
ta6D 23000000 24000000 36030
ta7B 169000000 170000000 52755
ta7D 310000000 311000000 77789
ta4A 603000000 604000000 62078
ta1A 401000000 402000000 92649
ta1D 279000000 280000000 98406
ta7D 568000000 569000000 62782
ta7A 388000000 389000000 47217
ta5B 126000000 127000000 26926
ta4A 186000000 187000000 69120
ta2D 461000000 462000000 70373
ta4B 56000000 57000000 59425
ta6B 566000000 567000000 80593
ta5D 525000000 526000000 41594
ta5A 345000000 346000000 77496
ta3B 364000000 365000000 138727
ta2A 143000000 144000000 74634
ta6D 290000000 291000000 70145
ta4B 523000000 524000000 67444
ta3A 583000000 584000000 65377
ta3A 302000000 303000000 112464
ta1B 321000000 322000000 60095
ta6D 267000000 268000000 84973
ta2B 761000000 762000000 39143
ta1A 540000000 541000000 34690
ta5B 265000000 266000000 53108
ta4D 224000000 225000000 72439
ta2B 738000000 739000000 40776
ta1A 517000000 518000000 56761
ta7A 131000000 132000000 44379
ta5A 63000000 64000000 69616
ta2D 63000000 64000000 40831
ta7A 108000000 109000000 20041
ta2D 462000000 463000000 49213
ta2A 282000000 283000000 69534
ta2D 439000000 440000000 46790
ta2A 259000000 260000000 80788
ta3D 621000000 622000000 32476
ta1B 460000000 461000000 52146
ta3A 699000000 700000000 64955
ta1B 437000000 438000000 64927
ta7B 726000000 727000000 61304
ta6A 505000000 506000000 80538
ta3A 303000000 304000000 36654
ta1D 161000000 162000000 43572
ta7D 450000000 451000000 78376
ta7A 270000000 271000000 65801
ta4A 743000000 744000000 69954
ta2B 179000000 180000000 66671
ta1D 138000000 139000000 108323
ta7D 427000000 428000000 35655
ta7A 247000000 248000000 55051
ta5B 266000000 267000000 57594
ta2A 700000000 701000000 47072
ta2D 578000000 579000000 31376
ta6B 425000000 426000000 67640
ta5A 485000000 486000000 67124
ta5A 204000000 205000000 48879
ta3B 223000000 224000000 85808
ta7D 83000000 84000000 53090
ta7B 190000000 191000000 72796
ta4B 663000000 664000000 59563
ta3A 442000000 443000000 61473
ta7B 167000000 168000000 82576
ta6D 126000000 127000000 62123
ta3A 419000000 420000000 80378
ta2B 620000000 621000000 35947
ta7D 566000000 567000000 65906
ta4D 364000000 365000000 58420
ta4A 184000000 185000000 77252
ta5D 523000000 524000000 55502
ta3B 362000000 363000000 130992
ta2D 321000000 322000000 88378
ta2A 141000000 142000000 44441
ta3B 339000000 340000000 50925
ta2A 118000000 119000000 59465
ta2A 399000000 400000000 104249
ta5A 205000000 206000000 54203
ta1B 577000000 578000000 75395
ta7B 191000000 192000000 56872
ta6D 22000000 23000000 23900
ta7B 168000000 169000000 46564
ta4A 602000000 603000000 35238
ta1D 278000000 279000000 33344
ta7A 387000000 388000000 48710
ta5B 125000000 126000000 58032
ta2D 460000000 461000000 59945
ta4B 55000000 56000000 68373
ta2D 437000000 438000000 55950
ta6B 565000000 566000000 44954
ta5D 524000000 525000000 49405
ta5A 344000000 345000000 54095
ta2A 142000000 143000000 77347
ta2A 119000000 120000000 45658
ta4B 522000000 523000000 50614
ta3A 582000000 583000000 38800
ta3A 301000000 302000000 55777
ta1B 320000000 321000000 69743
ta6D 266000000 267000000 55526
ta3A 559000000 560000000 72618
ta4A 741000000 742000000 26265
ta2B 760000000 761000000 30731
ta7D 425000000 426000000 58838
ta5B 264000000 265000000 69138
ta4D 223000000 224000000 70639
ta4A 718000000 719000000 48208
ta2B 737000000 738000000 61474
ta1A 516000000 517000000 105716
ta7A 130000000 131000000 72220
ta5A 62000000 63000000 57087
ta2D 62000000 63000000 58675
ta7A 107000000 108000000 77121
ta5A 39000000 40000000 59501
ta3B 221000000 222000000 62640
ta2A 281000000 282000000 53594
ta2D 39000000 40000000 53460
ta3B 479000000 480000000 54789
ta2D 438000000 439000000 71156
ta2A 258000000 259000000 27176
ta3D 620000000 621000000 35953
ta3A 698000000 699000000 54333
ta1B 436000000 437000000 62673
ta7B 725000000 726000000 29778
ta6A 504000000 505000000 68878
ta4D 362000000 363000000 67227
ta1D 160000000 161000000 61937
ta4A 742000000 743000000 37690
ta4D 339000000 340000000 30395
ta2B 178000000 179000000 62482
ta1D 137000000 138000000 48132
ta7D 426000000 427000000 57116
ta7A 246000000 247000000 93058
ta4A 719000000 720000000 41288
ta2D 577000000 578000000 51401
ta6B 424000000 425000000 92776
ta5A 484000000 485000000 49458
ta5A 203000000 204000000 40277
ta3B 222000000 223000000 76732
ta7D 82000000 83000000 51944
ta7D 59000000 60000000 33469
ta4B 662000000 663000000 59849
ta3A 441000000 442000000 36374
ta1A 79000000 80000000 69534
ta7B 166000000 167000000 76285
ta6D 125000000 126000000 51125
ta4B 639000000 640000000 69159
ta3A 418000000 419000000 60520
ta1D 276000000 277000000 47914
ta7D 565000000 566000000 30852
ta5B 123000000 124000000 36204
ta4D 363000000 364000000 52058
ta4A 183000000 184000000 46511
ta5D 522000000 523000000 61891
ta3B 361000000 362000000 122689
ta2D 320000000 321000000 74215
ta2A 140000000 141000000 89491
ta3B 338000000 339000000 27760
ta2A 398000000 399000000 82156
ta2A 117000000 118000000 91870
ta3A 580000000 581000000 59359
ta6D 264000000 265000000 36373
ta3A 557000000 558000000 67403
ta1B 576000000 577000000 35860
ta6D 21000000 22000000 10405
ta6A 99000000 100000000 51489
ta2B 735000000 736000000 52401
ta4A 601000000 602000000 31562
ta3D 99000000 100000000 68018
ta4D 479000000 480000000 62497
ta1D 277000000 278000000 32553
ta7A 386000000 387000000 52792
ta7A 105000000 106000000 67228
ta5B 124000000 125000000 49903
ta4B 54000000 55000000 57649
ta2D 436000000 437000000 34340
ta6B 564000000 565000000 56613
ta5A 343000000 344000000 76808
ta7B 723000000 724000000 20381
ta4B 521000000 522000000 55249
ta3A 581000000 582000000 57978
ta3A 300000000 301000000 45317
ta3D 178000000 179000000 41884
ta6D 265000000 266000000 58793
ta3A 558000000 559000000 76297
ta4A 740000000 741000000 24968
ta7D 424000000 425000000 68482
ta5B 263000000 264000000 46179
ta4D 222000000 223000000 79164
ta4A 717000000 718000000 12004
ta2B 736000000 737000000 82286
ta1A 515000000 516000000 52799
ta5A 61000000 62000000 83640
ta2D 61000000 62000000 47187
ta7A 106000000 107000000 69194
ta5A 482000000 483000000 54213
ta5A 38000000 39000000 46083
ta3B 220000000 221000000 38843
ta2A 280000000 281000000 86982
ta5D 0 1000000 59725
ta2D 38000000 39000000 41042
ta5A 459000000 460000000 47017
ta3B 478000000 479000000 57507
ta2A 257000000 258000000 50656
ta4B 660000000 661000000 38173
ta4B 637000000 638000000 45156
ta3A 697000000 698000000 47970
ta1B 435000000 436000000 59516
ta7B 724000000 725000000 15237
ta6A 503000000 504000000 50425
ta3D 179000000 180000000 55960
ta4D 361000000 362000000 62273
ta4D 338000000 339000000 47799
ta2B 177000000 178000000 84549
ta1D 136000000 137000000 51700
ta7A 245000000 246000000 56296
ta2D 576000000 577000000 63213
ta2A 396000000 397000000 69176
ta6B 423000000 424000000 62740
ta5A 483000000 484000000 69977
ta5A 202000000 203000000 111422
ta7D 81000000 82000000 79786
ta1B 574000000 575000000 37329
ta7D 58000000 59000000 31294
ta4B 661000000 662000000 47236
ta3A 440000000 441000000 53977
ta1A 78000000 79000000 73656
ta7B 165000000 166000000 53433
ta6D 124000000 125000000 46066
ta6A 619000000 620000000 24497
ta4B 638000000 639000000 37635
ta3A 417000000 418000000 39483
ta1D 275000000 276000000 93338
ta7D 564000000 565000000 12533
ta7A 384000000 385000000 50769
ta5B 122000000 123000000 71978
ta4A 182000000 183000000 86581
ta4B 52000000 53000000 62644
ta4A 159000000 160000000 85579
ta6B 562000000 563000000 50603
ta5D 521000000 522000000 52546
ta4B 29000000 30000000 37528
ta3B 360000000 361000000 81285
ta6B 539000000 540000000 54336
ta5A 599000000 600000000 69695
ta3B 337000000 338000000 85299
ta2A 397000000 398000000 67141
ta2A 116000000 117000000 82045
ta6D 263000000 264000000 43069
ta3A 556000000 557000000 77304
ta1B 575000000 576000000 53803
ta6D 20000000 21000000 33886
ta6A 98000000 99000000 58439
ta4D 220000000 221000000 59750
ta2B 734000000 735000000 46239
ta1A 513000000 514000000 65502
ta4A 600000000 601000000 43608
ta3D 98000000 99000000 81587
ta4D 478000000 479000000 39130
ta4A 298000000 299000000 51239
ta7A 385000000 386000000 42038
ta7A 104000000 105000000 64524
ta4B 53000000 54000000 36305
ta4B 9000000 10000000 57997
ta3B 476000000 477000000 38324
ta2D 435000000 436000000 65531
ta6B 563000000 564000000 59379
ta5A 342000000 343000000 77702
ta5A 319000000 320000000 62757
ta7B 722000000 723000000 52155
ta6A 501000000 502000000 76515
ta4B 520000000 521000000 49842
ta3D 177000000 178000000 45666
ta1D 134000000 135000000 65611
ta7D 423000000 424000000 73412
ta5B 262000000 263000000 59653
ta4D 221000000 222000000 58979
ta4A 716000000 717000000 10080
ta1A 514000000 515000000 44491
ta5A 60000000 61000000 47293
ta5B 239000000 240000000 61900
ta4A 299000000 300000000 47393
ta2D 60000000 61000000 60005
ta5A 481000000 482000000 53926
ta5A 37000000 38000000 33362
ta2D 37000000 38000000 54805
ta6B 679000000 680000000 85599
ta5A 458000000 459000000 51206
ta3B 477000000 478000000 55450
ta2A 256000000 257000000 60544
ta7D 56000000 57000000 55088
ta6D 122000000 123000000 41906
ta4B 636000000 637000000 36600
ta3A 696000000 697000000 32860
ta3A 415000000 416000000 78646
ta1B 434000000 435000000 61453
ta6A 502000000 503000000 80924
ta5B 89000000 90000000 20768
ta4D 360000000 361000000 115797
ta5B 378000000 379000000 69922
ta4D 337000000 338000000 51363
ta1D 135000000 136000000 65791
ta2B 176000000 177000000 67736
ta7A 244000000 245000000 46648
ta2D 575000000 576000000 37143
ta2A 395000000 396000000 68066
ta6B 422000000 423000000 53983
ta5A 201000000 202000000 60207
ta7D 80000000 81000000 45166
ta1B 573000000 574000000 32360
ta7D 57000000 58000000 26661
ta1A 77000000 78000000 49006
ta7B 164000000 165000000 48163
ta6D 123000000 124000000 35765
ta6A 618000000 619000000 18100
ta6A 96000000 97000000 46791
ta3A 416000000 417000000 67822
ta3D 96000000 97000000 14832
ta1D 274000000 275000000 59809
ta7D 563000000 564000000 44962
ta7A 383000000 384000000 41738
ta5B 121000000 122000000 88674
ta4A 181000000 182000000 50252
ta4B 51000000 52000000 51374
ta5B 379000000 380000000 70844
ta4B 7000000 8000000 29231
ta4A 158000000 159000000 51180
ta6B 561000000 562000000 56458
ta5D 520000000 521000000 45261
ta5A 340000000 341000000 36371
ta4B 28000000 29000000 68815
ta6B 538000000 539000000 84910
ta5A 598000000 599000000 63170
ta3B 336000000 337000000 70886
ta2A 115000000 116000000 161425
ta6D 262000000 263000000 85904
ta3A 555000000 556000000 84735
ta6D 239000000 240000000 57243
ta6A 97000000 98000000 46751
ta2B 733000000 734000000 41871
ta1A 512000000 513000000 82777
ta3D 97000000 98000000 26127
ta4D 477000000 478000000 53806
ta4A 297000000 298000000 94670
ta7A 103000000 104000000 50888
ta5A 35000000 36000000 32814
ta4B 8000000 9000000 29981
ta3B 475000000 476000000 63788
ta2D 434000000 435000000 50012
ta2A 254000000 255000000 80374
ta5A 341000000 342000000 80346
ta5A 318000000 319000000 107338
ta1B 432000000 433000000 45790
ta7B 721000000 722000000 25630
ta6A 500000000 501000000 58408
ta3D 176000000 177000000 46011
ta1B 409000000 410000000 54280
ta1D 133000000 134000000 79801
ta7D 422000000 423000000 70091
ta5B 261000000 262000000 48756
ta4A 715000000 716000000 18646
ta5B 238000000 239000000 46245
ta2D 573000000 574000000 60414
ta6B 420000000 421000000 68362
ta5A 480000000 481000000 74577
ta5A 36000000 37000000 52131
ta2D 36000000 37000000 53364
ta6B 678000000 679000000 62303
ta5A 457000000 458000000 50637
ta2A 255000000 256000000 77349
ta7D 55000000 56000000 64216
ta1A 75000000 76000000 70262
ta6D 121000000 122000000 42391
ta4B 635000000 636000000 68464
ta3A 695000000 696000000 38841
ta3A 414000000 415000000 70792
ta1B 433000000 434000000 92658
ta6D 379000000 380000000 49677
ta6A 199000000 200000000 43366
ta7D 561000000 562000000 30617
ta5B 88000000 89000000 42301
ta7D 538000000 539000000 36934
ta5B 377000000 378000000 56293
ta4D 336000000 337000000 87189
ta2B 175000000 176000000 41563
ta7A 243000000 244000000 74688
ta3B 334000000 335000000 28734
ta2D 574000000 575000000 41238
ta2A 394000000 395000000 66781
ta6B 421000000 422000000 70187
ta5A 200000000 201000000 110271
ta1B 572000000 573000000 45933
ta1A 76000000 77000000 70642
ta1B 549000000 550000000 51600
ta7B 163000000 164000000 72087
ta6A 617000000 618000000 46010
ta6A 95000000 96000000 56557
ta3D 95000000 96000000 32346
ta4D 475000000 476000000 30148
ta1D 273000000 274000000 51790
ta7D 562000000 563000000 41629
ta7A 382000000 383000000 86484
ta5B 120000000 121000000 46882
ta4A 180000000 181000000 65659
ta4B 50000000 51000000 63288
ta7D 539000000 540000000 42587
ta7A 359000000 360000000 47198
ta4B 6000000 7000000 39851
ta4A 157000000 158000000 63883
ta6B 560000000 561000000 54833
ta4B 27000000 28000000 83749
ta6B 537000000 538000000 54235
ta5A 597000000 598000000 69072
ta5A 316000000 317000000 100610
ta3B 335000000 336000000 65573
ta2A 114000000 115000000 43037
ta6D 261000000 262000000 27044
ta3A 554000000 555000000 51807
ta7B 279000000 280000000 95742
ta6D 238000000 239000000 61329
ta2B 732000000 733000000 53559
ta1A 511000000 512000000 40237
ta1D 389000000 390000000 53331
ta4D 476000000 477000000 46166
ta4A 296000000 297000000 105203
ta2B 709000000 710000000 51226
ta7A 102000000 103000000 58676
ta5A 34000000 35000000 50553
ta2D 34000000 35000000 77186
ta3B 474000000 475000000 90353
ta2D 433000000 434000000 49298
ta2A 253000000 254000000 61690
ta5A 317000000 318000000 96441
ta3A 693000000 694000000 37886
ta1B 431000000 432000000 98934
ta7B 720000000 721000000 46251
ta6D 377000000 378000000 44594
ta3D 175000000 176000000 64609
ta1B 689000000 690000000 36684
ta1B 408000000 409000000 78273
ta2B 173000000 174000000 53873
ta1D 132000000 133000000 40518
ta7D 421000000 422000000 60814
ta7A 241000000 242000000 84768
ta5B 260000000 261000000 26959
ta4A 714000000 715000000 27490
ta1D 109000000 110000000 45052
ta7A 499000000 500000000 72245
ta7A 218000000 219000000 83791
ta5B 237000000 238000000 60962
ta2D 572000000 573000000 63245
ta2D 549000000 550000000 74609
ta2D 35000000 36000000 39498
ta6B 677000000 678000000 63043
ta5A 456000000 457000000 69439
ta7D 54000000 55000000 45193
ta1A 74000000 75000000 78704
ta7B 161000000 162000000 60912
ta6D 120000000 121000000 53337
ta4B 634000000 635000000 51413
ta3A 694000000 695000000 21499
ta3A 413000000 414000000 103642
ta6D 378000000 379000000 32978
ta6A 198000000 199000000 63329
ta7D 560000000 561000000 47683
ta5B 87000000 88000000 43738
ta7D 537000000 538000000 67854
ta5B 376000000 377000000 57904
ta4D 335000000 336000000 46817
ta4A 155000000 156000000 58440
ta2B 174000000 175000000 81376
ta7A 242000000 243000000 62706
ta7A 219000000 220000000 68624
ta5A 595000000 596000000 63360
ta3B 333000000 334000000 52304
ta2A 393000000 394000000 94270
ta2A 112000000 113000000 45391
ta1B 571000000 572000000 52593
ta1B 548000000 549000000 80628
ta7B 162000000 163000000 47636
ta6A 616000000 617000000 50554
ta6A 94000000 95000000 55025
ta3D 94000000 95000000 47772
ta7B 139000000 140000000 50059
ta4D 474000000 475000000 56033
ta4A 0 1000000 40340
ta1D 272000000 273000000 56464
ta7A 381000000 382000000 61650
ta1D 249000000 250000000 78371
ta7A 358000000 359000000 68542
ta4B 5000000 6000000 39633
ta4A 156000000 157000000 84320
ta2D 431000000 432000000 84714
ta4B 26000000 27000000 39643
ta2D 408000000 409000000 48391
ta6B 536000000 537000000 29713
ta5A 596000000 597000000 63111
ta5A 315000000 316000000 62659
ta2A 113000000 114000000 64197
ta1B 687000000 688000000 57498
ta6D 260000000 261000000 57677
ta3A 553000000 554000000 77919
ta7B 278000000 279000000 50245
ta6D 237000000 238000000 81786
ta4A 712000000 713000000 19080
ta2B 731000000 732000000 39410
ta1A 510000000 511000000 41648
ta1D 388000000 389000000 69778
ta7A 497000000 498000000 52587
ta5B 235000000 236000000 77481
ta4A 295000000 296000000 96110
ta2B 708000000 709000000 59874
ta7A 101000000 102000000 52309
ta5A 33000000 34000000 39015
ta2D 33000000 34000000 24494
ta6B 675000000 676000000 31177
ta3B 473000000 474000000 61866
ta2D 432000000 433000000 71324
ta2A 252000000 253000000 55217
ta2D 409000000 410000000 61368
ta2A 229000000 230000000 51360
ta3A 692000000 693000000 38891
ta1B 430000000 431000000 102163
ta6D 376000000 377000000 31821
ta3D 174000000 175000000 83004
ta3A 669000000 670000000 63140
ta1B 688000000 689000000 48327
ta1B 407000000 408000000 51310
ta4D 333000000 334000000 38520
ta2B 172000000 173000000 107491
ta1D 131000000 132000000 62059
ta7D 420000000 421000000 73974
ta7A 240000000 241000000 75677
ta4A 713000000 714000000 31509
ta2B 149000000 150000000 60032
ta1D 108000000 109000000 47386
ta7A 498000000 499000000 74405
ta7A 217000000 218000000 56522
ta5B 236000000 237000000 65678
ta2D 571000000 572000000 55266
ta3B 589000000 590000000 52559
ta2D 548000000 549000000 46358
ta6B 676000000 677000000 56653
ta5A 455000000 456000000 38517
ta7D 53000000 54000000 46992
ta1A 73000000 74000000 51840
ta3D 9000000 10000000 27711
ta7B 160000000 161000000 34710
ta6A 614000000 615000000 56408
ta4B 633000000 634000000 69539
ta3A 412000000 413000000 50600
ta7B 137000000 138000000 53097
ta6A 197000000 198000000 66049
ta1D 270000000 271000000 52645
ta5B 86000000 87000000 42144
ta1D 247000000 248000000 72849
ta7D 536000000 537000000 65766
ta5B 375000000 376000000 45692
ta4D 334000000 335000000 75769
ta4A 154000000 155000000 84251
ta5A 594000000 595000000 56556
ta3B 332000000 333000000 47871
ta2A 392000000 393000000 73687
ta2A 111000000 112000000 85153
ta3B 309000000 310000000 37678
ta2A 369000000 370000000 26809
ta3A 551000000 552000000 49684
ta1B 570000000 571000000 47716
ta6D 235000000 236000000 97959
ta3A 528000000 529000000 59336
ta1B 547000000 548000000 55998
ta6A 615000000 616000000 58660
ta6A 93000000 94000000 52869
ta3D 93000000 94000000 79070
ta7B 138000000 139000000 82733
ta4D 473000000 474000000 78766
ta2B 706000000 707000000 52768
ta1D 271000000 272000000 54316
ta7A 380000000 381000000 72722
ta1D 248000000 249000000 46674
ta2B 289000000 290000000 63196
ta7A 357000000 358000000 67758
ta4B 4000000 5000000 85680
ta2D 430000000 431000000 52395
ta4B 25000000 26000000 71205
ta2D 407000000 408000000 38085
ta6B 535000000 536000000 48562
ta5A 314000000 315000000 56264
ta3D 172000000 173000000 70279
ta1B 686000000 687000000 39081
ta3A 552000000 553000000 83639
ta3D 149000000 150000000 60461
ta7B 277000000 278000000 63309
ta6D 236000000 237000000 66086
ta3A 529000000 530000000 74367
ta4A 711000000 712000000 13831
ta2B 730000000 731000000 42411
ta1D 387000000 388000000 85710
ta7A 496000000 497000000 52755
ta5B 234000000 235000000 78140
ta4A 294000000 295000000 156945
ta2B 707000000 708000000 58822
ta7A 100000000 101000000 37109
ta5A 32000000 33000000 60001
ta2D 32000000 33000000 35980
ta6B 674000000 675000000 65343
ta5A 453000000 454000000 43475
ta3B 472000000 473000000 52781
ta2A 251000000 252000000 40221
ta3D 7000000 8000000 29480
ta3B 449000000 450000000 51126
ta2A 228000000 229000000 85468
ta4B 631000000 632000000 39311
ta3A 691000000 692000000 36150
ta6D 375000000 376000000 73755
ta4B 608000000 609000000 30833
ta3D 173000000 174000000 70141
ta3A 668000000 669000000 49863
ta1B 406000000 407000000 52640
ta5B 84000000 85000000 39235
ta4D 332000000 333000000 57900
ta1D 130000000 131000000 50584
ta2B 171000000 172000000 65763
ta4D 309000000 310000000 88906
ta2B 148000000 149000000 63195
ta1D 107000000 108000000 84030
ta7A 216000000 217000000 66135
ta2D 570000000 571000000 28485
ta2A 390000000 391000000 65961
ta3B 588000000 589000000 42249
ta2D 547000000 548000000 61811
ta2A 367000000 368000000 55104
ta5A 454000000 455000000 61003
ta7D 52000000 53000000 50408
ta1A 72000000 73000000 37553
ta3D 8000000 9000000 31216
ta1B 545000000 546000000 68151
ta7D 29000000 30000000 29407
ta6A 613000000 614000000 81829
ta4B 632000000 633000000 28799
ta3A 411000000 412000000 47545
ta1A 49000000 50000000 33025
ta3D 289000000 290000000 41523
ta7B 136000000 137000000 79776
ta6A 196000000 197000000 81473
ta4B 609000000 610000000 65002
ta5B 85000000 86000000 12916
ta1D 246000000 247000000 48636
ta7D 535000000 536000000 24777
ta5B 374000000 375000000 62667
ta4A 153000000 154000000 36296
ta4B 23000000 24000000 61841
ta6B 533000000 534000000 40158
ta5A 593000000 594000000 58771
ta3B 331000000 332000000 34332
ta2A 110000000 111000000 82035
ta2A 391000000 392000000 63531
ta3B 308000000 309000000 78031
ta2A 368000000 369000000 103307
ta3A 550000000 551000000 102703
ta6D 234000000 235000000 81626
ta3A 527000000 528000000 29503
ta1B 546000000 547000000 56150
ta6A 92000000 93000000 62958
ta3D 92000000 93000000 48245
ta6A 69000000 70000000 56304
ta4D 472000000 473000000 75673
ta4A 292000000 293000000 170715
ta2B 705000000 706000000 60271
ta3D 69000000 70000000 51127
ta4D 449000000 450000000 34747
ta2B 288000000 289000000 60259
ta7A 356000000 357000000 72739
ta4B 3000000 4000000 64357
ta3B 470000000 471000000 81567
ta4B 24000000 25000000 41844
ta3B 447000000 448000000 56578
ta2D 406000000 407000000 51986
ta6B 534000000 535000000 62801
ta5A 313000000 314000000 62980
ta3D 171000000 172000000 53912
ta1B 685000000 686000000 55929
ta3D 148000000 149000000 59543
ta7B 276000000 277000000 46023
ta4A 710000000 711000000 35397
ta1D 386000000 387000000 38374
ta1D 105000000 106000000 46767
ta7A 495000000 496000000 60488
ta5B 233000000 234000000 68512
ta4A 293000000 294000000 150045
ta5A 31000000 32000000 35075
ta2D 31000000 32000000 20565
ta6B 673000000 674000000 66033
ta5A 452000000 453000000 53755
ta3B 471000000 472000000 75113
ta2A 250000000 251000000 95116
ta7D 50000000 51000000 42408
ta5A 429000000 430000000 95009
ta3D 6000000 7000000 39243
ta3B 448000000 449000000 61675
ta2A 227000000 228000000 60934
ta7D 27000000 28000000 30510
ta4B 630000000 631000000 71853
ta3A 690000000 691000000 41566
ta6D 374000000 375000000 44833
ta4B 607000000 608000000 66283
ta3A 667000000 668000000 66948
ta1B 405000000 406000000 66023
ta5B 83000000 84000000 45050
ta5B 372000000 373000000 66588
ta4D 331000000 332000000 77488
ta2B 170000000 171000000 74620
ta4D 308000000 309000000 61279
ta2B 147000000 148000000 53766
ta1D 106000000 107000000 62207
ta7A 215000000 216000000 53663
ta3B 587000000 588000000 38003
ta2D 546000000 547000000 97929
ta2A 366000000 367000000 28682
ta7D 51000000 52000000 51330
ta1A 71000000 72000000 42721
ta1B 544000000 545000000 30984
ta7D 28000000 29000000 69728
ta6A 612000000 613000000 67528
ta6A 90000000 91000000 64416
ta3A 410000000 411000000 50022
ta1A 48000000 49000000 64227
ta3D 288000000 289000000 69936
ta3D 90000000 91000000 64057
ta7B 135000000 136000000 31886
ta6A 195000000 196000000 30387
ta6A 67000000 68000000 83619
ta2B 286000000 287000000 85755
ta1D 245000000 246000000 56811
ta7D 534000000 535000000 97444
ta7A 354000000 355000000 46132
ta5B 373000000 374000000 47499
ta4B 1000000 2000000 48401
ta4A 152000000 153000000 73834
ta4B 22000000 23000000 72295
ta4A 129000000 130000000 71583
ta6B 532000000 533000000 69232
ta5A 592000000 593000000 64669
ta3B 330000000 331000000 55065
ta6B 509000000 510000000 34802
ta5A 569000000 570000000 44102
ta3B 307000000 308000000 70097
ta6D 233000000 234000000 44703
ta3A 526000000 527000000 88136
ta6A 91000000 92000000 50216
ta3D 91000000 92000000 35775
ta6A 68000000 69000000 67649
ta4D 471000000 472000000 55938
ta4A 291000000 292000000 155531
ta2B 704000000 705000000 52508
ta3D 68000000 69000000 67430
ta5B 489000000 490000000 54417
ta4D 448000000 449000000 33347
ta4A 268000000 269000000 44184
ta2B 287000000 288000000 55289
ta7A 355000000 356000000 45634
ta4B 2000000 3000000 21748
ta3B 446000000 447000000 45211
ta2D 405000000 406000000 75222
ta5A 312000000 313000000 76164
ta3D 170000000 171000000 53113
ta1B 684000000 685000000 23828
ta1B 403000000 404000000 55141
ta3D 147000000 148000000 35172
ta7B 275000000 276000000 71612
ta1D 104000000 105000000 65373
ta1D 385000000 386000000 35298
ta7A 494000000 495000000 66890
ta5B 232000000 233000000 75780
ta5A 30000000 31000000 59619
ta5B 209000000 210000000 62048
ta4A 269000000 270000000 47280
ta2D 544000000 545000000 53634
ta2D 30000000 31000000 68076
ta6B 672000000 673000000 61513
ta5A 451000000 452000000 56870
ta6B 649000000 650000000 48342
ta5A 428000000 429000000 47428
ta3D 5000000 6000000 44472
ta2A 226000000 227000000 67402
ta7D 26000000 27000000 32010
ta6D 373000000 374000000 37239
ta6A 193000000 194000000 69729
ta4B 606000000 607000000 33705
ta3A 666000000 667000000 57210
ta1B 404000000 405000000 59337
ta5B 82000000 83000000 88320
ta4B 189000000 190000000 65444
ta7D 532000000 533000000 38518
ta5B 371000000 372000000 19585
ta5B 59000000 60000000 35716
ta4D 330000000 331000000 75706
ta5B 348000000 349000000 73990
ta4D 307000000 308000000 80072
ta2B 146000000 147000000 60834
ta7A 214000000 215000000 64760
ta3B 586000000 587000000 10806
ta2D 545000000 546000000 55916
ta2A 365000000 366000000 41732
ta1A 70000000 71000000 79000
ta1B 543000000 544000000 34787
ta6A 611000000 612000000 53407
ta1A 47000000 48000000 31329
ta6D 489000000 490000000 52234
ta3D 287000000 288000000 32721
ta7B 134000000 135000000 72677
ta6A 194000000 195000000 57526
ta6A 66000000 67000000 65088
ta3D 66000000 67000000 50024
ta4D 446000000 447000000 97547
ta2B 285000000 286000000 32751
ta1D 244000000 245000000 81510
ta7D 533000000 534000000 39552
ta7A 353000000 354000000 57704
ta4A 151000000 152000000 60054
ta4B 21000000 22000000 41887
ta5B 349000000 350000000 29485
ta4A 128000000 129000000 28815
ta6B 531000000 532000000 73480
ta5A 591000000 592000000 73301
ta5A 310000000 311000000 75021
ta1B 99000000 100000000 56594
ta6B 508000000 509000000 52714
ta5A 568000000 569000000 68553
ta3B 306000000 307000000 25200
ta7B 273000000 274000000 67907
ta6D 232000000 233000000 63530
ta3A 525000000 526000000 68293
ta6D 209000000 210000000 89476
ta1D 383000000 384000000 77333
ta4D 470000000 471000000 55271
ta4A 290000000 291000000 112505
ta2B 703000000 704000000 75493
ta3D 67000000 68000000 63261
ta7D 649000000 650000000 12904
ta5B 488000000 489000000 29068
ta4D 447000000 448000000 62559
ta4A 267000000 268000000 56943
ta3B 445000000 446000000 56282
ta2D 404000000 405000000 54008
ta2A 224000000 225000000 35761
ta5A 311000000 312000000 57120
ta5D 189000000 190000000 65685
ta6D 371000000 372000000 37709
ta3A 664000000 665000000 45853
ta1B 683000000 684000000 32426
ta1B 402000000 403000000 80812
ta4B 187000000 188000000 33953
ta3D 146000000 147000000 69502
ta7B 274000000 275000000 48853
ta1D 384000000 385000000 58373
ta1D 103000000 104000000 73230
ta7A 493000000 494000000 104662
ta7A 212000000 213000000 63042
ta5B 231000000 232000000 91102
ta5B 208000000 209000000 50766
ta2D 543000000 544000000 60649
ta6B 671000000 672000000 33213
ta5A 450000000 451000000 51337
ta6B 648000000 649000000 21336
ta5A 427000000 428000000 59961
ta3D 4000000 5000000 50208
ta2A 225000000 226000000 77891
ta7D 25000000 26000000 38945
ta1A 45000000 46000000 55982
ta3D 285000000 286000000 40964
ta6D 372000000 373000000 60853
ta6A 192000000 193000000 43766
ta4B 605000000 606000000 70083
ta3A 665000000 666000000 49018
ta5B 81000000 82000000 73218
ta6D 349000000 350000000 62510
ta6A 169000000 170000000 60995
ta4B 188000000 189000000 53050
ta7D 531000000 532000000 47931
ta5B 370000000 371000000 79049
ta5B 58000000 59000000 64218
ta7D 508000000 509000000 50686
ta5B 347000000 348000000 59026
ta4D 306000000 307000000 67029
ta4A 126000000 127000000 51500
ta2B 145000000 146000000 52574
ta7A 213000000 214000000 65920
ta3B 585000000 586000000 52106
ta3B 304000000 305000000 48809
ta2A 364000000 365000000 69865
ta1B 542000000 543000000 34255
ta6A 610000000 611000000 47446
ta1A 46000000 47000000 26930
ta6D 488000000 489000000 68438
ta3D 286000000 287000000 41733
ta1B 519000000 520000000 56420
ta7B 133000000 134000000 68545
ta6A 65000000 66000000 52622
ta3D 65000000 66000000 47047
ta4D 445000000 446000000 71242
ta1D 243000000 244000000 53896
ta2B 284000000 285000000 60335
ta7A 352000000 353000000 61723
ta4A 150000000 151000000 51718
ta4B 20000000 21000000 51572
ta7D 509000000 510000000 43507
ta7A 329000000 330000000 56810
ta4A 127000000 128000000 64032
ta2D 402000000 403000000 35622
ta6B 530000000 531000000 63969
ta5A 590000000 591000000 38292
ta1B 98000000 99000000 31210
ta6B 507000000 508000000 46764
ta5A 567000000 568000000 58144
ta3B 305000000 306000000 60641
ta1B 681000000 682000000 46866
ta1B 658000000 659000000 46941
ta7B 272000000 273000000 38779
ta6D 231000000 232000000 90534
ta3A 524000000 525000000 69311
ta7B 249000000 250000000 52641
ta6D 208000000 209000000 71144
ta1D 382000000 383000000 55502
ta2B 702000000 703000000 114579
ta1D 359000000 360000000 71500
ta7D 648000000 649000000 100937
ta5B 487000000 488000000 45080
ta5B 206000000 207000000 38494
ta4A 266000000 267000000 77579
ta3B 444000000 445000000 63369
ta2D 403000000 404000000 45493
ta2A 223000000 224000000 71504
ta5D 188000000 189000000 59791
ta6D 370000000 371000000 65738
ta3A 663000000 664000000 57278
ta1B 682000000 683000000 60530
ta1B 401000000 402000000 59024
ta6D 347000000 348000000 41938
ta4B 186000000 187000000 48835
ta3D 145000000 146000000 59886
ta1B 659000000 660000000 40995
ta2B 143000000 144000000 49398
ta1D 102000000 103000000 48884
ta7A 492000000 493000000 42986
ta7A 211000000 212000000 67000
ta5B 230000000 231000000 80980
ta7A 469000000 470000000 48196
ta5B 207000000 208000000 81973
ta3B 583000000 584000000 85319
ta2D 542000000 543000000 33077
ta6B 670000000 671000000 20975
ta2D 519000000 520000000 50437
ta6B 647000000 648000000 36799
ta5A 426000000 427000000 75182
ta3D 3000000 4000000 28696
ta7D 24000000 25000000 48247
ta1A 44000000 45000000 53992
ta3D 284000000 285000000 85859
ta7B 131000000 132000000 43172
ta6A 191000000 192000000 39440
ta4B 604000000 605000000 68237
ta5B 80000000 81000000 76017
ta7B 389000000 390000000 53241
ta7B 108000000 109000000 51730
ta6D 348000000 349000000 68270
ta6A 168000000 169000000 105841
ta1D 241000000 242000000 46447
ta7D 530000000 531000000 64408
ta5B 57000000 58000000 52336
ta1D 499000000 500000000 80638
ta7D 507000000 508000000 63561
ta5B 346000000 347000000 45648
ta4D 305000000 306000000 77717
ta4A 125000000 126000000 65125
ta2B 144000000 145000000 54791
ta5A 565000000 566000000 64761
ta3B 584000000 585000000 85679
ta3B 303000000 304000000 55680
ta2A 363000000 364000000 45939
ta1B 541000000 542000000 59199
ta6D 487000000 488000000 35213
ta1B 518000000 519000000 66395
ta7B 132000000 133000000 37288
ta6A 64000000 65000000 70597
ta2B 700000000 701000000 36606
ta3D 64000000 65000000 56778
ta7B 109000000 110000000 58243
ta4D 444000000 445000000 46824
ta2B 283000000 284000000 56704
ta1D 242000000 243000000 77398
ta7A 351000000 352000000 63319
ta1D 219000000 220000000 64850
ta7A 328000000 329000000 80870
ta2D 401000000 402000000 36799
ta1B 97000000 98000000 62990
ta5D 186000000 187000000 19480
ta2D 659000000 660000000 20977
ta2A 479000000 480000000 60499
ta6B 506000000 507000000 72507
ta5A 566000000 567000000 70093
ta1B 680000000 681000000 49166
ta3D 143000000 144000000 60025
ta1B 657000000 658000000 39929
ta7B 271000000 272000000 63059
ta6D 230000000 231000000 61142
ta3A 523000000 524000000 45140
ta7B 248000000 249000000 50707
ta6D 207000000 208000000 16126
ta1D 381000000 382000000 39742
ta7A 490000000 491000000 73745
ta2B 701000000 702000000 57395
ta2B 399000000 400000000 63187
ta1D 358000000 359000000 88736
ta7D 647000000 648000000 53420
ta7A 467000000 468000000 39522
ta5B 486000000 487000000 53413
ta5B 205000000 206000000 90702
ta4A 265000000 266000000 65460
ta6B 645000000 646000000 50455
ta3D 1000000 2000000 36907
ta3B 443000000 444000000 43642
ta2A 222000000 223000000 67364
ta5D 187000000 188000000 48640
ta3A 662000000 663000000 73470
ta1B 400000000 401000000 66477
ta6D 346000000 347000000 53445
ta4B 185000000 186000000 33023
ta3D 144000000 145000000 48492
ta3A 639000000 640000000 88834
ta5B 55000000 56000000 49241
ta4D 303000000 304000000 71259
ta2B 142000000 143000000 40604
ta1D 101000000 102000000 53077
ta7A 491000000 492000000 106987
ta7A 210000000 211000000 55706
ta1A 179000000 180000000 52486
ta2B 119000000 120000000 52316
ta7A 468000000 469000000 62378
ta3B 582000000 583000000 55085
ta2D 541000000 542000000 28750
ta3B 559000000 560000000 40492
ta2D 518000000 519000000 43378
ta6B 646000000 647000000 37990
ta5A 425000000 426000000 59002
ta3D 2000000 3000000 32174
ta7D 23000000 24000000 32293
ta1A 43000000 44000000 51901
ta3D 283000000 284000000 62603
ta7B 130000000 131000000 50540
ta6A 190000000 191000000 104325
ta4B 603000000 604000000 40269
ta7B 388000000 389000000 86896
ta7B 107000000 108000000 86336
ta6A 167000000 168000000 69509
ta1D 240000000 241000000 60795
ta5B 56000000 57000000 31466
ta1D 217000000 218000000 74641
ta1D 498000000 499000000 39819
ta7D 506000000 507000000 62950
ta5B 345000000 346000000 60487
ta4D 304000000 305000000 71038
ta4A 124000000 125000000 61294
ta1B 95000000 96000000 90100
ta2D 657000000 658000000 43575
ta5A 564000000 565000000 33053
ta3B 302000000 303000000 85407
ta2A 362000000 363000000 67563
ta2A 339000000 340000000 85271
ta3A 521000000 522000000 62055
ta1B 540000000 541000000 34479
ta6D 486000000 487000000 52941
ta6D 205000000 206000000 46345
ta1B 517000000 518000000 66953
ta6A 63000000 64000000 49331
ta3D 63000000 64000000 46852
ta7D 645000000 646000000 59313
ta5B 484000000 485000000 54638
ta4D 443000000 444000000 53866
ta2B 282000000 283000000 66919
ta7A 350000000 351000000 44004
ta1D 218000000 219000000 62082
ta2B 259000000 260000000 61537
ta7A 327000000 328000000 44234
ta3B 441000000 442000000 61226
ta2D 400000000 401000000 29933
ta1B 96000000 97000000 43860
ta5D 185000000 186000000 38584
ta3B 699000000 700000000 89065
ta2D 658000000 659000000 24891
ta2A 478000000 479000000 39793
ta6B 505000000 506000000 62187
ta3D 142000000 143000000 102782
ta1B 656000000 657000000 36882
ta7B 270000000 271000000 90594
ta3A 522000000 523000000 55095
ta3D 119000000 120000000 42972
ta7B 247000000 248000000 37330
ta6D 206000000 207000000 58811
ta1D 380000000 381000000 63100
ta2B 398000000 399000000 47016
ta1D 357000000 358000000 60082
ta7D 646000000 647000000 34162
ta7A 466000000 467000000 76197
ta5B 485000000 486000000 60688
ta5B 204000000 205000000 78691
ta4A 264000000 265000000 45440
ta6B 644000000 645000000 40164
ta5A 423000000 424000000 86535
ta3B 442000000 443000000 84203
ta2A 221000000 222000000 54155
ta7A 99000000 100000000 31127
ta3B 419000000 420000000 37523
ta4B 601000000 602000000 82078
ta3A 661000000 662000000 60894
ta7B 386000000 387000000 53983
ta6D 345000000 346000000 60032
ta4B 184000000 185000000 43835
ta3A 638000000 639000000 83396
ta5B 54000000 55000000 51458
ta1D 496000000 497000000 64004
ta4D 302000000 303000000 69954
ta1D 100000000 101000000 57555
ta2B 141000000 142000000 48009
ta1A 178000000 179000000 64278
ta2B 118000000 119000000 64509
ta3B 581000000 582000000 35347
ta2D 540000000 541000000 81151
ta2A 360000000 361000000 31652
ta3B 558000000 559000000 54391
ta2D 517000000 518000000 35532
ta2A 337000000 338000000 74393
ta5A 424000000 425000000 51737
ta7D 22000000 23000000 61102
ta1A 42000000 43000000 64202
ta6D 484000000 485000000 40965
ta3D 282000000 283000000 35751
ta1B 515000000 516000000 42224
ta6A 61000000 62000000 50930
ta4B 602000000 603000000 46367
ta1A 19000000 20000000 84500
ta3D 259000000 260000000 43884
ta7B 387000000 388000000 62604
ta7B 106000000 107000000 39442
ta6A 166000000 167000000 49314
ta6A 38000000 39000000 52315
ta2B 280000000 281000000 5608
ta1D 497000000 498000000 59515
ta1D 216000000 217000000 64630
ta7D 505000000 506000000 25874
ta7A 325000000 326000000 90052
ta5B 344000000 345000000 43195
ta4A 123000000 124000000 76064
ta1B 94000000 95000000 100627
ta2D 656000000 657000000 30770
ta6B 503000000 504000000 48055
ta5A 563000000 564000000 23297
ta3B 301000000 302000000 45973
ta2A 361000000 362000000 30550
ta2A 338000000 339000000 56179
ta3A 520000000 521000000 27445
ta3D 398000000 399000000 56752
ta6D 485000000 486000000 61888
ta6D 204000000 205000000 47084
ta1B 516000000 517000000 65374
ta6A 62000000 63000000 63672
ta3D 62000000 63000000 72137
ta7D 644000000 645000000 21443
ta6A 39000000 40000000 55972
ta5B 483000000 484000000 39212
ta4D 442000000 443000000 44270
ta4A 262000000 263000000 60152
ta2B 281000000 282000000 60901
ta3D 39000000 40000000 35160
ta4D 419000000 420000000 59723
ta4A 239000000 240000000 52872
ta2B 258000000 259000000 51829
ta7A 326000000 327000000 34420
ta3B 440000000 441000000 60056
ta5D 184000000 185000000 60208
ta3B 698000000 699000000 38304
ta3B 417000000 418000000 81981
ta2A 477000000 478000000 65819
ta6B 504000000 505000000 59286
ta3D 141000000 142000000 82908
ta1B 655000000 656000000 45471
ta3D 399000000 400000000 54818
ta3D 118000000 119000000 76023
ta7B 246000000 247000000 20193
ta1D 356000000 357000000 89052
ta1A 176000000 177000000 61809
ta2B 397000000 398000000 52288
ta7A 465000000 466000000 70455
ta5B 203000000 204000000 58307
ta4A 263000000 264000000 59565
ta2D 515000000 516000000 28123
ta6B 643000000 644000000 56740
ta5A 422000000 423000000 41869
ta2A 79000000 80000000 57820
ta2A 220000000 221000000 79457
ta7D 20000000 21000000 22984
ta7A 98000000 99000000 64577
ta3B 418000000 419000000 61675
ta4D 98000000 99000000 47059
ta4B 600000000 601000000 34933
ta3A 660000000 661000000 81704
ta7B 385000000 386000000 73857
ta6D 344000000 345000000 60833
ta6A 164000000 165000000 46055
ta4B 183000000 184000000 53149
ta3A 637000000 638000000 71873
ta5B 53000000 54000000 82669
ta1D 495000000 496000000 56216
ta5B 342000000 343000000 60822
ta4D 301000000 302000000 49927
ta2B 140000000 141000000 51713
ta5B 319000000 320000000 61823
ta4A 379000000 380000000 58200
ta1A 177000000 178000000 47508
ta2B 117000000 118000000 32069
ta3B 580000000 581000000 46421
ta3B 557000000 558000000 68120
ta2D 516000000 517000000 65350
ta2A 336000000 337000000 38125
ta7D 21000000 22000000 40843
ta1A 41000000 42000000 37349
ta6D 483000000 484000000 38130
ta3D 281000000 282000000 39206
ta1B 514000000 515000000 71541
ta6A 60000000 61000000 41506
ta4D 99000000 100000000 54476
ta1A 18000000 19000000 45103
ta4B 299000000 300000000 54301
ta3D 258000000 259000000 65941
ta3D 60000000 61000000 25212
ta7B 105000000 106000000 42010
ta6A 165000000 166000000 83729
ta6A 37000000 38000000 47735
ta4D 440000000 441000000 40615
ta3D 37000000 38000000 81337
ta2B 256000000 257000000 80730
ta1D 215000000 216000000 81356
ta7D 504000000 505000000 68103
ta7A 324000000 325000000 57578
ta5B 343000000 344000000 37196
ta4A 122000000 123000000 59121
ta1B 93000000 94000000 40952
ta3B 696000000 697000000 63291
ta2D 655000000 656000000 41582
ta6B 502000000 503000000 54519
ta5A 562000000 563000000 108181
ta3B 300000000 301000000 88832
ta5A 539000000 540000000 40605
ta3D 397000000 398000000 65694
ta7B 244000000 245000000 56888
ta6D 203000000 204000000 62001
ta3D 61000000 62000000 79624
ta1D 354000000 355000000 39469
ta7D 643000000 644000000 11716
ta5B 482000000 483000000 70748
ta4D 441000000 442000000 39631
ta4A 261000000 262000000 90910
ta3D 38000000 39000000 53800
ta5B 459000000 460000000 44889
ta4D 418000000 419000000 110357
ta4A 238000000 239000000 85830
ta2B 257000000 258000000 49604
ta2A 77000000 78000000 79390
ta5D 183000000 184000000 34103
ta5A 678000000 679000000 36947
ta3B 697000000 698000000 35476
ta3B 416000000 417000000 61773
ta2A 476000000 477000000 73262
ta4B 181000000 182000000 70534
ta3D 140000000 141000000 65876
ta1B 654000000 655000000 40132
ta4B 158000000 159000000 44087
ta3D 117000000 118000000 33809
ta7B 245000000 246000000 56296
ta2B 396000000 397000000 31624
ta1D 355000000 356000000 39362
ta1A 175000000 176000000 54462
ta7A 464000000 465000000 61513
ta5B 202000000 203000000 38904
ta1A 8000000 9000000 35573
ta2D 514000000 515000000 85395
ta6B 642000000 643000000 26789
ta5A 421000000 422000000 63940
ta2A 78000000 79000000 50781
ta5D 299000000 300000000 66397
ta7A 97000000 98000000 64023
ta6B 619000000 620000000 72268
ta5A 679000000 680000000 53403
ta4D 97000000 98000000 84327
ta1A 16000000 17000000 56006
ta7B 384000000 385000000 14106
ta6D 343000000 344000000 38255
ta6A 163000000 164000000 56962
ta4B 182000000 183000000 49236
ta3A 636000000 637000000 62534
ta5B 52000000 53000000 40091
ta4B 159000000 160000000 41834
ta1D 494000000 495000000 29185
ta7D 502000000 503000000 24091
ta5B 341000000 342000000 28656
ta5B 29000000 30000000 45486
ta4D 300000000 301000000 49795
ta4A 120000000 121000000 66045
ta5B 599000000 600000000 42689
ta5B 318000000 319000000 73073
ta4A 378000000 379000000 78846
ta2B 116000000 117000000 66565
ta1A 9000000 10000000 46947
ta3B 556000000 557000000 36348
ta2A 335000000 336000000 50498
ta1A 40000000 41000000 68090
ta6D 482000000 483000000 83861
ta3D 280000000 281000000 73163
ta1B 513000000 514000000 53702
ta1A 17000000 18000000 53730
ta6D 459000000 460000000 26453
ta4B 298000000 299000000 38798
ta3D 257000000 258000000 84150
ta7B 104000000 105000000 44399
ta6A 36000000 37000000 42292
ta3D 36000000 37000000 73561
ta2B 255000000 256000000 60880
ta1D 214000000 215000000 47359
ta7D 503000000 504000000 38505
ta7A 323000000 324000000 42417
ta4A 121000000 122000000 76819
ta1B 92000000 93000000 65272
ta3B 695000000 696000000 53043
ta2D 654000000 655000000 32126
ta6B 501000000 502000000 54332
ta5A 561000000 562000000 49796
ta1B 69000000 70000000 53822
ta5A 538000000 539000000 64678
ta1B 652000000 653000000 29035
ta3D 396000000 397000000 70132
ta7B 243000000 244000000 59712
ta6D 202000000 203000000 52575
ta1D 353000000 354000000 32683
ta7D 642000000 643000000 31319
ta5B 481000000 482000000 56778
ta5B 200000000 201000000 75984
ta4A 260000000 261000000 77414
ta7D 619000000 620000000 64497
ta5B 458000000 459000000 52073
ta4D 417000000 418000000 8395
ta4A 237000000 238000000 66651
ta2A 76000000 77000000 86050
ta5D 182000000 183000000 70725
ta5A 677000000 678000000 44556
ta3B 415000000 416000000 72614
ta2A 475000000 476000000 62537
ta5D 159000000 160000000 64352
ta6D 341000000 342000000 27666
ta6B 89000000 90000000 39761
ta4B 180000000 181000000 54911
ta3A 634000000 635000000 62582
ta1B 653000000 654000000 44543
ta6D 318000000 319000000 62209
ta4B 157000000 158000000 62840
ta3D 116000000 117000000 41119
ta5B 597000000 598000000 71957
ta2B 395000000 396000000 42196
ta1A 174000000 175000000 70376
ta2B 114000000 115000000 34410
ta7A 463000000 464000000 82645
ta5B 201000000 202000000 15266
ta1A 7000000 8000000 52057
ta2D 513000000 514000000 46976
ta6B 641000000 642000000 38014
ta5A 420000000 421000000 64595
ta5D 298000000 299000000 47166
ta7A 96000000 97000000 86400
ta6B 618000000 619000000 55093
ta4D 96000000 97000000 38810
ta1A 15000000 16000000 25572
ta3D 255000000 256000000 77096
ta7B 383000000 384000000 30048
ta7B 102000000 103000000 49680
ta6D 342000000 343000000 43977
ta6A 162000000 163000000 34560
ta3A 635000000 636000000 59640
ta5B 51000000 52000000 40113
ta6D 319000000 320000000 65009
ta6A 139000000 140000000 42095
ta1D 493000000 494000000 33122
ta7D 501000000 502000000 45239
ta5B 340000000 341000000 53751
ta5B 28000000 29000000 75128
ta7A 579000000 580000000 57084
ta5B 598000000 599000000 60258
ta5B 317000000 318000000 49486
ta4A 377000000 378000000 38378
ta2B 115000000 116000000 28623
ta5A 536000000 537000000 23058
ta3B 555000000 556000000 71951
ta2A 334000000 335000000 64791
ta6D 481000000 482000000 21972
ta1B 512000000 513000000 60176
ta7B 499000000 500000000 47765
ta6D 458000000 459000000 63838
ta4B 297000000 298000000 75197
ta3D 256000000 257000000 55963
ta7B 103000000 104000000 58354
ta6A 35000000 36000000 64572
ta3D 35000000 36000000 38985
ta4D 415000000 416000000 20559
ta1D 213000000 214000000 39730
ta2B 254000000 255000000 26443
ta7A 322000000 323000000 67301
ta1B 91000000 92000000 80976
ta5D 180000000 181000000 39407
ta3B 694000000 695000000 64393
ta2D 653000000 654000000 48449
ta2A 473000000 474000000 54367
ta6B 500000000 501000000 54204
ta5A 560000000 561000000 57033
ta1B 68000000 69000000 45961
ta5D 157000000 158000000 27136
ta6B 87000000 88000000 28825
ta5A 537000000 538000000 69689
ta1B 651000000 652000000 60656
ta3D 395000000 396000000 54288
ta1B 628000000 629000000 91154
ta7B 242000000 243000000 45920
ta6D 201000000 202000000 82779
ta7B 219000000 220000000 63431
ta6A 279000000 280000000 53517
ta1D 352000000 353000000 44354
ta7D 641000000 642000000 46544
ta7A 461000000 462000000 74313
ta5B 480000000 481000000 72938
ta1D 329000000 330000000 75651
ta7D 618000000 619000000 42229
ta7A 438000000 439000000 74947
ta5B 457000000 458000000 67917
ta4A 236000000 237000000 63357
ta2A 75000000 76000000 70314
ta6B 616000000 617000000 58329
ta5D 181000000 182000000 39126
ta5A 676000000 677000000 59793
ta3B 414000000 415000000 43326
ta2A 474000000 475000000 43431
ta6B 199000000 200000000 52848
ta5D 158000000 159000000 66502
ta6D 340000000 341000000 57840
ta6B 88000000 89000000 60592
ta3A 633000000 634000000 59594
ta6D 317000000 318000000 57344
ta4B 156000000 157000000 70529
ta3D 115000000 116000000 56200
ta1B 629000000 630000000 44328
ta5B 596000000 597000000 56109
ta4A 375000000 376000000 53585
ta2B 394000000 395000000 60641
ta1A 173000000 174000000 48093
ta2B 113000000 114000000 40010
ta7A 462000000 463000000 62001
ta1A 6000000 7000000 14487
ta7A 439000000 440000000 117420
ta3B 553000000 554000000 38721
ta2D 512000000 513000000 53503
ta6B 640000000 641000000 58597
ta5D 297000000 298000000 65796
ta7A 95000000 96000000 80130
ta6B 617000000 618000000 87190
ta4D 95000000 96000000 48345
ta1A 14000000 15000000 45926
ta3D 254000000 255000000 67253
ta7B 382000000 383000000 63731
ta7B 101000000 102000000 43170
ta6A 161000000 162000000 65143
ta5B 50000000 51000000 37536
ta7B 359000000 360000000 55509
ta6A 138000000 139000000 69384
ta1D 492000000 493000000 48069
ta1D 211000000 212000000 57643
ta7D 500000000 501000000 59841
ta5B 27000000 28000000 40106
ta1D 469000000 470000000 25964
ta1A 289000000 290000000 108367
ta7B 0 1000000 48936
ta7A 578000000 579000000 78368
ta5B 316000000 317000000 64803
ta4A 376000000 377000000 43873
ta2D 651000000 652000000 16868
ta5A 535000000 536000000 64896
ta3B 554000000 555000000 53914
ta2A 333000000 334000000 85288
ta6D 480000000 481000000 43837
ta1B 511000000 512000000 62170
ta7B 498000000 499000000 55546
ta6D 457000000 458000000 51433
ta6A 277000000 278000000 43635
ta4B 296000000 297000000 86697
ta6A 34000000 35000000 58793
ta3D 34000000 35000000 52739
ta5B 455000000 456000000 94118
ta4D 414000000 415000000 41988
ta2B 253000000 254000000 65094
ta1D 212000000 213000000 71436
ta7A 321000000 322000000 54130
ta7D 199000000 200000000 48652
ta1B 90000000 91000000 63076
ta3B 693000000 694000000 31577
ta2D 652000000 653000000 20233
ta2A 472000000 473000000 48197
ta1B 67000000 68000000 36453
ta5D 156000000 157000000 50334
ta2D 629000000 630000000 49854
ta2A 449000000 450000000 98322
ta6B 86000000 87000000 52054
ta1B 650000000 651000000 25319
ta3D 394000000 395000000 51393
ta3D 113000000 114000000 67538
ta1B 627000000 628000000 69971
ta7B 241000000 242000000 66773
ta6D 200000000 201000000 48284
ta7B 218000000 219000000 61864
ta6A 278000000 279000000 55420
ta1D 351000000 352000000 75811
ta2B 392000000 393000000 87472
ta7D 640000000 641000000 30768
ta7A 460000000 461000000 48986
ta2B 369000000 370000000 76881
ta1D 328000000 329000000 38310
ta7D 617000000 618000000 37814
ta7A 437000000 438000000 21696
ta5B 456000000 457000000 59850
ta4A 235000000 236000000 99012
ta2A 74000000 75000000 66902
ta7A 93000000 94000000 46374
ta6B 615000000 616000000 58412
ta5A 675000000 676000000 34199
ta3B 413000000 414000000 72041
ta6B 198000000 199000000 46005
ta7B 380000000 381000000 58286
ta3A 632000000 633000000 89517
ta7B 357000000 358000000 120276
ta6D 316000000 317000000 68112
ta4B 155000000 156000000 65810
ta3D 114000000 115000000 52606
ta3A 609000000 610000000 44397
ta1D 490000000 491000000 43585
ta5B 25000000 26000000 59717
ta5B 595000000 596000000 54244
ta4A 374000000 375000000 58800
ta1A 172000000 173000000 49674
ta2B 112000000 113000000 38468
ta2B 393000000 394000000 62865
ta1A 5000000 6000000 72770
ta1A 149000000 150000000 86160
ta3B 552000000 553000000 72485
ta2D 511000000 512000000 59909
ta2A 331000000 332000000 82359
ta5D 296000000 297000000 56768
ta3B 529000000 530000000 67347
ta2A 589000000 590000000 90786
ta2A 308000000 309000000 51984
ta7A 94000000 95000000 74521
ta4D 94000000 95000000 50933
ta1A 13000000 14000000 50827
ta4B 294000000 295000000 62600
ta3D 253000000 254000000 49635
ta7B 381000000 382000000 61211
ta7B 100000000 101000000 85351
ta6A 160000000 161000000 93260
ta7B 358000000 359000000 110516
ta6A 137000000 138000000 38715
ta1D 491000000 492000000 34236
ta1D 210000000 211000000 30010
ta5B 26000000 27000000 35550
ta1D 468000000 469000000 57125
ta1A 288000000 289000000 89596
ta7A 577000000 578000000 68327
ta5B 315000000 316000000 71399
ta2D 650000000 651000000 52015
ta1B 65000000 66000000 54683
ta2D 627000000 628000000 52552
ta5A 534000000 535000000 64347
ta2A 332000000 333000000 92956
ta2A 309000000 310000000 30602
ta1B 510000000 511000000 36249
ta7B 497000000 498000000 61262
ta6D 456000000 457000000 73515
ta6A 276000000 277000000 50808
ta4B 295000000 296000000 53558
ta3A 749000000 750000000 42295
ta6A 33000000 34000000 50729
ta3D 33000000 34000000 21359
ta7D 615000000 616000000 49377
ta5B 454000000 455000000 48103
ta4D 413000000 414000000 46654
ta4A 233000000 234000000 76092
ta2B 252000000 253000000 67275
ta7A 320000000 321000000 76837
ta7D 198000000 199000000 49418
ta2B 229000000 230000000 46589
ta3B 692000000 693000000 65270
ta3B 411000000 412000000 58886
ta2A 471000000 472000000 52531
ta1B 66000000 67000000 55950
ta6B 196000000 197000000 65661
ta5D 155000000 156000000 43519
ta3B 669000000 670000000 84855
ta2D 628000000 629000000 30663
ta2A 448000000 449000000 39442
ta6B 85000000 86000000 31201
ta6A 9000000 10000000 15561
ta3D 393000000 394000000 44524
ta3D 112000000 113000000 66012
ta1B 626000000 627000000 45736
ta7B 240000000 241000000 71181
ta7B 217000000 218000000 55326
ta2B 391000000 392000000 61156
ta1D 350000000 351000000 77024
ta1A 170000000 171000000 87002
ta4D 529000000 530000000 37762
ta2B 368000000 369000000 56313
ta1D 327000000 328000000 65646
ta1A 147000000 148000000 53255
ta7D 616000000 617000000 42132
ta7A 436000000 437000000 60123
ta4A 234000000 235000000 59747
ta2A 73000000 74000000 68922
ta7A 92000000 93000000 43248
ta6B 614000000 615000000 71062
ta5A 674000000 675000000 45646
ta3B 412000000 413000000 58568
ta4D 92000000 93000000 53834
ta7A 69000000 70000000 54250
ta6B 197000000 198000000 55049
ta4D 69000000 70000000 66737
ta3A 631000000 632000000 71978
ta7B 356000000 357000000 126123
ta6D 315000000 316000000 70280
ta4B 154000000 155000000 52845
ta3A 608000000 609000000 70737
ta5B 24000000 25000000 28170
ta1D 466000000 467000000 52277
ta5B 594000000 595000000 44210
ta5B 313000000 314000000 30722
ta4A 373000000 374000000 56694
ta1A 171000000 172000000 67362
ta2B 111000000 112000000 62863
ta1A 4000000 5000000 37147
ta1A 148000000 149000000 82632
ta3B 551000000 552000000 58666
ta2D 510000000 511000000 79201
ta2A 330000000 331000000 73698
ta5D 295000000 296000000 53308
ta3B 528000000 529000000 71424
ta2A 588000000 589000000 97815
ta2A 307000000 308000000 86258
ta4D 93000000 94000000 62327
ta1A 12000000 13000000 44544
ta6D 454000000 455000000 98397
ta4B 293000000 294000000 55101
ta3D 252000000 253000000 69395
ta3A 747000000 748000000 31811
ta6A 31000000 32000000 22795
ta3D 229000000 230000000 54892
ta3D 31000000 32000000 25487
ta6A 136000000 137000000 58077
ta2B 250000000 251000000 46956
ta1D 467000000 468000000 61887
ta1A 287000000 288000000 81857
ta2B 227000000 228000000 80854
ta7A 576000000 577000000 102798
ta5B 314000000 315000000 51177
ta1B 64000000 65000000 68981
ta2D 626000000 627000000 39858
ta5A 533000000 534000000 72565
ta3D 391000000 392000000 67296
ta3D 368000000 369000000 61204
ta7B 496000000 497000000 78748
ta6D 455000000 456000000 75679
ta6A 275000000 276000000 119427
ta3A 748000000 749000000 61639
ta6A 32000000 33000000 52123
ta3D 32000000 33000000 57139
ta7D 614000000 615000000 68182
ta5B 453000000 454000000 59828
ta4D 412000000 413000000 37509
ta4A 232000000 233000000 50522
ta2B 251000000 252000000 51761
ta2A 71000000 72000000 61870
ta7D 197000000 198000000 55232
ta4A 209000000 210000000 91809
ta2B 228000000 229000000 61541
ta5A 672000000 673000000 42974
ta3B 691000000 692000000 65267
ta3B 410000000 411000000 60816
ta2A 470000000 471000000 27952
ta2A 48000000 49000000 70331
ta6B 195000000 196000000 51934
ta5D 154000000 155000000 27817
ta5A 649000000 650000000 79617
ta3B 668000000 669000000 62354
ta2A 447000000 448000000 61377
ta6B 84000000 85000000 27972
ta6A 8000000 9000000 38799
ta4B 152000000 153000000 57869
ta3D 392000000 393000000 100342
ta3D 111000000 112000000 75606
ta1B 625000000 626000000 51704
ta3D 369000000 370000000 52703
ta3A 189000000 190000000 98323
ta7B 216000000 217000000 52177
ta2B 390000000 391000000 53205
ta4D 528000000 529000000 26068
ta1D 326000000 327000000 45144
ta1A 146000000 147000000 57975
ta2B 367000000 368000000 69598
ta1A 2000000 3000000 38534
ta7A 435000000 436000000 33378
ta2A 72000000 73000000 48528
ta5D 293000000 294000000 62270
ta2A 586000000 587000000 70170
ta7A 91000000 92000000 69335
ta6B 613000000 614000000 94383
ta5A 673000000 674000000 50809
ta2A 49000000 50000000 54214
ta4D 91000000 92000000 46951
ta1A 10000000 11000000 50789
ta7A 68000000 69000000 82747
ta4D 68000000 69000000 90781
ta3A 630000000 631000000 84226
ta7B 355000000 356000000 109619
ta6D 314000000 315000000 54511
ta6A 134000000 135000000 70895
ta4B 153000000 154000000 53685
ta3A 607000000 608000000 57432
ta5B 23000000 24000000 30059
ta1D 465000000 466000000 43255
ta7A 574000000 575000000 54815
ta5B 593000000 594000000 71829
ta5B 312000000 313000000 53169
ta4A 372000000 373000000 61181
ta2B 110000000 111000000 50048
ta4A 349000000 350000000 31567
ta1A 3000000 4000000 60957
ta3B 550000000 551000000 58791
ta6B 729000000 730000000 51301
ta5D 294000000 295000000 43378
ta3B 527000000 528000000 40654
ta2A 306000000 307000000 31162
ta2A 587000000 588000000 73284
ta1A 11000000 12000000 39305
ta6D 453000000 454000000 33501
ta4B 292000000 293000000 63122
ta3D 251000000 252000000 38404
ta3A 746000000 747000000 43621
ta6A 30000000 31000000 33378
ta4B 269000000 270000000 63375
ta3D 228000000 229000000 79396
ta3D 30000000 31000000 28767
ta6A 135000000 136000000 68113
ta4D 410000000 411000000 52481
ta7D 195000000 196000000 73989
ta4A 488000000 489000000 31309
ta1A 286000000 287000000 50008
ta2B 226000000 227000000 75624
ta7A 575000000 576000000 26581
ta1B 63000000 64000000 57162
ta3B 666000000 667000000 66787
ta2D 625000000 626000000 46567
ta5A 532000000 533000000 76272
ta5A 509000000 510000000 48224
ta3D 390000000 391000000 72186
ta3D 367000000 368000000 48625
ta7B 495000000 496000000 75135
ta7B 214000000 215000000 63693
ta6A 274000000 275000000 51187
ta1D 324000000 325000000 41266
ta7D 613000000 614000000 32645
ta5B 452000000 453000000 46059
ta4D 411000000 412000000 53003
ta4A 231000000 232000000 26104
ta2A 70000000 71000000 92881
ta7D 196000000 197000000 79194
ta5B 429000000 430000000 38548
ta4A 489000000 490000000 66144
ta4A 208000000 209000000 57962
ta5A 671000000 672000000 44711
ta3B 690000000 691000000 38893
ta2A 47000000 48000000 42151
ta6B 194000000 195000000 65878
ta5D 153000000 154000000 6950
ta5A 648000000 649000000 37335
ta3B 667000000 668000000 54436
ta2A 446000000 447000000 43949
ta6B 83000000 84000000 47615
ta6D 312000000 313000000 32663
ta6A 7000000 8000000 39932
ta4B 151000000 152000000 80009
ta3D 110000000 111000000 61278
ta3A 605000000 606000000 73135
ta1B 624000000 625000000 74210
ta4B 128000000 129000000 54627
ta3A 188000000 189000000 65755
ta7B 215000000 216000000 42458
ta5B 591000000 592000000 37039
ta5B 568000000 569000000 73244
ta4D 527000000 528000000 34723
ta2B 366000000 367000000 92564
ta1A 1000000 2000000 97846
ta1D 325000000 326000000 52209
ta1A 145000000 146000000 56719
ta7A 434000000 435000000 68926
ta5D 292000000 293000000 52501
ta2A 585000000 586000000 60554
ta7A 90000000 91000000 42627
ta6B 612000000 613000000 57575
ta5D 269000000 270000000 49212
ta4D 90000000 91000000 65767
ta7A 67000000 68000000 36012
ta4D 67000000 68000000 54874
ta3D 226000000 227000000 28045
ta7B 354000000 355000000 107033
ta6D 313000000 314000000 68775
ta6A 133000000 134000000 71881
ta3A 606000000 607000000 91705
ta5B 22000000 23000000 31418
ta4B 129000000 130000000 58414
ta1D 464000000 465000000 44812
ta7A 573000000 574000000 69079
ta5B 592000000 593000000 52660
ta5B 311000000 312000000 68022
ta4A 371000000 372000000 22768
ta5B 569000000 570000000 40891
ta4A 348000000 349000000 63974
ta5A 530000000 531000000 38394
ta6B 728000000 729000000 48658
ta3B 526000000 527000000 32738
ta2A 305000000 306000000 57486
ta7B 493000000 494000000 69185
ta6D 452000000 453000000 43062
ta4B 291000000 292000000 58349
ta3D 250000000 251000000 76004
ta3A 745000000 746000000 37386
ta6D 429000000 430000000 45622
ta4B 268000000 269000000 76817
ta3D 227000000 228000000 60923
ta7D 194000000 195000000 60002
ta4A 487000000 488000000 76827
ta1A 285000000 286000000 49191
ta2B 225000000 226000000 76564
ta1B 62000000 63000000 30130
ta5D 151000000 152000000 32501
ta3B 665000000 666000000 68769
ta2D 624000000 625000000 54843
ta2A 444000000 445000000 48152
ta6B 81000000 82000000 33920
ta5A 531000000 532000000 54734
ta1B 39000000 40000000 16151
ta5D 128000000 129000000 65394
ta6A 5000000 6000000 19866
ta5A 508000000 509000000 53534
ta1B 622000000 623000000 29506
ta3D 366000000 367000000 54557
ta7B 494000000 495000000 50623
ta7B 213000000 214000000 43293
ta6A 273000000 274000000 62323
ta1D 323000000 324000000 48415
ta7D 612000000 613000000 67983
ta7A 432000000 433000000 129201
ta5B 451000000 452000000 64672
ta4A 230000000 231000000 57091
ta5B 428000000 429000000 71328
ta4A 207000000 208000000 75713
ta6B 610000000 611000000 34862
ta5A 670000000 671000000 77383
ta2A 46000000 47000000 65589
ta6B 193000000 194000000 87572
ta5D 152000000 153000000 37836
ta5A 647000000 648000000 45651
ta2A 445000000 446000000 76559
ta6B 82000000 83000000 32593
ta5D 129000000 130000000 49158
ta6D 311000000 312000000 34072
ta6B 59000000 60000000 53332
ta6A 6000000 7000000 38473
ta4B 150000000 151000000 48873
ta3A 604000000 605000000 74232
ta1B 623000000 624000000 51792
ta6A 389000000 390000000 77042
ta4B 127000000 128000000 91947
ta3A 187000000 188000000 62077
ta5B 590000000 591000000 52726
ta5B 567000000 568000000 50392
ta4D 526000000 527000000 33732
ta4A 346000000 347000000 86594
ta2B 365000000 366000000 56198
ta1A 144000000 145000000 76594
ta7A 433000000 434000000 51046
ta5D 291000000 292000000 69975
ta3B 524000000 525000000 80548
ta2A 584000000 585000000 62996
ta6B 611000000 612000000 57015
ta5D 268000000 269000000 75970
ta7A 66000000 67000000 30229
ta4D 66000000 67000000 40976
ta3D 225000000 226000000 77486
ta7B 353000000 354000000 89498
ta6A 132000000 133000000 54021
ta5B 21000000 22000000 24643
ta6A 109000000 110000000 74560
ta1D 463000000 464000000 71819
ta1A 283000000 284000000 65619
ta7A 572000000 573000000 53465
ta5B 310000000 311000000 33789
ta4A 370000000 371000000 39582
ta2B 99000000 100000000 58361
ta7A 549000000 550000000 76183
ta4A 347000000 348000000 46034
ta6B 727000000 728000000 34931
ta5A 506000000 507000000 33872
ta3B 525000000 526000000 81121
ta2A 304000000 305000000 50386
ta7B 492000000 493000000 39286
ta6D 451000000 452000000 47097
ta6A 271000000 272000000 78000
ta4B 290000000 291000000 46050
ta3A 744000000 745000000 30626
ta7B 469000000 470000000 54305
ta6D 428000000 429000000 73535
ta4B 267000000 268000000 35998
ta7D 193000000 194000000 50807
ta5B 426000000 427000000 27894
ta4A 486000000 487000000 83772
ta1A 284000000 285000000 63771
ta2B 224000000 225000000 42234
ta1B 61000000 62000000 46320
ta5D 150000000 151000000 82586
ta3B 664000000 665000000 71019
ta2D 623000000 624000000 48542
ta2A 443000000 444000000 41098
ta6B 80000000 81000000 58394
ta1B 38000000 39000000 32743
ta5D 127000000 128000000 90265
ta6B 57000000 58000000 29568
ta6A 4000000 5000000 15402
ta5A 507000000 508000000 61793
ta1B 621000000 622000000 42695
ta3D 365000000 366000000 72566
ta3A 185000000 186000000 82844
ta7B 212000000 213000000 66244
ta6A 272000000 273000000 67272
ta6A 249000000 250000000 34804
ta2B 363000000 364000000 33342
ta1D 322000000 323000000 65577
ta7D 611000000 612000000 17879
ta7A 431000000 432000000 92319
ta5B 450000000 451000000 67348
ta7A 689000000 690000000 40407
ta7A 408000000 409000000 43075
ta5B 427000000 428000000 64971
ta4A 206000000 207000000 77285
ta2A 45000000 46000000 66507
ta6B 192000000 193000000 43973
ta5A 646000000 647000000 58102
ta6B 169000000 170000000 68715
ta7B 351000000 352000000 78349
ta6D 310000000 311000000 19960
ta6B 58000000 59000000 27218
ta3A 603000000 604000000 82678
ta6A 388000000 389000000 49846
ta4B 126000000 127000000 66003
ta3A 186000000 187000000 83663
ta2B 97000000 98000000 36484
ta5B 566000000 567000000 39012
ta4D 525000000 526000000 77434
ta4A 345000000 346000000 86176
ta2B 364000000 365000000 35940
ta1A 143000000 144000000 42673
ta7A 409000000 410000000 49271
ta5D 290000000 291000000 57633
ta3B 523000000 524000000 42458
ta2A 583000000 584000000 81098
ta2A 302000000 303000000 127792
ta5D 267000000 268000000 54556
ta7A 65000000 66000000 15859
ta4D 65000000 66000000 69860
ta4B 265000000 266000000 70081
ta3D 224000000 225000000 49282
ta7B 352000000 353000000 69500
ta6A 131000000 132000000 67135
ta5B 20000000 21000000 36732
ta7B 329000000 330000000 81896
ta6A 108000000 109000000 58923
ta1D 462000000 463000000 34436
ta1A 282000000 283000000 76599
ta7A 571000000 572000000 74078
ta2B 98000000 99000000 33755
ta1D 439000000 440000000 49871
ta1A 259000000 260000000 66757
ta7A 548000000 549000000 49483
ta2D 621000000 622000000 24068
ta1B 36000000 37000000 13491
ta2A 699000000 700000000 58267
ta6B 726000000 727000000 41785
ta5A 505000000 506000000 65644
ta2A 303000000 304000000 30953
ta7B 491000000 492000000 65237
ta6D 450000000 451000000 62622
ta6A 270000000 271000000 75675
ta3A 743000000 744000000 26179
ta1B 179000000 180000000 52204
ta7B 468000000 469000000 43070
ta6D 427000000 428000000 41973
ta6A 247000000 248000000 54883
ta4B 266000000 267000000 81808
ta7D 192000000 193000000 69243
ta7A 687000000 688000000 46539
ta5B 425000000 426000000 88382
ta4A 485000000 486000000 72768
ta2B 223000000 224000000 66580
ta7D 169000000 170000000 50020
ta1B 60000000 61000000 47477
ta6B 190000000 191000000 68485
ta3B 663000000 664000000 59143
ta2D 622000000 623000000 48922
ta2A 442000000 443000000 58705
ta1B 37000000 38000000 51340
ta5D 126000000 127000000 72850
ta2A 419000000 420000000 59651
ta6B 56000000 57000000 37293
ta6A 3000000 4000000 35587
ta1B 620000000 621000000 63706
ta3D 364000000 365000000 45394
ta3A 184000000 185000000 53250
ta7B 211000000 212000000 61064
ta6A 248000000 249000000 70022
ta4D 523000000 524000000 81130
ta1D 321000000 322000000 60804
ta1A 141000000 142000000 73439
ta2B 362000000 363000000 47833
ta7D 610000000 611000000 15704
ta7A 430000000 431000000 71915
ta1A 399000000 400000000 74078
ta2B 339000000 340000000 46412
ta7A 688000000 689000000 49673
ta7A 407000000 408000000 44010
ta4A 205000000 206000000 73696
ta2A 44000000 45000000 72041
ta3B 779000000 780000000 41712
ta7A 63000000 64000000 44577
ta6B 191000000 192000000 40942
ta5A 645000000 646000000 62280
ta4D 63000000 64000000 61375
ta6B 168000000 169000000 28468
ta7B 350000000 351000000 60565
ta3A 602000000 603000000 54648
ta7B 327000000 328000000 82041
ta6A 387000000 388000000 83606
ta4B 125000000 126000000 60603
ta1D 460000000 461000000 43761
ta2B 96000000 97000000 36552
ta1D 437000000 438000000 48569
ta5B 565000000 566000000 52064
ta4D 524000000 525000000 50255
ta4A 344000000 345000000 71920
ta1A 142000000 143000000 29911
ta1A 119000000 120000000 49358
ta3B 522000000 523000000 60959
ta2A 301000000 302000000 64413
ta2A 582000000 583000000 61875
ta5D 266000000 267000000 49437
ta2A 559000000 560000000 56853
ta7A 64000000 65000000 39569
ta3A 741000000 742000000 28170
ta4D 64000000 65000000 51503
ta6D 425000000 426000000 75821
ta4B 264000000 265000000 69107
ta3D 223000000 224000000 74030
ta3A 718000000 719000000 48826
ta6A 130000000 131000000 53953
ta7B 328000000 329000000 41608
ta6A 107000000 108000000 69788
ta1D 461000000 462000000 33786
ta1A 281000000 282000000 78550
ta2B 221000000 222000000 43466
ta7A 570000000 571000000 73353
ta2B 479000000 480000000 59375
ta1D 438000000 439000000 53803
ta1A 258000000 259000000 59870
ta7A 547000000 548000000 32351
ta2D 620000000 621000000 68949
ta1B 35000000 36000000 40622
ta2A 698000000 699000000 48967
ta6B 725000000 726000000 37429
ta5A 504000000 505000000 37615
ta3D 362000000 363000000 74025
ta7B 490000000 491000000 53876
ta3A 742000000 743000000 35609
ta3D 339000000 340000000 70324
ta1B 178000000 179000000 82708
ta7B 467000000 468000000 89421
ta6D 426000000 427000000 65398
ta6A 246000000 247000000 51897
ta3A 719000000 720000000 28336
ta7D 191000000 192000000 46681
ta7A 686000000 687000000 40902
ta5B 424000000 425000000 38005
ta4A 484000000 485000000 60009
ta4A 203000000 204000000 51721
ta2B 222000000 223000000 53591
ta2A 42000000 43000000 64055
ta7D 168000000 169000000 50482
ta5A 643000000 644000000 53285
ta3B 662000000 663000000 54641
ta2A 441000000 442000000 26221
ta6B 166000000 167000000 37685
ta5D 125000000 126000000 71306
ta3B 639000000 640000000 71360
ta2A 418000000 419000000 34335
ta6B 55000000 56000000 46263
ta6A 2000000 3000000 49659
ta3D 363000000 364000000 45549
ta3A 183000000 184000000 45788
ta7B 210000000 211000000 70933
ta4D 522000000 523000000 34317
ta2B 361000000 362000000 47303
ta1D 320000000 321000000 46130
ta1A 140000000 141000000 75019
ta1A 398000000 399000000 58464
ta2B 338000000 339000000 83174
ta1A 117000000 118000000 66518
ta7A 406000000 407000000 42298
ta4A 204000000 205000000 44918
ta2A 580000000 581000000 59252
ta2A 43000000 44000000 62691
ta5D 264000000 265000000 61079
ta3B 778000000 779000000 15386
ta2A 557000000 558000000 62885
ta7A 62000000 63000000 69394
ta5A 644000000 645000000 57764
ta4D 62000000 63000000 61309
ta7A 39000000 40000000 34797
ta6B 167000000 168000000 60516
ta4D 39000000 40000000 56423
ta3A 601000000 602000000 59773
ta3D 479000000 480000000 49617
ta7B 326000000 327000000 62349
ta6A 386000000 387000000 63336
ta6A 105000000 106000000 61270
ta4B 124000000 125000000 66860
ta2B 95000000 96000000 58197
ta1D 436000000 437000000 61913
ta5B 564000000 565000000 29983
ta4A 343000000 344000000 41404
ta1A 118000000 119000000 63274
ta6B 723000000 724000000 33039
ta3B 521000000 522000000 52759
ta2A 581000000 582000000 61570
ta2A 300000000 301000000 43508
ta2D 178000000 179000000 48920
ta5D 265000000 266000000 60358
ta2A 558000000 559000000 68111
ta3A 740000000 741000000 35009
ta6D 424000000 425000000 86888
ta4B 263000000 264000000 67237
ta3D 222000000 223000000 62257
ta3A 717000000 718000000 53653
ta6A 106000000 107000000 87558
ta4A 482000000 483000000 44872
ta3A 79000000 80000000 76680
ta1A 280000000 281000000 66032
ta2B 220000000 221000000 46857
ta2B 478000000 479000000 60643
ta1A 257000000 258000000 56866
ta7A 546000000 547000000 53077
ta3B 660000000 661000000 57211
ta1B 34000000 35000000 22153
ta3B 637000000 638000000 58171
ta2A 697000000 698000000 66840
ta6B 724000000 725000000 37944
ta5A 503000000 504000000 52321
ta2D 179000000 180000000 56986
ta3D 361000000 362000000 33273
ta3D 338000000 339000000 49460
ta1B 177000000 178000000 70327
ta7B 466000000 467000000 50591
ta6A 245000000 246000000 96458
ta1A 396000000 397000000 65413
ta7D 190000000 191000000 44669
ta7A 685000000 686000000 44643
ta5B 423000000 424000000 30209
ta4A 483000000 484000000 65156
ta4A 202000000 203000000 75162
ta2A 41000000 42000000 36120
ta7D 167000000 168000000 70007
ta5D 99000000 100000000 66470
ta5A 642000000 643000000 46479
ta3B 661000000 662000000 53426
ta2A 440000000 441000000 74953
ta2A 18000000 19000000 87249
ta6B 165000000 166000000 48500
ta5D 124000000 125000000 88906
ta5A 619000000 620000000 57443
ta3B 638000000 639000000 62126
ta2A 417000000 418000000 50713
ta6B 54000000 55000000 48608
ta6A 1000000 2000000 31237
ta4B 122000000 123000000 67702
ta3A 182000000 183000000 60158
ta3A 159000000 160000000 69951
ta5B 562000000 563000000 38139
ta4D 521000000 522000000 40589
ta2B 360000000 361000000 70842
ta4A 599000000 600000000 53195
ta1A 116000000 117000000 64537
ta1A 397000000 398000000 58350
ta2B 337000000 338000000 51366
ta7A 405000000 406000000 45231
ta5D 263000000 264000000 68533
ta3B 777000000 778000000 30686
ta2A 556000000 557000000 96288
ta7A 61000000 62000000 35256
ta2A 19000000 20000000 45176
ta4D 61000000 62000000 32651
ta7A 38000000 39000000 23270
ta3D 220000000 221000000 49485
ta4D 38000000 39000000 51580
ta3A 600000000 601000000 64158
ta3D 478000000 479000000 42096
ta7B 325000000 326000000 70902
ta6A 385000000 386000000 53671
ta6A 104000000 105000000 60247
ta4B 123000000 124000000 47072
ta2B 94000000 95000000 34814
ta2B 476000000 477000000 47356
ta1D 435000000 436000000 56254
ta7A 544000000 545000000 74538
ta5B 563000000 564000000 32592
ta4A 342000000 343000000 58613
ta4A 319000000 320000000 94627
ta6B 722000000 723000000 26561
ta3B 520000000 521000000 86011
ta2D 177000000 178000000 55222
ta6D 423000000 424000000 62047
ta4B 262000000 263000000 45816
ta3D 221000000 222000000 46418
ta3A 716000000 717000000 61384
ta4B 239000000 240000000 23537
ta3A 299000000 300000000 41178
ta4A 481000000 482000000 114037
ta3A 78000000 79000000 60903
ta7D 165000000 166000000 61674
ta5B 679000000 680000000 65758
ta4A 458000000 459000000 71514
ta2B 477000000 478000000 79928
ta1A 256000000 257000000 55974
ta7A 545000000 546000000 77550
ta1B 33000000 34000000 54667
ta3B 636000000 637000000 43818
ta2A 696000000 697000000 45019
ta5A 502000000 503000000 56626
ta3D 360000000 361000000 60973
ta3D 337000000 338000000 51311
ta1B 176000000 177000000 47936
ta7B 465000000 466000000 41532
ta6A 244000000 245000000 53202
ta1A 395000000 396000000 40425
ta7A 684000000 685000000 58256
ta5B 422000000 423000000 76271
ta4A 201000000 202000000 56975
ta2A 40000000 41000000 62863
ta7D 166000000 167000000 66043
ta4A 459000000 460000000 30318
ta5D 98000000 99000000 59126
ta5A 641000000 642000000 78873
ta2A 17000000 18000000 61570
ta6B 164000000 165000000 83073
ta5D 123000000 124000000 77932
ta5A 618000000 619000000 89984
ta2A 416000000 417000000 56455
ta6B 53000000 54000000 53027
ta6A 383000000 384000000 81464
ta4B 121000000 122000000 49450
ta3A 181000000 182000000 99107
ta4B 379000000 380000000 96538
ta3A 158000000 159000000 62375
ta5B 561000000 562000000 50959
ta4D 520000000 521000000 36468
ta5B 538000000 539000000 28968
ta4A 598000000 599000000 56944
ta1A 115000000 116000000 57349
ta2B 336000000 337000000 71682
ta7A 404000000 405000000 60729
ta5D 262000000 263000000 50575
ta3B 776000000 777000000 49110
ta2A 555000000 556000000 71412
ta7A 60000000 61000000 22597
ta5D 239000000 240000000 65594
ta4D 60000000 61000000 49829
ta7A 37000000 38000000 35793
ta4D 37000000 38000000 38831
ta3D 477000000 478000000 50187
ta3A 297000000 298000000 65814
ta7B 324000000 325000000 85352
ta6A 384000000 385000000 60470
ta6A 103000000 104000000 72052
ta2B 93000000 94000000 46183
ta2B 475000000 476000000 75141
ta1D 434000000 435000000 42527
ta7A 543000000 544000000 65600
ta4A 341000000 342000000 24444
ta7B 89000000 90000000 106527
ta5B 539000000 540000000 66850
ta4A 318000000 319000000 43558
ta6B 721000000 722000000 54021
ta5A 500000000 501000000 43090
ta2D 176000000 177000000 60786
ta7B 463000000 464000000 63115
ta6D 422000000 423000000 61613
ta6D 0 1000000 24012
ta4B 261000000 262000000 81548
ta3A 715000000 716000000 44365
ta4B 238000000 239000000 56471
ta3A 298000000 299000000 49447
ta4A 480000000 481000000 56988
ta3A 77000000 78000000 27915
ta7D 164000000 165000000 63402
ta5B 678000000 679000000 47923
ta4A 457000000 458000000 23269
ta1A 255000000 256000000 79092
ta1B 32000000 33000000 32615
ta5D 121000000 122000000 55210
ta3B 635000000 636000000 58002
ta2A 414000000 415000000 66755
ta2A 695000000 696000000 41914
ta6B 51000000 52000000 44120
ta5A 501000000 502000000 69347
ta5D 379000000 380000000 73722
ta5A 199000000 200000000 58457
ta6B 28000000 29000000 58965
ta4B 377000000 378000000 63034
ta3D 336000000 337000000 73420
ta1B 175000000 176000000 40404
ta7B 464000000 465000000 63175
ta6A 243000000 244000000 45573
ta1A 394000000 395000000 59363
ta7A 683000000 684000000 100647
ta7A 402000000 403000000 53251
ta5B 421000000 422000000 43403
ta4A 200000000 201000000 79129
ta5D 97000000 98000000 39032
ta5A 640000000 641000000 44933
ta2A 16000000 17000000 44415
ta6B 163000000 164000000 55685
ta5D 122000000 123000000 104900
ta5A 617000000 618000000 70280
ta2A 415000000 416000000 101219
ta6B 52000000 53000000 28515
ta3D 475000000 476000000 69883
ta6B 29000000 30000000 44487
ta6A 382000000 383000000 48411
ta4B 120000000 121000000 40471
ta3A 180000000 181000000 38789
ta2B 91000000 92000000 60359
ta6A 359000000 360000000 65024
ta4B 378000000 379000000 62557
ta3A 157000000 158000000 53148
ta5B 560000000 561000000 56577
ta2B 68000000 69000000 45354
ta5B 537000000 538000000 46761
ta4A 597000000 598000000 22768
ta4A 316000000 317000000 70626
ta2B 335000000 336000000 62002
ta1A 114000000 115000000 68547
ta7A 403000000 404000000 71767
ta5D 261000000 262000000 75894
ta3B 775000000 776000000 26758
ta2A 554000000 555000000 94108
ta6B 279000000 280000000 64442
ta5D 238000000 239000000 45960
ta7A 36000000 37000000 36497
ta4D 36000000 37000000 35081
ta3D 476000000 477000000 63655
ta3A 296000000 297000000 43989
ta1B 709000000 710000000 46644
ta7B 323000000 324000000 50500
ta6A 102000000 103000000 76310
ta2B 92000000 93000000 65373
ta2B 474000000 475000000 58274
ta1D 433000000 434000000 69320
ta1A 253000000 254000000 50547
ta7A 542000000 543000000 88488
ta4A 340000000 341000000 60855
ta2B 69000000 70000000 37159
ta1B 30000000 31000000 54304
ta7B 88000000 89000000 58534
ta7A 519000000 520000000 56382
ta4A 317000000 318000000 35802
ta2A 693000000 694000000 34991
ta6B 720000000 721000000 49805
ta5D 377000000 378000000 70634
ta2D 175000000 176000000 59814
ta1B 173000000 174000000 42899
ta7B 462000000 463000000 38097
ta6D 421000000 422000000 66422
ta6A 241000000 242000000 62041
ta4B 260000000 261000000 72413
ta3A 714000000 715000000 62181
ta7B 439000000 440000000 72078
ta6A 499000000 500000000 80792
ta6A 218000000 219000000 52011
ta4B 237000000 238000000 57503
ta7A 681000000 682000000 94680
ta3A 76000000 77000000 78702
ta7D 163000000 164000000 44962
ta5B 677000000 678000000 26944
ta4A 456000000 457000000 57438
ta1A 254000000 255000000 82941
ta5D 95000000 96000000 68274
ta1B 31000000 32000000 59077
ta5D 120000000 121000000 44052
ta3B 634000000 635000000 65726
ta2A 694000000 695000000 59825
ta2A 413000000 414000000 59050
ta6B 50000000 51000000 43730
ta5D 378000000 379000000 56923
ta5A 198000000 199000000 74678
ta6B 27000000 28000000 38495
ta4B 376000000 377000000 61877
ta3D 335000000 336000000 68609
ta3A 155000000 156000000 57395
ta1B 174000000 175000000 46397
ta6A 242000000 243000000 55745
ta6A 219000000 220000000 43313
ta4A 595000000 596000000 70954
ta1A 393000000 394000000 63528
ta2B 333000000 334000000 54984
ta7A 682000000 683000000 53090
ta7A 401000000 402000000 36299
ta5B 420000000 421000000 48005
ta7A 659000000 660000000 50436
ta3B 773000000 774000000 33917
ta5D 96000000 97000000 36326
ta2A 15000000 16000000 63456
ta7A 34000000 35000000 45167
ta6B 162000000 163000000 44828
ta5A 616000000 617000000 61910
ta6B 139000000 140000000 81452
ta3D 474000000 475000000 45882
ta7B 321000000 322000000 57386
ta6A 381000000 382000000 60719
ta2B 90000000 91000000 41299
ta7B 579000000 580000000 76531
ta6A 358000000 359000000 62285
ta3A 156000000 157000000 77088
ta1D 431000000 432000000 54741
ta2B 67000000 68000000 60124
ta1D 408000000 409000000 58829
ta5B 536000000 537000000 37066
ta4A 596000000 597000000 44444
ta4A 315000000 316000000 48554
ta2B 334000000 335000000 69315
ta1A 113000000 114000000 63787
ta5D 260000000 261000000 56218
ta3B 774000000 775000000 28268
ta2A 553000000 554000000 61351
ta6B 278000000 279000000 61292
ta5D 237000000 238000000 69034
ta7A 35000000 36000000 50647
ta4D 35000000 36000000 76837
ta1B 0 1000000 34717
ta4B 235000000 236000000 61709
ta3A 295000000 296000000 61478
ta1B 708000000 709000000 37500
ta7B 322000000 323000000 78012
ta6A 101000000 102000000 73112
ta3A 74000000 75000000 40648
ta5B 675000000 676000000 64772
ta2B 473000000 474000000 55479
ta1D 432000000 433000000 38594
ta1A 252000000 253000000 55608
ta7A 541000000 542000000 75827
ta1D 409000000 410000000 61502
ta1A 229000000 230000000 61359
ta7B 87000000 88000000 52123
ta7A 518000000 519000000 64329
ta2A 692000000 693000000 58947
ta5D 376000000 377000000 81951
ta2D 174000000 175000000 103409
ta2A 669000000 670000000 71058
ta3D 333000000 334000000 64793
ta1B 172000000 173000000 32819
ta7B 461000000 462000000 31377
ta6D 420000000 421000000 79356
ta6A 240000000 241000000 43976
ta3A 713000000 714000000 46202
ta1B 149000000 150000000 70170
ta7B 438000000 439000000 89032
ta6A 498000000 499000000 89750
ta6A 217000000 218000000 83852
ta4B 236000000 237000000 58894
ta7A 680000000 681000000 56321
ta3A 75000000 76000000 78161
ta2B 589000000 590000000 70009
ta7D 162000000 163000000 51809
ta7A 657000000 658000000 71792
ta5B 676000000 677000000 49805
ta4A 455000000 456000000 86761
ta5D 94000000 95000000 67882
ta7D 139000000 140000000 59647
ta6B 160000000 161000000 59021
ta3B 633000000 634000000 62149
ta2A 412000000 413000000 39143
ta6B 137000000 138000000 78205
ta5A 197000000 198000000 26242
ta6B 26000000 27000000 29036
ta4B 375000000 376000000 100114
ta3D 334000000 335000000 67987
ta3A 154000000 155000000 59806
ta4A 594000000 595000000 58703
ta1A 111000000 112000000 58577
ta1A 392000000 393000000 73778
ta2B 332000000 333000000 69869
ta7A 400000000 401000000 69669
ta7D 278000000 279000000 49832
ta1A 369000000 370000000 59925
ta2B 309000000 310000000 39841
ta7A 658000000 659000000 31825
ta3B 772000000 773000000 47247
ta2A 551000000 552000000 47520
ta2A 14000000 15000000 18888
ta3B 749000000 750000000 37090
ta7A 33000000 34000000 46583
ta6B 161000000 162000000 42737
ta5A 615000000 616000000 79906
ta4D 33000000 34000000 68802
ta6B 138000000 139000000 49817
ta3D 473000000 474000000 85661
ta1B 706000000 707000000 73408
ta7B 320000000 321000000 54680
ta6A 380000000 381000000 53167
ta1B 289000000 290000000 108168
ta7B 578000000 579000000 58726
ta6A 357000000 358000000 66621
ta1D 430000000 431000000 52160
ta2B 66000000 67000000 35810
ta1D 407000000 408000000 57003
ta5B 535000000 536000000 78465
ta4A 314000000 315000000 54495
ta1A 112000000 113000000 93301
ta7D 279000000 280000000 87798
ta2D 172000000 173000000 79277
ta2A 552000000 553000000 68297
ta6B 277000000 278000000 42960
ta5D 236000000 237000000 60973
ta2A 529000000 530000000 87483
ta3A 711000000 712000000 58592
ta4D 34000000 35000000 32160
ta6A 496000000 497000000 51812
ta4B 234000000 235000000 44845
ta3A 294000000 295000000 64666
ta1B 707000000 708000000 71711
ta6A 100000000 101000000 61535
ta3A 73000000 74000000 57584
ta5B 674000000 675000000 72972
ta2B 472000000 473000000 46037
ta1A 251000000 252000000 58658
ta7A 540000000 541000000 78796
ta2B 449000000 450000000 58223
ta1A 228000000 229000000 64256
ta7B 86000000 87000000 47907
ta7A 517000000 518000000 59126
ta3B 631000000 632000000 62119
ta2A 691000000 692000000 66498
ta5D 375000000 376000000 53325
ta2D 173000000 174000000 47268
ta2A 668000000 669000000 48274
ta3D 332000000 333000000 40146
ta1B 171000000 172000000 77867
ta7B 460000000 461000000 43895
ta3A 712000000 713000000 52515
ta3D 309000000 310000000 53434
ta1B 148000000 149000000 54502
ta7B 437000000 438000000 78879
ta6A 497000000 498000000 35453
ta6A 216000000 217000000 97623
ta1A 390000000 391000000 46291
ta2B 588000000 589000000 49071
ta7D 161000000 162000000 58827
ta7A 656000000 657000000 46771
ta4A 454000000 455000000 42520
ta5D 93000000 94000000 33434
ta2A 12000000 13000000 53080
ta7D 138000000 139000000 88652
ta5A 613000000 614000000 85250
ta3B 632000000 633000000 57778
ta2A 411000000 412000000 72765
ta2D 289000000 290000000 67046
ta6B 136000000 137000000 78615
ta5A 196000000 197000000 82877
ta3B 609000000 610000000 51396
ta6B 25000000 26000000 40888
ta7B 576000000 577000000 54320
ta4B 374000000 375000000 68219
ta3A 153000000 154000000 72295
ta4A 593000000 594000000 61643
ta1A 110000000 111000000 85874
ta1A 391000000 392000000 80383
ta2B 331000000 332000000 87289
ta7D 277000000 278000000 58934
ta1A 368000000 369000000 65120
ta2B 308000000 309000000 39783
ta3B 771000000 772000000 41579
ta2A 550000000 551000000 54084
ta2A 13000000 14000000 20629
ta5D 234000000 235000000 58570
ta3B 748000000 749000000 39628
ta2A 527000000 528000000 54952
ta7A 32000000 33000000 62591
ta5A 614000000 615000000 81503
ta4D 32000000 33000000 58196
ta3D 472000000 473000000 60235
ta1B 705000000 706000000 49485
ta3D 449000000 450000000 68806
ta1B 288000000 289000000 73447
ta7B 577000000 578000000 35903
ta6A 356000000 357000000 100471
ta2B 470000000 471000000 39592
ta2B 65000000 66000000 56218
ta1D 406000000 407000000 72024
ta7A 515000000 516000000 41060
ta5B 534000000 535000000 47351
ta4A 313000000 314000000 73104
ta2D 171000000 172000000 62812
ta2D 148000000 149000000 46099
ta6B 276000000 277000000 44085
ta5D 235000000 236000000 73718
ta2A 528000000 529000000 61442
ta3A 710000000 711000000 43040
ta3D 588000000 589000000 41300
ta6A 495000000 496000000 49063
ta4B 233000000 234000000 38276
ta3A 293000000 294000000 44252
ta3A 72000000 73000000 66957
ta5B 673000000 674000000 50464
ta4A 452000000 453000000 94720
ta3A 49000000 50000000 54322
ta2B 471000000 472000000 39900
ta1A 250000000 251000000 46509
ta7D 136000000 137000000 61857
ta4A 429000000 430000000 65594
ta2B 448000000 449000000 72615
ta1A 227000000 228000000 77984
ta7B 85000000 86000000 54678
ta7A 516000000 517000000 72597
ta3B 630000000 631000000 54693
ta2A 690000000 691000000 65054
ta5D 374000000 375000000 44461
ta3B 607000000 608000000 45946
ta2A 667000000 668000000 60280
ta2D 149000000 150000000 60122
ta3D 331000000 332000000 53439
ta1B 170000000 171000000 67473
ta3D 589000000 590000000 32488
ta3D 308000000 309000000 69795
ta1B 147000000 148000000 95032
ta7B 436000000 437000000 60778
ta6A 215000000 216000000 69062
ta2B 587000000 588000000 55511
ta1A 366000000 367000000 47305
ta7D 160000000 161000000 38622
ta7A 655000000 656000000 59668
ta4A 453000000 454000000 81734
ta5D 92000000 93000000 45843
ta2A 11000000 12000000 59843
ta7D 137000000 138000000 34690
ta5D 69000000 70000000 74721
ta5A 612000000 613000000 71711
ta2A 410000000 411000000 59776
ta2D 288000000 289000000 68193
ta6B 135000000 136000000 38652
ta5A 195000000 196000000 66252
ta3B 608000000 609000000 51464
ta6B 24000000 25000000 42961
ta7B 575000000 576000000 69615
ta6A 354000000 355000000 86504
ta4B 373000000 374000000 28156
ta3A 152000000 153000000 97847
ta3A 129000000 130000000 29086
ta5B 532000000 533000000 39748
ta4A 592000000 593000000 65352
ta2B 330000000 331000000 64456
ta7D 276000000 277000000 92916
ta5B 509000000 510000000 47542
ta4A 569000000 570000000 86643
ta1A 367000000 368000000 59666
ta2B 307000000 308000000 61665
ta3B 770000000 771000000 64558
ta5D 233000000 234000000 47068
ta3B 747000000 748000000 38367
ta2A 526000000 527000000 67583
ta7A 31000000 32000000 33824
ta4D 31000000 32000000 57290
ta3D 471000000 472000000 60632
ta3A 291000000 292000000 63842
ta1B 704000000 705000000 42638
ta4B 489000000 490000000 28445
ta3D 448000000 449000000 68735
ta3A 268000000 269000000 75216
ta1B 287000000 288000000 72825
ta6A 355000000 356000000 89280
ta2B 64000000 65000000 50385
ta2B 446000000 447000000 64709
ta1D 405000000 406000000 49373
ta7B 83000000 84000000 51749
ta7A 514000000 515000000 53854
ta5B 533000000 534000000 43553
ta4A 312000000 313000000 62260
ta2D 170000000 171000000 68045
ta5A 0 1000000 62040
ta2D 147000000 148000000 47185
ta6B 275000000 276000000 64675
ta3D 587000000 588000000 3569
ta7B 434000000 435000000 77408
ta6A 494000000 495000000 59741
ta4B 232000000 233000000 55334
ta3A 292000000 293000000 68076
ta3A 71000000 72000000 72532
ta4B 209000000 210000000 73352
ta3A 269000000 270000000 37822
ta5B 672000000 673000000 66341
ta4A 451000000 452000000 71079
ta3A 48000000 49000000 41177
ta7D 135000000 136000000 41762
ta5B 649000000 650000000 30303
ta4A 428000000 429000000 67252
ta2B 447000000 448000000 47212
ta1A 226000000 227000000 56556
ta7B 84000000 85000000 35704
ta5D 373000000 374000000 73560
ta5A 193000000 194000000 77895
ta3B 606000000 607000000 53459
ta2A 666000000 667000000 63297
ta6B 22000000 23000000 42677
ta3B 189000000 190000000 53806
ta4B 371000000 372000000 105672
ta3D 330000000 331000000 33903
ta4B 348000000 349000000 56245
ta3D 307000000 308000000 36575
ta1B 146000000 147000000 41551
ta7B 435000000 436000000 62370
ta6A 214000000 215000000 100104
ta2B 586000000 587000000 52098
ta1A 365000000 366000000 59308
ta7A 654000000 655000000 45686
ta5D 91000000 92000000 70365
ta2A 10000000 11000000 42092
ta5D 68000000 69000000 72304
ta5A 611000000 612000000 64044
ta5D 489000000 490000000 44292
ta2D 287000000 288000000 89032
ta6B 134000000 135000000 43955
ta5A 194000000 195000000 57515
ta6B 23000000 24000000 66860
ta1B 285000000 286000000 76536
ta7B 574000000 575000000 84986
ta6A 353000000 354000000 44486
ta4B 372000000 373000000 43621
ta3A 151000000 152000000 40178
ta4B 349000000 350000000 55242
ta3A 128000000 129000000 42570
ta5B 531000000 532000000 36307
ta4A 591000000 592000000 63329
ta4A 310000000 311000000 69869
ta7D 275000000 276000000 60032
ta5B 508000000 509000000 48158
ta4A 568000000 569000000 78315
ta2B 306000000 307000000 63785
ta6B 273000000 274000000 79018
ta5D 232000000 233000000 63202
ta3B 746000000 747000000 47174
ta2A 525000000 526000000 37580
ta7A 30000000 31000000 43969
ta5D 209000000 210000000 42734
ta4D 30000000 31000000 42740
ta3D 470000000 471000000 82299
ta3A 290000000 291000000 39755
ta1B 703000000 704000000 39839
ta4B 488000000 489000000 58922
ta3D 447000000 448000000 30391
ta3A 267000000 268000000 68900
ta1B 286000000 287000000 43004
ta2B 63000000 64000000 61969
ta1D 404000000 405000000 61075
ta1A 224000000 225000000 106932
ta2B 445000000 446000000 75637
ta7B 82000000 83000000 69949
ta7A 513000000 514000000 75105
ta4A 311000000 312000000 48259
ta4D 189000000 190000000 27023
ta7B 59000000 60000000 68785
ta3B 187000000 188000000 39065
ta2D 146000000 147000000 51264
ta6B 274000000 275000000 61551
ta3D 586000000 587000000 43879
ta7B 433000000 434000000 82364
ta6A 493000000 494000000 68916
ta6A 212000000 213000000 60467
ta4B 231000000 232000000 46826
ta3A 70000000 71000000 43985
ta4B 208000000 209000000 34677
ta5B 671000000 672000000 41196
ta4A 450000000 451000000 88131
ta3A 47000000 48000000 71479
ta7D 134000000 135000000 68887
ta5B 648000000 649000000 46074
ta4A 427000000 428000000 76943
ta1A 225000000 226000000 67202
ta5D 372000000 373000000 43369
ta5A 192000000 193000000 61809
ta3B 605000000 606000000 51779
ta2A 665000000 666000000 40103
ta6B 21000000 22000000 48105
ta5D 349000000 350000000 48174
ta5A 169000000 170000000 61864
ta3B 188000000 189000000 34564
ta4B 370000000 371000000 34208
ta3B 99000000 100000000 35491
ta4B 347000000 348000000 66018
ta3D 306000000 307000000 60163
ta3A 126000000 127000000 51553
ta1B 145000000 146000000 70942
ta6A 213000000 214000000 62406
ta2B 585000000 586000000 51312
ta1A 364000000 365000000 60211
ta2B 304000000 305000000 113779
ta7A 653000000 654000000 94106
ta5D 90000000 91000000 68822
ta5D 67000000 68000000 67695
ta5A 610000000 611000000 83692
ta5D 488000000 489000000 56071
ta2D 286000000 287000000 62433
ta6B 133000000 134000000 41275
ta3D 445000000 446000000 78157
ta1B 284000000 285000000 65402
ta7B 573000000 574000000 46710
ta6A 352000000 353000000 39549
ta3A 150000000 151000000 58874
ta2B 61000000 62000000 38544
ta6A 329000000 330000000 79934
ta3A 127000000 128000000 59828
ta5B 530000000 531000000 65323
ta4A 590000000 591000000 51370
ta2B 38000000 39000000 23757
ta7D 274000000 275000000 72807
ta5B 507000000 508000000 53922
ta4A 567000000 568000000 61392
ta2B 305000000 306000000 39159
ta6B 272000000 273000000 47981
ta5D 231000000 232000000 40986
ta3B 745000000 746000000 47464
ta2A 524000000 525000000 67219
ta6B 249000000 250000000 34143
ta5D 208000000 209000000 61710
ta1B 702000000 703000000 13294
ta7B 689000000 690000000 49351
ta4B 487000000 488000000 84755
ta4B 206000000 207000000 68293
ta3D 446000000 447000000 64466
ta3A 266000000 267000000 46856
ta2B 62000000 63000000 56079
ta2B 444000000 445000000 74297
ta1D 403000000 404000000 27230
ta1A 223000000 224000000 65928
ta7B 81000000 82000000 52112
ta7A 512000000 513000000 65657
ta2B 39000000 40000000 75433
ta4D 188000000 189000000 29682
ta7B 58000000 59000000 52603
ta5D 370000000 371000000 64059
ta2A 663000000 664000000 61901
ta5D 347000000 348000000 58361
ta3B 186000000 187000000 33095
ta2D 145000000 146000000 70605
ta3D 585000000 586000000 31420
ta1B 143000000 144000000 19658
ta7B 432000000 433000000 47361
ta6A 492000000 493000000 58961
ta6A 211000000 212000000 93405
ta4B 230000000 231000000 42594
ta7B 409000000 410000000 73417
ta6A 469000000 470000000 61730
ta4B 207000000 208000000 74646
ta7A 651000000 652000000 65455
ta5B 670000000 671000000 48888
ta3A 46000000 47000000 55168
ta7D 133000000 134000000 43948
ta7A 628000000 629000000 32928
ta5B 647000000 648000000 53066
ta4A 426000000 427000000 72060
ta5D 65000000 66000000 46644
ta2D 284000000 285000000 72015
ta6B 131000000 132000000 54572
ta5D 371000000 372000000 41946
ta5A 191000000 192000000 63547
ta3B 604000000 605000000 64198
ta2A 664000000 665000000 26208
ta6B 20000000 21000000 27638
ta6B 389000000 390000000 34200
ta5D 348000000 349000000 54532
ta5A 168000000 169000000 63536
ta3B 98000000 99000000 62299
ta4B 346000000 347000000 42836
ta3D 305000000 306000000 58162
ta3A 125000000 126000000 54759
ta1B 144000000 145000000 55142
ta2B 9000000 10000000 21004
ta7D 272000000 273000000 33661
ta4A 565000000 566000000 78314
ta2B 584000000 585000000 60595
ta1A 363000000 364000000 66484
ta2B 303000000 304000000 62904
ta7A 652000000 653000000 75993
ta7D 249000000 250000000 61022
ta7A 629000000 630000000 81561
ta3B 743000000 744000000 51943
ta5D 66000000 67000000 77544
ta5D 487000000 488000000 74230
ta2D 285000000 286000000 46167
ta6B 132000000 133000000 35501
ta6B 109000000 110000000 47568
ta3D 444000000 445000000 56659
ta1B 283000000 284000000 71399
ta7B 572000000 573000000 57750
ta6A 351000000 352000000 164891
ta2B 60000000 61000000 34346
ta7B 549000000 550000000 56374
ta6A 328000000 329000000 84348
ta1D 401000000 402000000 46032
ta2B 37000000 38000000 53381
ta4D 186000000 187000000 66499
ta1A 479000000 480000000 62229
ta7D 273000000 274000000 52331
ta5B 506000000 507000000 30836
ta4A 566000000 567000000 45614
ta6B 271000000 272000000 52161
ta5D 230000000 231000000 62574
ta3B 744000000 745000000 38655
ta2A 523000000 524000000 56309
ta6B 248000000 249000000 81862
ta5D 207000000 208000000 49174
ta6A 490000000 491000000 106701
ta1B 701000000 702000000 19570
ta7B 688000000 689000000 43406
ta6A 467000000 468000000 74704
ta4B 486000000 487000000 71690
ta4B 205000000 206000000 41080
ta3A 265000000 266000000 98089
ta3A 44000000 45000000 63811
ta5B 645000000 646000000 39762
ta2B 443000000 444000000 49949
ta1D 402000000 403000000 43361
ta1A 222000000 223000000 74970
ta7B 80000000 81000000 37104
ta7A 511000000 512000000 84029
ta7D 389000000 390000000 35182
ta4D 187000000 188000000 58284
ta7B 57000000 58000000 35110
ta2A 662000000 663000000 69057
ta5D 346000000 347000000 33697
ta3B 185000000 186000000 27154
ta2D 144000000 145000000 71192
ta2A 639000000 640000000 73307
ta3D 584000000 585000000 42253
ta3D 303000000 304000000 67670
ta1B 142000000 143000000 66775
ta7B 431000000 432000000 69365
ta6A 491000000 492000000 62380
ta6A 210000000 211000000 102553
ta1B 119000000 120000000 52681
ta7B 408000000 409000000 47758
ta6A 468000000 469000000 36819
ta7A 650000000 651000000 56685
ta3A 45000000 46000000 11015
ta2B 559000000 560000000 71119
ta7D 132000000 133000000 60820
ta7A 627000000 628000000 70766
ta5B 646000000 647000000 48004
ta4A 425000000 426000000 59905
ta5D 64000000 65000000 51460
ta7D 109000000 110000000 68817
ta2D 283000000 284000000 82230
ta6B 130000000 131000000 75181
ta5A 190000000 191000000 87315
ta3B 603000000 604000000 80244
ta6B 388000000 389000000 59397
ta6B 107000000 108000000 73531
ta5A 167000000 168000000 72201
ta7B 570000000 571000000 42706
ta3B 97000000 98000000 63595
ta7B 547000000 548000000 41184
ta6D 506000000 507000000 30459
ta4B 345000000 346000000 64288
ta3D 304000000 305000000 68077
ta3A 124000000 125000000 57497
ta2B 8000000 9000000 41968
ta7D 271000000 272000000 49852
ta4A 564000000 565000000 54787
ta2B 583000000 584000000 54645
ta1A 362000000 363000000 48572
ta2B 302000000 303000000 65672
ta7D 248000000 249000000 41623
ta1A 339000000 340000000 74505
ta3B 742000000 743000000 45106
ta2A 521000000 522000000 76553
ta5D 486000000 487000000 50312
ta5D 205000000 206000000 94260
ta3B 719000000 720000000 59623
ta2A 779000000 780000000 52906
ta6B 108000000 109000000 60759
ta4B 484000000 485000000 79175
ta3D 443000000 444000000 55768
ta1B 282000000 283000000 76289
ta7B 571000000 572000000 35662
ta6A 350000000 351000000 75280
ta1B 259000000 260000000 97394
ta7B 548000000 549000000 47668
ta6A 327000000 328000000 78893
ta1D 400000000 401000000 68440
ta2B 36000000 37000000 16554
ta4D 185000000 186000000 37143
ta2B 699000000 700000000 40157
ta1A 478000000 479000000 58937
ta5B 505000000 506000000 59732
ta2D 142000000 143000000 77716
ta6B 270000000 271000000 76773
ta2A 522000000 523000000 53921
ta2D 119000000 120000000 84519
ta6B 247000000 248000000 36047
ta5D 206000000 207000000 65998
ta3D 582000000 583000000 37339
ta1B 700000000 701000000 23904
ta1B 398000000 399000000 52666
ta7B 687000000 688000000 31245
ta6A 466000000 467000000 53516
ta4B 485000000 486000000 65257
ta4B 204000000 205000000 53324
ta3A 264000000 265000000 76535
ta3A 43000000 44000000 44778
ta7D 130000000 131000000 71650
ta5B 644000000 645000000 63894
ta4A 423000000 424000000 70922
ta2B 442000000 443000000 71894
ta1A 221000000 222000000 117476
ta7A 510000000 511000000 56202
ta7D 388000000 389000000 67028
ta7D 107000000 108000000 38742
ta2B 419000000 420000000 56549
ta7B 56000000 57000000 52845
ta3B 601000000 602000000 76553
ta2A 661000000 662000000 58842
ta6B 386000000 387000000 83294
ta5D 345000000 346000000 47343
ta3B 184000000 185000000 50149
ta2D 143000000 144000000 62292
ta2A 638000000 639000000 97073
ta3D 583000000 584000000 34609
ta3D 302000000 303000000 80624
ta1B 141000000 142000000 99408
ta7B 430000000 431000000 54579
ta1B 118000000 119000000 64441
ta1B 399000000 400000000 61524
ta7B 407000000 408000000 53226
ta2B 581000000 582000000 62854
ta1A 360000000 361000000 62309
ta2B 558000000 559000000 44181
ta1A 337000000 338000000 54266
ta7D 131000000 132000000 74360
ta7A 626000000 627000000 64304
ta4A 424000000 425000000 78827
ta5D 63000000 64000000 49683
ta7D 108000000 109000000 42399
ta2D 282000000 283000000 61917
ta3B 602000000 603000000 59633
ta2D 259000000 260000000 44701
ta6B 387000000 388000000 45343
ta6B 106000000 107000000 72821
ta5A 166000000 167000000 70776
ta3B 96000000 97000000 52271
ta7B 546000000 547000000 68075
ta6D 505000000 506000000 28904
ta6A 325000000 326000000 88299
ta4B 344000000 345000000 55577
ta3A 123000000 124000000 67675
ta2B 7000000 8000000 25636
ta7D 270000000 271000000 46610
ta5B 503000000 504000000 54243
ta4A 563000000 564000000 67644
ta1A 361000000 362000000 83591
ta2B 301000000 302000000 56840
ta7D 247000000 248000000 71858
ta1A 338000000 339000000 63347
ta3B 741000000 742000000 45154
ta2A 520000000 521000000 32883
ta5D 485000000 486000000 48605
ta5D 204000000 205000000 74663
ta3B 718000000 719000000 62096
ta2A 778000000 779000000 54223
ta4B 483000000 484000000 26929
ta3D 442000000 443000000 48352
ta3A 262000000 263000000 62414
ta1B 281000000 282000000 73396
ta3D 419000000 420000000 50954
ta3A 239000000 240000000 70417
ta1B 258000000 259000000 131348
ta6A 326000000 327000000 71129
ta2B 440000000 441000000 39509
ta2B 35000000 36000000 47425
ta4D 184000000 185000000 67504
ta2B 698000000 699000000 79552
ta1A 477000000 478000000 44179
ta2B 417000000 418000000 52431
ta7B 54000000 55000000 43460
ta5B 504000000 505000000 47427
ta2D 141000000 142000000 46687
ta2D 399000000 400000000 60012
ta2D 118000000 119000000 54344
ta6B 246000000 247000000 71315
ta3D 581000000 582000000 66962
ta3D 558000000 559000000 59299
ta1B 397000000 398000000 56219
ta7B 686000000 687000000 59829
ta7B 405000000 406000000 64391
ta6A 465000000 466000000 51838
ta4B 203000000 204000000 86114
ta3A 263000000 264000000 42868
ta3A 42000000 43000000 64794
ta5B 643000000 644000000 57596
ta4A 422000000 423000000 90795
ta3A 19000000 20000000 57908
ta1A 220000000 221000000 111188
ta2B 441000000 442000000 49218
ta7D 387000000 388000000 72432
ta7D 106000000 107000000 34508
ta2B 418000000 419000000 70174
ta7B 55000000 56000000 63909
ta3B 600000000 601000000 90880
ta2A 660000000 661000000 68414
ta6B 385000000 386000000 82304
ta5D 344000000 345000000 66347
ta5A 164000000 165000000 36193
ta3B 858000000 859000000 13463
ta3B 183000000 184000000 45062
ta2A 637000000 638000000 42649
ta4B 342000000 343000000 106673
ta3D 301000000 302000000 89957
ta1B 140000000 141000000 44602
ta4B 319000000 320000000 66987
ta3D 559000000 560000000 51611
ta3A 379000000 380000000 74775
ta2B 5000000 6000000 17869
ta1B 117000000 118000000 71770
ta7B 406000000 407000000 50522
ta2B 580000000 581000000 82531
ta2B 557000000 558000000 26803
ta1A 336000000 337000000 71819
ta7A 625000000 626000000 53187
ta5D 62000000 63000000 58726
ta5D 483000000 484000000 29666
ta2D 281000000 282000000 33065
ta2A 776000000 777000000 39643
ta5D 39000000 40000000 55968
ta3B 299000000 300000000 27932
ta2D 258000000 259000000 66787
ta6B 105000000 106000000 41660
ta5A 165000000 166000000 53377
ta3B 95000000 96000000 57842
ta1B 256000000 257000000 162858
ta7B 545000000 546000000 71572
ta6D 504000000 505000000 53915
ta6A 324000000 325000000 71914
ta4B 343000000 344000000 89406
ta3A 122000000 123000000 81363
ta2B 6000000 7000000 40309
ta5B 502000000 503000000 68828
ta4A 562000000 563000000 77808
ta2B 300000000 301000000 54327
ta7D 246000000 247000000 63228
ta4A 539000000 540000000 76349
ta3B 740000000 741000000 56425
ta2D 397000000 398000000 72054
ta6B 244000000 245000000 54698
ta5D 484000000 485000000 52979
ta5D 203000000 204000000 77005
ta3B 717000000 718000000 41733
ta2A 777000000 778000000 41490
ta4B 482000000 483000000 55762
ta4A 79000000 80000000 57182
ta3D 441000000 442000000 94972
ta3A 261000000 262000000 71030
ta1B 280000000 281000000 58783
ta1D 79000000 80000000 49085
ta4B 459000000 460000000 41753
ta3D 418000000 419000000 48199
ta3A 238000000 239000000 62883
ta1B 257000000 258000000 133603
ta2B 34000000 35000000 44292
ta7D 385000000 386000000 63575
ta4D 183000000 184000000 58220
ta4A 678000000 679000000 10405
ta2B 697000000 698000000 25151
ta1A 476000000 477000000 70035
ta2B 416000000 417000000 43910
ta7B 53000000 54000000 51436
ta1D 9000000 10000000 23598
ta3B 856000000 857000000 37606
ta3B 181000000 182000000 60770
ta2D 140000000 141000000 46035
ta3B 158000000 159000000 63183
ta2D 398000000 399000000 44957
ta2D 117000000 118000000 46169
ta6B 245000000 246000000 75286
ta3D 580000000 581000000 47995
ta3D 557000000 558000000 55496
ta1B 396000000 397000000 91987
ta7B 685000000 686000000 47237
ta7B 404000000 405000000 58881
ta6A 464000000 465000000 68685
ta4B 202000000 203000000 90344
ta3A 41000000 42000000 68488
ta6D 99000000 100000000 45012
ta5B 642000000 643000000 47339
ta4A 421000000 422000000 53273
ta3A 18000000 19000000 74415
ta4D 299000000 300000000 48471
ta7D 386000000 387000000 65034
ta7D 105000000 106000000 26288
ta5B 619000000 620000000 48860
ta4A 679000000 680000000 22261
ta6B 384000000 385000000 36246
ta5D 343000000 344000000 48977
ta5A 163000000 164000000 64976
ta3B 857000000 858000000 70789
ta3B 182000000 183000000 55775
ta2A 636000000 637000000 69238
ta3B 93000000 94000000 62789
ta3B 159000000 160000000 64380
ta6D 502000000 503000000 28352
ta4B 341000000 342000000 66737
ta3D 300000000 301000000 92356
ta3A 120000000 121000000 46717
ta4B 599000000 600000000 60592
ta4B 318000000 319000000 54305
ta3A 378000000 379000000 38395
ta2B 4000000 5000000 34639
ta1B 116000000 117000000 56827
ta2B 556000000 557000000 58633
ta1A 335000000 336000000 57036
ta7A 624000000 625000000 112360
ta5D 61000000 62000000 77045
ta5D 482000000 483000000 44361
ta2D 280000000 281000000 68572
ta2A 775000000 776000000 38566
ta5D 38000000 39000000 49457
ta5D 459000000 460000000 51921
ta3B 298000000 299000000 38366
ta2D 257000000 258000000 54727
ta6B 104000000 105000000 75704
ta3B 94000000 95000000 73431
ta3D 416000000 417000000 48305
ta1B 255000000 256000000 132307
ta7B 544000000 545000000 57946
ta6D 503000000 504000000 33675
ta6A 323000000 324000000 50166
ta3A 121000000 122000000 61122
ta2B 32000000 33000000 28038
ta2B 695000000 696000000 89571
ta5B 501000000 502000000 80917
ta4A 561000000 562000000 48252
ta7D 245000000 246000000 49590
ta4A 538000000 539000000 60452
ta5A 720000000 721000000 64779
ta2D 396000000 397000000 53600
ta6B 243000000 244000000 81700
ta5D 202000000 203000000 67348
ta3B 716000000 717000000 55160
ta7B 683000000 684000000 38462
ta4B 481000000 482000000 53923
ta4B 200000000 201000000 53259
ta4A 78000000 79000000 56250
ta3D 440000000 441000000 67747
ta3A 260000000 261000000 90167
ta1D 78000000 79000000 94498
ta4B 458000000 459000000 70554
ta3D 417000000 418000000 43343
ta3A 237000000 238000000 66619
ta6D 97000000 98000000 85414
ta2B 33000000 34000000 64312
ta7D 384000000 385000000 59060
ta4D 182000000 183000000 85232
ta4A 677000000 678000000 15951
ta2B 696000000 697000000 56803
ta1A 475000000 476000000 71826
ta2B 415000000 416000000 62471
ta7B 52000000 53000000 49683
ta4D 159000000 160000000 60557
ta1D 8000000 9000000 11806
ta7B 29000000 30000000 52502
ta7B 8000000 9000000 57611
ta5D 341000000 342000000 50948
ta3B 855000000 856000000 37038
ta3B 180000000 181000000 38541
ta2A 634000000 635000000 35876
ta5A 721000000 722000000 58526
ta5D 318000000 319000000 65757
ta3B 157000000 158000000 48801
ta2D 116000000 117000000 78463
ta4B 597000000 598000000 43180
ta3D 556000000 557000000 59678
ta1B 395000000 396000000 43247
ta1B 114000000 115000000 68789
ta7B 684000000 685000000 37517
ta7B 403000000 404000000 61264
ta6A 463000000 464000000 98840
ta4B 201000000 202000000 30121
ta3A 40000000 41000000 66682
ta7A 622000000 623000000 59076
ta6D 98000000 99000000 73334
ta5B 641000000 642000000 65822
ta4A 420000000 421000000 56244
ta3A 17000000 18000000 49127
ta4D 298000000 299000000 60762
ta7D 104000000 105000000 73744
ta5B 618000000 619000000 22209
ta5D 36000000 37000000 77211
ta2D 255000000 256000000 79786
ta7B 9000000 10000000 29168
ta6B 383000000 384000000 75561
ta5D 342000000 343000000 57799
ta5A 162000000 163000000 79459
ta2A 635000000 636000000 47771
ta3B 92000000 93000000 88266
ta5D 319000000 320000000 84264
ta5A 139000000 140000000 62196
ta6D 501000000 502000000 28187
ta4B 340000000 341000000 86250
ta3B 69000000 70000000 38178
ta6A 579000000 580000000 58821
ta4B 598000000 599000000 49485
ta4B 317000000 318000000 79859
ta3A 377000000 378000000 44892
ta2B 3000000 4000000 34392
ta1B 115000000 116000000 56056
ta7D 243000000 244000000 66696
ta4A 536000000 537000000 37513
ta2B 555000000 556000000 39065
ta1A 334000000 335000000 90633
ta7A 623000000 624000000 44648
ta5D 60000000 61000000 57258
ta5D 481000000 482000000 40589
ta3B 714000000 715000000 73694
ta2A 774000000 775000000 62109
ta5D 37000000 38000000 74515
ta6B 499000000 500000000 68964
ta5D 458000000 459000000 45982
ta3B 297000000 298000000 43433
ta2D 256000000 257000000 44332
ta6B 103000000 104000000 83782
ta4A 76000000 77000000 83489
ta3D 415000000 416000000 70470
ta1B 254000000 255000000 165778
ta7B 543000000 544000000 51545
ta6A 322000000 323000000 89067
ta2B 31000000 32000000 34690
ta4D 180000000 181000000 58352
ta2B 694000000 695000000 63130
ta1A 473000000 474000000 72375
ta5B 500000000 501000000 41151
ta4A 560000000 561000000 55295
ta4D 157000000 158000000 33287
ta7D 244000000 245000000 32309
ta7A 739000000 740000000 32173
ta4A 537000000 538000000 68192
ta2D 395000000 396000000 67283
ta6B 242000000 243000000 82682
ta5D 201000000 202000000 102026
ta3B 715000000 716000000 72341
ta6B 219000000 220000000 56440
ta5A 279000000 280000000 62648
ta7B 682000000 683000000 36359
ta6A 461000000 462000000 49837
ta4B 480000000 481000000 57622
ta4A 77000000 78000000 38162
ta1D 77000000 78000000 35985
ta7B 659000000 660000000 51603
ta4B 457000000 458000000 71847
ta3A 236000000 237000000 79230
ta6D 96000000 97000000 71524
ta3A 15000000 16000000 42699
ta7D 383000000 384000000 70999
ta5B 616000000 617000000 30542
ta4D 181000000 182000000 63188
ta4A 676000000 677000000 33954
ta1A 474000000 475000000 85728
ta2B 414000000 415000000 49108
ta7B 51000000 52000000 56132
ta5B 199000000 200000000 41169
ta4D 158000000 159000000 58673
ta1D 7000000 8000000 12844
ta7B 28000000 29000000 44078
ta7B 7000000 8000000 47591
ta5D 340000000 341000000 76326
ta3B 854000000 855000000 11589
ta2A 633000000 634000000 70412
ta5D 317000000 318000000 69186
ta3B 156000000 157000000 76363
ta2D 115000000 116000000 34182
ta4B 596000000 597000000 59993
ta3D 555000000 556000000 72822
ta3A 375000000 376000000 71413
ta1B 113000000 114000000 33268
ta1B 394000000 395000000 49568
ta7B 402000000 403000000 69849
ta6A 462000000 463000000 76346
ta6A 439000000 440000000 47839
ta2B 553000000 554000000 77788
ta7A 621000000 622000000 59598
ta5B 640000000 641000000 47735
ta3A 16000000 17000000 53626
ta4D 297000000 298000000 48387
ta7D 103000000 104000000 65515
ta5B 617000000 618000000 57132
ta5D 35000000 36000000 88444
ta2D 254000000 255000000 66375
ta6B 382000000 383000000 66601
ta6B 101000000 102000000 40362
ta5A 161000000 162000000 48586
ta3B 91000000 92000000 74383
ta6B 359000000 360000000 90817
ta5A 138000000 139000000 58518
ta7B 541000000 542000000 61115
ta6D 500000000 501000000 40206
ta3B 68000000 69000000 30942
ta6A 578000000 579000000 45996
ta4B 316000000 317000000 92305
ta3A 376000000 377000000 39082
ta2B 2000000 3000000 35753
ta7D 242000000 243000000 47621
ta4A 535000000 536000000 53498
ta2B 554000000 555000000 78235
ta1A 333000000 334000000 70419
ta7D 219000000 220000000 59543
ta5D 480000000 481000000 63903
ta3B 713000000 714000000 83419
ta2A 773000000 774000000 35459
ta6B 498000000 499000000 57189
ta5D 457000000 458000000 60851
ta3B 296000000 297000000 56668
ta6B 102000000 103000000 88757
ta4A 75000000 76000000 87845
ta1D 75000000 76000000 41474
ta4B 455000000 456000000 47823
ta3D 414000000 415000000 69806
ta1B 253000000 254000000 133810
ta7B 542000000 543000000 30830
ta6A 321000000 322000000 56899
ta6D 199000000 200000000 73871
ta2B 30000000 31000000 30774
ta7B 519000000 520000000 82621
ta2B 693000000 694000000 49222
ta1A 472000000 473000000 56780
ta4D 156000000 157000000 74863
ta1D 5000000 6000000 38975
ta1A 449000000 450000000 60526
ta7A 738000000 739000000 57066
ta2D 394000000 395000000 38062
ta2D 113000000 114000000 44410
ta6B 241000000 242000000 90573
ta5D 200000000 201000000 57661
ta6B 218000000 219000000 59310
ta5A 278000000 279000000 65079
ta1B 392000000 393000000 48126
ta7B 681000000 682000000 54030
ta6A 460000000 461000000 84080
ta1B 369000000 370000000 87063
ta1D 76000000 77000000 31257
ta7B 658000000 659000000 57620
ta6A 437000000 438000000 104399
ta4B 456000000 457000000 43201
ta3A 235000000 236000000 99817
ta6D 95000000 96000000 52398
ta3A 14000000 15000000 46678
ta7D 382000000 383000000 52498
ta5B 615000000 616000000 31968
ta4A 675000000 676000000 46308
ta2B 413000000 414000000 65727
ta7B 50000000 51000000 72048
ta7D 359000000 360000000 22975
ta5B 198000000 199000000 44226
ta1D 6000000 7000000 27677
ta7B 27000000 28000000 59661
ta7B 6000000 7000000 65419
ta6B 380000000 381000000 48988
ta3B 853000000 854000000 51250
ta2A 632000000 633000000 64692
ta5D 316000000 317000000 40495
ta3B 155000000 156000000 58588
ta2D 114000000 115000000 69739
ta2A 609000000 610000000 32913
ta4B 595000000 596000000 53261
ta3D 554000000 555000000 77037
ta3A 374000000 375000000 92219
ta1B 393000000 394000000 83275
ta1B 112000000 113000000 41548
ta7B 401000000 402000000 25263
ta6A 438000000 439000000 61294
ta2B 552000000 553000000 40710
ta1A 331000000 332000000 53658
ta7A 620000000 621000000 54094
ta7D 498000000 499000000 73259
ta4D 296000000 297000000 58362
ta2B 529000000 530000000 36213
ta7D 102000000 103000000 67843
ta5D 34000000 35000000 47832
ta3B 294000000 295000000 71706
ta2D 253000000 254000000 33586
ta6B 381000000 382000000 77781
ta6B 100000000 101000000 47856
ta5A 160000000 161000000 79217
ta3B 90000000 91000000 71010
ta6B 358000000 359000000 26970
ta5A 137000000 138000000 69913
ta7B 540000000 541000000 33043
ta3B 67000000 68000000 50440
ta7B 517000000 518000000 55380
ta6A 577000000 578000000 37093
ta4B 315000000 316000000 51924
ta2B 1000000 2000000 25820
ta7D 241000000 242000000 54944
ta4A 534000000 535000000 53404
ta1A 332000000 333000000 92469
ta7D 499000000 500000000 71408
ta7D 218000000 219000000 46283
ta1A 309000000 310000000 53993
ta3B 712000000 713000000 34705
ta2A 772000000 773000000 39945
ta6B 497000000 498000000 39304
ta5D 456000000 457000000 73649
ta5A 276000000 277000000 59694
ta3B 295000000 296000000 43725
ta2A 749000000 750000000 60311
ta4A 74000000 75000000 73579
ta1D 74000000 75000000 39364
ta4B 454000000 455000000 70424
ta3D 413000000 414000000 71489
ta1B 252000000 253000000 62696
ta6A 320000000 321000000 43661
ta6D 198000000 199000000 57630
ta1B 229000000 230000000 50173
ta7B 518000000 519000000 31291
ta2B 692000000 693000000 52086
ta1A 471000000 472000000 70696
ta2B 411000000 412000000 63299
ta4D 155000000 156000000 65957
ta2B 669000000 670000000 49967
ta1D 4000000 5000000 18597
ta1A 448000000 449000000 68734
ta7A 737000000 738000000 56229
ta2D 393000000 394000000 52826
ta2D 112000000 113000000 47474
ta6B 240000000 241000000 61916
ta6B 217000000 218000000 59307
ta5A 277000000 278000000 72364
ta3D 552000000 553000000 61506
ta1B 391000000 392000000 84331
ta7B 680000000 681000000 36917
ta3D 529000000 530000000 57014
ta1B 368000000 369000000 46140
ta7B 657000000 658000000 85869
ta6A 436000000 437000000 63951
ta3A 234000000 235000000 59118
ta6D 94000000 95000000 71816
ta3A 13000000 14000000 66736
ta7D 381000000 382000000 44380
ta7D 100000000 101000000 63210
ta5B 614000000 615000000 30213
ta4A 674000000 675000000 30391
ta2B 412000000 413000000 66058
ta7D 358000000 359000000 62358
ta7A 178000000 179000000 50343
ta5B 197000000 198000000 56881
ta7B 26000000 27000000 53400
ta7B 5000000 6000000 53576
ta3B 852000000 853000000 42707
ta2A 631000000 632000000 73572
ta6B 356000000 357000000 77926
ta5D 315000000 316000000 56197
ta3B 829000000 830000000 43370
ta3B 154000000 155000000 56922
ta2A 608000000 609000000 63284
ta4B 594000000 595000000 55558
ta3D 553000000 554000000 80532
ta3A 373000000 374000000 80153
ta1B 111000000 112000000 52368
ta7B 400000000 401000000 77018
ta2B 551000000 552000000 60632
ta1A 330000000 331000000 52045
ta7D 497000000 498000000 59599
ta4D 295000000 296000000 73295
ta2B 528000000 529000000 62286
ta1A 307000000 308000000 64954
ta1A 588000000 589000000 47186
ta7D 101000000 102000000 37071
ta2A 770000000 771000000 48862
ta5D 33000000 34000000 77384
ta7A 179000000 180000000 100256
ta5D 454000000 455000000 49800
ta3B 293000000 294000000 49460
ta2D 252000000 253000000 47827
ta2A 747000000 748000000 45655
ta2D 229000000 230000000 64191
ta6B 357000000 358000000 70543
ta5A 136000000 137000000 73852
ta1B 250000000 251000000 60052
ta3B 66000000 67000000 29418
ta7B 516000000 517000000 76441
ta6A 576000000 577000000 74462
ta4B 314000000 315000000 68223
ta7D 240000000 241000000 49904
ta4A 533000000 534000000 59628
ta7D 217000000 218000000 47896
ta2D 391000000 392000000 64767
ta1A 308000000 309000000 81329
ta3B 711000000 712000000 68110
ta2A 771000000 772000000 34017
ta2D 368000000 369000000 39462
ta6B 496000000 497000000 56525
ta5D 455000000 456000000 50318
ta5A 275000000 276000000 40471
ta2A 748000000 749000000 56981
ta4A 73000000 74000000 74625
ta1D 73000000 74000000 56262
ta6D 9000000 10000000 30430
ta4B 453000000 454000000 41616
ta3D 412000000 413000000 42998
ta3A 232000000 233000000 51088
ta1B 251000000 252000000 76589
ta6D 197000000 198000000 37730
ta3A 209000000 210000000 61793
ta1B 228000000 229000000 47313
ta4A 672000000 673000000 76012
ta2B 691000000 692000000 65053
ta1A 470000000 471000000 54445
ta2B 410000000 411000000 47532
ta7D 356000000 357000000 32375
ta5B 195000000 196000000 54327
ta4D 154000000 155000000 16536
ta2B 668000000 669000000 50436
ta1D 3000000 4000000 41746
ta1A 447000000 448000000 60202
ta7B 24000000 25000000 73842
ta7A 736000000 737000000 59560
ta3B 850000000 851000000 21774
ta3B 827000000 828000000 46209
ta2D 392000000 393000000 71980
ta2D 111000000 112000000 88187
ta2D 369000000 370000000 63571
ta2A 189000000 190000000 54427
ta6B 216000000 217000000 42652
ta3D 551000000 552000000 38882
ta1B 390000000 391000000 39752
ta3D 528000000 529000000 52613
ta1B 367000000 368000000 56110
ta7B 656000000 657000000 26254
ta6A 435000000 436000000 76049
ta3A 233000000 234000000 34113
ta6D 93000000 94000000 66181
ta3A 12000000 13000000 37721
ta4D 293000000 294000000 47992
ta1A 586000000 587000000 41245
ta7D 380000000 381000000 62194
ta5B 613000000 614000000 46738
ta4A 673000000 674000000 38437
ta7D 357000000 358000000 64819
ta7A 177000000 178000000 64205
ta5B 196000000 197000000 56865
ta7B 25000000 26000000 54673
ta7B 4000000 5000000 64801
ta3B 851000000 852000000 46222
ta2A 630000000 631000000 59429
ta6B 355000000 356000000 72751
ta5D 314000000 315000000 70645
ta5A 134000000 135000000 52696
ta3B 828000000 829000000 23733
ta3B 153000000 154000000 65189
ta2A 607000000 608000000 36558
ta3B 64000000 65000000 26341
ta4B 593000000 594000000 79397
ta4B 312000000 313000000 88526
ta3A 372000000 373000000 79786
ta1B 110000000 111000000 63677
ta3A 349000000 350000000 61813
ta2B 550000000 551000000 36974
ta7D 496000000 497000000 68434
ta4D 294000000 295000000 35501
ta2B 527000000 528000000 45588
ta1A 587000000 588000000 44715
ta1A 306000000 307000000 78569
ta5D 32000000 33000000 76146
ta5D 453000000 454000000 41549
ta3B 292000000 293000000 113115
ta2D 251000000 252000000 56874
ta2A 746000000 747000000 44667
ta3B 269000000 270000000 92142
ta2D 228000000 229000000 80718
ta6D 7000000 8000000 25146
ta5A 135000000 136000000 37029
ta3D 410000000 411000000 60234
ta3B 65000000 66000000 36916
ta6D 195000000 196000000 61278
ta3A 488000000 489000000 70613
ta1B 226000000 227000000 63682
ta7B 515000000 516000000 44343
ta6A 575000000 576000000 40072
ta4B 313000000 314000000 37565
ta2B 666000000 667000000 64751
ta7A 734000000 735000000 6498
ta4A 532000000 533000000 60650
ta7D 216000000 217000000 43455
ta4A 509000000 510000000 56520
ta2D 390000000 391000000 64561
ta3B 710000000 711000000 46248
ta2D 367000000 368000000 58151
ta6B 495000000 496000000 66513
ta6B 214000000 215000000 80593
ta5A 274000000 275000000 71262
ta4A 72000000 73000000 59869
ta1D 72000000 73000000 82762
ta7B 654000000 655000000 51035
ta6D 8000000 9000000 25577
ta4B 452000000 453000000 51750
ta4A 49000000 50000000 50260
ta3D 411000000 412000000 32206
ta3A 231000000 232000000 74196
ta6D 91000000 92000000 90019
ta1D 49000000 50000000 3331
ta6D 196000000 197000000 57677
ta4B 429000000 430000000 51393
ta3A 489000000 490000000 72133
ta3A 208000000 209000000 54026
ta1B 227000000 228000000 58717
ta6D 68000000 69000000 75664
ta4A 671000000 672000000 22404
ta2B 690000000 691000000 68831
ta7D 355000000 356000000 56852
ta5B 194000000 195000000 90158
ta4D 153000000 154000000 46102
ta4A 648000000 649000000 46581
ta2B 667000000 668000000 67861
ta1A 446000000 447000000 66146
ta1D 2000000 3000000 20594
ta7B 23000000 24000000 50918
ta7B 2000000 3000000 29344
ta7A 735000000 736000000 41387
ta5D 312000000 313000000 60117
ta3B 826000000 827000000 70141
ta3B 151000000 152000000 78248
ta2D 110000000 111000000 54731
ta3B 128000000 129000000 69920
ta2A 188000000 189000000 39031
ta6B 215000000 216000000 87232
ta4B 591000000 592000000 58091
ta3D 550000000 551000000 74317
ta4B 568000000 569000000 73835
ta3D 527000000 528000000 66368
ta1B 366000000 367000000 69787
ta7B 655000000 656000000 72682
ta6A 434000000 435000000 81723
ta6D 92000000 93000000 64115
ta3A 11000000 12000000 43082
ta4D 292000000 293000000 54058
ta1A 585000000 586000000 40273
ta6D 69000000 70000000 52085
ta5B 612000000 613000000 44389
ta4D 269000000 270000000 34558
ta7A 176000000 177000000 63076
ta4A 649000000 650000000 72566
ta7B 3000000 4000000 46647
ta2D 226000000 227000000 39177
ta6B 354000000 355000000 54108
ta5D 313000000 314000000 49470
ta5A 133000000 134000000 86717
ta3B 152000000 153000000 77656
ta2A 606000000 607000000 68073
ta3B 63000000 64000000 36132
ta3B 129000000 130000000 81277
ta6A 573000000 574000000 73401
ta4B 592000000 593000000 70617
ta4B 311000000 312000000 40820
ta3A 371000000 372000000 58396
ta4B 569000000 570000000 16299
ta3A 348000000 349000000 60462
ta4A 530000000 531000000 56109
ta7D 495000000 496000000 26102
ta5B 728000000 729000000 41495
ta2B 526000000 527000000 63647
ta1A 305000000 306000000 54711
ta5D 31000000 32000000 52332
ta6B 493000000 494000000 72226
ta5D 452000000 453000000 35458
ta3B 291000000 292000000 33948
ta2D 250000000 251000000 58483
ta2A 745000000 746000000 82187
ta4A 70000000 71000000 76086
ta5D 429000000 430000000 54264
ta3B 268000000 269000000 55868
ta2D 227000000 228000000 63203
ta6D 6000000 7000000 25289
ta4A 47000000 48000000 61951
ta6D 194000000 195000000 94276
ta3A 487000000 488000000 54616
ta1B 225000000 226000000 60761
ta7B 514000000 515000000 69041
ta6A 574000000 575000000 59997
ta4D 151000000 152000000 56363
ta2B 665000000 666000000 42040
ta1A 444000000 445000000 81390
ta7A 733000000 734000000 58438
ta4A 531000000 532000000 41154
ta7D 215000000 216000000 57141
ta5B 729000000 730000000 46848
ta4A 508000000 509000000 33326
ta2D 366000000 367000000 36996
ta6B 494000000 495000000 45248
ta6B 213000000 214000000 59903
ta5A 273000000 274000000 68600
ta4A 71000000 72000000 43592
ta1D 71000000 72000000 63336
ta7B 653000000 654000000 56311
ta4B 451000000 452000000 108966
ta4A 48000000 49000000 49383
ta3A 230000000 231000000 70539
ta6D 90000000 91000000 35176
ta1D 48000000 49000000 82402
ta4B 428000000 429000000 39010
ta3A 207000000 208000000 62735
ta6D 67000000 68000000 42420
ta5B 610000000 611000000 55853
ta4A 670000000 671000000 29815
ta7D 354000000 355000000 49757
ta5B 193000000 194000000 70784
ta4D 152000000 153000000 60468
ta4A 647000000 648000000 76581
ta1D 1000000 2000000 21457
ta1A 445000000 446000000 94498
ta7B 22000000 23000000 54531
ta7B 1000000 2000000 28257
ta4D 129000000 130000000 44538
ta5D 311000000 312000000 88858
ta3B 825000000 826000000 32452
ta3B 150000000 151000000 57497
ta2A 604000000 605000000 74647
ta5D 569000000 570000000 33780
ta5A 389000000 390000000 54530
ta3B 127000000 128000000 76773
ta2A 187000000 188000000 84669
ta4B 590000000 591000000 61963
ta4B 567000000 568000000 70549
ta3D 526000000 527000000 69677
ta1B 365000000 366000000 27889
ta6A 433000000 434000000 72679
ta3A 10000000 11000000 37911
ta4D 291000000 292000000 56605
ta2B 524000000 525000000 54115
ta1A 584000000 585000000 40550
ta5B 611000000 612000000 78119
ta4D 268000000 269000000 56934
ta7A 175000000 176000000 68961
ta2D 225000000 226000000 87985
ta6B 353000000 354000000 67832
ta5A 132000000 133000000 105679
ta2A 605000000 606000000 73785
ta3B 62000000 63000000 56786
ta5A 109000000 110000000 76273
ta6A 572000000 573000000 38508
ta4B 310000000 311000000 87864
ta3B 39000000 40000000 61153
ta3A 370000000 371000000 49793
ta6A 549000000 550000000 85496
ta3A 347000000 348000000 46991
ta7D 494000000 495000000 55255
ta7D 213000000 214000000 74141
ta5B 727000000 728000000 29150
ta4A 506000000 507000000 59411
ta2B 525000000 526000000 41917
ta1A 304000000 305000000 74677
ta5D 30000000 31000000 51445
ta6B 492000000 493000000 68313
ta5D 451000000 452000000 50651
ta3B 290000000 291000000 71692
ta2A 744000000 745000000 75205
ta6B 469000000 470000000 73779
ta5D 428000000 429000000 54220
ta3B 267000000 268000000 51870
ta6D 5000000 6000000 34372
ta4A 46000000 47000000 73832
ta1D 46000000 47000000 45115
ta6D 193000000 194000000 78550
ta3A 486000000 487000000 59352
ta1B 224000000 225000000 51256
ta7B 513000000 514000000 44494
ta4D 150000000 151000000 73832
ta2B 664000000 665000000 38025
ta1A 443000000 444000000 53092
ta7A 732000000 733000000 55311
ta4D 127000000 128000000 41983
ta7D 214000000 215000000 76951
ta7A 709000000 710000000 58065
ta4A 507000000 508000000 52954
ta5D 567000000 568000000 37697
ta2D 365000000 366000000 80557
ta6B 212000000 213000000 56487
ta5A 272000000 273000000 77590
ta5A 249000000 250000000 33908
ta1B 363000000 364000000 54255
ta1D 70000000 71000000 60456
ta7B 652000000 653000000 45187
ta6A 431000000 432000000 86958
ta4B 450000000 451000000 56189
ta1D 47000000 48000000 76211
ta7B 629000000 630000000 47169
ta6A 408000000 409000000 88048
ta4B 427000000 428000000 46170
ta3A 206000000 207000000 92448
ta6D 66000000 67000000 37015
ta7D 353000000 354000000 54450
ta5B 192000000 193000000 72724
ta4A 646000000 647000000 74616
ta7B 21000000 22000000 49079
ta5B 169000000 170000000 13988
ta4D 128000000 129000000 57603
ta5D 310000000 311000000 61021
ta4B 99000000 100000000 64945
ta3B 824000000 825000000 58720
ta2A 603000000 604000000 52216
ta5D 568000000 569000000 44227
ta5A 388000000 389000000 70291
ta3B 126000000 127000000 56932
ta2A 186000000 187000000 65232
ta4B 566000000 567000000 61340
ta3D 525000000 526000000 48263
ta3A 345000000 346000000 79509
ta1B 364000000 365000000 78399
ta6A 432000000 433000000 67635
ta7D 492000000 493000000 45170
ta6A 409000000 410000000 70148
ta4D 290000000 291000000 46715
ta2B 523000000 524000000 38610
ta1A 583000000 584000000 55577
ta4D 267000000 268000000 68838
ta7A 174000000 175000000 69604
ta2D 224000000 225000000 62527
ta6B 352000000 353000000 62576
ta5A 131000000 132000000 60710
ta3B 61000000 62000000 60580
ta6B 329000000 330000000 46268
ta5A 108000000 109000000 59270
ta7B 511000000 512000000 50586
ta6A 571000000 572000000 64294
ta3B 38000000 39000000 30007
ta6A 548000000 549000000 81694
ta3A 346000000 347000000 89926
ta7D 493000000 494000000 86996
ta7D 212000000 213000000 52695
ta5B 726000000 727000000 33462
ta4A 505000000 506000000 65794
ta1A 303000000 304000000 68477
ta6B 491000000 492000000 64776
ta5D 450000000 451000000 58246
ta5A 270000000 271000000 93463
ta2A 743000000 744000000 52421
ta6B 468000000 469000000 51804
ta5D 427000000 428000000 64218
ta5A 247000000 248000000 31563
ta3B 266000000 267000000 59615
ta6D 4000000 5000000 32198
ta4A 45000000 46000000 89785
ta1D 45000000 46000000 48648
ta6D 192000000 193000000 68309
ta4B 425000000 426000000 73772
ta3A 485000000 486000000 55370
ta1B 223000000 224000000 79843
ta7B 512000000 513000000 51580
ta6D 169000000 170000000 60979
ta2B 663000000 664000000 42957
ta1A 442000000 443000000 85529
ta7A 731000000 732000000 44055
ta4D 126000000 127000000 41146
ta1A 419000000 420000000 49379
ta7A 708000000 709000000 49032
ta5D 566000000 567000000 43845
ta2D 364000000 365000000 49304
ta2A 184000000 185000000 56255
ta6B 211000000 212000000 66026
ta5A 271000000 272000000 62278
ta5A 248000000 249000000 73901
ta3D 523000000 524000000 73567
ta1B 362000000 363000000 65233
ta7B 651000000 652000000 34600
ta6A 430000000 431000000 63520
ta1B 339000000 340000000 69295
ta7B 628000000 629000000 71634
ta6A 407000000 408000000 68655
ta4B 426000000 427000000 68772
ta3A 205000000 206000000 46806
ta6D 65000000 66000000 64102
ta2B 779000000 780000000 53369
ta7D 352000000 353000000 98115
ta7A 172000000 173000000 53908
ta5B 191000000 192000000 93287
ta4A 645000000 646000000 37730
ta7B 20000000 21000000 59693
ta7D 329000000 330000000 53524
ta7A 149000000 150000000 38092
ta5B 168000000 169000000 66159
ta6B 350000000 351000000 81414
ta4B 98000000 99000000 54422
ta3B 823000000 824000000 44170
ta2A 602000000 603000000 59566
ta6B 327000000 328000000 68494
ta5A 387000000 388000000 78318
ta3B 125000000 126000000 40559
ta2A 185000000 186000000 101708
ta4B 565000000 566000000 76556
ta3D 524000000 525000000 71436
ta3A 344000000 345000000 31674
ta7D 491000000 492000000 93056
ta2B 522000000 523000000 47068
ta1A 582000000 583000000 75663
ta1A 301000000 302000000 47461
ta7D 468000000 469000000 80515
ta4D 266000000 267000000 53737
ta1A 559000000 560000000 31139
ta7A 173000000 174000000 51561
ta2A 741000000 742000000 45761
ta3B 264000000 265000000 62510
ta2D 223000000 224000000 39830
ta6B 351000000 352000000 65221
ta5A 130000000 131000000 51499
ta3B 60000000 61000000 63703
ta6B 328000000 329000000 67249
ta5A 107000000 108000000 57053
ta7B 510000000 511000000 39827
ta6A 570000000 571000000 56137
ta3B 37000000 38000000 31871
ta1B 479000000 480000000 69741
ta6A 547000000 548000000 28050
ta7D 211000000 212000000 31491
ta5B 725000000 726000000 74699
ta4A 504000000 505000000 54633
ta1A 302000000 303000000 54153
ta7D 469000000 470000000 72025
ta7A 289000000 290000000 42119
ta2D 362000000 363000000 55904
ta6B 490000000 491000000 62122
ta2A 742000000 743000000 69490
ta6B 467000000 468000000 36367
ta5D 426000000 427000000 52760
ta5A 246000000 247000000 90863
ta3B 265000000 266000000 51941
ta2A 719000000 720000000 57206
ta6D 3000000 4000000 34888
ta4A 44000000 45000000 53659
ta1D 44000000 45000000 59365
ta6D 191000000 192000000 75368
ta4B 424000000 425000000 47918
ta3A 484000000 485000000 80568
ta3A 203000000 204000000 68805
ta1B 222000000 223000000 42787
ta6D 168000000 169000000 91345
ta2B 662000000 663000000 64589
ta1A 441000000 442000000 59327
ta7A 730000000 731000000 60911
ta5B 166000000 167000000 53400
ta4D 125000000 126000000 46430
ta2B 639000000 640000000 53977
ta1A 418000000 419000000 73756
ta7A 707000000 708000000 60452
ta4B 96000000 97000000 40255
ta3B 821000000 822000000 35571
ta5D 565000000 566000000 59329
ta2D 363000000 364000000 87433
ta2A 183000000 184000000 52273
ta6B 210000000 211000000 40337
ta3D 522000000 523000000 63571
ta1B 361000000 362000000 61998
ta7B 650000000 651000000 35741
ta1B 338000000 339000000 57610
ta7B 627000000 628000000 84980
ta6A 406000000 407000000 62418
ta3A 204000000 205000000 52128
ta1A 580000000 581000000 54088
ta6D 64000000 65000000 79282
ta2B 778000000 779000000 40713
ta7D 351000000 352000000 71941
ta7A 171000000 172000000 44298
ta5B 190000000 191000000 85336
ta4A 644000000 645000000 80018
ta7D 328000000 329000000 93112
ta7A 148000000 149000000 93947
ta5B 167000000 168000000 39660
ta4B 97000000 98000000 51432
ta3B 822000000 823000000 34291
ta2A 601000000 602000000 70130
ta2D 479000000 480000000 70054
ta6B 326000000 327000000 45144
ta5A 386000000 387000000 86392
ta5A 105000000 106000000 40876
ta3B 124000000 125000000 57680
ta4B 564000000 565000000 59305
ta3A 343000000 344000000 35699
ta7D 490000000 491000000 67275
ta2B 521000000 522000000 51565
ta1A 581000000 582000000 77702
ta1A 300000000 301000000 61938
ta7D 467000000 468000000 95544
ta4D 265000000 266000000 45938
ta1A 558000000 559000000 34086
ta2A 740000000 741000000 77840
ta5D 424000000 425000000 60092
ta3B 263000000 264000000 65962
ta2D 222000000 223000000 45950
ta2A 717000000 718000000 59286
ta6D 1000000 2000000 43901
ta5A 106000000 107000000 19425
ta1B 220000000 221000000 77819
ta3B 36000000 37000000 52162
ta3D 639000000 640000000 26225
ta1B 478000000 479000000 46496
ta6A 546000000 547000000 62450
ta2B 660000000 661000000 30983
ta7D 210000000 211000000 57834
ta7A 705000000 706000000 34347
ta5B 724000000 725000000 40736
ta4A 503000000 504000000 41531
ta1D 179000000 180000000 73189
ta7A 288000000 289000000 56971
ta2D 361000000 362000000 44833
ta2D 338000000 339000000 72331
ta6B 466000000 467000000 70195
ta5D 425000000 426000000 45046
ta5A 245000000 246000000 87949
ta2A 718000000 719000000 66818
ta6D 2000000 3000000 18926
ta4A 43000000 44000000 56424
ta1D 43000000 44000000 72588
ta6D 190000000 191000000 53852
ta4B 423000000 424000000 90015
ta3A 483000000 484000000 55694
ta3A 202000000 203000000 81674
ta1B 221000000 222000000 59935
ta6D 167000000 168000000 46157
ta4A 642000000 643000000 59111
ta2B 661000000 662000000 49868
ta1A 440000000 441000000 65984
ta7D 326000000 327000000 67037
ta5B 165000000 166000000 67390
ta4D 124000000 125000000 54972
ta4A 619000000 620000000 41268
ta2B 638000000 639000000 21354
ta1A 417000000 418000000 76899
ta7A 706000000 707000000 37169
ta4B 95000000 96000000 55004
ta3B 820000000 821000000 26962
ta5D 564000000 565000000 66183
ta3B 122000000 123000000 130715
ta2A 182000000 183000000 66441
ta2D 339000000 340000000 50821
ta2A 159000000 160000000 51020
ta3D 521000000 522000000 45373
ta1B 360000000 361000000 63915
ta3A 599000000 600000000 69106
ta1B 337000000 338000000 75831
ta7B 626000000 627000000 47295
ta6A 405000000 406000000 71362
ta6D 63000000 64000000 31525
ta4D 263000000 264000000 53618
ta2B 777000000 778000000 40447
ta1A 556000000 557000000 53426
ta7D 350000000 351000000 37037
ta7A 170000000 171000000 68441
ta4A 643000000 644000000 59870
ta7D 327000000 328000000 70650
ta7A 147000000 148000000 68717
ta2A 600000000 601000000 77092
ta2D 478000000 479000000 58286
ta6B 325000000 326000000 24068
ta5A 385000000 386000000 77442
ta5A 104000000 105000000 31572
ta3B 123000000 124000000 44839
ta3B 34000000 35000000 25206
ta7B 765000000 766000000 7053
ta6A 544000000 545000000 65139
ta4B 563000000 564000000 53344
ta3A 342000000 343000000 62059
ta3A 319000000 320000000 45980
ta5B 722000000 723000000 47920
ta2B 520000000 521000000 53609
ta1D 177000000 178000000 89065
ta7D 466000000 467000000 53449
ta4D 264000000 265000000 58849
ta1A 557000000 558000000 49283
ta5D 423000000 424000000 63617
ta3B 262000000 263000000 89856
ta2D 221000000 222000000 40694
ta2A 716000000 717000000 32931
ta3B 239000000 240000000 73040
ta2A 299000000 300000000 55216
ta7D 99000000 100000000 70976
ta3A 481000000 482000000 71645
ta3B 35000000 36000000 60271
ta6D 165000000 166000000 40159
ta4B 679000000 680000000 13026
ta3D 638000000 639000000 44899
ta3A 458000000 459000000 54803
ta1B 477000000 478000000 50417
ta6A 545000000 546000000 60621
ta2B 636000000 637000000 69041
ta7A 704000000 705000000 40972
ta5B 723000000 724000000 32007
ta4A 502000000 503000000 65333
ta1D 178000000 179000000 83637
ta7A 287000000 288000000 62337
ta2D 360000000 361000000 49423
ta2D 337000000 338000000 66879
ta6B 465000000 466000000 28694
ta5A 244000000 245000000 39359
ta4A 42000000 43000000 62018
ta1D 42000000 43000000 62406
ta7B 624000000 625000000 53965
ta4B 422000000 423000000 39265
ta4A 19000000 20000000 57843
ta3A 482000000 483000000 48697
ta3A 201000000 202000000 48209
ta6D 61000000 62000000 34187
ta1D 19000000 20000000 40105
ta6D 166000000 167000000 42512
ta3A 459000000 460000000 62620
ta6D 38000000 39000000 46149
ta4A 641000000 642000000 47076
ta7D 325000000 326000000 60102
ta5B 164000000 165000000 39757
ta4D 123000000 124000000 70675
ta4A 618000000 619000000 36876
ta2B 637000000 638000000 69856
ta1A 416000000 417000000 57607
ta4B 94000000 95000000 59074
ta5D 563000000 564000000 23897
ta5A 383000000 384000000 43523
ta3B 121000000 122000000 69841
ta2A 181000000 182000000 97925
ta3B 379000000 380000000 60596
ta2A 158000000 159000000 72495
ta4B 561000000 562000000 54510
ta3D 520000000 521000000 60956
ta4B 538000000 539000000 95454
ta3A 598000000 599000000 72481
ta1B 336000000 337000000 76176
ta7B 625000000 626000000 20228
ta6A 404000000 405000000 50966
ta6D 62000000 63000000 48123
ta4D 262000000 263000000 69226
ta2B 776000000 777000000 33332
ta1A 555000000 556000000 60318
ta6D 39000000 40000000 16907
ta4D 239000000 240000000 49492
ta7A 146000000 147000000 46792
ta5A 78000000 79000000 86903
ta2D 78000000 79000000 67767
ta2D 477000000 478000000 38104
ta2A 297000000 298000000 54834
ta6B 324000000 325000000 64630
ta5A 384000000 385000000 44265
ta5A 103000000 104000000 42910
ta3B 33000000 34000000 44048
ta1B 475000000 476000000 73636
ta7B 764000000 765000000 32184
ta6A 543000000 544000000 55908
ta4B 562000000 563000000 54972
ta3A 341000000 342000000 67080
ta4B 539000000 540000000 85199
ta3A 318000000 319000000 60075
ta5B 721000000 722000000 38339
ta4A 500000000 501000000 71352
ta1D 176000000 177000000 24611
ta7D 465000000 466000000 68939
ta7A 285000000 286000000 62744
ta6B 463000000 464000000 80713
ta5D 422000000 423000000 48349
ta5A 79000000 80000000 51259
ta3B 261000000 262000000 55048
ta2D 220000000 221000000 45859
ta2A 715000000 716000000 69314
ta4A 40000000 41000000 84452
ta2D 79000000 80000000 84426
ta3B 238000000 239000000 48301
ta2A 298000000 299000000 66040
ta1D 40000000 41000000 73260
ta7D 98000000 99000000 60036
ta4A 17000000 18000000 72702
ta3A 480000000 481000000 77177
ta6D 164000000 165000000 47713
ta4B 678000000 679000000 50634
ta3D 637000000 638000000 6949
ta3A 457000000 458000000 59397
ta1B 476000000 477000000 44421
ta4D 121000000 122000000 55506
ta2B 635000000 636000000 66109
ta1A 414000000 415000000 74446
ta7A 703000000 704000000 40745
ta4A 501000000 502000000 65862
ta4D 379000000 380000000 74227
ta4A 199000000 200000000 46120
ta7A 286000000 287000000 67388
ta5D 561000000 562000000 41421
ta3B 377000000 378000000 54123
ta2D 336000000 337000000 68182
ta6B 464000000 465000000 58392
ta5A 243000000 244000000 55348
ta4A 41000000 42000000 53579
ta1D 41000000 42000000 50616
ta7B 623000000 624000000 27442
ta6A 402000000 403000000 95010
ta4B 421000000 422000000 48789
ta4A 18000000 19000000 69224
ta3A 200000000 201000000 91289
ta6D 60000000 61000000 4919
ta1D 18000000 19000000 61947
ta6D 37000000 38000000 46126
ta4A 640000000 641000000 71658
ta7D 324000000 325000000 69756
ta5B 163000000 164000000 8062
ta4D 122000000 123000000 50701
ta4A 617000000 618000000 55430
ta1A 415000000 416000000 75795
ta4B 93000000 94000000 44369
ta2D 475000000 476000000 69142
ta5D 562000000 563000000 32059
ta5A 382000000 383000000 48980
ta3B 120000000 121000000 59906
ta2A 180000000 181000000 58975
ta5D 539000000 540000000 22898
ta5A 359000000 360000000 61398
ta3B 378000000 379000000 52143
ta2A 157000000 158000000 53904
ta4B 560000000 561000000 92603
ta4B 537000000 538000000 27929
ta3A 597000000 598000000 71000
ta3A 316000000 317000000 68902
ta1B 335000000 336000000 60189
ta6A 403000000 404000000 41238
ta4D 261000000 262000000 53281
ta2B 775000000 776000000 52287
ta1A 554000000 555000000 25895
ta5B 279000000 280000000 48616
ta4D 238000000 239000000 53664
ta7A 145000000 146000000 75218
ta5A 77000000 78000000 13868
ta2D 77000000 78000000 82054
ta2D 476000000 477000000 53379
ta2A 296000000 297000000 52971
ta6B 323000000 324000000 88240
ta5A 102000000 103000000 73070
ta3B 32000000 33000000 56864
ta3D 635000000 636000000 42434
ta1B 474000000 475000000 50604
ta7B 763000000 764000000 38401
ta6A 542000000 543000000 66854
ta3A 340000000 341000000 36530
ta6A 519000000 520000000 38525
ta3A 317000000 318000000 47721
ta5B 720000000 721000000 49783
ta1D 175000000 176000000 59911
ta7D 464000000 465000000 59960
ta7A 284000000 285000000 74223
ta4A 8000000 9000000 89062
ta6B 462000000 463000000 90645
ta5D 421000000 422000000 58002
ta5A 241000000 242000000 86244
ta3B 260000000 261000000 49567
ta2A 714000000 715000000 65495
ta6B 439000000 440000000 55878
ta5A 499000000 500000000 52156
ta3B 237000000 238000000 57626
ta7D 97000000 98000000 52410
ta4A 16000000 17000000 63653
ta1D 16000000 17000000 41606
ta6D 163000000 164000000 58010
ta4B 677000000 678000000 33651
ta3D 636000000 637000000 32145
ta3A 456000000 457000000 53177
ta4D 120000000 121000000 41939
ta2B 634000000 635000000 54958
ta1A 413000000 414000000 74681
ta7A 702000000 703000000 38157
ta4D 378000000 379000000 42309
ta4A 198000000 199000000 68622
ta5D 560000000 561000000 29007
ta5D 537000000 538000000 65718
ta4A 9000000 10000000 87999
ta3B 376000000 377000000 66771
ta2D 335000000 336000000 63559
ta2A 155000000 156000000 36491
ta5A 242000000 243000000 37927
ta5A 219000000 220000000 76299
ta1B 333000000 334000000 62420
ta7B 622000000 623000000 41746
ta6A 401000000 402000000 120445
ta4B 420000000 421000000 47835
ta1D 17000000 18000000 35475
ta2B 773000000 774000000 33409
ta6D 36000000 37000000 18665
ta7D 323000000 324000000 83975
ta7A 143000000 144000000 55008
ta5B 162000000 163000000 28149
ta4A 616000000 617000000 74150
ta4B 92000000 93000000 56001
ta5B 139000000 140000000 76606
ta2D 474000000 475000000 43975
ta6B 321000000 322000000 66637
ta5A 381000000 382000000 47849
ta4B 69000000 70000000 73304
ta6B 579000000 580000000 41875
ta5D 538000000 539000000 48372
ta5A 358000000 359000000 43331
ta2A 156000000 157000000 66123
ta4B 536000000 537000000 71572
ta3A 596000000 597000000 62344
ta3A 315000000 316000000 68764
ta1B 334000000 335000000 78530
ta7D 462000000 463000000 47853
ta4D 260000000 261000000 40915
ta2B 774000000 775000000 54639
ta1A 553000000 554000000 50799
ta7D 439000000 440000000 17276
ta5B 278000000 279000000 53906
ta4D 237000000 238000000 78541
ta7A 144000000 145000000 45635
ta5A 76000000 77000000 74861
ta2D 76000000 77000000 66237
ta3B 235000000 236000000 52690
ta2A 295000000 296000000 59015
ta6B 322000000 323000000 51125
ta5A 101000000 102000000 44015
ta3B 31000000 32000000 70257
ta3D 634000000 635000000 61087
ta1B 473000000 474000000 51649
ta7B 762000000 763000000 30919
ta6A 541000000 542000000 55438
ta7B 739000000 740000000 25363
ta6A 518000000 519000000 54212
ta4D 376000000 377000000 62903
ta1D 174000000 175000000 40213
ta7D 463000000 464000000 61280
ta7A 283000000 284000000 47300
ta4A 7000000 8000000 36794
ta6B 461000000 462000000 50354
ta5D 420000000 421000000 88616
ta5A 240000000 241000000 58567
ta2A 713000000 714000000 52167
ta6B 438000000 439000000 65419
ta5A 498000000 499000000 58182
ta5A 217000000 218000000 79449
ta3B 236000000 237000000 73248
ta7D 96000000 97000000 42576
ta4A 15000000 16000000 49091
ta1D 15000000 16000000 41185
ta6D 162000000 163000000 101436
ta4B 676000000 677000000 46908
ta3A 455000000 456000000 36699
ta6D 139000000 140000000 48961
ta5B 160000000 161000000 61266
ta2B 633000000 634000000 94574
ta1A 412000000 413000000 88757
ta7A 701000000 702000000 32261
ta4B 90000000 91000000 47374
ta7D 579000000 580000000 69430
ta5B 137000000 138000000 64939
ta4D 377000000 378000000 36665
ta4A 197000000 198000000 73905
ta5D 536000000 537000000 42893
ta3B 375000000 376000000 77831
ta2D 334000000 335000000 43523
ta2A 154000000 155000000 51237
ta5A 218000000 219000000 75631
ta3A 594000000 595000000 71229
ta1B 332000000 333000000 25069
ta7B 621000000 622000000 53565
ta6A 400000000 401000000 68574
ta6D 278000000 279000000 37989
ta1B 309000000 310000000 92265
ta2B 772000000 773000000 46594
ta6D 35000000 36000000 45271
ta2B 749000000 750000000 49564
ta7D 322000000 323000000 58424
ta7A 142000000 143000000 64368
ta5B 161000000 162000000 49112
ta4A 615000000 616000000 43052
ta4B 91000000 92000000 71788
ta7A 119000000 120000000 24953
ta5B 138000000 139000000 71975
ta2D 473000000 474000000 76791
ta6B 320000000 321000000 95301
ta5A 380000000 381000000 76168
ta4B 68000000 69000000 75692
ta6B 578000000 579000000 95551
ta5A 357000000 358000000 79555
ta7B 760000000 761000000 58240
ta7B 737000000 738000000 28072
ta4B 535000000 536000000 75293
ta3A 595000000 596000000 48706
ta3A 314000000 315000000 54141
ta6D 279000000 280000000 60758
ta7D 461000000 462000000 60556
ta4A 754000000 755000000 17464
ta1A 552000000 553000000 56127
ta7D 438000000 439000000 62390
ta5B 277000000 278000000 78703
ta4D 236000000 237000000 58852
ta1A 529000000 530000000 81005
ta5A 75000000 76000000 79038
ta2A 711000000 712000000 62133
ta2D 75000000 76000000 39018
ta5A 496000000 497000000 43893
ta3B 234000000 235000000 33326
ta2A 294000000 295000000 52834
ta5A 100000000 101000000 55916
ta3B 30000000 31000000 9886
ta4B 674000000 675000000 30298
ta3D 633000000 634000000 53170
ta1B 472000000 473000000 52986
ta7B 761000000 762000000 21663
ta6A 540000000 541000000 69053
ta1B 449000000 450000000 83534
ta7B 738000000 739000000 29817
ta6A 517000000 518000000 80967
ta4D 375000000 376000000 33287
ta1D 173000000 174000000 57727
ta7A 282000000 283000000 50887
ta7A 259000000 260000000 56797
ta4A 6000000 7000000 96231
ta2D 332000000 333000000 66970
ta6B 460000000 461000000 55247
ta2A 712000000 713000000 74729
ta2D 309000000 310000000 43010
ta6B 437000000 438000000 49975
ta5A 497000000 498000000 42436
ta5A 216000000 217000000 82898
ta7D 95000000 96000000 39913
ta4A 14000000 15000000 58243
ta1B 588000000 589000000 28607
ta1D 14000000 15000000 43048
ta6D 161000000 162000000 55525
ta4B 675000000 676000000 76282
ta3A 454000000 455000000 54940
ta7B 179000000 180000000 62749
ta6D 138000000 139000000 69018
ta7D 320000000 321000000 35829
ta4A 613000000 614000000 59074
ta2B 632000000 633000000 81838
ta1A 411000000 412000000 75288
ta7A 700000000 701000000 65262
ta1D 289000000 290000000 65287
ta7D 578000000 579000000 43652
ta7D 0 1000000 36895
ta7A 398000000 399000000 69189
ta5B 136000000 137000000 56852
ta4A 196000000 197000000 31403
ta2B 609000000 610000000 84141
ta4B 66000000 67000000 63045
ta6B 576000000 577000000 77508
ta5D 535000000 536000000 32122
ta3B 374000000 375000000 65885
ta2D 333000000 334000000 66336
ta2A 153000000 154000000 46409
ta3A 593000000 594000000 47217
ta1B 331000000 332000000 45627
ta7B 620000000 621000000 57414
ta6D 277000000 278000000 41331
ta1B 589000000 590000000 40431
ta1B 308000000 309000000 31652
ta2B 771000000 772000000 41552
ta1A 550000000 551000000 40334
ta6D 34000000 35000000 68907
ta4D 234000000 235000000 51871
ta2B 748000000 749000000 75935
ta1A 527000000 528000000 62110
ta7D 321000000 322000000 64205
ta7A 141000000 142000000 52032
ta4A 614000000 615000000 53550
ta7A 399000000 400000000 69531
ta7A 118000000 119000000 74723
ta2D 472000000 473000000 48492
ta4B 67000000 68000000 53058
ta2D 449000000 450000000 51565
ta6B 577000000 578000000 63315
ta5A 356000000 357000000 75880
ta7B 736000000 737000000 18225
ta6A 515000000 516000000 86882
ta4B 534000000 535000000 32644
ta3A 313000000 314000000 35366
ta1D 171000000 172000000 49447
ta7D 460000000 461000000 42466
ta4A 753000000 754000000 47139
ta1A 551000000 552000000 63438
ta1D 148000000 149000000 38644
ta7D 437000000 438000000 40265
ta5B 276000000 277000000 50481
ta4D 235000000 236000000 88016
ta1A 528000000 529000000 69012
ta5A 74000000 75000000 49372
ta2A 710000000 711000000 57421
ta2D 74000000 75000000 81069
ta5A 495000000 496000000 53344
ta3B 233000000 234000000 73523
ta2A 293000000 294000000 35383
ta7D 93000000 94000000 37118
ta4B 673000000 674000000 57299
ta3D 632000000 633000000 46665
ta3A 452000000 453000000 80188
ta1B 471000000 472000000 30365
ta6D 136000000 137000000 61881
ta3D 609000000 610000000 50917
ta3A 429000000 430000000 87368
ta1B 448000000 449000000 73130
ta6A 516000000 517000000 53406
ta2B 630000000 631000000 69397
ta4D 374000000 375000000 56055
ta2B 607000000 608000000 60189
ta1D 172000000 173000000 51615
ta7A 281000000 282000000 61733
ta1D 149000000 150000000 60491
ta7A 258000000 259000000 60393
ta4A 5000000 6000000 68004
ta2D 331000000 332000000 68847
ta2D 589000000 590000000 47751
ta2D 308000000 309000000 66788
ta6B 436000000 437000000 61099
ta5A 215000000 216000000 30501
ta7D 94000000 95000000 62321
ta4A 13000000 14000000 60739
ta1B 587000000 588000000 66680
ta1D 13000000 14000000 39700
ta6D 160000000 161000000 62938
ta3A 453000000 454000000 79194
ta6D 32000000 33000000 21110
ta7B 178000000 179000000 54757
ta6D 137000000 138000000 45429
ta4A 612000000 613000000 47812
ta2B 631000000 632000000 39947
ta1A 410000000 411000000 52979
ta1D 288000000 289000000 69553
ta7D 577000000 578000000 46188
ta7A 397000000 398000000 74190
ta5B 135000000 136000000 53929
ta4A 195000000 196000000 61508
ta2B 608000000 609000000 44200
ta4B 65000000 66000000 65075
ta6B 575000000 576000000 48885
ta5D 534000000 535000000 69617
ta5A 354000000 355000000 54973
ta3B 373000000 374000000 110451
ta2A 152000000 153000000 66855
ta2A 129000000 130000000 81537
ta4B 532000000 533000000 76955
ta3A 592000000 593000000 69881
ta1B 330000000 331000000 36390
ta6D 276000000 277000000 47488
ta4B 509000000 510000000 33895
ta3A 569000000 570000000 68264
ta1B 307000000 308000000 83308
ta2B 770000000 771000000 36953
ta6D 33000000 34000000 29624
ta4D 233000000 234000000 65258
ta2B 747000000 748000000 56262
ta1A 526000000 527000000 58206
ta7A 140000000 141000000 62016
ta5A 72000000 73000000 64091
ta2D 72000000 73000000 78595
ta7A 117000000 118000000 63378
ta5A 49000000 50000000 78026
ta2D 471000000 472000000 35836
ta2A 291000000 292000000 67617
ta3B 489000000 490000000 77806
ta2D 448000000 449000000 51494
ta2A 268000000 269000000 46453
ta5A 355000000 356000000 52222
ta1B 446000000 447000000 57682
ta7B 735000000 736000000 18699
ta6A 514000000 515000000 54006
ta4B 533000000 534000000 56429
ta3A 312000000 313000000 65067
ta1D 170000000 171000000 65244
ta4A 752000000 753000000 52541
ta1D 147000000 148000000 74862
ta7D 436000000 437000000 48803
ta5B 275000000 276000000 48339
ta4A 729000000 730000000 14747
ta5A 73000000 74000000 79740
ta2D 587000000 588000000 64372
ta2D 73000000 74000000 54385
ta6B 434000000 435000000 65447
ta5A 494000000 495000000 66780
ta3B 232000000 233000000 87946
ta2A 292000000 293000000 28771
ta7D 92000000 93000000 29584
ta4A 11000000 12000000 53348
ta3B 209000000 210000000 76836
ta2A 269000000 270000000 89762
ta7D 69000000 70000000 35699
ta4B 672000000 673000000 48174
ta3D 631000000 632000000 48910
ta3A 451000000 452000000 67173
ta1B 470000000 471000000 47389
ta1A 89000000 90000000 72360
ta6D 135000000 136000000 62180
ta4B 649000000 650000000 67069
ta3D 608000000 609000000 38664
ta3A 428000000 429000000 37398
ta1B 447000000 448000000 26654
ta7D 575000000 576000000 43438
ta4D 373000000 374000000 58685
ta4A 193000000 194000000 51873
ta2B 606000000 607000000 48539
ta7A 280000000 281000000 79137
ta2B 0 1000000 10512
ta2B 189000000 190000000 78203
ta7A 257000000 258000000 57132
ta4A 4000000 5000000 63577
ta3B 371000000 372000000 60928
ta2D 330000000 331000000 58604
ta3B 348000000 349000000 30072
ta2D 588000000 589000000 51056
ta2D 307000000 308000000 56931
ta6B 435000000 436000000 58927
ta5A 214000000 215000000 69944
ta4A 12000000 13000000 51812
ta1D 12000000 13000000 37910
ta1B 586000000 587000000 57729
ta6D 31000000 32000000 39203
ta7B 177000000 178000000 51396
ta4A 611000000 612000000 59414
ta4D 489000000 490000000 48518
ta1D 287000000 288000000 62533
ta7D 576000000 577000000 28779
ta7A 396000000 397000000 27748
ta5B 134000000 135000000 43738
ta4A 194000000 195000000 33183
ta4B 64000000 65000000 88297
ta6B 574000000 575000000 29626
ta5D 533000000 534000000 55563
ta5A 353000000 354000000 47015
ta3B 372000000 373000000 55530
ta2A 151000000 152000000 87533
ta3B 349000000 350000000 33144
ta2A 128000000 129000000 77457
ta4B 531000000 532000000 35331
ta3A 591000000 592000000 93903
ta3A 310000000 311000000 64393
ta6D 275000000 276000000 63594
ta4B 508000000 509000000 61704
ta3A 568000000 569000000 85944
ta1B 306000000 307000000 37537
ta5B 273000000 274000000 65774
ta4D 232000000 233000000 62113
ta2B 746000000 747000000 59694
ta1A 525000000 526000000 62304
ta5A 71000000 72000000 64350
ta4D 209000000 210000000 27089
ta2D 71000000 72000000 63646
ta7A 116000000 117000000 51592
ta5A 48000000 49000000 71325
ta2D 470000000 471000000 41697
ta2A 290000000 291000000 34272
ta2D 48000000 49000000 71127
ta3B 488000000 489000000 75528
ta2D 447000000 448000000 76822
ta2A 267000000 268000000 66361
ta3D 606000000 607000000 38826
ta1B 445000000 446000000 71675
ta7B 734000000 735000000 41478
ta6A 513000000 514000000 50538
ta3A 311000000 312000000 72906
ta3D 189000000 190000000 61333
ta4A 751000000 752000000 19204
ta2B 187000000 188000000 59580
ta1D 146000000 147000000 74543
ta7D 435000000 436000000 81517
ta7A 255000000 256000000 55747
ta5B 274000000 275000000 47194
ta4A 728000000 729000000 34208
ta4A 2000000 3000000 58365
ta2D 586000000 587000000 31811
ta6B 433000000 434000000 83496
ta5A 493000000 494000000 94264
ta3B 231000000 232000000 77247
ta7D 91000000 92000000 85905
ta4A 10000000 11000000 90080
ta2D 49000000 50000000 41738
ta3B 208000000 209000000 47892
ta1D 10000000 11000000 18010
ta7D 68000000 69000000 56183
ta4B 671000000 672000000 44053
ta3D 630000000 631000000 27859
ta3A 450000000 451000000 76138
ta1A 88000000 89000000 69886
ta6D 134000000 135000000 59405
ta4B 648000000 649000000 30228
ta3D 607000000 608000000 45629
ta3A 427000000 428000000 54890
ta7D 574000000 575000000 23505
ta4D 372000000 373000000 63546
ta4A 192000000 193000000 84132
ta2B 605000000 606000000 59956
ta4D 349000000 350000000 45806
ta4A 169000000 170000000 67715
ta2B 188000000 189000000 42514
ta7A 256000000 257000000 48361
ta5D 531000000 532000000 44502
ta4A 3000000 4000000 39183
ta3B 370000000 371000000 65605
ta5D 508000000 509000000 59648
ta3B 347000000 348000000 43285
ta2D 306000000 307000000 70077
ta5A 213000000 214000000 66762
ta1B 304000000 305000000 57647
ta1D 11000000 12000000 34477
ta1B 585000000 586000000 33080
ta6D 30000000 31000000 50025
ta7B 176000000 177000000 75176
ta4A 610000000 611000000 47022
ta4D 488000000 489000000 49777
ta1D 286000000 287000000 48690
ta7A 395000000 396000000 17361
ta5B 133000000 134000000 70412
ta4B 63000000 64000000 76986
ta2D 445000000 446000000 64025
ta6B 573000000 574000000 76831
ta5D 532000000 533000000 31591
ta5A 352000000 353000000 38876
ta2A 150000000 151000000 51456
ta5D 509000000 510000000 73637
ta5A 329000000 330000000 55828
ta2A 127000000 128000000 37132
ta4B 530000000 531000000 40577
ta3A 590000000 591000000 80612
ta6D 274000000 275000000 20241
ta4B 507000000 508000000 51887
ta3A 567000000 568000000 71277
ta1B 305000000 306000000 23119
ta7D 433000000 434000000 57601
ta5B 272000000 273000000 48344
ta4D 231000000 232000000 84621
ta4A 726000000 727000000 36773
ta2B 745000000 746000000 63398
ta1A 524000000 525000000 44757
ta5A 70000000 71000000 50171
ta5B 249000000 250000000 76553
ta4D 208000000 209000000 25069
ta2D 70000000 71000000 107318
ta7A 115000000 116000000 59502
ta5A 47000000 48000000 46655
ta2D 47000000 48000000 35298
ta6B 689000000 690000000 69619
ta3B 487000000 488000000 61633
ta2D 446000000 447000000 73248
ta2A 266000000 267000000 61531
ta3D 605000000 606000000 43052
ta1B 444000000 445000000 53152
ta7B 733000000 734000000 16540
ta6A 512000000 513000000 50159
ta6A 0 1000000 38852
ta3D 188000000 189000000 68722
ta4D 370000000 371000000 43159
ta4A 750000000 751000000 22237
ta4D 347000000 348000000 67036
ta2B 186000000 187000000 43926
ta1D 145000000 146000000 64730
ta7D 434000000 435000000 58301
ta7A 254000000 255000000 64967
ta4A 727000000 728000000 24844
ta4A 1000000 2000000 70849
ta2D 585000000 586000000 47545
ta6B 432000000 433000000 50948
ta5A 492000000 493000000 64504
ta5A 211000000 212000000 67278
ta3B 230000000 231000000 66729
ta7D 90000000 91000000 53546
ta6B 409000000 410000000 60753
ta5A 469000000 470000000 46072
ta3B 207000000 208000000 63510
ta7D 67000000 68000000 47355
ta4B 670000000 671000000 13768
ta1A 87000000 88000000 61804
ta7B 174000000 175000000 60238
ta6D 133000000 134000000 54795
ta4B 647000000 648000000 34237
ta3A 426000000 427000000 68603
ta1D 284000000 285000000 82895
ta7D 573000000 574000000 39492
ta4D 371000000 372000000 55335
ta4A 191000000 192000000 86521
ta2B 604000000 605000000 73085
ta5B 389000000 390000000 66436
ta4D 348000000 349000000 64203
ta4A 168000000 169000000 46434
ta5D 530000000 531000000 47407
ta5D 507000000 508000000 59814
ta3B 346000000 347000000 53911
ta2D 305000000 306000000 64498
ta2A 125000000 126000000 95330
ta5A 212000000 213000000 36460
ta6D 272000000 273000000 22466
ta3A 565000000 566000000 87746
ta1B 584000000 585000000 64176
ta1B 303000000 304000000 60142
ta7B 175000000 176000000 50795
ta2B 743000000 744000000 45842
ta4D 487000000 488000000 53182
ta1D 285000000 286000000 49540
ta7A 394000000 395000000 72657
ta7A 113000000 114000000 60767
ta5B 132000000 133000000 64069
ta4B 62000000 63000000 45252
ta5B 109000000 110000000 100683
ta2D 444000000 445000000 52941
ta6B 572000000 573000000 51317
ta5A 351000000 352000000 49768
ta4B 39000000 40000000 85237
ta6B 549000000 550000000 66356
ta5A 328000000 329000000 39218
ta2A 126000000 127000000 55649
ta7B 731000000 732000000 17059
ta3D 186000000 187000000 49731
ta6D 273000000 274000000 65007
ta4B 506000000 507000000 54371
ta3A 566000000 567000000 80265
ta7D 432000000 433000000 50511
ta5B 271000000 272000000 36177
ta4D 230000000 231000000 52532
ta4A 725000000 726000000 32166
ta2B 744000000 745000000 42565
ta1A 523000000 524000000 52135
ta7D 409000000 410000000 36209
ta5B 248000000 249000000 45430
ta4D 207000000 208000000 31192
ta7A 114000000 115000000 57622
ta5A 490000000 491000000 75577
ta5A 46000000 47000000 39052
ta2D 46000000 47000000 42939
ta6B 688000000 689000000 53994
ta3B 486000000 487000000 67422
ta3B 205000000 206000000 47965
ta2A 265000000 266000000 70424
ta4B 645000000 646000000 30419
ta3D 604000000 605000000 37897
ta1B 443000000 444000000 42897
ta7B 732000000 733000000 21468
ta6A 511000000 512000000 85224
ta6D 389000000 390000000 55549
ta3D 187000000 188000000 24918
ta7B 709000000 710000000 38222
ta5B 98000000 99000000 38486
ta4D 346000000 347000000 73460
ta2B 185000000 186000000 67597
ta1D 144000000 145000000 82395
ta7A 253000000 254000000 72358
ta2D 584000000 585000000 51680
ta2D 303000000 304000000 60245
ta6B 431000000 432000000 75541
ta5A 491000000 492000000 36267
ta5A 210000000 211000000 47252
ta6B 408000000 409000000 81338
ta5A 468000000 469000000 61826
ta3B 206000000 207000000 61023
ta1B 582000000 583000000 49408
ta7D 66000000 67000000 50872
ta1A 86000000 87000000 54555
ta1B 559000000 560000000 65611
ta7B 173000000 174000000 44851
ta6D 132000000 133000000 75587
ta4B 646000000 647000000 38106
ta3A 425000000 426000000 103959
ta6D 109000000 110000000 72351
ta1D 283000000 284000000 66805
ta7D 572000000 573000000 67241
ta7A 392000000 393000000 31588
ta5B 130000000 131000000 51481
ta5B 99000000 100000000 67741
ta4A 190000000 191000000 81728
ta2B 603000000 604000000 89930
ta4B 60000000 61000000 61258
ta7D 549000000 550000000 68409
ta5B 388000000 389000000 32255
ta5B 107000000 108000000 84668
ta4A 167000000 168000000 78509
ta6B 570000000 571000000 71243
ta4B 37000000 38000000 50092
ta5D 506000000 507000000 49711
ta3B 345000000 346000000 38724
ta2D 304000000 305000000 53807
ta2A 124000000 125000000 42094
ta6D 271000000 272000000 47484
ta3A 564000000 565000000 94716
ta1B 583000000 584000000 48279
ta1B 302000000 303000000 67892
ta6D 248000000 249000000 45039
ta2B 742000000 743000000 21819
ta1A 521000000 522000000 58977
ta4D 486000000 487000000 54916
ta4D 205000000 206000000 50372
ta2B 719000000 720000000 33321
ta7A 393000000 394000000 55542
ta7A 112000000 113000000 61306
ta5B 131000000 132000000 57286
ta4B 61000000 62000000 65668
ta5B 108000000 109000000 73949
ta3B 484000000 485000000 44537
ta2D 443000000 444000000 60735
ta6B 571000000 572000000 56250
ta5A 350000000 351000000 105571
ta4B 38000000 39000000 39279
ta6B 548000000 549000000 55953
ta5A 327000000 328000000 49300
ta7B 730000000 731000000 17004
ta3D 185000000 186000000 51155
ta1B 699000000 700000000 60869
ta7B 707000000 708000000 51059
ta4B 505000000 506000000 49604
ta6D 249000000 250000000 83295
ta1D 142000000 143000000 61573
ta7D 431000000 432000000 55660
ta5B 270000000 271000000 109685
ta4A 724000000 725000000 32062
ta1A 522000000 523000000 63892
ta1D 119000000 120000000 62461
ta7D 408000000 409000000 10125
ta5B 247000000 248000000 52287
ta4D 206000000 207000000 74967
ta5A 45000000 46000000 56224
ta2D 45000000 46000000 66432
ta6B 687000000 688000000 34267
ta5A 466000000 467000000 65259
ta3B 485000000 486000000 77214
ta3B 204000000 205000000 73217
ta2A 264000000 265000000 64398
ta7D 64000000 65000000 46956
ta6D 130000000 131000000 62135
ta4B 644000000 645000000 76434
ta3D 603000000 604000000 34628
ta1B 442000000 443000000 48118
ta6A 510000000 511000000 30913
ta6D 388000000 389000000 68345
ta1B 419000000 420000000 42880
ta7B 708000000 709000000 65371
ta5B 97000000 98000000 76271
ta2B 601000000 602000000 30186
ta5B 386000000 387000000 55955
ta4D 345000000 346000000 83048
ta1D 143000000 144000000 65939
ta2B 184000000 185000000 75640
ta7A 252000000 253000000 64912
ta7A 229000000 230000000 19489
ta2D 583000000 584000000 39153
ta2D 302000000 303000000 65647
ta6B 430000000 431000000 79565
ta6B 407000000 408000000 52092
ta5A 467000000 468000000 72788
ta1B 581000000 582000000 33775
ta7D 65000000 66000000 75704
ta1A 85000000 86000000 62904
ta1B 558000000 559000000 82439
ta7B 172000000 173000000 70612
ta6D 131000000 132000000 66277
ta3A 424000000 425000000 72477
ta7B 149000000 150000000 76230
ta6D 108000000 109000000 61460
ta1D 282000000 283000000 56333
ta7D 571000000 572000000 60608
ta7A 391000000 392000000 88823
ta2B 602000000 603000000 68639
ta1D 259000000 260000000 60931
ta7D 548000000 549000000 32336
ta7A 368000000 369000000 81500
ta5B 387000000 388000000 37357
ta5B 106000000 107000000 54643
ta4A 166000000 167000000 58774
ta4B 36000000 37000000 80598
ta6B 546000000 547000000 44305
ta5D 505000000 506000000 82828
ta3B 344000000 345000000 43073
ta2A 123000000 124000000 53726
ta6D 270000000 271000000 93324
ta4B 503000000 504000000 39263
ta3A 563000000 564000000 47573
ta1B 301000000 302000000 101738
ta6D 247000000 248000000 63753
ta2B 741000000 742000000 32646
ta1A 520000000 521000000 81800
ta4D 485000000 486000000 54160
ta4D 204000000 205000000 51759
ta2B 718000000 719000000 32969
ta7A 111000000 112000000 48099
ta5A 43000000 44000000 64864
ta7A 369000000 370000000 104401
ta3B 483000000 484000000 37822
ta2D 442000000 443000000 85625
ta2A 262000000 263000000 67768
ta2D 419000000 420000000 81211
ta6B 547000000 548000000 43454
ta5A 326000000 327000000 50643
ta1B 440000000 441000000 65993
ta3D 184000000 185000000 57657
ta1B 417000000 418000000 45664
ta1B 698000000 699000000 60106
ta7B 706000000 707000000 28060
ta4B 504000000 505000000 58730
ta7B 289000000 290000000 41287
ta1D 141000000 142000000 51552
ta7D 430000000 431000000 49030
ta4A 723000000 724000000 1962
ta1D 118000000 119000000 46724
ta1D 399000000 400000000 43937
ta7D 407000000 408000000 67730
ta5B 246000000 247000000 80549
ta2D 581000000 582000000 52045
ta5A 44000000 45000000 45456
ta2D 558000000 559000000 51233
ta2D 44000000 45000000 51922
ta6B 686000000 687000000 48255
ta5A 465000000 466000000 78432
ta3B 203000000 204000000 65575
ta2A 263000000 264000000 77253
ta7D 63000000 64000000 52166
ta1A 83000000 84000000 26309
ta4B 643000000 644000000 70551
ta3D 602000000 603000000 32343
ta3A 422000000 423000000 71990
ta1B 441000000 442000000 62456
ta6D 387000000 388000000 42039
ta6D 106000000 107000000 54066
ta1B 418000000 419000000 40865
ta5B 96000000 97000000 44603
ta2B 600000000 601000000 43754
ta7D 546000000 547000000 64677
ta5B 385000000 386000000 63846
ta4D 344000000 345000000 59583
ta2B 183000000 184000000 48267
ta7A 251000000 252000000 79926
ta7A 228000000 229000000 37242
ta3B 342000000 343000000 39687
ta2D 582000000 583000000 64456
ta2D 301000000 302000000 62146
ta2D 559000000 560000000 55497
ta2A 379000000 380000000 76819
ta6B 406000000 407000000 83366
ta1B 580000000 581000000 49001
ta1A 84000000 85000000 91952
ta1B 557000000 558000000 54751
ta7B 171000000 172000000 70303
ta3A 423000000 424000000 48186
ta7B 148000000 149000000 69563
ta6D 107000000 108000000 38310
ta4D 483000000 484000000 78103
ta1D 281000000 282000000 58486
ta7D 570000000 571000000 62605
ta7A 390000000 391000000 53393
ta2B 299000000 300000000 41072
ta1D 258000000 259000000 32927
ta7D 547000000 548000000 42076
ta7A 367000000 368000000 61415
ta5B 105000000 106000000 47898
ta4A 165000000 166000000 77921
ta4B 35000000 36000000 62354
ta6B 545000000 546000000 38467
ta5D 504000000 505000000 38012
ta5A 324000000 325000000 72448
ta3B 343000000 344000000 133078
ta2A 122000000 123000000 67524
ta4B 502000000 503000000 55207
ta3A 562000000 563000000 41810
ta1B 300000000 301000000 57887
ta7B 287000000 288000000 60114
ta6D 246000000 247000000 46563
ta3A 539000000 540000000 62589
ta2B 740000000 741000000 38754
ta1D 397000000 398000000 21827
ta4D 484000000 485000000 54526
ta4D 203000000 204000000 27376
ta2B 717000000 718000000 84306
ta7A 110000000 111000000 71575
ta5A 42000000 43000000 51678
ta2D 42000000 43000000 51656
ta5A 19000000 20000000 59646
ta3B 482000000 483000000 74311
ta2D 441000000 442000000 77789
ta2A 261000000 262000000 69610
ta2D 19000000 20000000 38299
ta3B 459000000 460000000 48379
ta2D 418000000 419000000 93397
ta2A 238000000 239000000 76321
ta5A 325000000 326000000 40880
ta3D 600000000 601000000 29610
ta6D 385000000 386000000 63586
ta3D 183000000 184000000 64492
ta3A 678000000 679000000 72508
ta1B 416000000 417000000 63735
ta7B 705000000 706000000 50159
ta7B 288000000 289000000 75068
ta2B 181000000 182000000 81919
ta1D 140000000 141000000 45642
ta4A 722000000 723000000 26630
ta1D 117000000 118000000 53526
ta1D 398000000 399000000 55168
ta7D 406000000 407000000 51333
ta7A 226000000 227000000 86298
ta5B 245000000 246000000 65506
ta2D 580000000 581000000 54286
ta2D 557000000 558000000 66768
ta2D 43000000 44000000 39311
ta6B 685000000 686000000 45870
ta6B 404000000 405000000 43523
ta5A 464000000 465000000 58969
ta3B 202000000 203000000 61959
ta7D 62000000 63000000 49715
ta1A 82000000 83000000 73924
ta2A 239000000 240000000 80105
ta7D 39000000 40000000 25030
ta4B 642000000 643000000 53708
ta3D 601000000 602000000 51943
ta3A 421000000 422000000 47031
ta1A 59000000 60000000 53603
ta3D 299000000 300000000 59870
ta6D 386000000 387000000 75054
ta6D 105000000 106000000 35969
ta4B 619000000 620000000 58496
ta3A 679000000 680000000 58224
ta5B 95000000 96000000 73035
ta7D 545000000 546000000 57440
ta5B 384000000 385000000 74735
ta4D 343000000 344000000 53254
ta4A 163000000 164000000 71957
ta2B 182000000 183000000 76011
ta7A 250000000 251000000 52477
ta2B 159000000 160000000 52309
ta7A 227000000 228000000 81554
ta5D 502000000 503000000 51278
ta3B 341000000 342000000 65176
ta2D 300000000 301000000 47029
ta3B 599000000 600000000 85458
ta3B 318000000 319000000 45446
ta2A 378000000 379000000 59937
ta6B 405000000 406000000 73685
ta1B 556000000 557000000 39156
ta7B 170000000 171000000 39734
ta7B 147000000 148000000 87959
ta6A 79000000 80000000 66452
ta4D 482000000 483000000 73145
ta1D 280000000 281000000 55034
ta3D 79000000 80000000 50193
ta4D 459000000 460000000 53190
ta2B 298000000 299000000 51406
ta1D 257000000 258000000 51020
ta7A 366000000 367000000 55842
ta5B 104000000 105000000 62047
ta4A 164000000 165000000 96110
ta4B 34000000 35000000 36499
ta2D 416000000 417000000 51636
ta6B 544000000 545000000 74738
ta5D 503000000 504000000 40948
ta5A 323000000 324000000 74860
ta2A 121000000 122000000 76847
ta3B 319000000 320000000 95191
ta1B 695000000 696000000 14726
ta4B 501000000 502000000 52990
ta3A 561000000 562000000 86131
ta7B 286000000 287000000 49619
ta6D 245000000 246000000 81489
ta3A 538000000 539000000 61253
ta4A 720000000 721000000 40128
ta1D 396000000 397000000 48481
ta5B 243000000 244000000 45282
ta4D 202000000 203000000 21873
ta2B 716000000 717000000 45577
ta5A 41000000 42000000 81889
ta2D 41000000 42000000 44322
ta6B 683000000 684000000 55159
ta5A 18000000 19000000 37220
ta3B 481000000 482000000 41229
ta2D 440000000 441000000 63249
ta2A 260000000 261000000 59752
ta2D 18000000 19000000 39029
ta3B 458000000 459000000 58072
ta2D 417000000 418000000 41952
ta2A 237000000 238000000 61531
ta6D 384000000 385000000 49704
ta3D 182000000 183000000 46589
ta3A 677000000 678000000 69189
ta1B 696000000 697000000 936
ta1B 415000000 416000000 69217
ta7B 704000000 705000000 38221
ta3D 159000000 160000000 44110
ta4D 341000000 342000000 68820
ta2B 180000000 181000000 45215
ta4A 721000000 722000000 26580
ta2B 157000000 158000000 68389
ta1D 116000000 117000000 60219
ta7D 405000000 406000000 62669
ta7A 225000000 226000000 70624
ta5B 244000000 245000000 60257
ta3B 597000000 598000000 64947
ta2D 556000000 557000000 47264
ta6B 684000000 685000000 83993
ta6B 403000000 404000000 57424
ta5A 463000000 464000000 64916
ta3B 201000000 202000000 60637
ta7D 61000000 62000000 33164
ta1A 81000000 82000000 55500
ta7D 38000000 39000000 29998
ta4B 641000000 642000000 49741
ta3A 420000000 421000000 37256
ta1A 58000000 59000000 51253
ta3D 298000000 299000000 24326
ta7B 145000000 146000000 85161
ta6D 104000000 105000000 69419
ta4B 618000000 619000000 49087
ta5B 94000000 95000000 64247
ta1D 255000000 256000000 54737
ta7D 544000000 545000000 47118
ta5B 383000000 384000000 80850
ta4D 342000000 343000000 70842
ta4A 162000000 163000000 80399
ta4D 319000000 320000000 72524
ta4A 139000000 140000000 65050
ta2B 158000000 159000000 76404
ta5D 501000000 502000000 51745
ta3B 340000000 341000000 31144
ta5A 579000000 580000000 65198
ta3B 598000000 599000000 53564
ta3B 317000000 318000000 70764
ta2A 377000000 378000000 79893
ta1B 555000000 556000000 48844
ta6A 623000000 624000000 13841
ta7B 146000000 147000000 86606
ta6A 78000000 79000000 35163
ta4D 481000000 482000000 65094
ta2B 714000000 715000000 64746
ta3D 78000000 79000000 64768
ta4D 458000000 459000000 58664
ta1D 256000000 257000000 55491
ta2B 297000000 298000000 74740
ta7A 365000000 366000000 109136
ta5B 103000000 104000000 36641
ta4B 33000000 34000000 46144
ta2D 415000000 416000000 34982
ta6B 543000000 544000000 88453
ta5A 322000000 323000000 57184
ta2A 120000000 121000000 44355
ta3D 180000000 181000000 63207
ta1B 694000000 695000000 17887
ta4B 500000000 501000000 54891
ta3A 560000000 561000000 64660
ta7B 285000000 286000000 86532
ta6D 244000000 245000000 79837
ta3A 537000000 538000000 50396
ta1D 395000000 396000000 46297
ta7D 403000000 404000000 72818
ta5B 242000000 243000000 60887
ta4D 201000000 202000000 46325
ta2B 715000000 716000000 50693
ta5A 40000000 41000000 36977
ta5B 219000000 220000000 49241
ta4A 279000000 280000000 63348
ta2D 40000000 41000000 66411
ta6B 682000000 683000000 53952
ta5A 17000000 18000000 54164
ta3B 480000000 481000000 38067
ta2D 17000000 18000000 32691
ta6B 659000000 660000000 40070
ta3B 457000000 458000000 63410
ta2A 236000000 237000000 69483
ta6D 383000000 384000000 33603
ta3D 181000000 182000000 71345
ta3A 676000000 677000000 49919
ta1B 414000000 415000000 57131
ta7B 703000000 704000000 47647
ta5B 92000000 93000000 74608
ta4B 199000000 200000000 35539
ta3D 158000000 159000000 43029
ta5B 69000000 70000000 70212
ta4D 340000000 341000000 40832
ta4D 317000000 318000000 48568
ta2B 156000000 157000000 68430
ta1D 115000000 116000000 68805
ta7D 404000000 405000000 42355
ta7A 224000000 225000000 84357
ta3B 596000000 597000000 16894
ta2D 555000000 556000000 43361
ta6B 402000000 403000000 44606
ta5A 462000000 463000000 77906
ta3B 200000000 201000000 47452
ta7D 60000000 61000000 57420
ta1A 80000000 81000000 69508
ta5A 439000000 440000000 54367
ta1B 553000000 554000000 78704
ta7D 37000000 38000000 47519
ta6A 621000000 622000000 19158
ta4B 640000000 641000000 48706
ta1A 57000000 58000000 31384
ta3D 297000000 298000000 54735
ta7B 144000000 145000000 34931
ta6D 103000000 104000000 79897
ta4B 617000000 618000000 53843
ta5B 93000000 94000000 55417
ta1D 254000000 255000000 49691
ta7D 543000000 544000000 49862
ta5B 382000000 383000000 41749
ta5B 101000000 102000000 72529
ta4A 161000000 162000000 62453
ta4B 31000000 32000000 55077
ta5B 359000000 360000000 56644
ta4D 318000000 319000000 66187
ta4A 138000000 139000000 57688
ta5D 500000000 501000000 46740
ta5A 578000000 579000000 48929
ta3B 316000000 317000000 48396
ta2A 376000000 377000000 52520
ta6D 242000000 243000000 65957
ta3A 535000000 536000000 71330
ta1B 554000000 555000000 62386
ta6A 622000000 623000000 35972
ta6D 219000000 220000000 51578
ta6A 77000000 78000000 54255
ta4D 480000000 481000000 50705
ta2B 713000000 714000000 63682
ta3D 77000000 78000000 27606
ta5B 498000000 499000000 48988
ta4D 457000000 458000000 46467
ta2B 296000000 297000000 75316
ta7A 364000000 365000000 94068
ta5B 102000000 103000000 68695
ta4B 32000000 33000000 53907
ta2D 414000000 415000000 62830
ta6B 542000000 543000000 61265
ta5A 321000000 322000000 89380
ta5D 199000000 200000000 63568
ta6B 519000000 520000000 38727
ta1B 693000000 694000000 59415
ta7B 701000000 702000000 70737
ta3D 156000000 157000000 53206
ta7B 284000000 285000000 93655
ta6D 243000000 244000000 85047
ta3A 536000000 537000000 69700
ta1D 394000000 395000000 65388
ta7D 402000000 403000000 67754
ta5B 241000000 242000000 99825
ta4D 200000000 201000000 53746
ta5B 499000000 500000000 37065
ta5B 218000000 219000000 90457
ta4A 278000000 279000000 106268
ta6B 681000000 682000000 60092
ta5A 460000000 461000000 35692
ta5A 16000000 17000000 41451
ta2D 16000000 17000000 25752
ta6B 658000000 659000000 63395
ta5A 437000000 438000000 57671
ta3B 456000000 457000000 33368
ta2A 235000000 236000000 78567
ta6D 382000000 383000000 63402
ta4B 615000000 616000000 50846
ta3A 675000000 676000000 61862
ta1B 413000000 414000000 72859
ta7B 702000000 703000000 34478
ta5B 91000000 92000000 43596
ta6D 359000000 360000000 74417
ta4B 198000000 199000000 50483
ta3D 157000000 158000000 61711
ta5B 68000000 69000000 32968
ta4D 316000000 317000000 83289
ta2B 155000000 156000000 46654
ta1D 114000000 115000000 55486
ta7A 223000000 224000000 62260
ta3B 595000000 596000000 51340
ta2D 554000000 555000000 48321
ta2A 374000000 375000000 34412
ta6B 401000000 402000000 89611
ta5A 461000000 462000000 68917
ta5A 438000000 439000000 59465
ta1B 552000000 553000000 55453
ta7D 36000000 37000000 25089
ta6A 620000000 621000000 49158
ta1A 56000000 57000000 52245
ta3D 296000000 297000000 54102
ta1B 529000000 530000000 66281
ta7B 143000000 144000000 74433
ta6D 102000000 103000000 78804
ta6A 75000000 76000000 62519
ta4B 616000000 617000000 49993
ta1D 253000000 254000000 61167
ta7D 542000000 543000000 42467
ta7A 362000000 363000000 45639
ta5B 381000000 382000000 66696
ta5B 100000000 101000000 55295
ta4A 160000000 161000000 50146
ta4B 30000000 31000000 43588
ta7D 519000000 520000000 56394
ta7A 339000000 340000000 61456
ta5B 358000000 359000000 37939
ta4A 137000000 138000000 82753
ta6B 540000000 541000000 76396
ta6B 517000000 518000000 24248
ta5A 577000000 578000000 49834
ta3B 315000000 316000000 41740
ta2A 375000000 376000000 63006
ta6D 241000000 242000000 49238
ta3A 534000000 535000000 57728
ta6D 499000000 500000000 48851
ta6D 218000000 219000000 36000
ta6A 76000000 77000000 61091
ta2B 712000000 713000000 42704
ta3D 76000000 77000000 35396
ta5B 497000000 498000000 50123
ta4D 456000000 457000000 63299
ta4A 276000000 277000000 85176
ta2B 295000000 296000000 51365
ta7A 363000000 364000000 35960
ta3B 454000000 455000000 44185
ta2D 413000000 414000000 40805
ta6B 541000000 542000000 62394
ta5A 320000000 321000000 39771
ta5D 198000000 199000000 78593
ta6B 518000000 519000000 44798
ta1B 692000000 693000000 47949
ta7B 700000000 701000000 34163
ta3D 155000000 156000000 65077
ta1B 669000000 670000000 24559
ta7B 283000000 284000000 59942
ta1D 112000000 113000000 69394
ta1D 393000000 394000000 48088
ta7D 401000000 402000000 74768
ta5B 240000000 241000000 69602
ta7A 479000000 480000000 50704
ta5B 217000000 218000000 51328
ta4A 277000000 278000000 59864
ta2D 552000000 553000000 48725
ta6B 680000000 681000000 45026
ta5A 15000000 16000000 33201
ta2D 15000000 16000000 47676
ta6B 657000000 658000000 67816
ta5A 436000000 437000000 67376
ta3B 455000000 456000000 50252
ta2A 234000000 235000000 40005
ta7D 34000000 35000000 13289
ta6D 381000000 382000000 66935
ta6D 100000000 101000000 80049
ta4B 614000000 615000000 26804
ta3A 674000000 675000000 30448
ta1B 412000000 413000000 75394
ta5B 90000000 91000000 51810
ta7B 399000000 400000000 57046
ta6D 358000000 359000000 72764
ta6A 178000000 179000000 60043
ta4B 197000000 198000000 50099
ta5B 67000000 68000000 88762
ta5B 356000000 357000000 35237
ta4D 315000000 316000000 49155
ta1D 113000000 114000000 81677
ta2B 154000000 155000000 30697
ta7A 222000000 223000000 82249
ta3B 594000000 595000000 35216
ta2D 553000000 554000000 65576
ta2A 373000000 374000000 49928
ta6B 400000000 401000000 80731
ta1B 551000000 552000000 34571
ta7D 35000000 36000000 39448
ta1D 0 1000000 36969
ta1A 55000000 56000000 54768
ta6D 497000000 498000000 43619
ta3D 295000000 296000000 83140
ta1B 528000000 529000000 75386
ta7B 142000000 143000000 60536
ta6D 101000000 102000000 68161
ta6A 74000000 75000000 68104
ta3D 74000000 75000000 28835
ta7B 119000000 120000000 59302
ta6A 179000000 180000000 42512
ta2B 293000000 294000000 66111
ta1D 252000000 253000000 66514
ta7D 541000000 542000000 39315
ta7A 361000000 362000000 39057
ta5B 380000000 381000000 46857
ta1D 229000000 230000000 43804
ta7D 518000000 519000000 98081
ta7A 338000000 339000000 60191
ta5B 357000000 358000000 60234
ta4A 136000000 137000000 59188
ta6B 516000000 517000000 13039
ta5A 576000000 577000000 41813
ta3B 314000000 315000000 62377
ta7B 281000000 282000000 56499
ta6D 240000000 241000000 78104
ta3A 533000000 534000000 86861
ta7B 258000000 259000000 35336
ta6D 498000000 499000000 44538
ta6D 217000000 218000000 73562
ta1D 391000000 392000000 98168
ta2B 711000000 712000000 55861
ta3D 75000000 76000000 50716
ta1D 368000000 369000000 59321
ta5B 496000000 497000000 66164
ta4D 455000000 456000000 51177
ta4A 275000000 276000000 49881
ta2B 294000000 295000000 78163
ta5A 13000000 14000000 63490
ta2D 13000000 14000000 20952
ta3B 453000000 454000000 86831
ta2D 412000000 413000000 63246
ta2A 232000000 233000000 74287
ta5D 197000000 198000000 130283
ta2A 209000000 210000000 79282
ta1B 691000000 692000000 34958
ta1B 410000000 411000000 73366
ta4B 195000000 196000000 47658
ta3D 154000000 155000000 89404
ta1B 668000000 669000000 63988
ta7B 282000000 283000000 20519
ta7B 259000000 260000000 60909
ta1D 392000000 393000000 72279
ta1D 111000000 112000000 68762
ta7D 400000000 401000000 67285
ta7A 220000000 221000000 46864
ta1D 369000000 370000000 82757
ta1A 189000000 190000000 69513
ta7A 478000000 479000000 68331
ta5B 216000000 217000000 55506
ta2D 551000000 552000000 53970
ta5A 14000000 15000000 47345
ta2D 528000000 529000000 62926
ta2D 14000000 15000000 37876
ta6B 656000000 657000000 46334
ta5A 435000000 436000000 107530
ta2A 233000000 234000000 60243
ta7D 33000000 34000000 71602
ta1A 53000000 54000000 38863
ta3D 293000000 294000000 67723
ta6D 380000000 381000000 56334
ta4B 613000000 614000000 51441
ta3A 673000000 674000000 62541
ta1B 411000000 412000000 89365
ta7B 398000000 399000000 68378
ta6D 357000000 358000000 56807
ta6A 177000000 178000000 61860
ta4B 196000000 197000000 57497
ta5B 66000000 67000000 53148
ta7D 516000000 517000000 67277
ta5B 355000000 356000000 67155
ta4D 314000000 315000000 42246
ta4A 134000000 135000000 109889
ta2B 153000000 154000000 71760
ta7A 221000000 222000000 54747
ta3B 593000000 594000000 60988
ta3B 312000000 313000000 37533
ta2A 372000000 373000000 12957
ta2D 529000000 530000000 63036
ta2A 349000000 350000000 39008
ta1B 550000000 551000000 62614
ta1A 54000000 55000000 47570
ta6D 496000000 497000000 36092
ta3D 294000000 295000000 50048
ta1B 527000000 528000000 57458
ta7B 141000000 142000000 51166
ta6A 73000000 74000000 45419
ta3D 73000000 74000000 3414
ta7B 118000000 119000000 49621
ta4D 453000000 454000000 39283
ta1D 251000000 252000000 42264
ta2B 292000000 293000000 98069
ta7D 540000000 541000000 37104
ta7A 360000000 361000000 104974
ta2B 269000000 270000000 51892
ta1D 228000000 229000000 56390
ta7D 517000000 518000000 58396
ta7A 337000000 338000000 76333
ta4A 135000000 136000000 51395
ta2D 410000000 411000000 60224
ta6B 515000000 516000000 51123
ta5A 575000000 576000000 37648
ta3B 313000000 314000000 39529
ta1B 666000000 667000000 54219
ta7B 280000000 281000000 67751
ta3A 532000000 533000000 55149
ta7B 257000000 258000000 54560
ta6D 216000000 217000000 77635
ta3A 509000000 510000000 54327
ta1D 390000000 391000000 58958
ta2B 710000000 711000000 48452
ta1D 367000000 368000000 57176
ta5B 495000000 496000000 70377
ta5B 214000000 215000000 30307
ta4D 454000000 455000000 76542
ta4A 274000000 275000000 62540
ta5A 12000000 13000000 59530
ta2D 12000000 13000000 31265
ta3B 452000000 453000000 61025
ta2D 411000000 412000000 68271
ta2A 231000000 232000000 59100
ta5D 196000000 197000000 98159
ta3B 429000000 430000000 65672
ta2A 489000000 490000000 68706
ta2A 208000000 209000000 69554
ta3A 671000000 672000000 73695
ta1B 690000000 691000000 32977
ta6D 355000000 356000000 40147
ta4B 194000000 195000000 62082
ta3D 153000000 154000000 69816
ta3A 648000000 649000000 73110
ta1B 667000000 668000000 47063
ta2B 151000000 152000000 60461
ta1D 110000000 111000000 77188
ta1A 188000000 189000000 81862
ta2B 128000000 129000000 58631
ta7A 477000000 478000000 67468
ta5B 215000000 216000000 64682
ta3B 591000000 592000000 65710
ta2D 550000000 551000000 60943
ta2D 527000000 528000000 53611
ta6B 655000000 656000000 61128
ta5A 434000000 435000000 80508
ta7D 32000000 33000000 66829
ta1A 52000000 53000000 43048
ta3D 292000000 293000000 67863
ta4B 612000000 613000000 55745
ta3A 672000000 673000000 59453
ta1A 29000000 30000000 45843
ta3D 269000000 270000000 68711
ta7B 397000000 398000000 52015
ta7B 116000000 117000000 69524
ta6D 356000000 357000000 50611
ta6A 176000000 177000000 34499
ta3A 649000000 650000000 51890
ta5B 65000000 66000000 65112
ta7D 515000000 516000000 45227
ta5B 354000000 355000000 33277
ta4D 313000000 314000000 72635
ta4A 133000000 134000000 38339
ta2B 152000000 153000000 53522
ta2B 129000000 130000000 77596
ta5A 573000000 574000000 56558
ta3B 592000000 593000000 53390
ta3B 311000000 312000000 54548
ta2A 371000000 372000000 59178
ta3B 569000000 570000000 73452
ta2A 348000000 349000000 81912
ta6D 495000000 496000000 28316
ta1B 526000000 527000000 72312
ta7B 140000000 141000000 60292
ta6A 72000000 73000000 61919
ta3D 72000000 73000000 64411
ta7B 117000000 118000000 50206
ta6A 49000000 50000000 33696
ta4D 452000000 453000000 71260
ta2B 291000000 292000000 46052
ta1D 250000000 251000000 94254
ta3D 49000000 50000000 8503
ta4D 429000000 430000000 74457
ta2B 268000000 269000000 49405
ta1D 227000000 228000000 58755
ta7A 336000000 337000000 42718
ta5D 194000000 195000000 140777
ta2A 487000000 488000000 42384
ta6B 514000000 515000000 73545
ta5A 574000000 575000000 39772
ta1B 665000000 666000000 43918
ta3A 531000000 532000000 76788
ta7B 256000000 257000000 72246
ta6D 215000000 216000000 55798
ta3A 508000000 509000000 68077
ta1D 366000000 367000000 38771
ta7A 475000000 476000000 59246
ta5B 494000000 495000000 48081
ta5B 213000000 214000000 57964
ta4A 273000000 274000000 60001
ta5A 11000000 12000000 78779
ta2D 11000000 12000000 25118
ta6B 653000000 654000000 42427
ta3B 451000000 452000000 57747
ta2A 89000000 90000000 36950
ta2A 230000000 231000000 66926
ta5D 195000000 196000000 121239
ta3B 428000000 429000000 64659
ta2A 488000000 489000000 63030
ta2A 207000000 208000000 43345
ta3A 670000000 671000000 99506
ta6D 354000000 355000000 78906
ta4B 193000000 194000000 79097
ta3D 152000000 153000000 30217
ta3A 647000000 648000000 66444
ta5B 63000000 64000000 37010
ta3D 129000000 130000000 46250
ta4D 311000000 312000000 94786
ta2B 150000000 151000000 36197
ta4A 389000000 390000000 70499
ta1A 187000000 188000000 94029
ta2B 127000000 128000000 37271
ta7A 476000000 477000000 79081
ta3B 590000000 591000000 50905
ta3B 567000000 568000000 76784
ta2D 526000000 527000000 91118
ta6B 654000000 655000000 50828
ta5A 433000000 434000000 88289
ta7D 31000000 32000000 28563
ta1A 51000000 52000000 53201
ta3D 291000000 292000000 22071
ta4B 611000000 612000000 80129
ta1A 28000000 29000000 58054
ta3D 268000000 269000000 72193
ta7B 396000000 397000000 67149
ta7B 115000000 116000000 49683
ta6A 175000000 176000000 43671
ta5B 64000000 65000000 45241
ta1D 225000000 226000000 38733
ta7D 514000000 515000000 35470
ta5B 353000000 354000000 67975
ta4D 312000000 313000000 78244
ta4A 132000000 133000000 56680
ta4A 109000000 110000000 79045
ta5A 572000000 573000000 33052
ta3B 310000000 311000000 40450
ta2A 370000000 371000000 63546
ta5A 549000000 550000000 43869
ta3B 568000000 569000000 64328
ta2A 347000000 348000000 107710
ta6D 494000000 495000000 78000
ta6D 213000000 214000000 47937
ta3A 506000000 507000000 60017
ta1B 525000000 526000000 73654
ta6A 71000000 72000000 49512
ta3D 71000000 72000000 71677
ta6A 48000000 49000000 32484
ta5B 492000000 493000000 52202
ta4D 451000000 452000000 28586
ta2B 290000000 291000000 77344
ta3D 48000000 49000000 8711
ta5B 469000000 470000000 55162
ta4D 428000000 429000000 61811
ta1D 226000000 227000000 73912
ta2B 267000000 268000000 61473
ta7A 335000000 336000000 39931
ta5D 193000000 194000000 69636
ta2A 486000000 487000000 61509
ta6B 513000000 514000000 30625
ta3D 150000000 151000000 59373
ta1B 664000000 665000000 49035
ta3A 530000000 531000000 61254
ta3D 127000000 128000000 45963
ta7B 255000000 256000000 63895
ta6D 214000000 215000000 56228
ta3A 507000000 508000000 57725
ta1D 365000000 366000000 76277
ta7A 474000000 475000000 67993
ta5B 493000000 494000000 71552
ta5B 212000000 213000000 106004
ta4A 272000000 273000000 67812
ta5A 10000000 11000000 43946
ta4A 249000000 250000000 46894
ta2D 10000000 11000000 47634
ta6B 652000000 653000000 56044
ta5A 431000000 432000000 61190
ta3B 450000000 451000000 59472
ta2A 88000000 89000000 50853
ta6B 629000000 630000000 69951
ta5A 689000000 690000000 51922
ta5A 408000000 409000000 59167
ta3B 427000000 428000000 55300
ta2A 206000000 207000000 55264
ta7B 394000000 395000000 53569
ta6D 353000000 354000000 61818
ta4B 192000000 193000000 37536
ta3D 151000000 152000000 55303
ta3A 646000000 647000000 62784
ta5B 62000000 63000000 71676
ta4B 169000000 170000000 60480
ta3D 128000000 129000000 70580
ta5B 39000000 40000000 20832
ta4D 310000000 311000000 70225
ta1A 603000000 604000000 60200
ta4A 388000000 389000000 48702
ta1A 186000000 187000000 99366
ta2B 126000000 127000000 60221
ta3B 566000000 567000000 66878
ta2D 525000000 526000000 46595
ta2A 345000000 346000000 114796
ta5A 432000000 433000000 71252
ta7D 30000000 31000000 31954
ta1A 50000000 51000000 60968
ta5A 409000000 410000000 101529
ta3D 290000000 291000000 45062
ta1B 523000000 524000000 47985
ta4B 610000000 611000000 51747
ta1A 27000000 28000000 39789
ta3D 267000000 268000000 83609
ta7B 395000000 396000000 73623
ta7B 114000000 115000000 39373
ta6A 174000000 175000000 58126
ta1D 224000000 225000000 55140
ta7D 513000000 514000000 34402
ta7A 333000000 334000000 79903
ta5B 352000000 353000000 55261
ta4A 131000000 132000000 43992
ta5B 329000000 330000000 67204
ta4A 108000000 109000000 46671
ta6B 511000000 512000000 65818
ta5A 571000000 572000000 74116
ta1B 79000000 80000000 59571
ta5A 548000000 549000000 65293
ta2A 346000000 347000000 122549
ta6D 493000000 494000000 34140
ta6D 212000000 213000000 77503
ta3A 505000000 506000000 54974
ta1B 524000000 525000000 78862
ta6A 70000000 71000000 72299
ta3D 70000000 71000000 53373
ta7D 652000000 653000000 40138
ta6A 47000000 48000000 35007
ta5B 491000000 492000000 61536
ta4D 450000000 451000000 45914
ta4A 270000000 271000000 60898
ta3D 47000000 48000000 18110
ta7D 629000000 630000000 38973
ta5B 468000000 469000000 71496
ta4D 427000000 428000000 28945
ta4A 247000000 248000000 49710
ta2B 266000000 267000000 39984
ta7A 334000000 335000000 74149
ta5D 192000000 193000000 46388
ta3B 425000000 426000000 76880
ta2A 485000000 486000000 52731
ta6B 512000000 513000000 76666
ta5D 169000000 170000000 71525
ta6B 99000000 100000000 77115
ta1B 663000000 664000000 53774
ta3D 126000000 127000000 35194
ta7B 254000000 255000000 39956
ta1A 184000000 185000000 61425
ta1D 364000000 365000000 89940
ta7D 653000000 654000000 19358
ta7A 473000000 474000000 39717
ta5B 211000000 212000000 88038
ta4A 271000000 272000000 27996
ta4A 248000000 249000000 73926
ta6B 651000000 652000000 39296
ta5A 430000000 431000000 74092
ta2A 87000000 88000000 71794
ta6B 628000000 629000000 48857
ta5A 688000000 689000000 68613
ta5A 407000000 408000000 72084
ta3B 426000000 427000000 34481
ta2A 205000000 206000000 54672
ta7B 393000000 394000000 82037
ta6D 352000000 353000000 46804
ta6A 172000000 173000000 76212
ta4B 191000000 192000000 53459
ta3A 645000000 646000000 60293
ta5B 61000000 62000000 88348
ta6D 329000000 330000000 32935
ta4B 168000000 169000000 37761
ta5B 350000000 351000000 21523
ta5B 38000000 39000000 54746
ta1A 602000000 603000000 62380
ta5B 327000000 328000000 58745
ta4A 387000000 388000000 31607
ta1A 185000000 186000000 94281
ta2B 125000000 126000000 52971
ta3B 565000000 566000000 42385
ta2D 524000000 525000000 58520
ta2A 344000000 345000000 122792
ta6D 491000000 492000000 25602
ta1B 522000000 523000000 52245
ta1A 26000000 27000000 50419
ta6D 468000000 469000000 43417
ta3D 266000000 267000000 90096
ta7B 113000000 114000000 55740
ta6A 173000000 174000000 86115
ta6A 45000000 46000000 12182
ta3D 45000000 46000000 18878
ta2B 264000000 265000000 47576
ta1D 223000000 224000000 49336
ta7D 512000000 513000000 60742
ta7A 332000000 333000000 50348
ta5B 351000000 352000000 62423
ta4A 130000000 131000000 37517
ta7A 309000000 310000000 97824
ta5B 328000000 329000000 32722
ta4A 107000000 108000000 51005
ta6B 510000000 511000000 32114
ta5A 570000000 571000000 69245
ta1B 78000000 79000000 68163
ta5A 547000000 548000000 39669
ta7B 252000000 253000000 61767
ta6D 492000000 493000000 56993
ta6D 211000000 212000000 50807
ta3A 504000000 505000000 41689
ta6D 469000000 470000000 45239
ta6A 289000000 290000000 100143
ta7D 651000000 652000000 42232
ta6A 46000000 47000000 55778
ta5B 490000000 491000000 51637
ta3D 46000000 47000000 39965
ta7D 628000000 629000000 38432
ta5B 467000000 468000000 52682
ta4D 426000000 427000000 36284
ta4A 246000000 247000000 48821
ta2B 265000000 266000000 46322
ta2A 85000000 86000000 64619
ta5D 191000000 192000000 48895
ta5A 686000000 687000000 70999
ta3B 424000000 425000000 59432
ta2A 484000000 485000000 61057
ta2A 203000000 204000000 56198
ta5D 168000000 169000000 76251
ta6B 98000000 99000000 52306
ta1B 662000000 663000000 59697
ta4B 166000000 167000000 83491
ta3D 125000000 126000000 54025
ta1B 639000000 640000000 67337
ta7B 253000000 254000000 69475
ta5B 9000000 10000000 48314
ta1D 363000000 364000000 62775
ta1A 183000000 184000000 39671
ta7A 472000000 473000000 97797
ta5B 210000000 211000000 79364
ta7A 449000000 450000000 87588
ta2D 522000000 523000000 58287
ta6B 650000000 651000000 34051
ta2A 86000000 87000000 41893
ta6B 627000000 628000000 56304
ta5A 687000000 688000000 51080
ta5A 406000000 407000000 67041
ta2A 204000000 205000000 66294
ta1A 24000000 25000000 41979
ta7B 392000000 393000000 63495
ta6D 351000000 352000000 60156
ta6A 171000000 172000000 58034
ta4B 190000000 191000000 66508
ta3A 644000000 645000000 73391
ta5B 60000000 61000000 54700
ta7B 369000000 370000000 25879
ta6D 328000000 329000000 42877
ta6A 148000000 149000000 62888
ta4B 167000000 168000000 67276
ta7D 510000000 511000000 60765
ta5B 37000000 38000000 56664
ta1A 601000000 602000000 93157
ta1D 479000000 480000000 69676
ta7A 588000000 589000000 33572
ta5B 326000000 327000000 88499
ta4A 386000000 387000000 74907
ta2B 124000000 125000000 30871
ta3B 564000000 565000000 45011
ta2D 523000000 524000000 38913
ta2A 343000000 344000000 148183
ta6D 490000000 491000000 21578
ta1B 521000000 522000000 28444
ta1A 25000000 26000000 73161
ta6D 467000000 468000000 60211
ta3D 265000000 266000000 69012
ta7B 112000000 113000000 51319
ta6A 44000000 45000000 16711
ta3D 44000000 45000000 6864
ta6A 149000000 150000000 45962
ta4D 424000000 425000000 21715
ta2B 263000000 264000000 38508
ta1D 222000000 223000000 63352
ta7D 511000000 512000000 51624
ta7A 331000000 332000000 82593
ta7A 589000000 590000000 77654
ta7A 308000000 309000000 23666
ta4A 106000000 107000000 47578
ta1B 77000000 78000000 69449
ta2D 639000000 640000000 28040
ta5A 546000000 547000000 80997
ta7B 251000000 252000000 52260
ta6D 210000000 211000000 57171
ta3A 503000000 504000000 53976
ta7B 228000000 229000000 47446
ta6A 288000000 289000000 105243
ta1D 361000000 362000000 61019
ta7D 650000000 651000000 29165
ta1D 338000000 339000000 51860
ta7D 627000000 628000000 21736
ta5B 466000000 467000000 40098
ta4D 425000000 426000000 1289
ta4A 245000000 246000000 44203
ta2A 84000000 85000000 41036
ta5D 190000000 191000000 37456
ta5A 685000000 686000000 67677
ta3B 423000000 424000000 73433
ta2A 483000000 484000000 26999
ta2A 202000000 203000000 79288
ta5D 167000000 168000000 30339
ta6B 97000000 98000000 32574
ta3A 642000000 643000000 41124
ta1B 661000000 662000000 58166
ta6D 326000000 327000000 67928
ta4B 165000000 166000000 91807
ta3D 124000000 125000000 77474
ta3A 619000000 620000000 48595
ta1B 638000000 639000000 74275
ta7B 229000000 230000000 32930
ta5B 8000000 9000000 9426
ta1D 362000000 363000000 72037
ta1A 182000000 183000000 53362
ta2B 122000000 123000000 64043
ta7A 471000000 472000000 66197
ta1D 339000000 340000000 56877
ta1A 159000000 160000000 53190
ta7A 448000000 449000000 66933
ta2D 521000000 522000000 66945
ta2A 599000000 600000000 66763
ta6B 626000000 627000000 56877
ta5A 405000000 406000000 95957
ta1A 23000000 24000000 32627
ta3D 263000000 264000000 58812
ta7B 391000000 392000000 41102
ta6D 350000000 351000000 42803
ta6A 170000000 171000000 58431
ta3A 643000000 644000000 82170
ta7B 368000000 369000000 42536
ta6D 327000000 328000000 39859
ta6A 147000000 148000000 61933
ta5B 36000000 37000000 20093
ta1A 600000000 601000000 55794
ta1D 478000000 479000000 57180
ta7A 587000000 588000000 71243
ta5B 325000000 326000000 54966
ta4A 385000000 386000000 54062
ta4A 104000000 105000000 62303
ta2B 123000000 124000000 70446
ta5A 544000000 545000000 61068
ta3B 563000000 564000000 58874
ta2A 342000000 343000000 108703
ta2A 319000000 320000000 38410
ta1B 520000000 521000000 44750
ta6D 466000000 467000000 50242
ta3D 264000000 265000000 75797
ta7B 111000000 112000000 43158
ta6A 43000000 44000000 62884
ta3D 43000000 44000000 63245
ta4D 423000000 424000000 40270
ta1D 221000000 222000000 50209
ta2B 262000000 263000000 70462
ta7A 330000000 331000000 43088
ta1A 299000000 300000000 57896
ta2B 239000000 240000000 69427
ta7A 307000000 308000000 111842
ta4A 105000000 106000000 52576
ta2A 481000000 482000000 106915
ta1B 76000000 77000000 103657
ta5D 165000000 166000000 58315
ta3B 679000000 680000000 45765
ta2D 638000000 639000000 47648
ta2A 458000000 459000000 33419
ta6B 95000000 96000000 48935
ta5A 545000000 546000000 47975
ta1B 636000000 637000000 32921
ta7B 250000000 251000000 47064
ta3A 502000000 503000000 79220
ta7B 227000000 228000000 41605
ta6A 287000000 288000000 114495
ta1D 360000000 361000000 79314
ta1D 337000000 338000000 56726
ta7D 626000000 627000000 7426
ta5B 465000000 466000000 79434
ta4A 244000000 245000000 70901
ta2A 83000000 84000000 44667
ta6B 624000000 625000000 88599
ta5A 684000000 685000000 49171
ta3B 422000000 423000000 48545
ta2A 201000000 202000000 55202
ta2A 482000000 483000000 76618
ta5D 166000000 167000000 79383
ta2A 459000000 460000000 62457
ta6B 96000000 97000000 44856
ta3A 641000000 642000000 65086
ta1B 660000000 661000000 45140
ta6D 325000000 326000000 38491
ta4B 164000000 165000000 46435
ta3D 123000000 124000000 76836
ta3A 618000000 619000000 48768
ta1B 637000000 638000000 65027
ta5B 7000000 8000000 14421
ta4A 383000000 384000000 62771
ta1A 181000000 182000000 92226
ta2B 121000000 122000000 30479
ta7A 470000000 471000000 77808
ta2B 379000000 380000000 53290
ta1A 158000000 159000000 88256
ta7A 447000000 448000000 57511
ta3B 561000000 562000000 87895
ta2D 520000000 521000000 49184
ta3B 538000000 539000000 47405
ta2A 598000000 599000000 72381
ta6B 625000000 626000000 51844
ta5A 404000000 405000000 77921
ta1A 22000000 23000000 17724
ta3D 262000000 263000000 57586
ta7B 390000000 391000000 81706
ta3D 239000000 240000000 38310
ta7B 367000000 368000000 62231
ta6A 146000000 147000000 61780
ta5B 35000000 36000000 48151
ta1D 477000000 478000000 46700
ta1A 297000000 298000000 80152
ta7A 586000000 587000000 76204
ta5B 324000000 325000000 52979
ta4A 384000000 385000000 47098
ta4A 103000000 104000000 108049
ta5A 543000000 544000000 39197
ta3B 562000000 563000000 46064
ta2A 341000000 342000000 117153
ta3B 539000000 540000000 62056
ta2A 318000000 319000000 52771
ta3A 500000000 501000000 65914
ta6D 465000000 466000000 56334
ta7B 110000000 111000000 44711
ta6A 42000000 43000000 61019
ta3D 42000000 43000000 37055
ta6A 19000000 20000000 50081
ta5B 463000000 464000000 83786
ta4D 422000000 423000000 47501
ta2B 261000000 262000000 76748
ta1D 220000000 221000000 55177
ta3D 19000000 20000000 45286
ta1A 298000000 299000000 81156
ta2B 238000000 239000000 57464
ta7A 306000000 307000000 69597
ta2D 660000000 661000000 29302
ta2A 480000000 481000000 71480
ta1B 75000000 76000000 46305
ta5D 164000000 165000000 39055
ta3B 678000000 679000000 41656
ta2D 637000000 638000000 39439
ta2A 457000000 458000000 45695
ta6B 94000000 95000000 80419
ta3D 121000000 122000000 48632
ta1B 635000000 636000000 38231
ta3A 501000000 502000000 72590
ta3D 379000000 380000000 48770
ta3A 199000000 200000000 62267
ta7B 226000000 227000000 65530
ta6A 286000000 287000000 86844
ta5B 5000000 6000000 15321
ta2B 377000000 378000000 24174
ta1D 336000000 337000000 82190
ta7D 625000000 626000000 36210
ta7A 445000000 446000000 52686
ta5B 464000000 465000000 52203
ta4A 243000000 244000000 79209
ta2A 82000000 83000000 54165
ta6B 623000000 624000000 89289
ta5A 683000000 684000000 71007
ta3B 421000000 422000000 35121
ta2A 59000000 60000000 53003
ta2A 200000000 201000000 71875
ta3A 640000000 641000000 59868
ta7B 365000000 366000000 57110
ta6D 324000000 325000000 47617
ta4B 163000000 164000000 57055
ta3D 122000000 123000000 40780
ta3A 617000000 618000000 45695
ta5B 33000000 34000000 77078
ta5B 6000000 7000000 19360
ta4A 382000000 383000000 62502
ta1A 180000000 181000000 65061
ta2B 120000000 121000000 44405
ta4A 359000000 360000000 67799
ta2B 378000000 379000000 50527
ta1A 157000000 158000000 78671
ta7A 446000000 447000000 63051
ta3B 560000000 561000000 69875
ta3B 537000000 538000000 51773
ta2A 597000000 598000000 85467
ta5A 403000000 404000000 44883
ta1A 21000000 22000000 70813
ta7A 79000000 80000000 94139
ta3D 261000000 262000000 86904
ta4D 79000000 80000000 71212
ta4B 279000000 280000000 33340
ta3D 238000000 239000000 41384
ta7B 366000000 367000000 70395
ta6A 145000000 146000000 52554
ta5B 34000000 35000000 56203
ta1D 476000000 477000000 69420
ta1A 296000000 297000000 77794
ta7A 585000000 586000000 59741
ta5B 323000000 324000000 81150
ta4A 102000000 103000000 54976
ta1B 73000000 74000000 43570
ta4D 9000000 10000000 49193
ta2D 635000000 636000000 51946
ta5A 542000000 543000000 56516
ta2A 340000000 341000000 86089
ta5A 519000000 520000000 74474
ta2A 317000000 318000000 63405
ta6D 464000000 465000000 75768
ta6A 284000000 285000000 54817
ta3A 757000000 758000000 34198
ta6A 41000000 42000000 77160
ta3D 41000000 42000000 45509
ta7D 623000000 624000000 46239
ta6A 18000000 19000000 28128
ta5B 462000000 463000000 74594
ta4D 421000000 422000000 15714
ta4A 241000000 242000000 76751
ta2B 260000000 261000000 91005
ta3D 18000000 19000000 31444
ta5B 439000000 440000000 60305
ta4A 499000000 500000000 51888
ta2B 237000000 238000000 62596
ta7A 305000000 306000000 36325
ta1B 74000000 75000000 63529
ta5D 163000000 164000000 63160
ta3B 677000000 678000000 79914
ta2D 636000000 637000000 30301
ta2A 456000000 457000000 46913
ta6B 93000000 94000000 62853
ta3D 120000000 121000000 51847
ta1B 634000000 635000000 41775
ta3D 378000000 379000000 48391
ta3A 198000000 199000000 43529
ta7B 225000000 226000000 103004
ta6A 285000000 286000000 89236
ta5B 4000000 5000000 23174
ta1D 335000000 336000000 60668
ta1A 155000000 156000000 48428
ta2B 376000000 377000000 49144
ta7D 624000000 625000000 45985
ta7A 444000000 445000000 58740
ta4A 242000000 243000000 83035
ta2A 81000000 82000000 79734
ta4A 219000000 220000000 63358
ta6B 622000000 623000000 78203
ta5A 682000000 683000000 56837
ta5A 401000000 402000000 76274
ta3B 420000000 421000000 52598
ta2A 58000000 59000000 61351
ta7A 77000000 78000000 51421
ta5A 659000000 660000000 31982
ta7B 364000000 365000000 53647
ta6D 323000000 324000000 98895
ta4B 162000000 163000000 54143
ta3A 616000000 617000000 27797
ta5B 32000000 33000000 39311
ta4B 139000000 140000000 62082
ta1D 474000000 475000000 28707
ta5B 321000000 322000000 54851
ta4A 381000000 382000000 60459
ta5B 579000000 580000000 30830
ta4A 358000000 359000000 46545
ta1A 156000000 157000000 51212
ta3B 536000000 537000000 58504
ta2A 315000000 316000000 65345
ta2A 596000000 597000000 53293
ta5A 402000000 403000000 64665
ta1A 20000000 21000000 84178
ta7A 78000000 79000000 72147
ta6D 462000000 463000000 13376
ta3D 260000000 261000000 52469
ta3A 755000000 756000000 37084
ta4D 78000000 79000000 103903
ta6D 439000000 440000000 36226
ta4B 278000000 279000000 81902
ta3D 237000000 238000000 78142
ta6A 144000000 145000000 43807
ta6A 16000000 17000000 40628
ta1D 475000000 476000000 40988
ta1A 295000000 296000000 76218
ta2B 235000000 236000000 55049
ta7A 584000000 585000000 49629
ta7A 303000000 304000000 57710
ta5B 322000000 323000000 57047
ta4A 101000000 102000000 66027
ta1B 72000000 73000000 50407
ta4D 8000000 9000000 31764
ta2D 634000000 635000000 42705
ta5A 541000000 542000000 85723
ta1B 49000000 50000000 35048
ta6B 739000000 740000000 34659
ta5A 518000000 519000000 42669
ta2A 316000000 317000000 26907
ta3D 376000000 377000000 45291
ta6D 463000000 464000000 46159
ta6A 283000000 284000000 80057
ta3A 756000000 757000000 49743
ta6A 40000000 41000000 50528
ta3D 40000000 41000000 33358
ta7D 622000000 623000000 54848
ta6A 17000000 18000000 43406
ta5B 461000000 462000000 53122
ta4D 420000000 421000000 67043
ta4A 240000000 241000000 75146
ta3D 17000000 18000000 36501
ta5B 438000000 439000000 66443
ta4A 498000000 499000000 85880
ta4A 217000000 218000000 53342
ta2B 236000000 237000000 85639
ta7A 304000000 305000000 78265
ta5A 680000000 681000000 88337
ta2A 56000000 57000000 77410
ta5D 162000000 163000000 58399
ta5A 657000000 658000000 71289
ta3B 676000000 677000000 57224
ta2A 455000000 456000000 50370
ta6B 92000000 93000000 30503
ta5D 139000000 140000000 75435
ta6B 69000000 70000000 82568
ta4B 160000000 161000000 48003
ta1B 633000000 634000000 47937
ta3D 377000000 378000000 65466
ta3A 197000000 198000000 64553
ta7B 224000000 225000000 59603
ta5B 3000000 4000000 19796
ta1D 334000000 335000000 48909
ta1A 154000000 155000000 54519
ta2B 375000000 376000000 62712
ta7A 443000000 444000000 55506
ta2A 80000000 81000000 46203
ta4A 218000000 219000000 36851
ta2A 594000000 595000000 59693
ta6B 621000000 622000000 53769
ta5A 681000000 682000000 53332
ta5A 400000000 401000000 57213
ta2A 57000000 58000000 48071
ta5D 278000000 279000000 46886
ta7A 76000000 77000000 46878
ta5A 658000000 659000000 64677
ta4D 76000000 77000000 60531
ta7B 363000000 364000000 78688
ta6D 322000000 323000000 48519
ta6A 142000000 143000000 61443
ta4B 161000000 162000000 67637
ta3A 615000000 616000000 55206
ta5B 31000000 32000000 34084
ta6A 119000000 120000000 79091
ta4B 138000000 139000000 40254
ta1D 473000000 474000000 68155
ta7A 582000000 583000000 63808
ta5B 320000000 321000000 45543
ta4A 380000000 381000000 70692
ta5B 578000000 579000000 81501
ta4A 357000000 358000000 78005
ta6B 737000000 738000000 37938
ta3B 535000000 536000000 38587
ta2A 314000000 315000000 54841
ta2A 595000000 596000000 53967
ta5D 279000000 280000000 102953
ta6D 461000000 462000000 53294
ta3A 754000000 755000000 38772
ta4D 77000000 78000000 54136
ta6D 438000000 439000000 75455
ta4B 277000000 278000000 38509
ta3D 236000000 237000000 48513
ta6A 143000000 144000000 61469
ta6A 15000000 16000000 42605
ta3D 15000000 16000000 40609
ta4A 496000000 497000000 60907
ta1A 294000000 295000000 50699
ta2B 234000000 235000000 75431
ta7A 583000000 584000000 65111
ta7A 302000000 303000000 48307
ta4A 100000000 101000000 41036
ta1B 71000000 72000000 19793
ta4D 7000000 8000000 45022
ta3B 674000000 675000000 62927
ta2D 633000000 634000000 36184
ta5A 540000000 541000000 54248
ta1B 48000000 49000000 58330
ta6B 738000000 739000000 24814
ta5A 517000000 518000000 70410
ta3D 375000000 376000000 50345
ta7B 222000000 223000000 64863
ta6A 282000000 283000000 45400
ta6A 259000000 260000000 37288
ta1D 332000000 333000000 62686
ta7D 621000000 622000000 51114
ta5B 460000000 461000000 65923
ta3D 16000000 17000000 17474
ta1D 309000000 310000000 41598
ta7A 699000000 700000000 38499
ta5B 437000000 438000000 106919
ta4A 497000000 498000000 69695
ta4A 216000000 217000000 77127
ta2A 55000000 56000000 72253
ta5D 161000000 162000000 58998
ta5A 656000000 657000000 53879
ta3B 675000000 676000000 52810
ta2A 454000000 455000000 65406
ta6B 91000000 92000000 72986
ta6B 179000000 180000000 59333
ta5D 138000000 139000000 52029
ta6D 320000000 321000000 92780
ta6B 68000000 69000000 46126
ta3A 613000000 614000000 55906
ta1B 632000000 633000000 42855
ta4B 136000000 137000000 50984
ta3A 196000000 197000000 53039
ta1B 609000000 610000000 64228
ta7B 223000000 224000000 60983
ta5B 2000000 3000000 26287
ta5B 576000000 577000000 75800
ta2B 374000000 375000000 40874
ta1D 333000000 334000000 51292
ta1A 153000000 154000000 81263
ta7A 442000000 443000000 69172
ta7A 419000000 420000000 83339
ta2A 593000000 594000000 84051
ta6B 620000000 621000000 68966
ta5D 277000000 278000000 44941
ta7A 75000000 76000000 90889
ta4D 75000000 76000000 67718
ta3D 234000000 235000000 57061
ta7B 362000000 363000000 84470
ta6D 321000000 322000000 60359
ta6A 141000000 142000000 61731
ta3A 614000000 615000000 54124
ta5B 30000000 31000000 37647
ta7B 339000000 340000000 105110
ta6A 399000000 400000000 70609
ta6A 118000000 119000000 95744
ta4B 137000000 138000000 40034
ta1D 472000000 473000000 32299
ta7A 581000000 582000000 53806
ta1D 449000000 450000000 57119
ta7A 558000000 559000000 42346
ta5B 577000000 578000000 42928
ta4D 5000000 6000000 35190
ta4A 356000000 357000000 36052
ta6B 736000000 737000000 33799
ta3B 534000000 535000000 45379
ta2A 313000000 314000000 29732
ta6D 460000000 461000000 31826
ta3A 753000000 754000000 34067
ta6D 437000000 438000000 65092
ta4B 276000000 277000000 56587
ta3D 235000000 236000000 79949
ta6A 14000000 15000000 33343
ta3D 14000000 15000000 35188
ta4A 495000000 496000000 63018
ta1A 293000000 294000000 65213
ta2B 233000000 234000000 64451
ta7A 301000000 302000000 64856
ta7D 179000000 180000000 44244
ta1B 70000000 71000000 48928
ta7A 559000000 560000000 76347
ta4D 6000000 7000000 49356
ta3B 673000000 674000000 52613
ta2D 632000000 633000000 73857
ta2A 452000000 453000000 37181
ta1B 47000000 48000000 46410
ta2D 609000000 610000000 50478
ta5A 516000000 517000000 42276
ta1B 630000000 631000000 55931
ta3D 374000000 375000000 72331
ta1B 607000000 608000000 58959
ta7B 221000000 222000000 74405
ta6A 281000000 282000000 75378
ta7B 479000000 480000000 61886
ta6A 258000000 259000000 81914
ta1D 331000000 332000000 55348
ta7D 620000000 621000000 50752
ta1D 308000000 309000000 42311
ta7A 698000000 699000000 39290
ta5B 436000000 437000000 118789
ta4A 215000000 216000000 43390
ta2A 54000000 55000000 74046
ta5D 160000000 161000000 60194
ta5A 655000000 656000000 54957
ta2A 453000000 454000000 86725
ta6B 90000000 91000000 63512
ta6B 178000000 179000000 102423
ta5D 137000000 138000000 58539
ta6B 67000000 68000000 50897
ta3A 612000000 613000000 69283
ta1B 631000000 632000000 44924
ta6A 397000000 398000000 68492
ta4B 135000000 136000000 52070
ta3A 195000000 196000000 93533
ta1B 608000000 609000000 41691
ta5B 1000000 2000000 5443
ta5B 575000000 576000000 55534
ta2B 373000000 374000000 44226
ta1A 152000000 153000000 89067
ta7A 441000000 442000000 63529
ta1A 129000000 130000000 74117
ta7A 418000000 419000000 75161
ta3B 532000000 533000000 69812
ta2A 592000000 593000000 49631
ta5D 276000000 277000000 78298
ta2A 569000000 570000000 72672
ta7A 74000000 75000000 94200
ta4D 74000000 75000000 47202
ta3D 233000000 234000000 54029
ta7B 361000000 362000000 70246
ta6A 140000000 141000000 48729
ta7B 338000000 339000000 70428
ta6A 398000000 399000000 43266
ta6A 117000000 118000000 61371
ta1D 471000000 472000000 40137
ta1A 291000000 292000000 81596
ta7A 580000000 581000000 75266
ta2B 489000000 490000000 85935
ta1D 448000000 449000000 88406
ta7A 557000000 558000000 81707
ta4D 4000000 5000000 34636
ta4A 355000000 356000000 69506
ta6B 735000000 736000000 34038
ta5A 514000000 515000000 30168
ta3B 533000000 534000000 78507
ta2A 312000000 313000000 60427
ta3A 752000000 753000000 31177
ta7B 477000000 478000000 58816
ta6D 436000000 437000000 46540
ta4B 275000000 276000000 24805
ta3A 729000000 730000000 36095
ta6A 13000000 14000000 40933
ta3D 13000000 14000000 48832
ta4A 494000000 495000000 65057
ta1A 292000000 293000000 55109
ta2B 232000000 233000000 63415
ta7A 300000000 301000000 73661
ta7D 178000000 179000000 79372
ta1A 269000000 270000000 49456
ta2B 209000000 210000000 51622
ta3B 672000000 673000000 49135
ta2D 631000000 632000000 49112
ta2A 451000000 452000000 39760
ta1B 46000000 47000000 51703
ta5D 135000000 136000000 50576
ta3B 649000000 650000000 46645
ta2D 608000000 609000000 40322
ta2A 428000000 429000000 56295
ta6B 65000000 66000000 43692
ta5A 515000000 516000000 24329
ta3D 373000000 374000000 49613
ta1B 606000000 607000000 50726
ta7B 220000000 221000000 63911
ta6A 280000000 281000000 74450
ta1B 189000000 190000000 40734
ta7B 478000000 479000000 77100
ta6A 257000000 258000000 49343
ta1D 330000000 331000000 35523
ta2B 371000000 372000000 46242
ta1D 307000000 308000000 63522
ta7A 697000000 698000000 54874
ta7A 416000000 417000000 56520
ta5B 435000000 436000000 73203
ta4A 214000000 215000000 94511
ta2A 53000000 54000000 52309
ta5A 654000000 655000000 50834
ta6B 177000000 178000000 66744
ta5D 136000000 137000000 76296
ta2A 429000000 430000000 86461
ta6B 66000000 67000000 81296
ta3A 611000000 612000000 57283
ta3D 489000000 490000000 44476
ta6A 396000000 397000000 57030
ta4B 134000000 135000000 68893
ta3A 194000000 195000000 65086
ta5B 574000000 575000000 65079
ta4A 353000000 354000000 47619
ta2B 372000000 373000000 62060
ta1A 151000000 152000000 78483
ta7A 440000000 441000000 53063
ta2B 349000000 350000000 66803
ta1A 128000000 129000000 56624
ta7A 417000000 418000000 68520
ta3B 531000000 532000000 53050
ta2A 591000000 592000000 86988
ta5D 275000000 276000000 62650
ta3B 789000000 790000000 41930
ta3B 508000000 509000000 88664
ta2A 568000000 569000000 64794
ta7A 73000000 74000000 70917
ta4D 73000000 74000000 33916
ta3D 232000000 233000000 52157
ta7B 360000000 361000000 61198
ta3D 209000000 210000000 40896
ta7B 337000000 338000000 73292
ta6A 116000000 117000000 45257
ta1D 470000000 471000000 34616
ta1A 290000000 291000000 106589
ta2B 488000000 489000000 59566
ta1A 267000000 268000000 58181
ta1D 447000000 448000000 64941
ta7A 556000000 557000000 43638
ta4D 3000000 4000000 68230
ta4A 354000000 355000000 22773
ta2D 606000000 607000000 71754
ta6B 734000000 735000000 53027
ta5A 513000000 514000000 47872
ta2A 311000000 312000000 62585
ta2D 189000000 190000000 65747
ta3B 509000000 510000000 58990
ta3A 751000000 752000000 66061
ta7B 476000000 477000000 63554
ta6D 435000000 436000000 65526
ta6A 255000000 256000000 39138
ta4B 274000000 275000000 79638
ta3A 728000000 729000000 48950
ta6A 12000000 13000000 30178
ta3D 12000000 13000000 57919
ta5B 433000000 434000000 66077
ta4A 493000000 494000000 66219
ta2B 231000000 232000000 69870
ta7D 177000000 178000000 77230
ta1A 268000000 269000000 57001
ta2B 208000000 209000000 78772
ta3B 671000000 672000000 95593
ta2D 630000000 631000000 51679
ta2A 450000000 451000000 63530
ta1B 45000000 46000000 33407
ta5D 134000000 135000000 45187
ta3B 648000000 649000000 52968
ta2D 607000000 608000000 46745
ta2A 427000000 428000000 49011
ta6B 64000000 65000000 55003
ta3D 372000000 373000000 52230
ta3A 192000000 193000000 68103
ta1B 605000000 606000000 68255
ta3D 349000000 350000000 44476
ta3A 169000000 170000000 71613
ta1B 188000000 189000000 75922
ta6A 256000000 257000000 55344
ta4D 531000000 532000000 28581
ta2B 370000000 371000000 69913
ta2B 347000000 348000000 55397
ta1D 306000000 307000000 78106
ta7A 696000000 697000000 52080
ta7A 415000000 416000000 47309
ta5B 434000000 435000000 88594
ta4A 213000000 214000000 72812
ta2A 52000000 53000000 59339
ta3B 787000000 788000000 44527
ta7A 71000000 72000000 69839
ta5A 653000000 654000000 56330
ta2A 29000000 30000000 28080
ta7A 48000000 49000000 34393
ta6B 176000000 177000000 62027
ta3A 610000000 611000000 72081
ta3D 488000000 489000000 55317
ta7B 335000000 336000000 55313
ta6A 395000000 396000000 79069
ta4B 133000000 134000000 51198
ta3A 193000000 194000000 52443
ta1D 445000000 446000000 71442
ta5B 573000000 574000000 29406
ta4D 532000000 533000000 12601
ta4A 352000000 353000000 52459
ta1A 150000000 151000000 63436
ta4D 509000000 510000000 55191
ta4A 329000000 330000000 66614
ta2B 348000000 349000000 60651
ta1A 127000000 128000000 44999
ta3B 530000000 531000000 44669
ta2A 590000000 591000000 68515
ta5D 274000000 275000000 50037
ta3B 788000000 789000000 28763
ta3B 507000000 508000000 52279
ta2A 567000000 568000000 51169
ta7A 72000000 73000000 87542
ta4D 72000000 73000000 59090
ta7A 49000000 50000000 51035
ta4B 272000000 273000000 73935
ta3D 231000000 232000000 35150
ta6A 10000000 11000000 75190
ta4D 49000000 50000000 54488
ta4B 249000000 250000000 61915
ta3D 208000000 209000000 65992
ta7B 336000000 337000000 46178
ta6A 115000000 116000000 57417
ta2B 487000000 488000000 68363
ta1D 446000000 447000000 56458
ta1A 266000000 267000000 58536
ta7A 555000000 556000000 62882
ta4D 2000000 3000000 54394
ta1B 43000000 44000000 37090
ta2D 605000000 606000000 40703
ta6B 733000000 734000000 64090
ta5A 512000000 513000000 59701
ta2A 310000000 311000000 69508
ta2D 188000000 189000000 47868
ta3D 370000000 371000000 83711
ta3A 750000000 751000000 37591
ta1B 186000000 187000000 34784
ta7B 475000000 476000000 35979
ta6D 434000000 435000000 59921
ta6A 254000000 255000000 64949
ta4B 273000000 274000000 35171
ta3A 727000000 728000000 71559
ta6A 11000000 12000000 26745
ta3D 11000000 12000000 45823
ta7A 694000000 695000000 74731
ta5B 432000000 433000000 68103
ta4A 492000000 493000000 69845
ta4A 211000000 212000000 63090
ta3A 89000000 90000000 23398
ta2B 230000000 231000000 74229
ta7D 176000000 177000000 77001
ta5B 409000000 410000000 56388
ta4A 469000000 470000000 61670
ta2B 207000000 208000000 61387
ta3B 670000000 671000000 96817
ta1B 44000000 45000000 60696
ta6B 174000000 175000000 69267
ta5D 133000000 134000000 43770
ta3B 647000000 648000000 48565
ta2A 426000000 427000000 27226
ta6B 63000000 64000000 54900
ta3D 371000000 372000000 44043
ta3A 191000000 192000000 47774
ta1B 604000000 605000000 53987
ta4B 389000000 390000000 78220
ta3D 348000000 349000000 42911
ta3A 168000000 169000000 91628
ta1B 187000000 188000000 36316
ta4D 530000000 531000000 45268
ta4D 507000000 508000000 38793
ta2B 346000000 347000000 51762
ta1D 305000000 306000000 47938
ta1A 125000000 126000000 54621
ta7A 695000000 696000000 39183
ta7A 414000000 415000000 58192
ta4A 212000000 213000000 72852
ta2A 51000000 52000000 42986
ta5D 272000000 273000000 76513
ta3B 786000000 787000000 33893
ta7A 70000000 71000000 56470
ta5A 652000000 653000000 51663
ta2A 28000000 29000000 28304
ta4D 70000000 71000000 39087
ta7A 47000000 48000000 63557
ta6B 175000000 176000000 23040
ta5A 629000000 630000000 81618
ta4D 47000000 48000000 55866
ta3D 487000000 488000000 45717
ta7B 334000000 335000000 60667
ta6A 394000000 395000000 54555
ta6A 113000000 114000000 37245
ta4B 132000000 133000000 47109
ta4B 109000000 110000000 70583
ta1D 444000000 445000000 59906
ta5B 572000000 573000000 19648
ta4A 351000000 352000000 63464
ta5B 549000000 550000000 84504
ta4D 508000000 509000000 35377
ta4A 328000000 329000000 84137
ta1A 126000000 127000000 41453
ta2D 186000000 187000000 68558
ta5D 273000000 274000000 54787
ta3B 506000000 507000000 48428
ta2A 566000000 567000000 65577
ta4D 71000000 72000000 45344
ta6D 432000000 433000000 80553
ta4B 271000000 272000000 66866
ta3D 230000000 231000000 59863
ta3A 725000000 726000000 63346
ta4D 48000000 49000000 36838
ta6D 409000000 410000000 70985
ta4B 248000000 249000000 64296
ta3D 207000000 208000000 80032
ta6A 114000000 115000000 58721
ta3A 87000000 88000000 47418
ta5B 688000000 689000000 55927
ta2B 486000000 487000000 69097
ta1A 265000000 266000000 66191
ta2B 205000000 206000000 39816
ta7A 554000000 555000000 50105
ta4D 1000000 2000000 55887
ta1B 42000000 43000000 45217
ta2D 604000000 605000000 77154
ta6B 732000000 733000000 53996
ta5A 511000000 512000000 56888
ta1B 19000000 20000000 28163
ta5D 389000000 390000000 64554
ta2D 187000000 188000000 56958
ta6B 709000000 710000000 50001
ta3D 346000000 347000000 49917
ta1B 185000000 186000000 83333
ta7B 474000000 475000000 43124
ta6D 433000000 434000000 44470
ta6A 253000000 254000000 43260
ta3A 726000000 727000000 31957
ta3D 10000000 11000000 66208
ta7A 693000000 694000000 70082
ta5B 431000000 432000000 37317
ta4A 491000000 492000000 80108
ta4A 210000000 211000000 75410
ta3A 88000000 89000000 74572
ta7D 175000000 176000000 40647
ta5B 689000000 690000000 42510
ta5B 408000000 409000000 56743
ta4A 468000000 469000000 78813
ta2B 206000000 207000000 80832
ta5A 650000000 651000000 67521
ta2A 26000000 27000000 46262
ta6B 173000000 174000000 43573
ta5D 132000000 133000000 57717
ta5A 627000000 628000000 64026
ta3B 646000000 647000000 43579
ta2A 425000000 426000000 101141
ta6B 62000000 63000000 55680
ta5D 109000000 110000000 63636
ta6B 39000000 40000000 53026
ta4B 130000000 131000000 72578
ta3A 190000000 191000000 76043
ta1B 603000000 604000000 53566
ta4B 388000000 389000000 29752
ta4B 107000000 108000000 30129
ta3D 347000000 348000000 60504
ta3A 167000000 168000000 83636
ta5B 570000000 571000000 33040
ta4D 506000000 507000000 24953
ta1D 304000000 305000000 37178
ta1A 124000000 125000000 35470
ta2B 345000000 346000000 67449
ta7A 413000000 414000000 48909
ta2A 50000000 51000000 38482
ta5D 271000000 272000000 64485
ta3B 785000000 786000000 16604
ta2A 564000000 565000000 50682
ta5A 651000000 652000000 52189
ta2A 27000000 28000000 45213
ta5D 248000000 249000000 48951
ta7A 46000000 47000000 37582
ta5A 628000000 629000000 57625
ta3B 0 1000000 27337
ta4D 46000000 47000000 32817
ta3D 486000000 487000000 61987
ta7B 333000000 334000000 43777
ta6A 393000000 394000000 83832
ta6A 112000000 113000000 71102
ta4B 131000000 132000000 79322
ta4B 108000000 109000000 43739
ta2B 484000000 485000000 42134
ta1D 443000000 444000000 71774
ta7A 552000000 553000000 50872
ta5B 571000000 572000000 41969
ta4A 350000000 351000000 72802
ta2B 79000000 80000000 45634
ta7A 529000000 530000000 45020
ta5B 548000000 549000000 66429
ta4A 327000000 328000000 73293
ta6B 730000000 731000000 33247
ta2D 185000000 186000000 85198
ta6B 707000000 708000000 57879
ta3B 505000000 506000000 57803
ta2A 565000000 566000000 42172
ta5D 249000000 250000000 84121
ta6D 431000000 432000000 58002
ta4B 270000000 271000000 33297
ta3A 724000000 725000000 44975
ta6D 408000000 409000000 72284
ta4B 247000000 248000000 67460
ta3D 206000000 207000000 59678
ta3A 86000000 87000000 80090
ta7D 173000000 174000000 56215
ta5B 687000000 688000000 58213
ta4A 466000000 467000000 56935
ta2B 485000000 486000000 88423
ta1A 264000000 265000000 67930
ta2B 204000000 205000000 76206
ta7A 553000000 554000000 57455
ta1B 41000000 42000000 25305
ta7B 99000000 100000000 50421
ta3B 644000000 645000000 49109
ta2D 603000000 604000000 82501
ta6B 731000000 732000000 59572
ta5A 510000000 511000000 37305
ta1B 18000000 19000000 58631
ta5D 388000000 389000000 80188
ta6B 708000000 709000000 47157
ta3D 345000000 346000000 39908
ta1B 184000000 185000000 68056
ta7B 473000000 474000000 66224
ta6A 252000000 253000000 65321
ta6A 229000000 230000000 87482
ta1D 302000000 303000000 76168
ta7A 692000000 693000000 62480
ta5B 430000000 431000000 83207
ta4A 490000000 491000000 80759
ta7D 174000000 175000000 70889
ta7A 669000000 670000000 121387
ta5B 407000000 408000000 77872
ta4A 467000000 468000000 82646
ta2A 25000000 26000000 62910
ta6B 172000000 173000000 44379
ta5D 131000000 132000000 69650
ta5A 626000000 627000000 44528
ta3B 645000000 646000000 51943
ta2A 424000000 425000000 61037
ta6B 61000000 62000000 86135
ta6B 149000000 150000000 46865
ta5D 108000000 109000000 66492
ta6B 38000000 39000000 30762
ta6A 391000000 392000000 68959
ta1B 602000000 603000000 56329
ta7B 589000000 590000000 56642
ta6A 368000000 369000000 54296
ta4B 387000000 388000000 78324
ta4B 106000000 107000000 54508
ta3A 166000000 167000000 61954
ta5B 546000000 547000000 62619
ta4D 505000000 506000000 30741
ta2B 344000000 345000000 41116
ta1D 303000000 304000000 58062
ta1A 123000000 124000000 57764
ta7A 412000000 413000000 18573
ta5D 270000000 271000000 52545
ta3B 784000000 785000000 20732
ta2A 563000000 564000000 70458
ta5D 247000000 248000000 55128
ta7A 45000000 46000000 62233
ta4D 45000000 46000000 56110
ta3D 485000000 486000000 42661
ta3D 204000000 205000000 87992
ta7B 332000000 333000000 57585
ta6A 392000000 393000000 54146
ta6A 111000000 112000000 80170
ta7B 309000000 310000000 137178
ta6A 369000000 370000000 45933
ta2B 483000000 484000000 58320
ta1D 442000000 443000000 86381
ta7A 551000000 552000000 63269
ta2B 78000000 79000000 38242
ta1D 419000000 420000000 52094
ta7B 97000000 98000000 59562
ta7A 528000000 529000000 75730
ta5B 547000000 548000000 40068
ta4A 326000000 327000000 68771
ta2D 184000000 185000000 63311
ta6B 706000000 707000000 48665
ta3B 504000000 505000000 69357
ta6B 289000000 290000000 61449
ta7B 471000000 472000000 40368
ta6D 430000000 431000000 71039
ta3A 723000000 724000000 46719
ta7B 448000000 449000000 42239
ta6D 407000000 408000000 59425
ta4B 246000000 247000000 47189
ta3D 205000000 206000000 48588
ta3A 85000000 86000000 67697
ta2A 9000000 10000000 56095
ta7D 172000000 173000000 64650
ta5B 686000000 687000000 49028
ta4A 465000000 466000000 88673
ta1A 263000000 264000000 44086
ta2B 203000000 204000000 59592
ta7D 149000000 150000000 78756
ta1B 40000000 41000000 23146
ta7B 98000000 99000000 76074
ta3B 643000000 644000000 51263
ta2D 602000000 603000000 57884
ta2A 422000000 423000000 74043
ta1B 17000000 18000000 39525
ta5D 387000000 388000000 65247
ta5D 106000000 107000000 49780
ta6B 36000000 37000000 13839
ta1B 600000000 601000000 55585
ta4B 385000000 386000000 70210
ta3D 344000000 345000000 50322
ta1B 183000000 184000000 63800
ta7B 472000000 473000000 67225
ta6A 251000000 252000000 61292
ta7B 449000000 450000000 31321
ta6A 228000000 229000000 58226
ta1D 301000000 302000000 75512
ta7A 691000000 692000000 57117
ta7A 410000000 411000000 71349
ta1A 379000000 380000000 80966
ta7A 668000000 669000000 81599
ta7A 0 1000000 57997
ta5B 406000000 407000000 59489
ta2A 24000000 25000000 41010
ta6B 171000000 172000000 58778
ta5D 130000000 131000000 91676
ta5A 625000000 626000000 84827
ta2A 423000000 424000000 76040
ta6B 60000000 61000000 62323
ta6B 148000000 149000000 53099
ta5D 107000000 108000000 88430
ta3D 483000000 484000000 47704
ta6B 37000000 38000000 29196
ta6A 390000000 391000000 56220
ta1B 601000000 602000000 26780
ta1B 299000000 300000000 43325
ta7B 588000000 589000000 56655
ta6A 367000000 368000000 81320
ta4B 386000000 387000000 47754
ta4B 105000000 106000000 62473
ta3A 165000000 166000000 67895
ta5B 545000000 546000000 40152
ta4D 504000000 505000000 49442
ta4A 324000000 325000000 75505
ta2B 343000000 344000000 80278
ta1A 122000000 123000000 50548
ta7A 411000000 412000000 65606
ta7D 289000000 290000000 99356
ta3B 783000000 784000000 37538
ta3B 502000000 503000000 97313
ta2A 562000000 563000000 45294
ta6B 287000000 288000000 108661
ta5D 246000000 247000000 47133
ta2A 539000000 540000000 42588
ta7A 44000000 45000000 51753
ta4D 44000000 45000000 32989
ta3D 484000000 485000000 41275
ta3D 203000000 204000000 50356
ta7B 331000000 332000000 49960
ta6A 110000000 111000000 66272
ta7B 308000000 309000000 105357
ta2B 482000000 483000000 26164
ta1D 441000000 442000000 33229
ta1A 261000000 262000000 31604
ta7A 550000000 551000000 64421
ta2B 77000000 78000000 28635
ta1D 418000000 419000000 66390
ta1A 238000000 239000000 94196
ta2B 459000000 460000000 42217
ta7B 96000000 97000000 68201
ta7A 527000000 528000000 85199
ta4A 325000000 326000000 53385
ta2D 600000000 601000000 34996
ta2D 183000000 184000000 74400
ta6B 705000000 706000000 52845
ta3B 503000000 504000000 67664
ta6B 288000000 289000000 79944
ta7B 470000000 471000000 20109
ta3A 722000000 723000000 46414
ta7B 447000000 448000000 54364
ta6D 406000000 407000000 47371
ta6A 226000000 227000000 99066
ta4B 245000000 246000000 76029
ta3A 84000000 85000000 72355
ta2A 8000000 9000000 37087
ta7D 171000000 172000000 36924
ta5B 685000000 686000000 66886
ta5B 404000000 405000000 34099
ta4A 464000000 465000000 62084
ta1A 262000000 263000000 52082
ta2B 202000000 203000000 65295
ta7D 148000000 149000000 48994
ta1A 239000000 240000000 80465
ta3B 642000000 643000000 58858
ta2D 601000000 602000000 39534
ta2A 421000000 422000000 59172
ta1B 16000000 17000000 41992
ta5D 386000000 387000000 53432
ta5D 105000000 106000000 52388
ta3B 619000000 620000000 76889
ta2A 679000000 680000000 67124
ta6B 35000000 36000000 54570
ta4B 384000000 385000000 68921
ta3D 343000000 344000000 88235
ta3A 163000000 164000000 52067
ta1B 182000000 183000000 47993
ta6A 250000000 251000000 52689
ta1B 159000000 160000000 46147
ta6A 227000000 228000000 68851
ta2B 341000000 342000000 39667
ta1D 300000000 301000000 53644
ta7A 690000000 691000000 52038
ta2B 599000000 600000000 74473
ta1A 378000000 379000000 71033
ta2B 318000000 319000000 34619
ta7A 667000000 668000000 28806
ta5B 405000000 406000000 30915
ta3B 781000000 782000000 41040
ta2A 23000000 24000000 61497
ta7A 42000000 43000000 18553
ta6B 170000000 171000000 55676
ta5A 624000000 625000000 49864
ta6B 147000000 148000000 63074
ta3D 482000000 483000000 73825
ta3D 459000000 460000000 71806
ta1B 298000000 299000000 67484
ta7B 587000000 588000000 61011
ta7B 306000000 307000000 76069
ta6A 366000000 367000000 59577
ta4B 104000000 105000000 59665
ta3A 164000000 165000000 43644
ta2B 75000000 76000000 55967
ta5B 544000000 545000000 27899
ta4D 503000000 504000000 76360
ta4A 323000000 324000000 53602
ta2B 342000000 343000000 60694
ta1A 121000000 122000000 68725
ta7D 288000000 289000000 63039
ta2B 319000000 320000000 66422
ta3B 782000000 783000000 30724
ta3B 501000000 502000000 77979
ta2A 561000000 562000000 62303
ta6B 286000000 287000000 47583
ta5D 245000000 246000000 81144
ta3B 759000000 760000000 55464
ta2A 538000000 539000000 51707
ta7A 43000000 44000000 34942
ta4D 43000000 44000000 50858
ta4B 243000000 244000000 25896
ta3D 202000000 203000000 81716
ta7B 330000000 331000000 23597
ta2A 6000000 7000000 70996
ta7B 307000000 308000000 44343
ta2B 481000000 482000000 58897
ta1D 440000000 441000000 36393
ta1A 260000000 261000000 49745
ta2B 76000000 77000000 42518
ta1D 417000000 418000000 66990
ta1A 237000000 238000000 77850
ta2B 458000000 459000000 29717
ta7B 95000000 96000000 30105
ta7A 526000000 527000000 79272
ta1B 14000000 15000000 28262
ta5D 384000000 385000000 58905
ta2D 182000000 183000000 51004
ta2A 677000000 678000000 81697
ta6B 704000000 705000000 50644
ta2D 159000000 160000000 55022
ta1B 180000000 181000000 73664
ta3A 721000000 722000000 71523
ta3D 599000000 600000000 20622
ta1B 157000000 158000000 43632
ta7B 446000000 447000000 35374
ta6D 405000000 406000000 73530
ta6A 225000000 226000000 58025
ta4B 244000000 245000000 69942
ta3A 83000000 84000000 62786
ta2A 7000000 8000000 11219
ta7D 170000000 171000000 82744
ta7A 665000000 666000000 51191
ta5B 684000000 685000000 39104
ta5B 403000000 404000000 54954
ta4A 463000000 464000000 69046
ta2B 201000000 202000000 51500
ta7D 147000000 148000000 51436
ta5D 79000000 80000000 67275
ta3B 641000000 642000000 45598
ta2A 420000000 421000000 33039
ta2D 298000000 299000000 62767
ta1B 15000000 16000000 12344
ta6B 145000000 146000000 74838
ta5D 385000000 386000000 46229
ta5D 104000000 105000000 50467
ta3B 618000000 619000000 60692
ta2A 678000000 679000000 62639
ta6B 34000000 35000000 66347
ta4B 383000000 384000000 63020
ta3D 342000000 343000000 64751
ta3A 162000000 163000000 48316
ta1B 181000000 182000000 60911
ta3D 319000000 320000000 49167
ta3A 139000000 140000000 62947
ta1B 158000000 159000000 43800
ta4D 501000000 502000000 65496
ta2B 340000000 341000000 49160
ta7D 286000000 287000000 40478
ta4A 579000000 580000000 51711
ta2B 598000000 599000000 51788
ta1A 377000000 378000000 85048
ta2B 317000000 318000000 48138
ta7A 666000000 667000000 44913
ta3B 780000000 781000000 29849
ta2A 22000000 23000000 49936
ta3B 757000000 758000000 39853
ta7A 41000000 42000000 41952
ta5A 623000000 624000000 53675
ta4D 41000000 42000000 50219
ta2D 299000000 300000000 67099
ta7A 18000000 19000000 45801
ta6B 146000000 147000000 54345
ta3D 481000000 482000000 71719
ta4D 18000000 19000000 53872
ta3D 458000000 459000000 59748
ta1B 297000000 298000000 46331
ta7B 586000000 587000000 29901
ta7B 305000000 306000000 35747
ta6A 365000000 366000000 62895
ta4B 103000000 104000000 51482
ta2B 74000000 75000000 75615
ta1D 415000000 416000000 52864
ta5B 543000000 544000000 48093
ta4D 502000000 503000000 22259
ta4A 322000000 323000000 50826
ta1A 120000000 121000000 75950
ta7D 287000000 288000000 90086
ta3B 500000000 501000000 81303
ta2A 560000000 561000000 65803
ta6B 285000000 286000000 90874
ta5D 244000000 245000000 81992
ta3B 758000000 759000000 53559
ta2A 537000000 538000000 89472
ta4D 42000000 43000000 79058
ta7A 19000000 20000000 32045
ta6D 403000000 404000000 85020
ta4B 242000000 243000000 76349
ta3D 201000000 202000000 48573
ta4D 19000000 20000000 61665
ta3A 81000000 82000000 75811
ta4B 219000000 220000000 42671
ta3A 279000000 280000000 82195
ta2A 5000000 6000000 39256
ta5B 682000000 683000000 34187
ta3A 58000000 59000000 53074
ta2B 480000000 481000000 44059
ta5B 659000000 660000000 66507
ta2B 457000000 458000000 46454
ta1D 416000000 417000000 55056
ta1A 236000000 237000000 84825
ta7B 94000000 95000000 49106
ta7A 525000000 526000000 56388
ta1B 13000000 14000000 43495
ta5D 383000000 384000000 81084
ta2D 181000000 182000000 49274
ta2A 676000000 677000000 76875
ta6B 703000000 704000000 49122
ta3B 199000000 200000000 75030
ta2D 158000000 159000000 66898
ta3D 340000000 341000000 53246
ta3A 720000000 721000000 34990
ta3D 598000000 599000000 40322
ta3D 317000000 318000000 69029
ta1B 156000000 157000000 53549
ta7B 445000000 446000000 71135
ta6D 404000000 405000000 57413
ta6A 224000000 225000000 102418
ta3A 82000000 83000000 39618
ta2B 596000000 597000000 41034
ta7A 664000000 665000000 57922
ta5B 683000000 684000000 49017
ta5B 402000000 403000000 51529
ta4A 462000000 463000000 51867
ta3A 59000000 60000000 50981
ta2B 200000000 201000000 53747
ta2A 20000000 21000000 59854
ta7D 146000000 147000000 74570
ta4A 439000000 440000000 62659
ta5D 78000000 79000000 74760
ta5A 621000000 622000000 70756
ta3B 640000000 641000000 77961
ta2D 297000000 298000000 57983
ta6B 144000000 145000000 77289
ta5D 103000000 104000000 82305
ta3B 617000000 618000000 57676
ta6B 33000000 34000000 64205
ta7B 584000000 585000000 54511
ta4B 382000000 383000000 38922
ta4B 101000000 102000000 31924
ta3D 341000000 342000000 45959
ta3A 161000000 162000000 65012
ta4B 359000000 360000000 65755
ta3D 318000000 319000000 61046
ta3A 138000000 139000000 51822
ta4D 500000000 501000000 54446
ta7D 285000000 286000000 49950
ta4A 578000000 579000000 54859
ta2B 597000000 598000000 47973
ta1A 376000000 377000000 41964
ta2B 316000000 317000000 56189
ta2A 21000000 22000000 28724
ta7A 9000000 10000000 58503
ta5D 242000000 243000000 62112
ta3B 756000000 757000000 45365
ta2A 535000000 536000000 51875
ta7A 40000000 41000000 148568
ta5A 622000000 623000000 40163
ta5D 219000000 220000000 76577
ta4D 40000000 41000000 60617
ta7A 17000000 18000000 32939
ta3D 480000000 481000000 64178
ta4D 17000000 18000000 44377
ta4B 498000000 499000000 63834
ta3D 457000000 458000000 61913
ta1B 296000000 297000000 70124
ta7B 585000000 586000000 62125
ta7B 304000000 305000000 59467
ta6A 364000000 365000000 50407
ta4B 102000000 103000000 45923
ta2B 73000000 74000000 33376
ta1D 414000000 415000000 36410
ta7A 523000000 524000000 74589
ta5B 542000000 543000000 41989
ta4A 321000000 322000000 68968
ta4D 199000000 200000000 71333
ta5B 519000000 520000000 46149
ta6B 701000000 702000000 51918
ta2D 156000000 157000000 52810
ta6B 284000000 285000000 54102
ta5D 243000000 244000000 38648
ta2A 536000000 537000000 41177
ta6D 402000000 403000000 50860
ta4B 241000000 242000000 73362
ta3D 200000000 201000000 52863
ta3A 80000000 81000000 64588
ta4B 499000000 500000000 65746
ta4B 218000000 219000000 48930
ta3A 278000000 279000000 42717
ta2A 4000000 5000000 14576
ta5B 681000000 682000000 57329
ta4A 460000000 461000000 83666
ta3A 57000000 58000000 49798
ta7D 144000000 145000000 33897
ta5B 658000000 659000000 63334
ta4A 437000000 438000000 75245
ta2B 456000000 457000000 36639
ta1A 235000000 236000000 61219
ta7B 93000000 94000000 59821
ta7A 524000000 525000000 47909
ta1B 12000000 13000000 41191
ta5D 382000000 383000000 44085
ta3B 615000000 616000000 49318
ta2D 180000000 181000000 56102
ta2A 675000000 676000000 66072
ta6B 702000000 703000000 50472
ta5D 359000000 360000000 55252
ta3B 198000000 199000000 55114
ta2D 157000000 158000000 46519
ta3D 597000000 598000000 43893
ta3D 316000000 317000000 50291
ta1B 155000000 156000000 111859
ta7B 444000000 445000000 74639
ta6A 223000000 224000000 72474
ta2B 595000000 596000000 48824
ta1A 374000000 375000000 65861
ta7A 663000000 664000000 45258
ta5B 401000000 402000000 74126
ta4A 461000000 462000000 68117
ta7D 145000000 146000000 56269
ta4A 438000000 439000000 59796
ta5D 77000000 78000000 71161
ta5A 620000000 621000000 45200
ta2D 296000000 297000000 33763
ta6B 143000000 144000000 67484
ta5D 102000000 103000000 76182
ta3B 616000000 617000000 52186
ta6B 32000000 33000000 37465
ta7B 583000000 584000000 38095
ta6A 362000000 363000000 65474
ta4B 381000000 382000000 88196
ta4B 100000000 101000000 50802
ta3A 160000000 161000000 73885
ta4B 358000000 359000000 63467
ta3A 137000000 138000000 46608
ta5B 540000000 541000000 37382
ta7D 284000000 285000000 48322
ta5B 517000000 518000000 65660
ta4A 577000000 578000000 70036
ta1A 375000000 376000000 85455
ta2B 315000000 316000000 49114
ta7A 8000000 9000000 44720
ta5D 241000000 242000000 72404
ta3B 755000000 756000000 37976
ta2A 534000000 535000000 67582
ta5D 499000000 500000000 72810
ta5D 218000000 219000000 76163
ta7A 16000000 17000000 59231
ta4D 16000000 17000000 57716
ta4B 497000000 498000000 90561
ta3D 456000000 457000000 71310
ta3A 276000000 277000000 45474
ta1B 295000000 296000000 46979
ta7B 303000000 304000000 49966
ta6A 363000000 364000000 67847
ta2B 72000000 73000000 54528
ta1D 413000000 414000000 51584
ta2B 454000000 455000000 48659
ta7B 91000000 92000000 62017
ta7A 522000000 523000000 87076
ta5B 541000000 542000000 33415
ta4A 320000000 321000000 63741
ta2B 49000000 50000000 17802
ta4D 198000000 199000000 45506
ta7B 68000000 69000000 42156
ta5B 518000000 519000000 27345
ta6B 700000000 701000000 55497
ta2D 155000000 156000000 43417
ta6B 283000000 284000000 35050
ta3D 595000000 596000000 53952
ta7B 442000000 443000000 51221
ta6D 401000000 402000000 59870
ta4B 240000000 241000000 38194
ta6A 479000000 480000000 73580
ta4B 217000000 218000000 80104
ta3A 277000000 278000000 62272
ta2A 3000000 4000000 29900
ta5B 680000000 681000000 45075
ta3A 56000000 57000000 65806
ta7D 143000000 144000000 49548
ta5B 657000000 658000000 54670
ta4A 436000000 437000000 78358
ta2B 455000000 456000000 39114
ta1A 234000000 235000000 64133
ta7B 92000000 93000000 35418
ta1B 11000000 12000000 18142
ta7B 69000000 70000000 28712
ta5D 381000000 382000000 61162
ta5D 100000000 101000000 64543
ta3B 614000000 615000000 60846
ta2A 674000000 675000000 72528
ta6B 30000000 31000000 70087
ta6B 399000000 400000000 57895
ta5D 358000000 359000000 66849
ta3B 197000000 198000000 53757
ta4B 356000000 357000000 66829
ta3D 596000000 597000000 19649
ta3D 315000000 316000000 58462
ta1B 154000000 155000000 43598
ta7B 443000000 444000000 68833
ta6A 222000000 223000000 70477
ta2B 594000000 595000000 120398
ta1A 373000000 374000000 66732
ta7A 662000000 663000000 48607
ta5B 400000000 401000000 73724
ta7A 639000000 640000000 49814
ta5D 76000000 77000000 60754
ta5D 497000000 498000000 43868
ta2D 295000000 296000000 22576
ta6B 142000000 143000000 69996
ta5D 101000000 102000000 85732
ta6B 31000000 32000000 54205
ta6B 119000000 120000000 34653
ta5A 179000000 180000000 49779
ta1B 293000000 294000000 43936
ta7B 582000000 583000000 70367
ta6A 361000000 362000000 52395
ta4B 380000000 381000000 45686
ta7B 559000000 560000000 37601
ta6A 338000000 339000000 42378
ta4B 357000000 358000000 43604
ta3A 136000000 137000000 39055
ta7D 283000000 284000000 49125
ta5B 516000000 517000000 58814
ta4A 576000000 577000000 63295
ta2B 314000000 315000000 44513
ta7A 7000000 8000000 57525
ta6B 281000000 282000000 61813
ta5D 240000000 241000000 64288
ta3B 754000000 755000000 49937
ta2A 533000000 534000000 82051
ta5D 498000000 499000000 52802
ta5D 217000000 218000000 72499
ta7A 15000000 16000000 43568
ta4D 15000000 16000000 50850
ta4B 496000000 497000000 62768
ta3D 455000000 456000000 46579
ta3A 275000000 276000000 74156
ta1B 294000000 295000000 51354
ta7B 302000000 303000000 40479
ta2B 71000000 72000000 74256
ta6A 339000000 340000000 41128
ta1A 232000000 233000000 47138
ta2B 453000000 454000000 72414
ta1D 412000000 413000000 81864
ta7B 90000000 91000000 69098
ta7A 521000000 522000000 41062
ta2B 48000000 49000000 43543
ta7D 399000000 400000000 81721
ta4D 197000000 198000000 74217
ta7B 67000000 68000000 43587
ta3B 195000000 196000000 51381
ta2D 154000000 155000000 63954
ta6B 282000000 283000000 68575
ta6B 259000000 260000000 63573
ta3D 594000000 595000000 41073
ta7B 441000000 442000000 72936
ta6D 400000000 401000000 46473
ta7B 699000000 700000000 29211
ta7B 418000000 419000000 77380
ta6A 478000000 479000000 35065
ta4B 216000000 217000000 84916
ta2A 2000000 3000000 8626
ta3A 55000000 56000000 75077
ta7D 142000000 143000000 48578
ta5B 656000000 657000000 22010
ta4A 435000000 436000000 66221
ta1A 233000000 234000000 43363
ta7D 119000000 120000000 69118
ta1B 10000000 11000000 41529
ta5D 380000000 381000000 48880
ta3B 613000000 614000000 68670
ta2A 673000000 674000000 62690
ta6B 398000000 399000000 100018
ta5D 357000000 358000000 42813
ta5A 177000000 178000000 73755
ta3B 196000000 197000000 50411
ta4B 355000000 356000000 47900
ta3D 314000000 315000000 36834
ta1B 153000000 154000000 75374
ta6A 221000000 222000000 50449
ta7B 419000000 420000000 68561
ta2B 593000000 594000000 62165
ta1A 372000000 373000000 64976
ta2B 312000000 313000000 68749
ta7A 661000000 662000000 56220
ta1A 349000000 350000000 68309
ta7A 638000000 639000000 66928
ta5D 75000000 76000000 68151
ta5D 496000000 497000000 37870
ta2D 294000000 295000000 52010
ta6B 141000000 142000000 62553
ta6B 118000000 119000000 5054
ta5A 178000000 179000000 58900
ta3D 453000000 454000000 81923
ta1B 292000000 293000000 68315
ta7B 581000000 582000000 38646
ta6A 360000000 361000000 57943
ta1B 269000000 270000000 77964
ta7B 558000000 559000000 29061
ta6A 337000000 338000000 90094
ta3A 135000000 136000000 69993
ta2B 46000000 47000000 57903
ta7D 282000000 283000000 55741
ta5B 515000000 516000000 67387
ta4A 575000000 576000000 67014
ta2B 313000000 314000000 43429
ta7D 259000000 260000000 74999
ta7A 6000000 7000000 50816
ta6B 280000000 281000000 52298
ta3B 753000000 754000000 35552
ta2A 532000000 533000000 96861
ta6B 257000000 258000000 42635
ta5D 216000000 217000000 36543
ta2A 509000000 510000000 71623
ta7A 14000000 15000000 49806
ta1B 710000000 711000000 9796
ta4D 14000000 15000000 65463
ta7B 697000000 698000000 29857
ta4B 495000000 496000000 56313
ta4B 214000000 215000000 36851
ta3D 454000000 455000000 59993
ta3A 274000000 275000000 74098
ta7B 301000000 302000000 68998
ta2B 70000000 71000000 22773
ta2B 452000000 453000000 40118
ta1D 411000000 412000000 73054
ta1A 231000000 232000000 54834
ta7A 520000000 521000000 64524
ta2B 47000000 48000000 37349
ta7D 398000000 399000000 88217
ta4D 196000000 197000000 30268
ta1A 208000000 209000000 78108
ta1A 489000000 490000000 59161
ta2B 429000000 430000000 63908
ta7B 66000000 67000000 29893
ta2A 671000000 672000000 67546
ta5D 355000000 356000000 48139
ta3B 194000000 195000000 80056
ta2D 153000000 154000000 23647
ta2A 648000000 649000000 61585
ta6B 258000000 259000000 65970
ta3D 593000000 594000000 71022
ta1B 151000000 152000000 59020
ta7B 440000000 441000000 41326
ta1B 128000000 129000000 67869
ta7B 698000000 699000000 50587
ta7B 417000000 418000000 68400
ta6A 477000000 478000000 65461
ta4B 215000000 216000000 45987
ta2A 1000000 2000000 32359
ta3A 54000000 55000000 57115
ta7D 141000000 142000000 66034
ta5B 655000000 656000000 42092
ta4A 434000000 435000000 48251
ta5D 73000000 74000000 63512
ta7D 118000000 119000000 34630
ta2D 292000000 293000000 59466
ta1A 209000000 210000000 42778
ta3B 612000000 613000000 61589
ta2A 672000000 673000000 65330
ta2D 269000000 270000000 68967
ta6B 397000000 398000000 67863
ta5D 356000000 357000000 69630
ta5A 176000000 177000000 77170
ta2A 649000000 650000000 52914
ta4B 354000000 355000000 83171
ta3D 313000000 314000000 63549
ta3A 133000000 134000000 40666
ta1B 152000000 153000000 75969
ta6A 220000000 221000000 57484
ta1B 129000000 130000000 70235
ta7D 280000000 281000000 101763
ta4A 573000000 574000000 45552
ta2B 592000000 593000000 53331
ta1A 371000000 372000000 31210
ta2B 311000000 312000000 63212
ta7A 660000000 661000000 36495
ta7D 257000000 258000000 73716
ta2B 569000000 570000000 65095
ta1A 348000000 349000000 61709
ta7A 637000000 638000000 64043
ta3B 751000000 752000000 62185
ta5D 74000000 75000000 16724
ta5D 495000000 496000000 37037
ta3B 728000000 729000000 66632
ta2D 293000000 294000000 93133
ta7A 12000000 13000000 64606
ta6B 140000000 141000000 69293
ta6B 117000000 118000000 88970
ta3D 452000000 453000000 51548
ta1B 291000000 292000000 72730
ta7B 580000000 581000000 45914
ta3D 429000000 430000000 71744
ta1B 268000000 269000000 60392
ta7B 557000000 558000000 41219
ta6A 336000000 337000000 116061
ta3A 134000000 135000000 43278
ta2B 45000000 46000000 20065
ta4D 194000000 195000000 53893
ta1A 487000000 488000000 41339
ta7D 281000000 282000000 47669
ta5B 514000000 515000000 72611
ta4A 574000000 575000000 84162
ta7D 258000000 259000000 74099
ta7A 5000000 6000000 29382
ta3B 752000000 753000000 50297
ta2A 531000000 532000000 77704
ta6B 256000000 257000000 42927
ta5D 215000000 216000000 38486
ta3B 729000000 730000000 52079
ta2A 508000000 509000000 79023
ta7A 13000000 14000000 41424
ta4D 13000000 14000000 53000
ta7B 696000000 697000000 46818
ta6A 475000000 476000000 91327
ta4B 494000000 495000000 77870
ta4B 213000000 214000000 50527
ta3A 273000000 274000000 77665
ta7B 300000000 301000000 51884
ta3A 52000000 53000000 50358
ta5B 653000000 654000000 46419
ta3A 29000000 30000000 80329
ta2B 451000000 452000000 73471
ta1D 410000000 411000000 26221
ta1A 230000000 231000000 79349
ta7D 397000000 398000000 44983
ta4D 195000000 196000000 67910
ta1A 207000000 208000000 48080
ta1A 488000000 489000000 77737
ta2B 428000000 429000000 54951
ta7B 65000000 66000000 73903
ta2A 670000000 671000000 59338
ta5D 354000000 355000000 54112
ta3B 193000000 194000000 83508
ta2D 152000000 153000000 56414
ta2A 647000000 648000000 54225
ta2D 129000000 130000000 54242
ta3D 592000000 593000000 32666
ta3D 311000000 312000000 47664
ta1B 150000000 151000000 27886
ta3D 569000000 570000000 34844
ta3A 389000000 390000000 60908
ta1B 127000000 128000000 44470
ta7B 416000000 417000000 62999
ta6A 476000000 477000000 71608
ta2B 590000000 591000000 51834
ta3A 53000000 54000000 59814
ta2B 567000000 568000000 69093
ta7D 140000000 141000000 54872
ta7A 635000000 636000000 42348
ta5B 654000000 655000000 75134
ta4A 433000000 434000000 75950
ta5D 72000000 73000000 66933
ta7D 117000000 118000000 70723
ta2D 291000000 292000000 58721
ta5D 49000000 50000000 64953
ta3B 611000000 612000000 43179
ta2D 268000000 269000000 65723
ta6B 396000000 397000000 72563
ta6B 115000000 116000000 57551
ta5A 175000000 176000000 69704
ta7B 555000000 556000000 38242
ta4B 353000000 354000000 54342
ta3D 312000000 313000000 65203
ta3A 132000000 133000000 54500
ta3A 109000000 110000000 62939
ta4A 572000000 573000000 57586
ta2B 591000000 592000000 61131
ta1A 370000000 371000000 94287
ta2B 310000000 311000000 82136
ta7D 256000000 257000000 58253
ta4A 549000000 550000000 75425
ta2B 568000000 569000000 58417
ta1A 347000000 348000000 68029
ta7A 636000000 637000000 26547
ta7A 3000000 4000000 56614
ta3B 750000000 751000000 55193
ta5D 494000000 495000000 70982
ta5D 213000000 214000000 83019
ta3B 727000000 728000000 36966
ta2A 506000000 507000000 80290
ta7A 11000000 12000000 45442
ta4D 11000000 12000000 130378
ta6B 116000000 117000000 59140
ta4B 492000000 493000000 60261
ta4A 89000000 90000000 63509
ta3D 451000000 452000000 55950
ta1B 290000000 291000000 91785
ta1D 89000000 90000000 65112
ta4B 469000000 470000000 69156
ta3D 428000000 429000000 50969
ta1B 267000000 268000000 66191
ta7B 556000000 557000000 74906
ta6A 335000000 336000000 61905
ta2B 44000000 45000000 52665
ta4D 193000000 194000000 56119
ta1A 486000000 487000000 71153
ta5B 513000000 514000000 35993
ta2D 0 1000000 34747
ta2D 150000000 151000000 59499
ta7A 4000000 5000000 65731
ta2A 530000000 531000000 51575
ta2D 127000000 128000000 121187
ta6B 255000000 256000000 95958
ta5D 214000000 215000000 51582
ta5A 709000000 710000000 52511
ta2A 507000000 508000000 34924
ta4D 12000000 13000000 66312
ta7B 695000000 696000000 15004
ta6A 474000000 475000000 50786
ta4B 493000000 494000000 60590
ta4B 212000000 213000000 44392
ta3A 272000000 273000000 74015
ta3A 51000000 52000000 73475
ta3A 249000000 250000000 28927
ta5B 652000000 653000000 49053
ta4A 431000000 432000000 51522
ta3A 28000000 29000000 36906
ta2B 450000000 451000000 40434
ta7D 396000000 397000000 58043
ta5B 629000000 630000000 38824
ta4A 689000000 690000000 68581
ta2B 427000000 428000000 53734
ta1A 206000000 207000000 74401
ta7B 64000000 65000000 63773
ta6B 394000000 395000000 99936
ta5D 353000000 354000000 71491
ta3B 192000000 193000000 77726
ta2D 151000000 152000000 63121
ta2A 646000000 647000000 53103
ta3B 169000000 170000000 63348
ta2D 128000000 129000000 69918
ta3D 591000000 592000000 35249
ta3D 310000000 311000000 56342
ta3D 568000000 569000000 42293
ta3A 388000000 389000000 40332
ta1B 126000000 127000000 42184
ta7B 415000000 416000000 65462
ta2B 566000000 567000000 48603
ta1A 345000000 346000000 86880
ta7A 634000000 635000000 52740
ta4A 432000000 433000000 61409
ta5D 71000000 72000000 63699
ta7D 116000000 117000000 43579
ta4A 409000000 410000000 74398
ta2D 290000000 291000000 67095
ta5D 48000000 49000000 37854
ta3B 610000000 611000000 79465
ta2D 267000000 268000000 47537
ta6B 395000000 396000000 49513
ta6B 114000000 115000000 73947
ta5A 174000000 175000000 51742
ta7B 554000000 555000000 69624
ta4B 352000000 353000000 71084
ta3A 131000000 132000000 56026
ta4B 329000000 330000000 101752
ta3A 108000000 109000000 74458
ta5B 511000000 512000000 45874
ta4A 571000000 572000000 94770
ta7D 255000000 256000000 61471
ta4A 548000000 549000000 59984
ta1A 346000000 347000000 74781
ta7A 2000000 3000000 42161
ta5D 493000000 494000000 80224
ta5D 212000000 213000000 63047
ta3B 726000000 727000000 63138
ta2A 505000000 506000000 69918
ta7A 10000000 11000000 30218
ta4D 10000000 11000000 87223
ta4B 491000000 492000000 87549
ta4A 88000000 89000000 85724
ta3D 450000000 451000000 41242
ta3A 270000000 271000000 65715
ta1D 88000000 89000000 54650
ta4B 468000000 469000000 67379
ta3D 427000000 428000000 61378
ta1B 266000000 267000000 78992
ta6A 334000000 335000000 41799
ta2B 43000000 44000000 28872
ta4D 192000000 193000000 39297
ta1A 485000000 486000000 82140
ta2B 425000000 426000000 56348
ta5B 512000000 513000000 54950
ta4D 169000000 170000000 63906
ta2D 126000000 127000000 56988
ta6B 254000000 255000000 61714
ta5A 708000000 709000000 43026
ta3D 566000000 567000000 81564
ta7B 694000000 695000000 3752
ta6A 473000000 474000000 62671
ta4B 211000000 212000000 51800
ta3A 271000000 272000000 84214
ta3A 50000000 51000000 62650
ta3A 248000000 249000000 44586
ta5B 651000000 652000000 50616
ta4A 430000000 431000000 48747
ta3A 27000000 28000000 54110
ta7D 395000000 396000000 77649
ta7D 114000000 115000000 22934
ta5B 628000000 629000000 40830
ta4A 688000000 689000000 9305
ta4A 407000000 408000000 74222
ta2B 426000000 427000000 95364
ta1A 205000000 206000000 74582
ta7B 63000000 64000000 59181
ta6B 393000000 394000000 70112
ta5D 352000000 353000000 58324
ta3B 191000000 192000000 78053
ta2A 645000000 646000000 72633
ta5D 329000000 330000000 46866
ta3B 168000000 169000000 54354
ta4B 350000000 351000000 70830
ta3D 590000000 591000000 45349
ta3D 567000000 568000000 90694
ta3A 387000000 388000000 72223
ta1B 125000000 126000000 52716
ta7B 414000000 415000000 45446
ta2B 565000000 566000000 39574
ta1A 344000000 345000000 103390
ta7A 633000000 634000000 57101
ta5D 70000000 71000000 59392
ta7D 115000000 116000000 37140
ta5D 491000000 492000000 38139
ta4A 408000000 409000000 53745
ta2A 784000000 785000000 10811
ta5D 47000000 48000000 46194
ta5D 468000000 469000000 54457
ta2D 266000000 267000000 49029
ta6B 113000000 114000000 85862
ta5A 173000000 174000000 60617
ta1B 264000000 265000000 64853
ta7B 553000000 554000000 96183
ta6A 332000000 333000000 47540
ta4B 351000000 352000000 52485
ta3A 130000000 131000000 32545
ta6A 309000000 310000000 110635
ta4B 328000000 329000000 123780
ta3A 107000000 108000000 88798
ta5B 510000000 511000000 40873
ta4A 570000000 571000000 72365
ta7D 254000000 255000000 74346
ta4A 547000000 548000000 78848
ta7A 1000000 2000000 13670
ta5D 492000000 493000000 53888
ta5D 211000000 212000000 89492
ta3B 725000000 726000000 46677
ta2A 504000000 505000000 61926
ta5D 469000000 470000000 52975
ta5A 289000000 290000000 87732
ta4B 490000000 491000000 89065
ta4A 87000000 88000000 53525
ta1D 87000000 88000000 55273
ta4B 467000000 468000000 63156
ta3D 426000000 427000000 73013
ta3A 246000000 247000000 84269
ta1B 265000000 266000000 60876
ta6A 333000000 334000000 112621
ta2B 42000000 43000000 44099
ta7D 393000000 394000000 56698
ta4D 191000000 192000000 70486
ta4A 686000000 687000000 28798
ta1A 484000000 485000000 87342
ta2B 424000000 425000000 51861
ta7B 61000000 62000000 42063
ta2B 19000000 20000000 38166
ta4D 168000000 169000000 42029
ta7B 38000000 39000000 61839
ta2D 125000000 126000000 49224
ta6B 253000000 254000000 92087
ta5A 707000000 708000000 29611
ta3D 565000000 566000000 50502
ta7B 693000000 694000000 32435
ta7B 412000000 413000000 45556
ta6A 472000000 473000000 81185
ta4B 210000000 211000000 58207
ta6A 449000000 450000000 43216
ta3A 247000000 248000000 34772
ta5B 650000000 651000000 66991
ta3A 26000000 27000000 34213
ta7D 394000000 395000000 91809
ta7D 113000000 114000000 54665
ta5B 627000000 628000000 52339
ta4A 687000000 688000000 35030
ta4A 406000000 407000000 52924
ta1A 204000000 205000000 100027
ta7B 62000000 63000000 19929
ta7B 39000000 40000000 33206
ta6B 392000000 393000000 41417
ta5D 351000000 352000000 66437
ta5A 171000000 172000000 69864
ta3B 190000000 191000000 40325
ta2A 644000000 645000000 87864
ta6B 369000000 370000000 83586
ta5D 328000000 329000000 66858
ta5A 148000000 149000000 42790
ta3B 167000000 168000000 90199
ta3B 78000000 79000000 49053
ta4B 326000000 327000000 82783
ta3A 386000000 387000000 67335
ta1B 124000000 125000000 39710
ta7B 413000000 414000000 42255
ta2B 564000000 565000000 63901
ta1A 343000000 344000000 41498
ta7A 632000000 633000000 62680
ta7A 609000000 610000000 61127
ta5D 490000000 491000000 55082
ta2A 783000000 784000000 30573
ta5D 46000000 47000000 40256
ta5D 467000000 468000000 61906
ta2D 265000000 266000000 65996
ta6B 112000000 113000000 59782
ta5A 172000000 173000000 87635
ta5A 149000000 150000000 51938
ta3D 424000000 425000000 71309
ta1B 263000000 264000000 62403
ta7B 552000000 553000000 78243
ta6A 331000000 332000000 57900
ta3B 79000000 80000000 36351
ta2B 40000000 41000000 35392
ta7B 529000000 530000000 80434
ta6A 589000000 590000000 51197
ta6A 308000000 309000000 57637
ta4B 327000000 328000000 130840
ta3A 106000000 107000000 87471
ta7D 253000000 254000000 61016
ta7A 748000000 749000000 45416
ta4A 546000000 547000000 51940
ta6B 251000000 252000000 74053
ta5D 210000000 211000000 79454
ta3B 724000000 725000000 49215
ta2A 503000000 504000000 72508
ta6B 228000000 229000000 46877
ta5A 288000000 289000000 65340
ta7B 691000000 692000000 41803
ta4A 86000000 87000000 45975
ta1D 86000000 87000000 67382
ta4B 466000000 467000000 59571
ta3D 425000000 426000000 37264
ta3A 245000000 246000000 44772
ta2B 41000000 42000000 6071
ta7D 392000000 393000000 72767
ta4D 190000000 191000000 42542
ta4A 685000000 686000000 7727
ta1A 202000000 203000000 62433
ta1A 483000000 484000000 52398
ta2B 423000000 424000000 33166
ta7B 60000000 61000000 66588
ta2B 18000000 19000000 21745
ta7D 369000000 370000000 61534
ta4D 167000000 168000000 62699
ta7B 37000000 38000000 52270
ta7A 749000000 750000000 18485
ta2A 642000000 643000000 35036
ta3B 165000000 166000000 45597
ta2D 124000000 125000000 68541
ta6B 252000000 253000000 34449
ta5A 706000000 707000000 43462
ta6B 229000000 230000000 91368
ta3D 564000000 565000000 41269
ta7B 692000000 693000000 42662
ta7B 411000000 412000000 90774
ta6A 471000000 472000000 72531
ta7B 669000000 670000000 43620
ta6A 448000000 449000000 61669
ta3A 25000000 26000000 38989
ta1A 599000000 600000000 52945
ta7D 112000000 113000000 73191
ta5B 626000000 627000000 62891
ta4A 405000000 406000000 68478
ta1A 203000000 204000000 50519
ta2D 263000000 264000000 68340
ta6B 391000000 392000000 36243
ta5D 350000000 351000000 47464
ta5A 170000000 171000000 94269
ta2A 643000000 644000000 43581
ta6B 368000000 369000000 55245
ta5D 327000000 328000000 66346
ta5A 147000000 148000000 72733
ta3B 166000000 167000000 47151
ta3B 77000000 78000000 89165
ta1A 0 1000000 49894
ta6A 587000000 588000000 50223
ta4B 325000000 326000000 63318
ta3A 385000000 386000000 44853
ta3A 104000000 105000000 73581
ta1B 123000000 124000000 45845
ta2B 563000000 564000000 25997
ta1A 342000000 343000000 47769
ta7A 631000000 632000000 59412
ta1A 319000000 320000000 72869
ta7A 608000000 609000000 54695
ta3B 722000000 723000000 39101
ta2A 782000000 783000000 47236
ta5D 45000000 46000000 75725
ta5D 466000000 467000000 79969
ta2D 264000000 265000000 69668
ta2A 759000000 760000000 37358
ta6B 111000000 112000000 97159
ta4A 84000000 85000000 66598
ta3D 423000000 424000000 37309
ta1B 262000000 263000000 107351
ta7B 551000000 552000000 29436
ta6A 330000000 331000000 106638
ta1B 239000000 240000000 51183
ta7B 528000000 529000000 38526
ta6A 588000000 589000000 53370
ta6A 307000000 308000000 60913
ta3A 105000000 106000000 86011
ta1A 481000000 482000000 38427
ta2B 16000000 17000000 70063
ta2B 679000000 680000000 51681
ta7D 252000000 253000000 38868
ta7A 747000000 748000000 28261
ta4A 545000000 546000000 76841
ta7D 229000000 230000000 32227
ta6B 250000000 251000000 99646
ta5A 704000000 705000000 37761
ta3B 723000000 724000000 79911
ta2A 502000000 503000000 88258
ta6B 227000000 228000000 88986
ta5A 287000000 288000000 50265
ta7B 690000000 691000000 43026
ta4A 85000000 86000000 43080
ta1D 85000000 86000000 49069
ta7B 667000000 668000000 21587
ta4B 465000000 466000000 50518
ta3A 244000000 245000000 78046
ta7D 391000000 392000000 64306
ta4A 684000000 685000000 14347
ta1A 482000000 483000000 58015
ta2B 422000000 423000000 83767
ta1A 201000000 202000000 73952
ta2B 17000000 18000000 36795
ta7D 368000000 369000000 59986
ta4D 166000000 167000000 37862
ta1A 459000000 460000000 80563
ta7B 36000000 37000000 58353
ta2A 641000000 642000000 68452
ta5D 325000000 326000000 40561
ta3B 839000000 840000000 52372
ta3B 164000000 165000000 71857
ta2D 123000000 124000000 48340
ta2A 618000000 619000000 57430
ta5A 705000000 706000000 32076
ta3D 563000000 564000000 48660
ta1B 121000000 122000000 41589
ta7B 410000000 411000000 104548
ta6A 470000000 471000000 52785
ta1B 379000000 380000000 120222
ta7B 668000000 669000000 49401
ta6A 447000000 448000000 45359
ta2B 561000000 562000000 44668
ta3A 24000000 25000000 49121
ta1A 598000000 599000000 33993
ta7D 111000000 112000000 67314
ta7A 606000000 607000000 53296
ta5B 625000000 626000000 30049
ta4A 404000000 405000000 53163
ta5D 43000000 44000000 19955
ta7A 189000000 190000000 49630
ta2D 262000000 263000000 54913
ta6B 390000000 391000000 44340
ta2D 239000000 240000000 43347
ta6B 367000000 368000000 32879
ta5D 326000000 327000000 64702
ta5A 146000000 147000000 63914
ta2A 619000000 620000000 55715
ta3B 76000000 77000000 70790
ta6A 586000000 587000000 64739
ta4B 324000000 325000000 92535
ta3A 384000000 385000000 56199
ta3A 103000000 104000000 73701
ta1B 122000000 123000000 33461
ta7D 250000000 251000000 53040
ta4A 543000000 544000000 74175
ta2B 562000000 563000000 39732
ta1A 341000000 342000000 45100
ta7A 630000000 631000000 54823
ta7D 227000000 228000000 34992
ta2B 539000000 540000000 80267
ta1A 318000000 319000000 87919
ta7A 607000000 608000000 30643
ta3B 721000000 722000000 53824
ta2A 781000000 782000000 59034
ta5D 44000000 45000000 51076
ta5D 465000000 466000000 45505
ta2A 758000000 759000000 37959
ta6B 110000000 111000000 31477
ta4A 83000000 84000000 53822
ta1D 83000000 84000000 44240
ta3D 422000000 423000000 77025
ta1B 261000000 262000000 63846
ta7B 550000000 551000000 52987
ta1B 238000000 239000000 55688
ta7B 527000000 528000000 82232
ta6A 306000000 307000000 65171
ta1A 480000000 481000000 57319
ta2B 15000000 16000000 26947
ta4D 164000000 165000000 68447
ta2B 678000000 679000000 41643
ta1A 457000000 458000000 103209
ta7D 251000000 252000000 51961
ta7A 746000000 747000000 32547
ta4A 544000000 545000000 64811
ta7D 228000000 229000000 49447
ta2D 121000000 122000000 65803
ta5A 703000000 704000000 32817
ta2A 501000000 502000000 62291
ta2D 379000000 380000000 55113
ta6B 226000000 227000000 68283
ta5A 286000000 287000000 67677
ta1B 377000000 378000000 66005
ta1D 84000000 85000000 44212
ta7B 666000000 667000000 44383
ta6A 445000000 446000000 55706
ta4B 464000000 465000000 55385
ta3A 243000000 244000000 39292
ta3A 22000000 23000000 50110
ta7D 390000000 391000000 66702
ta5B 623000000 624000000 29634
ta4A 683000000 684000000 52394
ta2B 421000000 422000000 54327
ta1A 200000000 201000000 85411
ta7D 367000000 368000000 44193
ta4D 165000000 166000000 59201
ta1A 458000000 459000000 51341
ta7B 35000000 36000000 55004
ta2A 640000000 641000000 56379
ta5D 324000000 325000000 57999
ta3B 838000000 839000000 43522
ta3B 163000000 164000000 33998
ta2D 122000000 123000000 80282
ta2A 617000000 618000000 62613
ta3D 562000000 563000000 60935
ta3A 382000000 383000000 40384
ta1B 120000000 121000000 83737
ta3D 539000000 540000000 69817
ta3A 359000000 360000000 65583
ta1B 378000000 379000000 55860
ta6A 446000000 447000000 40742
ta2B 560000000 561000000 62876
ta3A 23000000 24000000 59431
ta2B 537000000 538000000 64155
ta1A 597000000 598000000 19096
ta7D 110000000 111000000 64681
ta7A 605000000 606000000 64908
ta5B 624000000 625000000 59859
ta4A 403000000 404000000 57650
ta5D 42000000 43000000 54628
ta7A 188000000 189000000 38435
ta2D 261000000 262000000 64158
ta5D 19000000 20000000 44362
ta2D 238000000 239000000 59979
ta6B 366000000 367000000 60045
ta5A 145000000 146000000 73527
ta3B 75000000 76000000 57787
ta7B 525000000 526000000 32778
ta6A 585000000 586000000 60532
ta4B 323000000 324000000 90544
ta3A 383000000 384000000 50546
ta3A 102000000 103000000 47957
ta4A 542000000 543000000 49985
ta1A 340000000 341000000 62892
ta7D 226000000 227000000 56506
ta4A 519000000 520000000 49278
ta2B 538000000 539000000 64203
ta1A 317000000 318000000 57394
ta3B 720000000 721000000 62669
ta2A 780000000 781000000 34173
ta5D 464000000 465000000 55608
ta5A 284000000 285000000 62285
ta2A 757000000 758000000 39120
ta4A 82000000 83000000 67284
ta1D 82000000 83000000 35305
ta4B 462000000 463000000 68748
ta4A 59000000 60000000 88137
ta3D 421000000 422000000 55467
ta1B 260000000 261000000 53033
ta1D 59000000 60000000 56049
ta4B 439000000 440000000 27727
ta3A 499000000 500000000 87660
ta1B 237000000 238000000 36934
ta7B 526000000 527000000 39356
ta6A 305000000 306000000 79009
ta2B 14000000 15000000 21921
ta4D 163000000 164000000 48266
ta2B 677000000 678000000 45730
ta1A 456000000 457000000 39542
ta7A 745000000 746000000 51361
ta2D 120000000 121000000 59934
ta5A 702000000 703000000 52099
ta2A 500000000 501000000 64781
ta2D 378000000 379000000 31081
ta2A 198000000 199000000 61522
ta6B 225000000 226000000 56644
ta5A 285000000 286000000 56405
ta3D 560000000 561000000 39061
ta3D 537000000 538000000 59017
ta1B 376000000 377000000 67491
ta7B 665000000 666000000 57683
ta6A 444000000 445000000 56696
ta4B 463000000 464000000 45813
ta3A 242000000 243000000 51559
ta3A 21000000 22000000 46205
ta3A 219000000 220000000 87541
ta6D 79000000 80000000 78779
ta5B 622000000 623000000 48812
ta4A 682000000 683000000 35609
ta4A 401000000 402000000 39483
ta2B 420000000 421000000 51690
ta7D 366000000 367000000 49169
ta7A 186000000 187000000 71593
ta4A 659000000 660000000 44021
ta7B 34000000 35000000 65880
ta6B 364000000 365000000 86533
ta5D 323000000 324000000 45768
ta3B 837000000 838000000 43131
ta3B 162000000 163000000 45850
ta2A 616000000 617000000 90532
ta3B 139000000 140000000 87222
ta2A 199000000 200000000 88333
ta3D 561000000 562000000 41954
ta3A 381000000 382000000 60849
ta4B 579000000 580000000 37849
ta3D 538000000 539000000 56400
ta3A 358000000 359000000 74009
ta2B 536000000 537000000 44999
ta1A 315000000 316000000 60269
ta1A 596000000 597000000 60293
ta7A 604000000 605000000 89205
ta4A 402000000 403000000 69838
ta5D 41000000 42000000 62118
ta7A 187000000 188000000 58837
ta5D 462000000 463000000 30416
ta2D 260000000 261000000 71377
ta2A 755000000 756000000 58461
ta5D 18000000 19000000 73899
ta3B 278000000 279000000 72784
ta2D 237000000 238000000 67926
ta6B 365000000 366000000 82348
ta5A 144000000 145000000 95386
ta3B 74000000 75000000 29648
ta7B 524000000 525000000 41955
ta6A 584000000 585000000 95302
ta6A 303000000 304000000 73542
ta4B 322000000 323000000 81346
ta3A 101000000 102000000 84295
ta4A 541000000 542000000 82184
ta7D 225000000 226000000 69401
ta4A 518000000 519000000 39407
ta1A 316000000 317000000 57685
ta2D 376000000 377000000 42062
ta5D 463000000 464000000 37493
ta5A 283000000 284000000 47536
ta2A 756000000 757000000 47377
ta4A 81000000 82000000 74956
ta3B 279000000 280000000 46852
ta1D 81000000 82000000 66736
ta4B 461000000 462000000 43763
ta4A 58000000 59000000 46165
ta3D 420000000 421000000 88396
ta3A 240000000 241000000 50934
ta1D 58000000 59000000 85630
ta4B 438000000 439000000 50831
ta3A 498000000 499000000 69816
ta3A 217000000 218000000 64092
ta1B 236000000 237000000 55130
ta6A 304000000 305000000 85680
ta4A 680000000 681000000 29598
ta2B 13000000 14000000 33117
ta4D 162000000 163000000 63298
ta2B 676000000 677000000 40765
ta1A 455000000 456000000 47819
ta7B 32000000 33000000 30033
ta7A 744000000 745000000 65598
ta4D 139000000 140000000 81355
ta3B 835000000 836000000 31478
ta5A 701000000 702000000 47082
ta5D 579000000 580000000 46942
ta2D 377000000 378000000 57668
ta2A 197000000 198000000 67028
ta6B 224000000 225000000 53201
ta3D 536000000 537000000 60309
ta1B 375000000 376000000 77457
ta7B 664000000 665000000 34702
ta6A 443000000 444000000 81278
ta3A 241000000 242000000 78078
ta3A 20000000 21000000 30274
ta3A 218000000 219000000 64730
ta1A 594000000 595000000 45247
ta6D 78000000 79000000 56764
ta5B 621000000 622000000 45337
ta4A 681000000 682000000 27546
ta4A 400000000 401000000 27268
ta7D 365000000 366000000 45390
ta7A 185000000 186000000 85879
ta4A 658000000 659000000 36161
ta7B 33000000 34000000 16728
ta6B 363000000 364000000 155649
ta5D 322000000 323000000 50868
ta5A 142000000 143000000 69319
ta3B 836000000 837000000 36733
ta3B 161000000 162000000 45020
ta2A 615000000 616000000 58984
ta3B 72000000 73000000 54350
ta5A 119000000 120000000 102400
ta3B 138000000 139000000 61443
ta4B 320000000 321000000 64911
ta3A 380000000 381000000 94587
ta4B 578000000 579000000 43768
ta3A 357000000 358000000 58799
ta2B 535000000 536000000 56200
ta1A 595000000 596000000 29256
ta1A 314000000 315000000 37205
ta7A 603000000 604000000 31485
ta5D 40000000 41000000 55653
ta4D 279000000 280000000 58860
ta5D 461000000 462000000 47271
ta2A 754000000 755000000 55941
ta5D 17000000 18000000 52009
ta5D 438000000 439000000 37206
ta3B 277000000 278000000 66232
ta2D 236000000 237000000 44018
ta5A 143000000 144000000 88699
ta3B 73000000 74000000 39001
ta1B 234000000 235000000 49440
ta7B 523000000 524000000 59078
ta6A 583000000 584000000 52930
ta6A 302000000 303000000 63320
ta4B 321000000 322000000 27830
ta3A 100000000 101000000 46135
ta2B 674000000 675000000 70127
ta7A 742000000 743000000 63095
ta4A 540000000 541000000 85382
ta7D 224000000 225000000 45942
ta7A 719000000 720000000 31042
ta4A 517000000 518000000 61017
ta2D 375000000 376000000 67099
ta6B 222000000 223000000 86117
ta5A 282000000 283000000 92399
ta4A 80000000 81000000 73619
ta5D 439000000 440000000 35921
ta5A 259000000 260000000 137414
ta1D 80000000 81000000 48820
ta4B 460000000 461000000 50001
ta4A 57000000 58000000 51753
ta1D 57000000 58000000 63440
ta4B 437000000 438000000 58723
ta3A 497000000 498000000 42484
ta3A 216000000 217000000 49988
ta1B 235000000 236000000 58281
ta2B 12000000 13000000 26651
ta7D 363000000 364000000 90626
ta4D 161000000 162000000 36942
ta4A 656000000 657000000 27747
ta2B 675000000 676000000 28679
ta1A 454000000 455000000 94810
ta7B 31000000 32000000 53750
ta7A 743000000 744000000 30689
ta5B 179000000 180000000 51054
ta4D 138000000 139000000 80226
ta3B 834000000 835000000 33200
ta5A 700000000 701000000 55844
ta5D 578000000 579000000 56883
ta3B 136000000 137000000 38975
ta2A 196000000 197000000 73083
ta6B 223000000 224000000 60933
ta3D 535000000 536000000 66737
ta1B 374000000 375000000 43621
ta7B 663000000 664000000 64130
ta6A 442000000 443000000 107131
ta6A 419000000 420000000 52239
ta1A 593000000 594000000 82903
ta6D 77000000 78000000 82161
ta5B 620000000 621000000 13274
ta4D 277000000 278000000 43794
ta7D 364000000 365000000 65455
ta7A 184000000 185000000 58728
ta4A 657000000 658000000 27770
ta6B 362000000 363000000 59861
ta5D 321000000 322000000 38026
ta5A 141000000 142000000 61748
ta3B 160000000 161000000 58065
ta2A 614000000 615000000 70383
ta3B 71000000 72000000 51395
ta6B 339000000 340000000 101409
ta5A 399000000 400000000 64178
ta5A 118000000 119000000 78747
ta3B 137000000 138000000 74574
ta6A 581000000 582000000 51175
ta3B 48000000 49000000 39530
ta6A 558000000 559000000 57760
ta4B 577000000 578000000 61461
ta3A 356000000 357000000 36380
ta5B 736000000 737000000 32424
ta2B 534000000 535000000 54361
ta1A 313000000 314000000 52887
ta7A 602000000 603000000 46286
ta4D 278000000 279000000 57039
ta5D 460000000 461000000 44940
ta2A 753000000 754000000 60719
ta5D 16000000 17000000 54950
ta5D 437000000 438000000 37382
ta3B 276000000 277000000 50617
ta2D 235000000 236000000 53922
ta3A 495000000 496000000 49041
ta1B 233000000 234000000 44540
ta7B 522000000 523000000 42803
ta6A 582000000 583000000 49227
ta6A 301000000 302000000 41442
ta3B 49000000 50000000 63418
ta6D 179000000 180000000 77132
ta2B 10000000 11000000 32941
ta6A 559000000 560000000 72324
ta2B 673000000 674000000 48782
ta7A 741000000 742000000 47822
ta7D 223000000 224000000 56378
ta7A 718000000 719000000 27218
ta5B 737000000 738000000 19807
ta4A 516000000 517000000 93245
ta2D 374000000 375000000 36807
ta6B 221000000 222000000 48976
ta5A 281000000 282000000 73940
ta6B 479000000 480000000 48010
ta5A 258000000 259000000 153579
ta7B 661000000 662000000 66837
ta4A 56000000 57000000 87556
ta1D 56000000 57000000 31004
ta7B 638000000 639000000 42142
ta4B 436000000 437000000 65437
ta3A 496000000 497000000 45098
ta3A 215000000 216000000 60557
ta6D 75000000 76000000 69006
ta2B 11000000 12000000 17673
ta7D 362000000 363000000 58812
ta4D 160000000 161000000 27949
ta4A 655000000 656000000 65484
ta1A 453000000 454000000 54690
ta7B 30000000 31000000 45938
ta7D 339000000 340000000 84493
ta5B 178000000 179000000 82891
ta4D 137000000 138000000 54076
ta3B 833000000 834000000 46061
ta2A 612000000 613000000 52897
ta5D 577000000 578000000 74445
ta5A 397000000 398000000 54538
ta3B 135000000 136000000 54885
ta2A 195000000 196000000 61379
ta4B 575000000 576000000 93257
ta3D 534000000 535000000 49791
ta1B 373000000 374000000 42843
ta7B 662000000 663000000 55766
ta6A 441000000 442000000 49315
ta7B 639000000 640000000 54514
ta6A 418000000 419000000 38881
ta1A 592000000 593000000 58065
ta7A 600000000 601000000 47238
ta6D 76000000 77000000 57570
ta4D 276000000 277000000 53053
ta1A 569000000 570000000 96340
ta7A 183000000 184000000 57680
ta5D 14000000 15000000 60588
ta2D 233000000 234000000 35061
ta6B 361000000 362000000 76352
ta5D 320000000 321000000 70521
ta5A 140000000 141000000 58624
ta2A 613000000 614000000 57900
ta3B 70000000 71000000 38388
ta6B 338000000 339000000 91254
ta5A 398000000 399000000 46493
ta5A 117000000 118000000 41147
ta6A 580000000 581000000 66913
ta3B 47000000 48000000 47683
ta1B 489000000 490000000 100249
ta6A 557000000 558000000 49787
ta4B 576000000 577000000 81528
ta3A 355000000 356000000 54822
ta7D 221000000 222000000 69961
ta5B 735000000 736000000 43528
ta4A 514000000 515000000 58748
ta2B 533000000 534000000 83672
ta1A 312000000 313000000 103109
ta7A 601000000 602000000 62764
ta7D 479000000 480000000 39987
ta7A 299000000 300000000 67328
ta2A 752000000 753000000 37328
ta5D 15000000 16000000 59974
ta6B 477000000 478000000 68389
ta5D 436000000 437000000 66565
ta3B 275000000 276000000 40472
ta2D 234000000 235000000 38780
ta2A 729000000 730000000 46685
ta4A 54000000 55000000 21656
ta1D 54000000 55000000 45707
ta3A 494000000 495000000 78359
ta1B 232000000 233000000 67077
ta7B 521000000 522000000 80111
ta6A 300000000 301000000 78518
ta6D 178000000 179000000 71962
ta1B 209000000 210000000 62396
ta2B 672000000 673000000 51379
ta1A 451000000 452000000 54430
ta7A 740000000 741000000 46973
ta4D 135000000 136000000 57065
ta2B 649000000 650000000 74462
ta1A 428000000 429000000 68592
ta7D 222000000 223000000 79682
ta7A 717000000 718000000 45191
ta4A 515000000 516000000 67157
ta2D 373000000 374000000 52802
ta6B 220000000 221000000 78388
ta5A 280000000 281000000 103067
ta6B 478000000 479000000 71165
ta5A 257000000 258000000 127664
ta7B 660000000 661000000 30099
ta4A 55000000 56000000 59565
ta1D 55000000 56000000 74760
ta7B 637000000 638000000 66208
ta6A 416000000 417000000 41855
ta4B 435000000 436000000 47263
ta3A 214000000 215000000 51326
ta6D 74000000 75000000 64863
ta7D 361000000 362000000 41663
ta4A 654000000 655000000 34998
ta1A 452000000 453000000 88443
ta7D 338000000 339000000 89747
ta5B 177000000 178000000 72441
ta4D 136000000 137000000 77368
ta1A 429000000 430000000 57249
ta3B 832000000 833000000 46142
ta2A 611000000 612000000 50164
ta5D 576000000 577000000 43205
ta5A 396000000 397000000 61730
ta3B 809000000 810000000 42581
ta3B 134000000 135000000 53721
ta2A 194000000 195000000 64637
ta4B 574000000 575000000 33214
ta3D 533000000 534000000 79512
ta3A 353000000 354000000 90207
ta1B 372000000 373000000 75224
ta6A 440000000 441000000 44638
ta1B 349000000 350000000 46584
ta6A 417000000 418000000 44428
ta2B 531000000 532000000 49393
ta1A 591000000 592000000 24208
ta4D 275000000 276000000 73686
ta2B 789000000 790000000 56345
ta2B 508000000 509000000 71427
ta1A 568000000 569000000 57950
ta7A 182000000 183000000 47606
ta5D 13000000 14000000 53045
ta7A 159000000 160000000 41488
ta2D 232000000 233000000 51935
ta6B 360000000 361000000 85225
ta2D 209000000 210000000 86061
ta6B 337000000 338000000 106153
ta5A 116000000 117000000 42753
ta3B 46000000 47000000 18716
ta1B 488000000 489000000 62852
ta6A 556000000 557000000 72312
ta3A 354000000 355000000 29474
ta7D 220000000 221000000 64775
ta5B 734000000 735000000 53824
ta4A 513000000 514000000 43909
ta2B 532000000 533000000 69176
ta1A 311000000 312000000 69656
ta1D 189000000 190000000 54740
ta7D 478000000 479000000 44189
ta7A 298000000 299000000 68943
ta2B 509000000 510000000 54849
ta2A 751000000 752000000 40931
ta6B 476000000 477000000 43163
ta5D 435000000 436000000 79235
ta5A 255000000 256000000 134264
ta3B 274000000 275000000 40731
ta2A 728000000 729000000 54133
ta4A 53000000 54000000 56321
ta3B 9000000 10000000 39596
ta1D 53000000 54000000 59837
ta4B 433000000 434000000 53141
ta3A 493000000 494000000 74663
ta1B 231000000 232000000 44806
ta7B 520000000 521000000 79042
ta6D 177000000 178000000 80194
ta1B 208000000 209000000 43735
ta2B 671000000 672000000 60324
ta1A 450000000 451000000 60170
ta4D 134000000 135000000 45751
ta2B 648000000 649000000 45962
ta1A 427000000 428000000 74709
ta7A 716000000 717000000 55339
ta5D 574000000 575000000 21338
ta2D 372000000 373000000 46860
ta2A 192000000 193000000 32983
ta2D 349000000 350000000 58103
ta2A 169000000 170000000 53045
ta5A 256000000 257000000 153724
ta1B 370000000 371000000 56901
ta1B 347000000 348000000 38166
ta7B 636000000 637000000 65701
ta6A 415000000 416000000 80445
ta4B 434000000 435000000 86908
ta3A 213000000 214000000 51559
ta6D 73000000 74000000 73654
ta7D 360000000 361000000 51231
ta7A 180000000 181000000 51220
ta4A 653000000 654000000 52338
ta7D 337000000 338000000 67772
ta5B 176000000 177000000 84568
ta3B 831000000 832000000 30678
ta2A 610000000 611000000 36299
ta2D 488000000 489000000 38385
ta6B 335000000 336000000 202525
ta5D 575000000 576000000 33461
ta5A 395000000 396000000 61072
ta3B 808000000 809000000 18855
ta3B 133000000 134000000 56335
ta2A 193000000 194000000 91692
ta4B 573000000 574000000 62275
ta3D 532000000 533000000 65819
ta3A 352000000 353000000 62906
ta1B 371000000 372000000 53212
ta3D 509000000 510000000 61894
ta3A 329000000 330000000 131499
ta1B 348000000 349000000 79530
ta2B 530000000 531000000 68756
ta7D 476000000 477000000 74298
ta4D 274000000 275000000 78840
ta2B 788000000 789000000 48035
ta2B 507000000 508000000 69176
ta1A 567000000 568000000 65321
ta7A 181000000 182000000 64474
ta5D 12000000 13000000 99780
ta7A 158000000 159000000 71317
ta3B 272000000 273000000 37421
ta2D 231000000 232000000 59524
ta3B 249000000 250000000 65095
ta2D 489000000 490000000 56594
ta2D 208000000 209000000 35498
ta6B 336000000 337000000 155508
ta5A 115000000 116000000 87000
ta3B 45000000 46000000 19507
ta1B 487000000 488000000 58086
ta6A 555000000 556000000 60216
ta5B 733000000 734000000 52273
ta4A 512000000 513000000 82322
ta1A 310000000 311000000 71727
ta1D 188000000 189000000 40862
ta7D 477000000 478000000 61827
ta7A 297000000 298000000 70334
ta2D 370000000 371000000 57220
ta2A 750000000 751000000 46448
ta6B 475000000 476000000 79744
ta5D 434000000 435000000 73660
ta5A 254000000 255000000 136357
ta3B 273000000 274000000 104818
ta2A 727000000 728000000 71170
ta4A 52000000 53000000 34942
ta3B 8000000 9000000 14315
ta1D 52000000 53000000 64313
ta4B 432000000 433000000 84556
ta4A 29000000 30000000 53863
ta3A 492000000 493000000 73624
ta3A 211000000 212000000 65740
ta1B 230000000 231000000 60411
ta1D 29000000 30000000 32178
ta6D 176000000 177000000 88426
ta4B 409000000 410000000 34484
ta3A 469000000 470000000 76627
ta1B 207000000 208000000 55271
ta2B 670000000 671000000 79591
ta5B 174000000 175000000 66487
ta4D 133000000 134000000 51249
ta2B 647000000 648000000 40450
ta1A 426000000 427000000 68485
ta7A 715000000 716000000 46171
ta5D 573000000 574000000 33199
ta2D 371000000 372000000 49625
ta2A 191000000 192000000 85281
ta3B 389000000 390000000 73563
ta2D 348000000 349000000 47649
ta2A 168000000 169000000 81748
ta3D 530000000 531000000 66124
ta3D 507000000 508000000 27809
ta1B 346000000 347000000 56230
ta7B 635000000 636000000 64178
ta6A 414000000 415000000 43884
ta3A 212000000 213000000 56279
ta6D 72000000 73000000 46379
ta2B 786000000 787000000 52039
ta6D 49000000 50000000 47163
ta4A 652000000 653000000 40911
ta7D 336000000 337000000 47960
ta7A 156000000 157000000 46021
ta5B 175000000 176000000 65557
ta4A 629000000 630000000 26765
ta3B 830000000 831000000 14166
ta2D 487000000 488000000 73243
ta6B 334000000 335000000 126290
ta5A 394000000 395000000 44638
ta3B 807000000 808000000 46033
ta3B 132000000 133000000 46389
ta3B 109000000 110000000 39989
ta4B 572000000 573000000 42162
ta3D 531000000 532000000 59513
ta3A 351000000 352000000 71480
ta4B 549000000 550000000 68374
ta3D 508000000 509000000 101173
ta3A 328000000 329000000 155203
ta7D 475000000 476000000 54582
ta4D 273000000 274000000 51888
ta2B 787000000 788000000 63213
ta2B 506000000 507000000 54162
ta1A 566000000 567000000 48723
ta5D 11000000 12000000 41768
ta7A 157000000 158000000 59503
ta5D 432000000 433000000 79894
ta5A 89000000 90000000 60133
ta3B 271000000 272000000 65785
ta2D 230000000 231000000 52467
ta2A 725000000 726000000 56896
ta2D 89000000 90000000 73300
ta5D 409000000 410000000 51446
ta3B 248000000 249000000 70046
ta2D 207000000 208000000 81304
ta5A 114000000 115000000 52792
ta3B 44000000 45000000 30751
ta4B 688000000 689000000 39783
ta1B 205000000 206000000 62148
ta1B 486000000 487000000 60985
ta6A 554000000 555000000 82564
ta7A 713000000 714000000 28532
ta5B 732000000 733000000 28188
ta4A 511000000 512000000 68045
ta4D 389000000 390000000 44694
ta1D 187000000 188000000 58212
ta7A 296000000 297000000 75256
ta5B 709000000 710000000 31555
ta2D 346000000 347000000 66384
ta6B 474000000 475000000 59202
ta5D 433000000 434000000 37255
ta5A 253000000 254000000 119291
ta2A 726000000 727000000 70403
ta4A 51000000 52000000 60040
ta3B 7000000 8000000 41824
ta1D 51000000 52000000 58830
ta4B 431000000 432000000 41595
ta4A 28000000 29000000 46890
ta3A 491000000 492000000 63308
ta3A 210000000 211000000 65662
ta1D 28000000 29000000 30608
ta6D 175000000 176000000 51267
ta4B 689000000 690000000 40517
ta4B 408000000 409000000 70958
ta3A 468000000 469000000 43860
ta1B 206000000 207000000 57176
ta4A 650000000 651000000 98512
ta7D 334000000 335000000 53346
ta5B 173000000 174000000 75555
ta4D 132000000 133000000 57486
ta4A 627000000 628000000 39678
ta2B 646000000 647000000 52607
ta1A 425000000 426000000 69696
ta7A 714000000 715000000 27441
ta4D 109000000 110000000 61346
ta5D 572000000 573000000 26567
ta3B 805000000 806000000 24934
ta3B 130000000 131000000 93332
ta2A 190000000 191000000 56867
ta5D 549000000 550000000 66103
ta3B 388000000 389000000 49224
ta2D 347000000 348000000 63733
ta2A 167000000 168000000 72299
ta3D 506000000 507000000 40971
ta1B 345000000 346000000 39264
ta7B 634000000 635000000 61923
ta6A 413000000 414000000 93557
ta6D 71000000 72000000 67902
ta4D 271000000 272000000 47383
ta2B 785000000 786000000 41085
ta1A 564000000 565000000 48532
ta6D 48000000 49000000 47782
ta4A 651000000 652000000 67656
ta4D 248000000 249000000 19435
ta7D 335000000 336000000 78835
ta7A 155000000 156000000 45778
ta4A 628000000 629000000 37996
ta2D 486000000 487000000 60568
ta6B 333000000 334000000 100170
ta5A 393000000 394000000 69241
ta5A 112000000 113000000 70046
ta3B 806000000 807000000 42044
ta3B 131000000 132000000 30272
ta3B 42000000 43000000 21195
ta3B 108000000 109000000 68179
ta6A 552000000 553000000 67054
ta4B 571000000 572000000 74431
ta3B 19000000 20000000 22587
ta3A 350000000 351000000 65738
ta4B 548000000 549000000 90462
ta3A 327000000 328000000 117054
ta5B 730000000 731000000 43829
ta1D 185000000 186000000 54991
ta7D 474000000 475000000 52223
ta5B 707000000 708000000 77677
ta4D 272000000 273000000 48804
ta2B 505000000 506000000 61955
ta1A 565000000 566000000 28336
ta5D 10000000 11000000 75364
ta4D 249000000 250000000 61209
ta5D 431000000 432000000 73614
ta5A 88000000 89000000 96345
ta3B 270000000 271000000 76108
ta2A 724000000 725000000 39380
ta2D 88000000 89000000 92772
ta5D 408000000 409000000 82555
ta3B 247000000 248000000 51288
ta2D 206000000 207000000 65531
ta5A 113000000 114000000 33051
ta3B 43000000 44000000 18322
ta6D 173000000 174000000 73479
ta4B 687000000 688000000 51042
ta3A 466000000 467000000 71628
ta1B 204000000 205000000 63651
ta1B 485000000 486000000 91452
ta6A 553000000 554000000 61603
ta2B 644000000 645000000 78822
ta7A 712000000 713000000 35182
ta5B 731000000 732000000 21919
ta4A 510000000 511000000 66817
ta4D 388000000 389000000 60547
ta1D 186000000 187000000 41170
ta7A 295000000 296000000 58291
ta5B 708000000 709000000 29822
ta2D 345000000 346000000 51798
ta6B 473000000 474000000 89829
ta5A 252000000 253000000 123618
ta4A 50000000 51000000 46864
ta5A 229000000 230000000 75358
ta3B 6000000 7000000 40432
ta1D 50000000 51000000 69765
ta7B 632000000 633000000 31721
ta4B 430000000 431000000 44678
ta4A 27000000 28000000 86432
ta3A 490000000 491000000 41917
ta1D 27000000 28000000 50162
ta6D 174000000 175000000 59196
ta4B 407000000 408000000 51984
ta3A 467000000 468000000 40167
ta6D 46000000 47000000 56672
ta7D 333000000 334000000 62113
ta5B 172000000 173000000 62748
ta4D 131000000 132000000 35420
ta4A 626000000 627000000 65302
ta2B 645000000 646000000 62137
ta1A 424000000 425000000 84969
ta5B 149000000 150000000 95850
ta4D 108000000 109000000 51162
ta5D 571000000 572000000 42426
ta5A 391000000 392000000 48974
ta4B 79000000 80000000 56933
ta3B 804000000 805000000 51126
ta6B 589000000 590000000 65522
ta5D 548000000 549000000 25473
ta5A 368000000 369000000 57280
ta3B 387000000 388000000 74780
ta3B 106000000 107000000 58812
ta2A 166000000 167000000 60727
ta4B 546000000 547000000 61198
ta3D 505000000 506000000 70647
ta1B 344000000 345000000 44896
ta7B 633000000 634000000 57008
ta6A 412000000 413000000 48381
ta6D 70000000 71000000 38295
ta2D 9000000 10000000 46527
ta4D 270000000 271000000 66837
ta2B 784000000 785000000 43503
ta1A 563000000 564000000 35034
ta6D 47000000 48000000 87345
ta4D 247000000 248000000 67491
ta7A 154000000 155000000 106662
ta5A 86000000 87000000 41962
ta2D 485000000 486000000 48677
ta2D 204000000 205000000 38656
ta6B 332000000 333000000 98789
ta5A 392000000 393000000 61960
ta5A 111000000 112000000 88458
ta3B 41000000 42000000 17933
ta6B 309000000 310000000 49575
ta5A 369000000 370000000 64821
ta3B 107000000 108000000 60644
ta1B 483000000 484000000 50418
ta6A 551000000 552000000 75027
ta4B 570000000 571000000 36573
ta3B 18000000 19000000 17609
ta7B 749000000 750000000 28285
ta6A 528000000 529000000 93507
ta4B 547000000 548000000 51507
ta3A 326000000 327000000 98762
ta1D 184000000 185000000 42695
ta7D 473000000 474000000 94878
ta7A 293000000 294000000 49959
ta5B 706000000 707000000 53397
ta2B 504000000 505000000 78886
ta5B 289000000 290000000 49982
ta6B 471000000 472000000 66975
ta5D 430000000 431000000 64628
ta5A 87000000 88000000 48759
ta2A 723000000 724000000 53570
ta2D 87000000 88000000 30327
ta6B 448000000 449000000 50307
ta5D 407000000 408000000 85850
ta3B 246000000 247000000 66267
ta2D 205000000 206000000 78664
ta4A 25000000 26000000 73989
ta6D 172000000 173000000 53011
ta4B 686000000 687000000 44727
ta3A 465000000 466000000 61717
ta1B 484000000 485000000 50102
ta1B 203000000 204000000 72242
ta6D 149000000 150000000 76633
ta6A 529000000 530000000 72883
ta2B 643000000 644000000 58085
ta1A 422000000 423000000 71752
ta7A 711000000 712000000 34229
ta7D 589000000 590000000 41540
ta4D 387000000 388000000 56412
ta4D 106000000 107000000 99305
ta7A 294000000 295000000 72044
ta3B 385000000 386000000 7174
ta2D 344000000 345000000 37069
ta6B 472000000 473000000 50059
ta5A 251000000 252000000 56462
ta5A 228000000 229000000 56970
ta3B 5000000 6000000 33048
ta7B 631000000 632000000 45457
ta6A 410000000 411000000 75434
ta4A 26000000 27000000 57228
ta1D 26000000 27000000 46212
ta7B 608000000 609000000 47014
ta4B 406000000 407000000 78856
ta6D 45000000 46000000 49032
ta7D 332000000 333000000 63817
ta5B 171000000 172000000 80983
ta4D 130000000 131000000 59962
ta4A 625000000 626000000 30690
ta1A 423000000 424000000 52595
ta7D 309000000 310000000 67831
ta5B 148000000 149000000 33143
ta4D 107000000 108000000 80553
ta5D 570000000 571000000 31036
ta5A 390000000 391000000 52712
ta4B 78000000 79000000 39643
ta3B 803000000 804000000 37531
ta6B 588000000 589000000 48636
ta5D 547000000 548000000 62929
ta5A 367000000 368000000 49595
ta3B 386000000 387000000 67797
ta3B 105000000 106000000 47433
ta2A 165000000 166000000 84027
ta4B 545000000 546000000 62755
ta3D 504000000 505000000 68524
ta3A 324000000 325000000 104327
ta1B 343000000 344000000 79728
ta6A 411000000 412000000 51963
ta6D 289000000 290000000 24069
ta2D 8000000 9000000 52438
ta7B 609000000 610000000 36710
ta2B 783000000 784000000 54631
ta2B 502000000 503000000 64015
ta1A 562000000 563000000 68855
ta5B 287000000 288000000 73729
ta4D 246000000 247000000 39711
ta1A 539000000 540000000 55024
ta7A 153000000 154000000 80705
ta5A 85000000 86000000 84977
ta2D 85000000 86000000 55235
ta2D 484000000 485000000 53575
ta2D 203000000 204000000 57337
ta6B 331000000 332000000 90876
ta5A 110000000 111000000 67967
ta3B 40000000 41000000 23348
ta6B 308000000 309000000 87873
ta1B 482000000 483000000 43857
ta6A 550000000 551000000 63826
ta3B 17000000 18000000 47329
ta1B 459000000 460000000 66608
ta7B 748000000 749000000 23273
ta6A 527000000 528000000 80160
ta3A 325000000 326000000 86318
ta1D 183000000 184000000 65403
ta7D 472000000 473000000 31115
ta7A 292000000 293000000 64891
ta5B 705000000 706000000 62540
ta2B 503000000 504000000 45012
ta7D 449000000 450000000 55412
ta7A 269000000 270000000 61346
ta5B 288000000 289000000 48264
ta6B 470000000 471000000 56590
ta2A 722000000 723000000 40742
ta2D 86000000 87000000 52392
ta6B 447000000 448000000 88386
ta5D 406000000 407000000 47926
ta3B 245000000 246000000 92288
ta3B 3000000 4000000 6368
ta4A 24000000 25000000 76581
ta1D 24000000 25000000 17154
ta6D 171000000 172000000 65386
ta4B 685000000 686000000 38467
ta4B 404000000 405000000 62478
ta3A 464000000 465000000 45911
ta1B 202000000 203000000 59916
ta6D 148000000 149000000 42854
ta2B 642000000 643000000 54433
ta1A 421000000 422000000 91431
ta7A 710000000 711000000 56070
ta7D 588000000 589000000 64946
ta4D 386000000 387000000 67983
ta4D 105000000 106000000 97080
ta2B 619000000 620000000 23379
ta5D 545000000 546000000 54988
ta3B 384000000 385000000 43849
ta2D 343000000 344000000 59649
ta2A 163000000 164000000 39424
ta5A 250000000 251000000 64679
ta5A 227000000 228000000 73783
ta3B 4000000 5000000 6558
ta1B 341000000 342000000 95867
ta7B 630000000 631000000 66610
ta1B 318000000 319000000 63223
ta1D 25000000 26000000 46334
ta1B 599000000 600000000 61987
ta7B 607000000 608000000 31000
ta4B 405000000 406000000 57537
ta6D 44000000 45000000 70115
ta7D 331000000 332000000 84489
ta5B 170000000 171000000 42480
ta4A 624000000 625000000 60419
ta7D 308000000 309000000 60256
ta5B 147000000 148000000 51995
ta2D 482000000 483000000 34699
ta4B 77000000 78000000 75080
ta3B 802000000 803000000 41155
ta2D 459000000 460000000 56498
ta6B 587000000 588000000 57338
ta5D 546000000 547000000 63320
ta5A 366000000 367000000 72238
ta3B 104000000 105000000 45644
ta2A 164000000 165000000 85453
ta4B 544000000 545000000 47717
ta3D 503000000 504000000 82583
ta3A 323000000 324000000 66601
ta1B 342000000 343000000 43792
ta6D 288000000 289000000 80739
ta2D 7000000 8000000 42398
ta1B 319000000 320000000 57736
ta7D 470000000 471000000 67798
ta2B 782000000 783000000 58111
ta2B 501000000 502000000 44881
ta1A 561000000 562000000 59981
ta7D 447000000 448000000 61976
ta5B 286000000 287000000 41641
ta4D 245000000 246000000 49322
ta2B 759000000 760000000 24450
ta1A 538000000 539000000 41290
ta7A 152000000 153000000 61622
ta5A 84000000 85000000 67102
ta2D 84000000 85000000 48286
ta7A 129000000 130000000 57237
ta3B 243000000 244000000 76575
ta2D 483000000 484000000 70555
ta2D 202000000 203000000 71532
ta6B 330000000 331000000 97737
ta6B 307000000 308000000 80675
ta1B 481000000 482000000 49224
ta3B 16000000 17000000 41286
ta3D 619000000 620000000 71460
ta1B 458000000 459000000 76260
ta7B 747000000 748000000 29091
ta6A 526000000 527000000 67201
ta4D 384000000 385000000 65063
ta4B 0 1000000 43708
ta1D 182000000 183000000 76871
ta7D 471000000 472000000 55965
ta7A 291000000 292000000 46601
ta5B 704000000 705000000 66390
ta1D 159000000 160000000 64171
ta7D 448000000 449000000 66167
ta7A 268000000 269000000 23698
ta2A 721000000 722000000 93021
ta2D 599000000 600000000 37282
ta6B 446000000 447000000 88360
ta5D 405000000 406000000 55252
ta5A 225000000 226000000 48069
ta3B 244000000 245000000 46466
ta3B 2000000 3000000 31431
ta4A 23000000 24000000 65951
ta1D 23000000 24000000 21006
ta6D 170000000 171000000 67064
ta4B 684000000 685000000 25243
ta4B 403000000 404000000 41750
ta3A 463000000 464000000 93869
ta1B 201000000 202000000 76027
ta7B 188000000 189000000 54746
ta6D 147000000 148000000 55225
ta2B 641000000 642000000 52410
ta1A 420000000 421000000 55061
ta1D 298000000 299000000 69828
ta7D 587000000 588000000 63666
ta4D 385000000 386000000 56216
ta4D 104000000 105000000 62065
ta2B 618000000 619000000 83908
ta5D 544000000 545000000 60626
ta3B 383000000 384000000 48898
ta2D 342000000 343000000 70003
ta2A 162000000 163000000 57647
ta2D 319000000 320000000 76838
ta2A 139000000 140000000 73238
ta5A 226000000 227000000 53920
ta3D 501000000 502000000 62577
ta1B 340000000 341000000 56488
ta6D 286000000 287000000 22437
ta3A 579000000 580000000 68020
ta1B 317000000 318000000 73529
ta1B 598000000 599000000 51605
ta7B 606000000 607000000 65478
ta2B 780000000 781000000 31599
ta6D 43000000 44000000 55763
ta7B 189000000 190000000 41199
ta2B 757000000 758000000 41621
ta7D 330000000 331000000 106078
ta7A 150000000 151000000 45130
ta4A 623000000 624000000 46564
ta1D 299000000 300000000 50046
ta7D 307000000 308000000 66654
ta7A 127000000 128000000 51943
ta5B 146000000 147000000 83415
ta2D 481000000 482000000 47926
ta4B 76000000 77000000 46217
ta3B 801000000 802000000 25352
ta2D 458000000 459000000 43043
ta6B 586000000 587000000 69409
ta6B 305000000 306000000 63371
ta5A 365000000 366000000 65966
ta3B 103000000 104000000 58719
ta7B 745000000 746000000 54457
ta4B 543000000 544000000 96480
ta3D 502000000 503000000 66179
ta3A 322000000 323000000 85225
ta6D 287000000 288000000 87518
ta2D 6000000 7000000 20099
ta2B 781000000 782000000 42312
ta2B 500000000 501000000 29058
ta1A 560000000 561000000 65811
ta7D 446000000 447000000 54922
ta5B 285000000 286000000 64875
ta4D 244000000 245000000 80533
ta4A 739000000 740000000 34871
ta2B 758000000 759000000 46021
ta1A 537000000 538000000 32090
ta7A 151000000 152000000 79756
ta5A 83000000 84000000 76069
ta2D 83000000 84000000 74486
ta7A 128000000 129000000 61754
ta5D 403000000 404000000 25965
ta3B 242000000 243000000 87372
ta2D 201000000 202000000 89554
ta3B 219000000 220000000 84069
ta2A 279000000 280000000 55538
ta6B 306000000 307000000 52279
ta4B 682000000 683000000 70884
ta3D 641000000 642000000 55520
ta1B 480000000 481000000 82795
ta3B 15000000 16000000 26108
ta4B 659000000 660000000 25236
ta3D 618000000 619000000 32813
ta1B 457000000 458000000 40998
ta7B 746000000 747000000 33857
ta6A 525000000 526000000 72665
ta4D 383000000 384000000 47911
ta1D 181000000 182000000 94832
ta7A 290000000 291000000 62852
ta5B 703000000 704000000 64862
ta2B 199000000 200000000 66480
ta1D 158000000 159000000 60311
ta7A 267000000 268000000 76785
ta2D 340000000 341000000 53505
ta2A 720000000 721000000 98243
ta2D 598000000 599000000 56136
ta2D 317000000 318000000 62287
ta6B 445000000 446000000 76570
ta5D 404000000 405000000 58700
ta5A 224000000 225000000 34699
ta3B 1000000 2000000 33957
ta4A 22000000 23000000 34715
ta1B 596000000 597000000 54070
ta1D 22000000 23000000 31301
ta4B 683000000 684000000 37071
ta4B 402000000 403000000 70691
ta3A 462000000 463000000 68804
ta1B 200000000 201000000 55614
ta7B 187000000 188000000 69053
ta6D 146000000 147000000 32315
ta3A 439000000 440000000 72507
ta4A 621000000 622000000 64818
ta2B 640000000 641000000 28942
ta1D 297000000 298000000 47039
ta7D 586000000 587000000 93170
ta5B 144000000 145000000 32889
ta4D 103000000 104000000 40401
ta2B 617000000 618000000 66253
ta4B 74000000 75000000 48379
ta6B 584000000 585000000 81651
ta5D 543000000 544000000 54039
ta3B 382000000 383000000 69187
ta2D 341000000 342000000 27375
ta2A 161000000 162000000 72225
ta3B 359000000 360000000 46745
ta2D 318000000 319000000 54189
ta2A 138000000 139000000 45923
ta3D 500000000 501000000 83010
ta6D 285000000 286000000 44364
ta3A 578000000 579000000 102713
ta1B 597000000 598000000 41517
ta1B 316000000 317000000 83138
ta7B 605000000 606000000 78750
ta6D 42000000 43000000 25422
ta4D 242000000 243000000 62926
ta2B 756000000 757000000 71078
ta1A 535000000 536000000 41793
ta6D 19000000 20000000 15395
ta4A 622000000 623000000 52025
ta7D 306000000 307000000 57105
ta7A 126000000 127000000 79408
ta5B 145000000 146000000 30998
ta2D 480000000 481000000 30791
ta4B 75000000 76000000 53598
ta3B 800000000 801000000 52920
ta3B 498000000 499000000 60165
ta2D 457000000 458000000 68294
ta6B 585000000 586000000 77253
ta6B 304000000 305000000 34203
ta5A 364000000 365000000 56240
ta3B 102000000 103000000 59644
ta3B 13000000 14000000 47168
ta7B 744000000 745000000 30056
ta4B 542000000 543000000 57379
ta3A 321000000 322000000 66998
ta3D 199000000 200000000 80371
ta4B 519000000 520000000 78564
ta2D 5000000 6000000 68213
ta5B 701000000 702000000 59116
ta1D 156000000 157000000 83160
ta7D 445000000 446000000 62397
ta5B 284000000 285000000 51004
ta4D 243000000 244000000 54349
ta4A 738000000 739000000 22132
ta1A 536000000 537000000 51520
ta5A 82000000 83000000 70325
ta2D 82000000 83000000 66584
ta5D 402000000 403000000 50163
ta5A 59000000 60000000 48655
ta3B 241000000 242000000 50020
ta2D 200000000 201000000 56463
ta2D 59000000 60000000 64877
ta3B 499000000 500000000 86548
ta3B 218000000 219000000 74701
ta2A 278000000 279000000 57968
ta7D 78000000 79000000 74520
ta4B 681000000 682000000 29418
ta3D 640000000 641000000 17330
ta3A 460000000 461000000 96482
ta3B 14000000 15000000 58732
ta4B 658000000 659000000 72348
ta3D 617000000 618000000 24662
ta1B 456000000 457000000 59117
ta6A 524000000 525000000 82882
ta4D 382000000 383000000 60805
ta2B 615000000 616000000 84681
ta1D 180000000 181000000 64178
ta5B 702000000 703000000 42806
ta4D 359000000 360000000 45457
ta2B 198000000 199000000 39171
ta1D 157000000 158000000 53845
ta7A 266000000 267000000 97437
ta2D 597000000 598000000 52030
ta2D 316000000 317000000 43515
ta6B 444000000 445000000 54183
ta5A 223000000 224000000 62419
ta4A 21000000 22000000 68749
ta1B 595000000 596000000 33709
ta1D 21000000 22000000 40225
ta7D 79000000 80000000 75046
ta4B 401000000 402000000 75062
ta3A 461000000 462000000 69434
ta1A 99000000 100000000 56898
ta6D 40000000 41000000 37775
ta7B 186000000 187000000 73014
ta6D 145000000 146000000 45507
ta3A 438000000 439000000 43122
ta4A 620000000 621000000 28735
ta1D 296000000 297000000 66476
ta7D 585000000 586000000 42095
ta7D 304000000 305000000 60416
ta5B 143000000 144000000 47154
ta4D 102000000 103000000 54600
ta2B 616000000 617000000 75722
ta4B 73000000 74000000 69169
ta7D 9000000 10000000 37935
ta6B 583000000 584000000 58708
ta5D 542000000 543000000 43876
ta3B 381000000 382000000 62619
ta3B 100000000 101000000 67199
ta2A 160000000 161000000 79160
ta5D 519000000 520000000 71539
ta3B 358000000 359000000 34730
ta2A 137000000 138000000 77447
ta4B 540000000 541000000 65405
ta6D 284000000 285000000 26374
ta3A 577000000 578000000 59967
ta2D 3000000 4000000 99515
ta1B 315000000 316000000 88912
ta7B 604000000 605000000 83702
ta6D 41000000 42000000 52259
ta4D 241000000 242000000 65092
ta2B 755000000 756000000 57684
ta1A 534000000 535000000 42164
ta6D 18000000 19000000 42312
ta5A 80000000 81000000 45783
ta4D 499000000 500000000 61672
ta4D 218000000 219000000 46313
ta7D 305000000 306000000 32281
ta7A 125000000 126000000 58153
ta5A 57000000 58000000 61488
ta3B 497000000 498000000 58866
ta2D 456000000 457000000 77282
ta6B 303000000 304000000 43818
ta5A 363000000 364000000 73036
ta3B 101000000 102000000 52779
ta3B 12000000 13000000 45078
ta1B 454000000 455000000 48591
ta7B 743000000 744000000 38331
ta6A 522000000 523000000 73897
ta4B 541000000 542000000 87339
ta3A 320000000 321000000 63850
ta3D 198000000 199000000 88334
ta4B 518000000 519000000 59239
ta2D 4000000 5000000 2927
ta5B 700000000 701000000 21660
ta1D 155000000 156000000 80942
ta7D 444000000 445000000 63173
ta5B 283000000 284000000 36684
ta4A 737000000 738000000 22660
ta5A 81000000 82000000 76350
ta4D 219000000 220000000 53175
ta2D 595000000 596000000 75283
ta2D 81000000 82000000 65763
ta5D 401000000 402000000 46176
ta5A 58000000 59000000 44801
ta3B 240000000 241000000 69935
ta2D 58000000 59000000 52657
ta5A 479000000 480000000 44349
ta3B 217000000 218000000 61883
ta2A 277000000 278000000 45021
ta7D 77000000 78000000 29668
ta4B 680000000 681000000 24790
ta6D 143000000 144000000 62820
ta4B 657000000 658000000 36055
ta3D 616000000 617000000 51075
ta3A 436000000 437000000 70150
ta1B 455000000 456000000 44336
ta6A 523000000 524000000 82273
ta7D 583000000 584000000 68125
ta4D 381000000 382000000 47804
ta2B 614000000 615000000 72312
ta5B 399000000 400000000 57166
ta4D 358000000 359000000 63755
ta2B 197000000 198000000 70543
ta7A 265000000 266000000 45901
ta2D 596000000 597000000 55357
ta2D 315000000 316000000 66184
ta6B 443000000 444000000 80629
ta5A 222000000 223000000 48273
ta4A 20000000 21000000 74922
ta1D 20000000 21000000 27009
ta1B 594000000 595000000 36893
ta7B 602000000 603000000 56228
ta4B 400000000 401000000 43310
ta1A 98000000 99000000 50613
ta7B 185000000 186000000 72853
ta6D 144000000 145000000 55203
ta3A 437000000 438000000 49764
ta6D 16000000 17000000 39892
ta4D 497000000 498000000 39864
ta1D 295000000 296000000 57802
ta7D 584000000 585000000 39699
ta7D 303000000 304000000 38544
ta5B 142000000 143000000 58978
ta4D 101000000 102000000 57704
ta4B 72000000 73000000 69333
ta5B 119000000 120000000 62574
ta4A 179000000 180000000 58858
ta7D 8000000 9000000 31637
ta6B 582000000 583000000 55308
ta5D 541000000 542000000 74603
ta5A 361000000 362000000 55643
ta4B 49000000 50000000 66852
ta3B 380000000 381000000 48924
ta6B 559000000 560000000 48007
ta5D 518000000 519000000 66760
ta5A 338000000 339000000 54977
ta3B 357000000 358000000 52069
ta2A 136000000 137000000 69469
ta6D 283000000 284000000 62923
ta4B 516000000 517000000 91603
ta3A 576000000 577000000 77836
ta2D 2000000 3000000 51834
ta1B 314000000 315000000 71024
ta7B 603000000 604000000 43043
ta5B 281000000 282000000 61286
ta4D 240000000 241000000 48245
ta2B 754000000 755000000 35504
ta1A 533000000 534000000 36039
ta6D 17000000 18000000 30131
ta4D 498000000 499000000 62829
ta4D 217000000 218000000 63830
ta7A 124000000 125000000 28468
ta5A 56000000 57000000 79021
ta2D 56000000 57000000 28362
ta3B 496000000 497000000 43172
ta2D 455000000 456000000 51345
ta2A 275000000 276000000 52952
ta6B 302000000 303000000 33776
ta5A 362000000 363000000 59178
ta3B 11000000 12000000 22464
ta5A 339000000 340000000 62457
ta3D 614000000 615000000 28812
ta1B 453000000 454000000 34871
ta7B 742000000 743000000 31351
ta6A 521000000 522000000 78985
ta6D 399000000 400000000 40070
ta3D 197000000 198000000 50859
ta7B 719000000 720000000 24890
ta4B 517000000 518000000 31373
ta2B 195000000 196000000 58662
ta1D 154000000 155000000 39463
ta7D 443000000 444000000 65887
ta7A 263000000 264000000 61295
ta5B 282000000 283000000 91748
ta4A 736000000 737000000 23921
ta5B 259000000 260000000 56476
ta2D 594000000 595000000 49491
ta2D 80000000 81000000 57483
ta6B 441000000 442000000 32851
ta5D 400000000 401000000 61954
ta2D 57000000 58000000 22488
ta6B 699000000 700000000 38101
ta6B 418000000 419000000 40108
ta5A 478000000 479000000 61924
ta3B 216000000 217000000 63758
ta2A 276000000 277000000 33770
ta7D 76000000 77000000 33777
ta1A 96000000 97000000 44449
ta6D 142000000 143000000 63151
ta4B 656000000 657000000 51774
ta3D 615000000 616000000 56215
ta3A 435000000 436000000 44012
ta6D 119000000 120000000 76816
ta7D 582000000 583000000 34657
ta4D 380000000 381000000 72192
ta2B 613000000 614000000 53318
ta7D 559000000 560000000 53489
ta5B 398000000 399000000 75764
ta4D 357000000 358000000 43544
ta4A 177000000 178000000 39356
ta2B 196000000 197000000 55695
ta7D 6000000 7000000 21983
ta7A 264000000 265000000 83120
ta5D 516000000 517000000 47478
ta3B 355000000 356000000 59376
ta2D 314000000 315000000 100729
ta6B 442000000 443000000 94623
ta5A 221000000 222000000 100986
ta6B 419000000 420000000 51138
ta1B 593000000 594000000 45435
ta7B 601000000 602000000 69076
ta1A 97000000 98000000 52703
ta7B 184000000 185000000 54812
ta6D 15000000 16000000 53857
ta4D 496000000 497000000 51528
ta1D 294000000 295000000 59186
ta7D 302000000 303000000 39322
ta5B 141000000 142000000 98992
ta4D 100000000 101000000 64320
ta4B 71000000 72000000 41121
ta5B 118000000 119000000 61581
ta4A 178000000 179000000 67415
ta2D 453000000 454000000 43629
ta7D 7000000 8000000 37098
ta6B 581000000 582000000 68674
ta5D 540000000 541000000 17852
ta5A 360000000 361000000 68111
ta4B 48000000 49000000 33893
ta6B 558000000 559000000 57661
ta5D 517000000 518000000 46719
ta5A 337000000 338000000 110623
ta3B 356000000 357000000 55556
ta2A 135000000 136000000 56774
ta6D 282000000 283000000 44453
ta4B 515000000 516000000 62035
ta3A 575000000 576000000 66958
ta2D 1000000 2000000 31347
ta1B 313000000 314000000 73137
ta6D 259000000 260000000 87415
ta7D 441000000 442000000 75609
ta5B 280000000 281000000 53075
ta2B 753000000 754000000 37267
ta1A 532000000 533000000 45123
ta5B 257000000 258000000 98073
ta4D 216000000 217000000 101007
ta1A 509000000 510000000 50087
ta7A 123000000 124000000 66220
ta5A 55000000 56000000 40806
ta2D 55000000 56000000 41594
ta6B 697000000 698000000 21900
ta3B 495000000 496000000 72462
ta2D 454000000 455000000 57716
ta2A 274000000 275000000 30395
ta6B 301000000 302000000 99046
ta3B 10000000 11000000 22621
ta3D 613000000 614000000 35740
ta1B 452000000 453000000 52360
ta7B 741000000 742000000 13857
ta6A 520000000 521000000 91918
ta6D 398000000 399000000 50276
ta3D 196000000 197000000 57313
ta1B 429000000 430000000 57637
ta7B 718000000 719000000 17493
ta4D 355000000 356000000 43967
ta2B 194000000 195000000 80727
ta1D 153000000 154000000 94852
ta7D 442000000 443000000 61977
ta7A 262000000 263000000 63995
ta4A 735000000 736000000 30524
ta7D 419000000 420000000 57053
ta7A 239000000 240000000 62301
ta5B 258000000 259000000 62953
ta2D 593000000 594000000 85267
ta6B 440000000 441000000 48446
ta6B 698000000 699000000 36364
ta6B 417000000 418000000 92034
ta5A 477000000 478000000 45793
ta3B 215000000 216000000 73835
ta7D 75000000 76000000 27175
ta1A 95000000 96000000 57224
ta7B 182000000 183000000 65578
ta6D 141000000 142000000 47747
ta4B 655000000 656000000 51475
ta3A 434000000 435000000 59053
ta7B 159000000 160000000 84129
ta6D 118000000 119000000 54344
ta1D 292000000 293000000 73294
ta7D 581000000 582000000 76337
ta2B 612000000 613000000 41693
ta1D 269000000 270000000 38871
ta7D 558000000 559000000 58033
ta5B 397000000 398000000 70473
ta4D 356000000 357000000 54949
ta4A 176000000 177000000 50160
ta7D 5000000 6000000 38827
ta5D 515000000 516000000 74163
ta3B 354000000 355000000 54129
ta2D 313000000 314000000 58394
ta2A 133000000 134000000 86851
ta5A 220000000 221000000 70275
ta6D 280000000 281000000 56520
ta3A 573000000 574000000 48557
ta1B 592000000 593000000 26147
ta1B 311000000 312000000 52797
ta7B 600000000 601000000 63991
ta1B 569000000 570000000 49351
ta7B 183000000 184000000 80696
ta2B 751000000 752000000 31326
ta6D 14000000 15000000 49807
ta4D 495000000 496000000 73903
ta2B 728000000 729000000 38385
ta1D 293000000 294000000 57341
ta7D 301000000 302000000 43189
ta7A 121000000 122000000 18573
ta5B 140000000 141000000 40705
ta4B 70000000 71000000 71020
ta7A 379000000 380000000 42050
ta5B 117000000 118000000 53672
ta2D 452000000 453000000 71274
ta6B 580000000 581000000 50446
ta4B 47000000 48000000 46186
ta2D 429000000 430000000 52947
ta6B 557000000 558000000 38708
ta5A 336000000 337000000 71013
ta2A 134000000 135000000 34155
ta3D 194000000 195000000 42869
ta6D 281000000 282000000 53874
ta4B 514000000 515000000 47309
ta3A 574000000 575000000 43723
ta1B 312000000 313000000 55982
ta7B 299000000 300000000 35784
ta6D 258000000 259000000 81897
ta7D 440000000 441000000 25571
ta4A 733000000 734000000 21968
ta2B 752000000 753000000 74397
ta1A 531000000 532000000 54176
ta7D 417000000 418000000 37141
ta5B 256000000 257000000 48955
ta4D 215000000 216000000 106774
ta2B 729000000 730000000 60862
ta1A 508000000 509000000 59108
ta7A 122000000 123000000 44634
ta5A 54000000 55000000 43623
ta2D 54000000 55000000 80267
ta6B 696000000 697000000 43373
ta3B 494000000 495000000 30292
ta3B 213000000 214000000 59419
ta2A 273000000 274000000 52822
ta6B 300000000 301000000 76007
ta4B 653000000 654000000 44832
ta3D 612000000 613000000 31962
ta1B 451000000 452000000 41811
ta7B 740000000 741000000 28016
ta6D 397000000 398000000 40559
ta3D 195000000 196000000 45040
ta1B 428000000 429000000 31587
ta7B 717000000 718000000 46809
ta4D 354000000 355000000 39330
ta1D 152000000 153000000 21115
ta2B 193000000 194000000 69883
ta7A 261000000 262000000 75873
ta4A 734000000 735000000 33902
ta1D 129000000 130000000 42282
ta7D 418000000 419000000 52596
ta7A 238000000 239000000 82130
ta2D 592000000 593000000 40032
ta2D 311000000 312000000 41858
ta2D 569000000 570000000 64859
ta6B 416000000 417000000 45828
ta5A 476000000 477000000 78537
ta3B 214000000 215000000 56398
ta1B 590000000 591000000 45817
ta7D 74000000 75000000 65448
ta1A 94000000 95000000 80409
ta1B 567000000 568000000 50506
ta7B 181000000 182000000 71738
ta6D 140000000 141000000 53915
ta4B 654000000 655000000 78052
ta3A 433000000 434000000 45130
ta7B 158000000 159000000 47290
ta6D 117000000 118000000 51843
ta1D 291000000 292000000 49012
ta7D 580000000 581000000 25348
ta2B 611000000 612000000 79894
ta1D 268000000 269000000 39146
ta7D 557000000 558000000 47495
ta5B 396000000 397000000 55984
ta5B 115000000 116000000 58721
ta4A 175000000 176000000 77404
ta7D 4000000 5000000 35268
ta4B 45000000 46000000 97357
ta5D 514000000 515000000 64051
ta3B 353000000 354000000 69551
ta2D 312000000 313000000 45017
ta2A 132000000 133000000 77179
ta2A 109000000 110000000 51300
ta3A 572000000 573000000 59393
ta1B 591000000 592000000 44309
ta1B 310000000 311000000 41706
ta6D 256000000 257000000 44622
ta3A 549000000 550000000 66632
ta1B 568000000 569000000 37257
ta2B 750000000 751000000 47165
ta6D 13000000 14000000 60359
ta4D 494000000 495000000 26262
ta2B 727000000 728000000 77772
ta7D 300000000 301000000 66196
ta7A 120000000 121000000 49894
ta7A 378000000 379000000 63506
ta5B 116000000 117000000 64380
ta3B 492000000 493000000 59604
ta2D 451000000 452000000 42588
ta4B 46000000 47000000 42177
ta2D 428000000 429000000 35457
ta6B 556000000 557000000 46570
ta5A 335000000 336000000 81248
ta3D 193000000 194000000 71070
ta7B 715000000 716000000 57068
ta4B 513000000 514000000 33954
ta7B 298000000 299000000 55071
ta6D 257000000 258000000 81920
ta1D 150000000 151000000 72894
ta4A 732000000 733000000 35587
ta1A 530000000 531000000 79863
ta7D 416000000 417000000 60155
ta5B 255000000 256000000 46776
ta4D 214000000 215000000 80100
ta4A 709000000 710000000 37669
ta1A 507000000 508000000 64236
ta5A 53000000 54000000 59684
ta2D 53000000 54000000 68436
ta6B 695000000 696000000 43868
ta5A 474000000 475000000 74673
ta3B 493000000 494000000 60341
ta3B 212000000 213000000 59511
ta2A 272000000 273000000 38656
ta7D 72000000 73000000 38164
ta2A 249000000 250000000 31398
ta4B 652000000 653000000 71604
ta3D 611000000 612000000 66255
ta1B 450000000 451000000 39273
ta6D 396000000 397000000 41061
ta4B 629000000 630000000 33742
ta3A 689000000 690000000 72241
ta1B 427000000 428000000 18918
ta7B 716000000 717000000 40433
ta4D 353000000 354000000 44690
ta1D 151000000 152000000 75145
ta2B 192000000 193000000 76848
ta7A 260000000 261000000 39432
ta2B 169000000 170000000 51715
ta1D 128000000 129000000 77444
ta7A 237000000 238000000 48102
ta2D 591000000 592000000 59465
ta2D 310000000 311000000 46978
ta2D 568000000 569000000 47201
ta2A 388000000 389000000 72917
ta6B 415000000 416000000 75755
ta5A 475000000 476000000 66496
ta7D 73000000 74000000 35954
ta1A 93000000 94000000 79974
ta1B 566000000 567000000 37808
ta7B 180000000 181000000 51574
ta3A 432000000 433000000 45023
ta7B 157000000 158000000 51364
ta6D 116000000 117000000 71503
ta6A 89000000 90000000 50728
ta3A 409000000 410000000 63641
ta1D 290000000 291000000 45439
ta2B 610000000 611000000 41930
ta1D 267000000 268000000 46955
ta7D 556000000 557000000 64862
ta7A 376000000 377000000 54226
ta5B 395000000 396000000 59773
ta5B 114000000 115000000 86416
ta4A 174000000 175000000 67954
ta7D 3000000 4000000 38605
ta4B 44000000 45000000 34246
ta6B 554000000 555000000 59543
ta5D 513000000 514000000 71559
ta3B 352000000 353000000 84634
ta2A 131000000 132000000 55439
ta3B 329000000 330000000 46417
ta2A 389000000 390000000 60728
ta2A 108000000 109000000 77630
ta3A 571000000 572000000 65602
ta6D 255000000 256000000 64437
ta3A 548000000 549000000 40476
ta6D 12000000 13000000 30221
ta4D 493000000 494000000 32111
ta4D 212000000 213000000 48822
ta2B 726000000 727000000 34233
ta1A 505000000 506000000 86767
ta5A 51000000 52000000 56086
ta7A 377000000 378000000 71396
ta3B 491000000 492000000 68559
ta2D 450000000 451000000 46441
ta3B 468000000 469000000 49764
ta2D 427000000 428000000 69322
ta6B 555000000 556000000 30058
ta5A 334000000 335000000 62298
ta3D 192000000 193000000 57953
ta7B 714000000 715000000 46021
ta4B 512000000 513000000 105199
ta3D 169000000 170000000 47125
ta7B 297000000 298000000 78352
ta4A 731000000 732000000 16917
ta1D 126000000 127000000 64667
ta7D 415000000 416000000 55286
ta5B 254000000 255000000 75116
ta4D 213000000 214000000 67997
ta4A 708000000 709000000 49005
ta1A 506000000 507000000 60442
ta5A 52000000 53000000 82699
ta2D 566000000 567000000 47858
ta2D 52000000 53000000 44912
ta6B 694000000 695000000 57761
ta5A 473000000 474000000 58379
ta5A 29000000 30000000 56168
ta3B 211000000 212000000 47586
ta2A 271000000 272000000 65614
ta7D 71000000 72000000 61359
ta2D 29000000 30000000 60872
ta3B 469000000 470000000 54952
ta2A 248000000 249000000 67386
ta7D 48000000 49000000 23966
ta4B 651000000 652000000 92491
ta3D 610000000 611000000 51531
ta3A 430000000 431000000 72569
ta6D 395000000 396000000 46577
ta6D 114000000 115000000 56219
ta4B 628000000 629000000 62231
ta3A 688000000 689000000 47586
ta3A 407000000 408000000 41436
ta1B 426000000 427000000 40498
ta5B 393000000 394000000 68620
ta4D 352000000 353000000 44253
ta2B 191000000 192000000 44453
ta4D 329000000 330000000 58353
ta2B 168000000 169000000 78718
ta1D 127000000 128000000 85832
ta7A 236000000 237000000 57835
ta2D 590000000 591000000 67796
ta2D 567000000 568000000 52342
ta2A 387000000 388000000 62676
ta6B 414000000 415000000 39976
ta1A 92000000 93000000 76889
ta1B 565000000 566000000 81300
ta7D 49000000 50000000 46183
ta3A 431000000 432000000 74206
ta1A 69000000 70000000 48886
ta6D 10000000 11000000 59932
ta7B 156000000 157000000 34443
ta6D 115000000 116000000 73919
ta6A 88000000 89000000 63849
ta4D 491000000 492000000 65142
ta3A 408000000 409000000 89476
ta3D 88000000 89000000 63781
ta1D 266000000 267000000 46981
ta7D 555000000 556000000 41317
ta7A 375000000 376000000 55650
ta5B 394000000 395000000 69648
ta5B 113000000 114000000 58562
ta4A 173000000 174000000 49313
ta7D 2000000 3000000 45222
ta4B 43000000 44000000 74386
ta6B 553000000 554000000 31056
ta5D 512000000 513000000 48950
ta5A 332000000 333000000 53040
ta3B 351000000 352000000 71430
ta2A 130000000 131000000 36555
ta5A 309000000 310000000 66116
ta3B 328000000 329000000 52831
ta2A 107000000 108000000 64506
ta4B 510000000 511000000 63650
ta3A 570000000 571000000 33936
ta7B 295000000 296000000 66765
ta6D 254000000 255000000 36998
ta3A 547000000 548000000 73962
ta6D 11000000 12000000 46468
ta4D 492000000 493000000 43747
ta4D 211000000 212000000 46108
ta2B 725000000 726000000 45547
ta1A 504000000 505000000 66095
ta5A 50000000 51000000 59335
ta3D 89000000 90000000 62078
ta4D 469000000 470000000 66280
ta4A 289000000 290000000 122086
ta2D 50000000 51000000 43990
ta5A 27000000 28000000 44605
ta3B 490000000 491000000 65938
ta2D 27000000 28000000 66110
ta3B 467000000 468000000 68194
ta2D 426000000 427000000 52398
ta2A 246000000 247000000 73232
ta5A 333000000 334000000 50115
ta3D 191000000 192000000 46289
ta1B 424000000 425000000 76068
ta7B 713000000 714000000 45224
ta4B 511000000 512000000 60139
ta3D 168000000 169000000 69782
ta7B 296000000 297000000 48925
ta4A 730000000 731000000 13848
ta1D 125000000 126000000 78792
ta7D 414000000 415000000 45085
ta7A 234000000 235000000 48248
ta5B 253000000 254000000 54146
ta4A 707000000 708000000 42905
ta2D 565000000 566000000 49121
ta2D 51000000 52000000 37074
ta6B 693000000 694000000 41030
ta6B 412000000 413000000 56321
ta5A 472000000 473000000 59616
ta5A 28000000 29000000 40131
ta3B 210000000 211000000 54259
ta2A 270000000 271000000 74526
ta7D 70000000 71000000 38194
ta2D 28000000 29000000 28480
ta1A 90000000 91000000 48294
ta5A 449000000 450000000 65008
ta2A 247000000 248000000 50108
ta7D 47000000 48000000 25651
ta4B 650000000 651000000 49631
ta1A 67000000 68000000 57216
ta6D 394000000 395000000 47280
ta6D 113000000 114000000 53686
ta4B 627000000 628000000 34967
ta3A 687000000 688000000 24098
ta3A 406000000 407000000 63548
ta1B 425000000 426000000 60518
ta7D 553000000 554000000 32406
ta5B 392000000 393000000 47256
ta4D 351000000 352000000 74328
ta4A 171000000 172000000 51388
ta2B 190000000 191000000 60028
ta5B 369000000 370000000 51215
ta4D 328000000 329000000 41341
ta4A 148000000 149000000 42680
ta2B 167000000 168000000 82758
ta7A 235000000 236000000 76437
ta3B 326000000 327000000 18707
ta2A 386000000 387000000 92893
ta6B 413000000 414000000 112616
ta1A 91000000 92000000 76590
ta1B 564000000 565000000 29921
ta1A 68000000 69000000 55976
ta7B 155000000 156000000 72221
ta6A 609000000 610000000 32344
ta6A 87000000 88000000 49057
ta4D 490000000 491000000 55317
ta3D 87000000 88000000 40771
ta4D 467000000 468000000 68299
ta1D 265000000 266000000 55130
ta7D 554000000 555000000 34382
ta7A 374000000 375000000 83912
ta5B 112000000 113000000 42386
ta4A 172000000 173000000 39130
ta7D 1000000 2000000 56868
ta4B 42000000 43000000 42075
ta4A 149000000 150000000 83919
ta6B 552000000 553000000 66303
ta5D 511000000 512000000 58410
ta5A 331000000 332000000 52859
ta4B 19000000 20000000 38808
ta3B 350000000 351000000 76211
ta6B 529000000 530000000 57750
ta5A 589000000 590000000 44459
ta5A 308000000 309000000 59932
ta3B 327000000 328000000 31143
ta2A 106000000 107000000 54123
ta7B 294000000 295000000 75143
ta6D 253000000 254000000 48265
ta3A 546000000 547000000 82388
ta5B 251000000 252000000 28954
ta4D 210000000 211000000 50814
ta2B 724000000 725000000 38922
ta1A 503000000 504000000 52739
ta5B 228000000 229000000 102751
ta4D 468000000 469000000 56975
ta4A 288000000 289000000 86400
ta5A 26000000 27000000 71764
ta2D 26000000 27000000 33622
ta3B 466000000 467000000 51085
ta2D 425000000 426000000 98257
ta2A 245000000 246000000 59905
ta6D 392000000 393000000 39620
ta3D 190000000 191000000 44826
ta3A 685000000 686000000 71328
ta1B 423000000 424000000 69318
ta7B 712000000 713000000 52175
ta6D 369000000 370000000 26916
ta3D 167000000 168000000 55009
ta2B 165000000 166000000 86001
ta1D 124000000 125000000 62988
ta7D 413000000 414000000 68827
ta7A 233000000 234000000 77241
ta5B 252000000 253000000 60307
ta4A 706000000 707000000 31005
ta5B 229000000 230000000 166871
ta2D 564000000 565000000 59192
ta6B 692000000 693000000 61761
ta6B 411000000 412000000 35481
ta5A 471000000 472000000 37309
ta6B 669000000 670000000 52468
ta5A 448000000 449000000 78049
ta3D 0 1000000 44303
ta7D 46000000 47000000 27029
ta1A 66000000 67000000 51597
ta7B 153000000 154000000 29829
ta6D 393000000 394000000 46013
ta6D 112000000 113000000 58332
ta4B 626000000 627000000 36911
ta3A 686000000 687000000 57714
ta3A 405000000 406000000 60563
ta7D 552000000 553000000 48807
ta5B 391000000 392000000 57450
ta5B 79000000 80000000 55297
ta4D 350000000 351000000 51301
ta4A 170000000 171000000 93867
ta7D 529000000 530000000 63012
ta5B 368000000 369000000 64316
ta4D 327000000 328000000 62593
ta4A 147000000 148000000 55186
ta2B 166000000 167000000 46002
ta5A 587000000 588000000 66779
ta3B 325000000 326000000 17367
ta2A 385000000 386000000 41152
ta2A 104000000 105000000 60761
ta1B 563000000 564000000 50983
ta7B 154000000 155000000 39896
ta6A 608000000 609000000 57947
ta6A 86000000 87000000 78088
ta3D 86000000 87000000 100641
ta4D 466000000 467000000 53368
ta1D 264000000 265000000 54456
ta7A 373000000 374000000 89881
ta5B 111000000 112000000 31352
ta4B 41000000 42000000 64539
ta2D 423000000 424000000 79557
ta6B 551000000 552000000 74259
ta5D 510000000 511000000 59289
ta5A 330000000 331000000 50095
ta4B 18000000 19000000 10940
ta6B 528000000 529000000 47969
ta5A 588000000 589000000 73439
ta5A 307000000 308000000 66489
ta2A 105000000 106000000 76545
ta1B 679000000 680000000 33110
ta7B 293000000 294000000 79468
ta6D 252000000 253000000 46107
ta3A 545000000 546000000 55163
ta6D 229000000 230000000 56167
ta7D 411000000 412000000 65283
ta5B 250000000 251000000 60314
ta4A 704000000 705000000 25137
ta2B 723000000 724000000 42055
ta1A 502000000 503000000 51054
ta7A 489000000 490000000 78732
ta5B 227000000 228000000 141713
ta4A 287000000 288000000 76318
ta6B 690000000 691000000 67909
ta5A 25000000 26000000 102796
ta2D 25000000 26000000 33748
ta6B 667000000 668000000 60162
ta3B 465000000 466000000 57231
ta2D 424000000 425000000 37384
ta2A 244000000 245000000 22560
ta6D 391000000 392000000 32126
ta3A 684000000 685000000 67489
ta1B 422000000 423000000 55069
ta7B 711000000 712000000 34294
ta6D 368000000 369000000 45329
ta3D 166000000 167000000 30894
ta5B 77000000 78000000 54203
ta4D 325000000 326000000 56994
ta2B 164000000 165000000 66909
ta1D 123000000 124000000 62381
ta7D 412000000 413000000 83521
ta7A 232000000 233000000 74919
ta4A 705000000 706000000 50402
ta7A 209000000 210000000 65796
ta2D 563000000 564000000 64787
ta6B 691000000 692000000 37273
ta6B 410000000 411000000 70407
ta5A 470000000 471000000 45609
ta6B 668000000 669000000 60823
ta5A 447000000 448000000 70692
ta7D 45000000 46000000 41166
ta1A 65000000 66000000 96394
ta7B 152000000 153000000 55976
ta6D 111000000 112000000 37104
ta6A 606000000 607000000 40074
ta4B 625000000 626000000 54758
ta3A 404000000 405000000 76466
ta7B 129000000 130000000 48142
ta6A 189000000 190000000 41208
ta1D 262000000 263000000 66899
ta7D 551000000 552000000 78424
ta5B 390000000 391000000 46373
ta5B 78000000 79000000 73229
ta1D 239000000 240000000 73390
ta7D 528000000 529000000 66585
ta5B 367000000 368000000 79616
ta4D 326000000 327000000 49737
ta4A 146000000 147000000 64425
ta5A 586000000 587000000 66434
ta3B 324000000 325000000 50182
ta2A 384000000 385000000 83468
ta2A 103000000 104000000 67262
ta6D 250000000 251000000 49403
ta3A 543000000 544000000 49132
ta1B 562000000 563000000 18143
ta6D 227000000 228000000 61914
ta1B 539000000 540000000 44520
ta6A 607000000 608000000 35459
ta6A 85000000 86000000 39512
ta2B 721000000 722000000 75868
ta3D 85000000 86000000 57031
ta5A 9000000 10000000 49645
ta4D 465000000 466000000 73026
ta1D 263000000 264000000 49653
ta7A 372000000 373000000 138641
ta5B 110000000 111000000 19684
ta4B 40000000 41000000 62063
ta7A 349000000 350000000 41983
ta2D 422000000 423000000 44276
ta6B 550000000 551000000 59413
ta4B 17000000 18000000 33786
ta6B 527000000 528000000 25190
ta5A 306000000 307000000 84387
ta3D 164000000 165000000 45765
ta1B 678000000 679000000 32223
ta7B 292000000 293000000 51876
ta6D 251000000 252000000 54453
ta3A 544000000 545000000 60139
ta7B 269000000 270000000 50347
ta6D 228000000 229000000 49005
ta7D 410000000 411000000 68369
ta4A 703000000 704000000 16093
ta2B 722000000 723000000 73023
ta1A 501000000 502000000 53073
ta1D 379000000 380000000 69794
ta7A 488000000 489000000 70988
ta5B 226000000 227000000 103408
ta4A 286000000 287000000 76385
ta5A 24000000 25000000 43334
ta2D 24000000 25000000 36647
ta6B 666000000 667000000 35932
ta5A 445000000 446000000 72055
ta3B 464000000 465000000 43787
ta2A 243000000 244000000 54521
ta6D 390000000 391000000 39232
ta4B 623000000 624000000 46141
ta3A 683000000 684000000 45273
ta1B 421000000 422000000 29230
ta7B 710000000 711000000 70919
ta6D 367000000 368000000 61368
ta3D 165000000 166000000 73318
ta5B 76000000 77000000 67558
ta4D 324000000 325000000 89355
ta2B 163000000 164000000 63860
ta1D 122000000 123000000 92429
ta7A 231000000 232000000 67234
ta7A 208000000 209000000 28008
ta2D 562000000 563000000 61176
ta2A 382000000 383000000 68828
ta2D 539000000 540000000 66157
ta2A 359000000 360000000 23632
ta5A 446000000 447000000 63381
ta1B 560000000 561000000 50585
ta7D 44000000 45000000 36951
ta1A 64000000 65000000 42559
ta1B 537000000 538000000 57971
ta7B 151000000 152000000 59989
ta6D 110000000 111000000 40716
ta6A 605000000 606000000 73454
ta6A 83000000 84000000 68004
ta4B 624000000 625000000 70909
ta3A 403000000 404000000 118035
ta7B 128000000 129000000 52626
ta6A 188000000 189000000 65158
ta1D 261000000 262000000 51313
ta7D 550000000 551000000 74697
ta7A 370000000 371000000 134541
ta1D 238000000 239000000 69279
ta7D 527000000 528000000 26074
ta5B 366000000 367000000 46296
ta4A 145000000 146000000 46675
ta4B 15000000 16000000 51881
ta6B 525000000 526000000 62041
ta5A 585000000 586000000 64369
ta3B 323000000 324000000 29157
ta2A 383000000 384000000 70055
ta2A 102000000 103000000 40688
ta3A 542000000 543000000 46874
ta1B 561000000 562000000 56714
ta6D 226000000 227000000 42094
ta3A 519000000 520000000 39568
ta1B 538000000 539000000 55045
ta6A 84000000 85000000 65476
ta2B 720000000 721000000 51798
ta3D 84000000 85000000 58924
ta5A 8000000 9000000 63713
ta4D 464000000 465000000 68440
ta4A 284000000 285000000 41836
ta7A 371000000 372000000 144807
ta7A 348000000 349000000 54418
ta3B 462000000 463000000 49221
ta2D 421000000 422000000 52539
ta4B 16000000 17000000 18907
ta3B 439000000 440000000 40711
ta2A 499000000 500000000 70374
ta6B 526000000 527000000 46754
ta5A 305000000 306000000 67631
ta3D 163000000 164000000 75559
ta1B 677000000 678000000 44918
ta7B 291000000 292000000 30814
ta7B 268000000 269000000 53892
ta1D 120000000 121000000 51275
ta4A 702000000 703000000 14338
ta1A 500000000 501000000 70426
ta1D 378000000 379000000 64807
ta1A 198000000 199000000 58624
ta7A 487000000 488000000 84399
ta5B 225000000 226000000 46951
ta4A 285000000 286000000 51372
ta2D 560000000 561000000 64582
ta5A 23000000 24000000 50393
ta2D 23000000 24000000 35016
ta6B 665000000 666000000 49183
ta5A 444000000 445000000 101775
ta3B 463000000 464000000 34542
ta2A 242000000 243000000 66965
ta7D 42000000 43000000 18803
ta2A 219000000 220000000 72257
ta7D 19000000 20000000 35502
ta4B 622000000 623000000 39629
ta3A 682000000 683000000 63604
ta3A 401000000 402000000 41482
ta1B 420000000 421000000 68373
ta6D 366000000 367000000 55690
ta6A 186000000 187000000 42759
ta3A 659000000 660000000 81968
ta5B 75000000 76000000 59974
ta5B 364000000 365000000 84307
ta4D 323000000 324000000 41112
ta1D 121000000 122000000 67401
ta2B 162000000 163000000 54069
ta7A 230000000 231000000 83078
ta1A 199000000 200000000 80163
ta2B 139000000 140000000 46659
ta7A 207000000 208000000 74489
ta2D 561000000 562000000 35967
ta2A 381000000 382000000 65638
ta3B 579000000 580000000 66235
ta2D 538000000 539000000 46925
ta2A 358000000 359000000 73036
ta7D 43000000 44000000 35418
ta1A 63000000 64000000 55410
ta1B 536000000 537000000 73720
ta7B 150000000 151000000 36476
ta6A 604000000 605000000 55311
ta6A 82000000 83000000 78516
ta3A 402000000 403000000 54847
ta3D 82000000 83000000 42166
ta7B 127000000 128000000 48451
ta6A 187000000 188000000 98460
ta6A 59000000 60000000 68430
ta5A 6000000 7000000 58309
ta1D 260000000 261000000 61366
ta2B 278000000 279000000 47424
ta1D 237000000 238000000 42309
ta7D 526000000 527000000 72626
ta7A 346000000 347000000 37634
ta5B 365000000 366000000 60261
ta4A 144000000 145000000 59169
ta4B 14000000 15000000 32706
ta6B 524000000 525000000 41378
ta5A 584000000 585000000 52275
ta5A 303000000 304000000 68816
ta3B 322000000 323000000 65281
ta2A 101000000 102000000 59081
ta3A 541000000 542000000 95026
ta7B 266000000 267000000 77115
ta6D 225000000 226000000 73602
ta3A 518000000 519000000 74704
ta3D 83000000 84000000 44170
ta5A 7000000 8000000 61571
ta4D 463000000 464000000 58702
ta4A 283000000 284000000 47638
ta5A 21000000 22000000 51004
ta2A 0 1000000 50357
ta2B 279000000 280000000 56209
ta7A 347000000 348000000 54243
ta3B 461000000 462000000 46575
ta2D 420000000 421000000 73504
ta2A 99000000 100000000 70814
ta2A 240000000 241000000 65969
ta3B 438000000 439000000 43136
ta2A 498000000 499000000 77402
ta2A 217000000 218000000 81335
ta5A 304000000 305000000 60750
ta3D 162000000 163000000 72962
ta1B 676000000 677000000 45740
ta7B 290000000 291000000 42221
ta3D 139000000 140000000 56562
ta7B 267000000 268000000 53966
ta4A 701000000 702000000 56580
ta1D 377000000 378000000 50497
ta1A 197000000 198000000 80789
ta7A 486000000 487000000 58422
ta5B 224000000 225000000 63963
ta5A 22000000 23000000 49291
ta2D 536000000 537000000 66928
ta2D 22000000 23000000 43434
ta6B 664000000 665000000 45776
ta5A 443000000 444000000 43356
ta2A 241000000 242000000 48034
ta7D 41000000 42000000 13283
ta1A 61000000 62000000 51355
ta2A 218000000 219000000 71535
ta7D 18000000 19000000 41334
ta4B 621000000 622000000 60039
ta3A 681000000 682000000 72512
ta3A 400000000 401000000 50193
ta1A 38000000 39000000 88754
ta6D 365000000 366000000 65741
ta6A 185000000 186000000 74094
ta3A 658000000 659000000 68291
ta5B 74000000 75000000 73747
ta7D 524000000 525000000 46649
ta5B 363000000 364000000 74388
ta4D 322000000 323000000 49663
ta4A 142000000 143000000 53930
ta2B 161000000 162000000 75702
ta2B 138000000 139000000 49806
ta7A 206000000 207000000 72829
ta3B 320000000 321000000 67838
ta2A 380000000 381000000 61144
ta3B 578000000 579000000 64142
ta2D 537000000 538000000 53314
ta2A 357000000 358000000 104279
ta1A 62000000 63000000 44322
ta1B 535000000 536000000 54852
ta6A 603000000 604000000 79943
ta6A 81000000 82000000 55339
ta1A 39000000 40000000 32622
ta3D 279000000 280000000 54930
ta3D 81000000 82000000 55310
ta7B 126000000 127000000 49730
ta6A 58000000 59000000 61346
ta5A 5000000 6000000 38661
ta4D 461000000 462000000 65139
ta3D 58000000 59000000 59639
ta4D 438000000 439000000 69660
ta2B 277000000 278000000 75470
ta1D 236000000 237000000 33921
ta7D 525000000 526000000 65046
ta7A 345000000 346000000 69664
ta4A 143000000 144000000 75728
ta4B 13000000 14000000 38042
ta6B 523000000 524000000 35953
ta5A 583000000 584000000 55276
ta5A 302000000 303000000 54636
ta3B 321000000 322000000 34864
ta2A 100000000 101000000 72323
ta3A 540000000 541000000 65483
ta7B 265000000 266000000 57125
ta6D 224000000 225000000 60269
ta3A 517000000 518000000 49044
ta1D 375000000 376000000 61186
ta5B 222000000 223000000 96356
ta4D 462000000 463000000 73637
ta4A 282000000 283000000 43415
ta5A 20000000 21000000 59864
ta3D 59000000 60000000 44444
ta4D 439000000 440000000 53968
ta4A 259000000 260000000 44259
ta2D 20000000 21000000 45260
ta3B 460000000 461000000 71605
ta2A 98000000 99000000 52016
ta5A 699000000 700000000 28353
ta3B 437000000 438000000 36914
ta2A 497000000 498000000 70437
ta2A 216000000 217000000 69317
ta6D 363000000 364000000 60788
ta3D 161000000 162000000 47736
ta3A 656000000 657000000 65303
ta1B 675000000 676000000 42264
ta4B 179000000 180000000 62935
ta3D 138000000 139000000 110072
ta4A 700000000 701000000 57379
ta1D 376000000 377000000 64036
ta1A 196000000 197000000 33637
ta2B 136000000 137000000 73903
ta7A 485000000 486000000 89548
ta7A 204000000 205000000 56633
ta5B 223000000 224000000 64740
ta2D 535000000 536000000 69051
ta2D 21000000 22000000 17626
ta6B 663000000 664000000 79548
ta5A 442000000 443000000 62161
ta7D 40000000 41000000 20965
ta1A 60000000 61000000 46501
ta5A 419000000 420000000 63440
ta7D 17000000 18000000 37488
ta4B 620000000 621000000 47961
ta3A 680000000 681000000 57220
ta1A 37000000 38000000 67704
ta3D 277000000 278000000 58467
ta6D 364000000 365000000 31250
ta6A 184000000 185000000 43688
ta3A 657000000 658000000 23602
ta5B 73000000 74000000 45742
ta7D 523000000 524000000 38150
ta5B 362000000 363000000 49424
ta4D 321000000 322000000 53672
ta4A 141000000 142000000 79455
ta2B 160000000 161000000 61983
ta5B 339000000 340000000 58149
ta4A 399000000 400000000 19625
ta4A 118000000 119000000 51683
ta2B 137000000 138000000 65791
ta7A 205000000 206000000 75178
ta5A 581000000 582000000 54780
ta5A 558000000 559000000 51228
ta3B 577000000 578000000 72883
ta2A 356000000 357000000 85272
ta1B 534000000 535000000 39642
ta6A 602000000 603000000 53890
ta6A 80000000 81000000 56459
ta3D 278000000 279000000 66487
ta3D 80000000 81000000 48668
ta7B 125000000 126000000 66951
ta6A 57000000 58000000 34434
ta5A 4000000 5000000 59373
ta4D 460000000 461000000 76545
ta3D 57000000 58000000 58569
ta4D 437000000 438000000 61877
ta1D 235000000 236000000 12638
ta2B 276000000 277000000 63842
ta7A 344000000 345000000 56316
ta4B 12000000 13000000 51902
ta4A 119000000 120000000 58558
ta2A 495000000 496000000 99623
ta6B 522000000 523000000 35151
ta5A 582000000 583000000 65754
ta5A 301000000 302000000 56969
ta5D 179000000 180000000 73006
ta5A 559000000 560000000 68400
ta1B 673000000 674000000 64179
ta7B 264000000 265000000 44079
ta6D 223000000 224000000 46298
ta3A 516000000 517000000 64277
ta1D 374000000 375000000 31032
ta7A 483000000 484000000 54303
ta5B 221000000 222000000 54674
ta4A 281000000 282000000 64281
ta5B 479000000 480000000 53072
ta4A 258000000 259000000 62921
ta6B 661000000 662000000 44128
ta2A 97000000 98000000 55466
ta6B 638000000 639000000 63512
ta5A 698000000 699000000 43327
ta3B 436000000 437000000 83258
ta2A 215000000 216000000 45544
ta2A 496000000 497000000 71231
ta6D 362000000 363000000 53264
ta3D 160000000 161000000 80602
ta3A 655000000 656000000 54337
ta1B 674000000 675000000 51750
ta6D 339000000 340000000 32114
ta4B 178000000 179000000 52976
ta3D 137000000 138000000 41628
ta4A 397000000 398000000 67323
ta1A 195000000 196000000 44350
ta2B 135000000 136000000 41416
ta7A 484000000 485000000 68620
ta7A 203000000 204000000 40849
ta3B 575000000 576000000 30364
ta2D 534000000 535000000 54524
ta6B 662000000 663000000 41572
ta5A 441000000 442000000 46541
ta6B 639000000 640000000 49820
ta5A 418000000 419000000 54856
ta7D 16000000 17000000 56978
ta6A 600000000 601000000 13222
ta1A 36000000 37000000 37676
ta3D 276000000 277000000 31519
ta7B 123000000 124000000 48323
ta6A 183000000 184000000 86745
ta5B 72000000 73000000 94017
ta1D 233000000 234000000 75689
ta7D 522000000 523000000 45508
ta5B 361000000 362000000 48809
ta5B 49000000 50000000 32406
ta4D 320000000 321000000 72557
ta4A 140000000 141000000 64883
ta5B 338000000 339000000 32937
ta4A 398000000 399000000 97439
ta4A 117000000 118000000 76121
ta5A 580000000 581000000 63416
ta5A 557000000 558000000 41525
ta3B 576000000 577000000 36237
ta2A 355000000 356000000 51964
ta6D 221000000 222000000 44671
ta3A 514000000 515000000 56299
ta1B 533000000 534000000 64702
ta6A 601000000 602000000 81795
ta6D 479000000 480000000 37985
ta7B 124000000 125000000 54609
ta6A 56000000 57000000 69773
ta5A 3000000 4000000 67237
ta3D 56000000 57000000 50337
ta5B 477000000 478000000 54817
ta4D 436000000 437000000 39909
ta1D 234000000 235000000 68809
ta2B 275000000 276000000 39382
ta7A 343000000 344000000 69736
ta4B 11000000 12000000 48563
ta2A 494000000 495000000 71540
ta6B 521000000 522000000 54905
ta5A 300000000 301000000 94439
ta1B 89000000 90000000 20331
ta5D 178000000 179000000 55246
ta1B 672000000 673000000 23385
ta3D 135000000 136000000 41657
ta1B 649000000 650000000 45692
ta7B 263000000 264000000 60863
ta6D 222000000 223000000 56450
ta3A 515000000 516000000 98464
ta1D 373000000 374000000 48706
ta7A 482000000 483000000 78950
ta5B 220000000 221000000 63543
ta4A 280000000 281000000 54628
ta7D 639000000 640000000 42482
ta7A 459000000 460000000 41328
ta5B 478000000 479000000 44584
ta4A 257000000 258000000 63950
ta6B 660000000 661000000 33411
ta2A 96000000 97000000 44457
ta6B 637000000 638000000 47395
ta5A 697000000 698000000 68843
ta3B 435000000 436000000 52802
ta2A 214000000 215000000 45659
ta6D 361000000 362000000 55702
ta3A 654000000 655000000 76765
ta5B 70000000 71000000 58491
ta6D 338000000 339000000 44213
ta4B 177000000 178000000 58598
ta3D 136000000 137000000 65834
ta5B 47000000 48000000 56341
ta4A 396000000 397000000 36188
ta1A 194000000 195000000 101524
ta2B 134000000 135000000 78523
ta7A 202000000 203000000 116662
ta3B 574000000 575000000 58241
ta2D 533000000 534000000 43266
ta2A 353000000 354000000 46466
ta5A 440000000 441000000 52503
ta5A 417000000 418000000 55364
ta1B 531000000 532000000 56143
ta7D 15000000 16000000 29899
ta1A 35000000 36000000 58309
ta3D 275000000 276000000 37632
ta1B 508000000 509000000 76029
ta7B 122000000 123000000 44768
ta6A 182000000 183000000 47432
ta5B 71000000 72000000 50217
ta6A 159000000 160000000 57837
ta1D 232000000 233000000 62971
ta7D 521000000 522000000 48801
ta5B 360000000 361000000 54732
ta5B 48000000 49000000 44983
ta1D 209000000 210000000 48156
ta7A 599000000 600000000 45303
ta5B 337000000 338000000 26706
ta4A 116000000 117000000 61927
ta1B 87000000 88000000 45681
ta2D 649000000 650000000 25817
ta5A 556000000 557000000 50205
ta2A 354000000 355000000 67058
ta6D 220000000 221000000 59161
ta3A 513000000 514000000 64117
ta1B 532000000 533000000 46768
ta6D 478000000 479000000 55109
ta6A 298000000 299000000 54906
ta1B 509000000 510000000 45217
ta6A 55000000 56000000 70935
ta5A 2000000 3000000 19132
ta3D 55000000 56000000 56764
ta7D 637000000 638000000 46317
ta5B 476000000 477000000 83902
ta4D 435000000 436000000 78973
ta2B 274000000 275000000 55414
ta7A 342000000 343000000 55224
ta4B 10000000 11000000 34049
ta7A 319000000 320000000 68578
ta3B 433000000 434000000 41855
ta2A 493000000 494000000 51107
ta6B 520000000 521000000 56616
ta1B 88000000 89000000 4729
ta5D 177000000 178000000 74254
ta1B 671000000 672000000 34277
ta3D 134000000 135000000 54367
ta1B 648000000 649000000 60179
ta7B 262000000 263000000 41724
ta7B 239000000 240000000 41567
ta6A 299000000 300000000 49161
ta1D 372000000 373000000 51351
ta1A 192000000 193000000 53275
ta7A 481000000 482000000 64141
ta1D 349000000 350000000 65633
ta7D 638000000 639000000 20734
ta7A 458000000 459000000 67970
ta4A 256000000 257000000 104108
ta2A 95000000 96000000 69728
ta6B 636000000 637000000 62074
ta5A 696000000 697000000 38643
ta5A 415000000 416000000 67548
ta3B 434000000 435000000 55722
ta2A 213000000 214000000 95698
ta7D 13000000 14000000 29349
ta6D 360000000 361000000 36527
ta3A 653000000 654000000 61506
ta7B 378000000 379000000 67683
ta6D 337000000 338000000 64862
ta4B 176000000 177000000 63175
ta5B 46000000 47000000 40811
ta1D 488000000 489000000 28556
ta4A 395000000 396000000 36327
ta1A 193000000 194000000 36027
ta2B 133000000 134000000 60388
ta7A 201000000 202000000 55672
ta3B 573000000 574000000 53210
ta2D 532000000 533000000 73706
ta2A 352000000 353000000 73161
ta2D 509000000 510000000 93311
ta2A 329000000 330000000 100841
ta5A 416000000 417000000 53906
ta1B 530000000 531000000 55891
ta7D 14000000 15000000 73034
ta1A 34000000 35000000 46152
ta6D 476000000 477000000 60604
ta3D 274000000 275000000 55551
ta1B 507000000 508000000 39393
ta7B 121000000 122000000 53524
ta6A 181000000 182000000 43252
ta6A 53000000 54000000 63179
ta7B 379000000 380000000 51416
ta6A 158000000 159000000 52475
ta2B 272000000 273000000 50935
ta1D 231000000 232000000 62176
ta7D 520000000 521000000 39625
ta7A 340000000 341000000 75086
ta1D 489000000 490000000 40403
ta1D 208000000 209000000 94357
ta7A 598000000 599000000 43136
ta7A 317000000 318000000 55039
ta5B 336000000 337000000 43053
ta4A 115000000 116000000 61138
ta1B 86000000 87000000 31615
ta2D 648000000 649000000 48714
ta5A 555000000 556000000 34522
ta3A 512000000 513000000 78238
ta6D 477000000 478000000 49808
ta6A 297000000 298000000 70936
ta6A 54000000 55000000 28903
ta5A 1000000 2000000 3461
ta3D 54000000 55000000 48933
ta7D 636000000 637000000 28685
ta5B 475000000 476000000 14578
ta4D 434000000 435000000 50378
ta4A 254000000 255000000 63238
ta2B 273000000 274000000 76313
ta7A 341000000 342000000 72198
ta2A 93000000 94000000 70048
ta7A 318000000 319000000 57351
ta5A 694000000 695000000 47348
ta3B 432000000 433000000 68954
ta2A 492000000 493000000 82852
ta5D 176000000 177000000 67083
ta3B 409000000 410000000 82404
ta2A 469000000 470000000 82035
ta1B 670000000 671000000 50359
ta3D 133000000 134000000 44931
ta1B 647000000 648000000 75458
ta7B 261000000 262000000 56847
ta7B 238000000 239000000 47360
ta1D 371000000 372000000 36991
ta1A 191000000 192000000 53909
ta7A 480000000 481000000 69888
ta1D 348000000 349000000 84041
ta1A 168000000 169000000 59765
ta2B 389000000 390000000 49493
ta7A 457000000 458000000 79845
ta4A 255000000 256000000 73071
ta2D 530000000 531000000 37182
ta2A 94000000 95000000 63606
ta2D 507000000 508000000 62849
ta6B 635000000 636000000 86952
ta5A 695000000 696000000 41181
ta5A 414000000 415000000 82331
ta2A 212000000 213000000 46385
ta7D 12000000 13000000 39824
ta3A 652000000 653000000 46888
ta7B 377000000 378000000 60103
ta6D 336000000 337000000 53203
ta6A 156000000 157000000 56556
ta4B 175000000 176000000 28653
ta3A 629000000 630000000 62952
ta5B 45000000 46000000 39882
ta1D 487000000 488000000 48675
ta5B 334000000 335000000 105338
ta4A 394000000 395000000 34004
ta2B 132000000 133000000 48149
ta7A 200000000 201000000 37272
ta1A 169000000 170000000 75969
ta2B 109000000 110000000 63022
ta3B 572000000 573000000 50426
ta2D 531000000 532000000 30722
ta2A 351000000 352000000 83641
ta3B 549000000 550000000 73436
ta2D 508000000 509000000 55854
ta2A 328000000 329000000 72073
ta1A 33000000 34000000 49844
ta6D 475000000 476000000 38427
ta3D 273000000 274000000 45673
ta1B 506000000 507000000 55718
ta7B 120000000 121000000 54920
ta6A 180000000 181000000 75365
ta6A 52000000 53000000 67599
ta3D 52000000 53000000 46550
ta6A 157000000 158000000 90846
ta6A 29000000 30000000 41818
ta4D 432000000 433000000 63226
ta1D 230000000 231000000 66786
ta2B 271000000 272000000 80537
ta3D 29000000 30000000 20936
ta2B 248000000 249000000 42581
ta1D 207000000 208000000 31469
ta7A 597000000 598000000 69536
ta7A 316000000 317000000 63712
ta5B 335000000 336000000 69876
ta4A 114000000 115000000 56462
ta1B 85000000 86000000 43038
ta3B 688000000 689000000 44094
ta2D 647000000 648000000 62065
ta5A 554000000 555000000 54538
ta3A 511000000 512000000 67720
ta3D 389000000 390000000 42919
ta7B 236000000 237000000 66841
ta6A 296000000 297000000 114336
ta3D 53000000 54000000 57906
ta1D 346000000 347000000 47140
ta7D 635000000 636000000 44918
ta5B 474000000 475000000 50621
ta4D 433000000 434000000 54131
ta4A 253000000 254000000 79037
ta2A 92000000 93000000 45220
ta2B 249000000 250000000 72927
ta5A 693000000 694000000 56323
ta3B 431000000 432000000 63782
ta2A 69000000 70000000 69572
ta2A 210000000 211000000 52796
ta2A 491000000 492000000 58709
ta5D 175000000 176000000 79118
ta3B 689000000 690000000 44734
ta3B 408000000 409000000 93228
ta2A 468000000 469000000 67410
ta3A 650000000 651000000 53600
ta6D 334000000 335000000 56419
ta4B 173000000 174000000 41197
ta3D 132000000 133000000 46166
ta1B 646000000 647000000 39135
ta7B 260000000 261000000 65192
ta3D 109000000 110000000 75250
ta7B 237000000 238000000 98528
ta2B 805000000 806000000 26502
ta1D 370000000 371000000 77498
ta1A 190000000 191000000 73394
ta2B 130000000 131000000 52343
ta1A 167000000 168000000 35020
ta2B 388000000 389000000 79578
ta1D 347000000 348000000 58949
ta7A 456000000 457000000 79776
ta2D 506000000 507000000 63912
ta6B 634000000 635000000 59463
ta5A 413000000 414000000 70435
ta2A 211000000 212000000 37277
ta7D 11000000 12000000 29791
ta1A 31000000 32000000 69468
ta7A 89000000 90000000 75270
ta3D 271000000 272000000 57424
ta4D 89000000 90000000 51905
ta3A 651000000 652000000 56880
ta3D 248000000 249000000 34632
ta7B 376000000 377000000 60817
ta6D 335000000 336000000 79209
ta6A 155000000 156000000 75032
ta4B 174000000 175000000 48702
ta3A 628000000 629000000 64142
ta5B 44000000 45000000 60993
ta1D 486000000 487000000 49791
ta7A 595000000 596000000 43819
ta5B 333000000 334000000 96820
ta4A 393000000 394000000 33204
ta4A 112000000 113000000 50555
ta2B 806000000 807000000 10519
ta2B 131000000 132000000 61929
ta2B 108000000 109000000 99711
ta5A 552000000 553000000 35207
ta3B 571000000 572000000 40199
ta2A 350000000 351000000 81366
ta3B 548000000 549000000 25039
ta2A 327000000 328000000 86912
ta1A 32000000 33000000 51254
ta6D 474000000 475000000 21416
ta3D 272000000 273000000 37656
ta1B 505000000 506000000 42796
ta6A 51000000 52000000 54315
ta3D 249000000 250000000 25383
ta3D 51000000 52000000 56751
ta6A 28000000 29000000 49626
ta4D 431000000 432000000 81429
ta2B 270000000 271000000 62252
ta3D 28000000 29000000 18353
ta4D 408000000 409000000 66479
ta2B 247000000 248000000 63022
ta1D 206000000 207000000 76193
ta7A 596000000 597000000 46100
ta7A 315000000 316000000 75715
ta4A 113000000 114000000 32180
ta1B 84000000 85000000 63593
ta5D 173000000 174000000 28064
ta3B 687000000 688000000 86789
ta2D 646000000 647000000 32117
ta2A 466000000 467000000 41055
ta5A 553000000 554000000 61357
ta1B 644000000 645000000 54946
ta3A 510000000 511000000 85992
ta3D 388000000 389000000 55166
ta7B 235000000 236000000 49679
ta6A 295000000 296000000 95943
ta1D 345000000 346000000 45151
ta7D 634000000 635000000 49674
ta5B 473000000 474000000 75264
ta4A 252000000 253000000 50339
ta2A 91000000 92000000 78115
ta4D 409000000 410000000 65734
ta4A 229000000 230000000 50434
ta6B 632000000 633000000 78341
ta5A 692000000 693000000 51794
ta3B 430000000 431000000 17627
ta2A 68000000 69000000 39209
ta2A 490000000 491000000 53729
ta5D 174000000 175000000 55621
ta5A 669000000 670000000 44649
ta3B 407000000 408000000 58851
ta2A 467000000 468000000 73770
ta6D 333000000 334000000 49663
ta4B 172000000 173000000 73211
ta3D 131000000 132000000 42064
ta3A 626000000 627000000 59885
ta1B 645000000 646000000 67231
ta4B 149000000 150000000 51178
ta3D 108000000 109000000 53977
ta4A 391000000 392000000 17082
ta2B 804000000 805000000 24788
ta5B 589000000 590000000 57593
ta2B 387000000 388000000 66554
ta1A 166000000 167000000 65090
ta2B 106000000 107000000 99880
ta7A 455000000 456000000 54494
ta3B 546000000 547000000 47472
ta2D 505000000 506000000 57270
ta6B 633000000 634000000 76998
ta5A 412000000 413000000 75884
ta7D 10000000 11000000 22954
ta1A 30000000 31000000 76520
ta7A 88000000 89000000 57391
ta3D 270000000 271000000 40949
ta4D 88000000 89000000 88969
ta3D 247000000 248000000 57335
ta7B 375000000 376000000 59574
ta6A 154000000 155000000 71648
ta3A 627000000 628000000 74770
ta5B 43000000 44000000 77283
ta1D 204000000 205000000 74919
ta1D 485000000 486000000 37277
ta7A 594000000 595000000 49762
ta5B 332000000 333000000 54703
ta4A 392000000 393000000 73074
ta4A 111000000 112000000 35370
ta5B 309000000 310000000 66702
ta4A 369000000 370000000 61818
ta2B 107000000 108000000 45694
ta5A 551000000 552000000 50488
ta3B 570000000 571000000 65917
ta5A 528000000 529000000 73219
ta3B 547000000 548000000 65583
ta2A 326000000 327000000 44410
ta6D 473000000 474000000 39446
ta1B 504000000 505000000 41463
ta6A 50000000 51000000 57531
ta4B 289000000 290000000 57642
ta3D 50000000 51000000 62003
ta6A 27000000 28000000 62511
ta5B 471000000 472000000 40082
ta4D 430000000 431000000 45906
ta3D 27000000 28000000 23204
ta4D 407000000 408000000 42465
ta2B 246000000 247000000 69103
ta1D 205000000 206000000 75844
ta7A 314000000 315000000 46560
ta1B 83000000 84000000 58945
ta5D 172000000 173000000 74233
ta3B 686000000 687000000 57652
ta2D 645000000 646000000 52689
ta2A 465000000 466000000 49339
ta5D 149000000 150000000 57327
ta6B 79000000 80000000 62109
ta5A 529000000 530000000 60710
ta1B 643000000 644000000 66646
ta3D 387000000 388000000 85259
ta7B 234000000 235000000 54748
ta6A 294000000 295000000 88414
ta2B 385000000 386000000 77868
ta1D 344000000 345000000 56940
ta7D 633000000 634000000 29458
ta7A 453000000 454000000 53049
ta5B 472000000 473000000 65352
ta4A 251000000 252000000 70460
ta2A 90000000 91000000 50377
ta5B 449000000 450000000 64961
ta4A 228000000 229000000 53232
ta6B 631000000 632000000 50003
ta5A 691000000 692000000 49932
ta2A 67000000 68000000 79067
ta6B 608000000 609000000 65061
ta5A 668000000 669000000 56397
ta3B 406000000 407000000 76680
ta6D 332000000 333000000 75648
ta4B 171000000 172000000 72566
ta3D 130000000 131000000 46016
ta3A 625000000 626000000 97083
ta5B 41000000 42000000 52008
ta6D 309000000 310000000 85998
ta4B 148000000 149000000 75073
ta3D 107000000 108000000 60528
ta5B 18000000 19000000 44231
ta4A 390000000 391000000 27106
ta2B 803000000 804000000 55668
ta5B 588000000 589000000 29169
ta4A 367000000 368000000 80018
ta2B 386000000 387000000 56370
ta1A 165000000 166000000 68309
ta2B 105000000 106000000 68464
ta7A 454000000 455000000 65635
ta3B 545000000 546000000 70672
ta2D 504000000 505000000 54718
ta5A 411000000 412000000 39390
ta5D 289000000 290000000 61547
ta7A 87000000 88000000 71172
ta6B 609000000 610000000 78290
ta1B 502000000 503000000 42095
ta4D 87000000 88000000 49195
ta3D 246000000 247000000 49775
ta7B 374000000 375000000 47018
ta6A 153000000 154000000 89798
ta5B 42000000 43000000 55475
ta1D 484000000 485000000 32168
ta1D 203000000 204000000 45500
ta7A 593000000 594000000 69520
ta5B 331000000 332000000 68540
ta5B 19000000 20000000 47601
ta4A 110000000 111000000 76697
ta1B 81000000 82000000 33998
ta5B 308000000 309000000 46929
ta4A 368000000 369000000 46531
ta2D 643000000 644000000 55368
ta5A 550000000 551000000 31624
ta6B 748000000 749000000 10610
ta5A 527000000 528000000 37707
ta2A 325000000 326000000 80570
ta6D 472000000 473000000 65021
ta6A 292000000 293000000 67403
ta1B 503000000 504000000 52867
ta6D 449000000 450000000 40423
ta6A 269000000 270000000 66937
ta4B 288000000 289000000 102469
ta7D 631000000 632000000 51464
ta6A 26000000 27000000 67158
ta5B 470000000 471000000 47859
ta5B 447000000 448000000 80509
ta4D 406000000 407000000 27358
ta2B 245000000 246000000 39759
ta7A 313000000 314000000 48447
ta1B 82000000 83000000 58731
ta5D 171000000 172000000 51291
ta3B 685000000 686000000 54371
ta2D 644000000 645000000 54219
ta2A 464000000 465000000 83847
ta1B 59000000 60000000 39189
ta5D 148000000 149000000 60509
ta6B 78000000 79000000 51984
ta1B 642000000 643000000 64276
ta3D 386000000 387000000 29882
ta3D 105000000 106000000 40856
ta1B 619000000 620000000 64590
ta7B 233000000 234000000 43707
ta6A 293000000 294000000 48427
ta1D 343000000 344000000 88531
ta2B 384000000 385000000 76270
ta7D 632000000 633000000 31983
ta7A 452000000 453000000 78601
ta4A 250000000 251000000 29099
ta7D 609000000 610000000 61156
ta7A 429000000 430000000 64510
ta5B 448000000 449000000 71762
ta4A 227000000 228000000 62562
ta6B 630000000 631000000 54094
ta5A 690000000 691000000 52416
ta2A 66000000 67000000 54214
ta7A 85000000 86000000 54421
ta6B 607000000 608000000 73684
ta5A 667000000 668000000 62163
ta3B 405000000 406000000 53683
ta7B 372000000 373000000 93541
ta6D 331000000 332000000 71631
ta4B 170000000 171000000 72121
ta3A 624000000 625000000 61775
ta5B 40000000 41000000 50774
ta7B 349000000 350000000 102268
ta6D 308000000 309000000 66117
ta4B 147000000 148000000 40785
ta3D 106000000 107000000 56118
ta1D 482000000 483000000 45586
ta5B 17000000 18000000 33654
ta2B 802000000 803000000 40738
ta1D 459000000 460000000 36987
ta5B 587000000 588000000 39143
ta4A 366000000 367000000 44046
ta1A 164000000 165000000 42715
ta2B 104000000 105000000 38395
ta3B 544000000 545000000 74490
ta2D 503000000 504000000 88544
ta2A 323000000 324000000 47842
ta5A 410000000 411000000 86295
ta5D 288000000 289000000 42795
ta7A 86000000 87000000 50080
ta6D 470000000 471000000 55005
ta1B 501000000 502000000 64330
ta4D 86000000 87000000 49334
ta4B 286000000 287000000 150502
ta3D 245000000 246000000 64819
ta7B 373000000 374000000 96279
ta6A 152000000 153000000 63915
ta6A 24000000 25000000 27788
ta6A 129000000 130000000 50198
ta1D 483000000 484000000 42138
ta1D 202000000 203000000 75747
ta7A 592000000 593000000 61031
ta7A 311000000 312000000 25400
ta5B 330000000 331000000 66062
ta1B 80000000 81000000 53979
ta7A 569000000 570000000 57055
ta5B 307000000 308000000 65778
ta2D 642000000 643000000 39359
ta1B 57000000 58000000 47827
ta2D 619000000 620000000 53437
ta6B 747000000 748000000 24390
ta5A 526000000 527000000 28414
ta2A 324000000 325000000 55687
ta3D 384000000 385000000 41649
ta6D 471000000 472000000 32633
ta6A 291000000 292000000 169129
ta7B 489000000 490000000 46351
ta6D 448000000 449000000 38742
ta6A 268000000 269000000 58271
ta4B 287000000 288000000 121483
ta7D 630000000 631000000 50916
ta6A 25000000 26000000 49410
ta3D 25000000 26000000 49487
ta7D 607000000 608000000 42900
ta5B 446000000 447000000 40457
ta4D 405000000 406000000 62257
ta4A 225000000 226000000 53224
ta2B 244000000 245000000 78095
ta7A 312000000 313000000 59116
ta5D 170000000 171000000 65973
ta3B 684000000 685000000 49461
ta3B 403000000 404000000 67782
ta2A 463000000 464000000 94962
ta1B 58000000 59000000 39229
ta6B 188000000 189000000 53390
ta5D 147000000 148000000 68640
ta6B 77000000 78000000 41948
ta1B 641000000 642000000 42686
ta3D 385000000 386000000 90050
ta3D 104000000 105000000 31567
ta1B 618000000 619000000 86022
ta7B 232000000 233000000 67730
ta7B 209000000 210000000 83144
ta1A 162000000 163000000 40503
ta2B 383000000 384000000 78002
ta1D 342000000 343000000 49279
ta7A 451000000 452000000 75146
ta1D 319000000 320000000 77686
ta1A 139000000 140000000 71205
ta7D 608000000 609000000 79813
ta7A 428000000 429000000 70966
ta4A 226000000 227000000 62050
ta2D 501000000 502000000 73146
ta2A 65000000 66000000 60468
ta7A 84000000 85000000 51767
ta6B 606000000 607000000 42257
ta5A 666000000 667000000 55630
ta3B 404000000 405000000 43855
ta4D 84000000 85000000 62361
ta6B 189000000 190000000 53984
ta7B 371000000 372000000 49597
ta6D 330000000 331000000 41378
ta6A 150000000 151000000 75794
ta3A 623000000 624000000 36859
ta7B 348000000 349000000 37717
ta6D 307000000 308000000 82070
ta6A 127000000 128000000 49094
ta4B 146000000 147000000 73000
ta1D 481000000 482000000 26234
ta5B 16000000 17000000 31650
ta2B 801000000 802000000 47086
ta1D 458000000 459000000 46465
ta5B 586000000 587000000 47784
ta5B 305000000 306000000 52666
ta4A 365000000 366000000 57040
ta1A 163000000 164000000 42148
ta2B 103000000 104000000 67582
ta3B 543000000 544000000 46450
ta2D 502000000 503000000 110346
ta2A 322000000 323000000 77887
ta5D 287000000 288000000 50437
ta1B 500000000 501000000 60762
ta4D 85000000 86000000 70301
ta6D 446000000 447000000 55863
ta4B 285000000 286000000 172693
ta3D 244000000 245000000 63703
ta3A 739000000 740000000 33815
ta6A 151000000 152000000 77407
ta6A 23000000 24000000 48263
ta3D 23000000 24000000 29658
ta6A 128000000 129000000 93271
ta2B 242000000 243000000 65240
ta1D 201000000 202000000 82579
ta7A 591000000 592000000 59340
ta7A 310000000 311000000 71838
ta1A 279000000 280000000 70564
ta2B 219000000 220000000 48937
ta7A 568000000 569000000 77098
ta5B 306000000 307000000 57965
ta3B 682000000 683000000 48868
ta2D 641000000 642000000 34067
ta1B 56000000 57000000 39030
ta2D 618000000 619000000 62380
ta6B 746000000 747000000 30591
ta5A 525000000 526000000 47077
ta3D 383000000 384000000 80302
ta7B 230000000 231000000 43391
ta6A 290000000 291000000 121200
ta1B 199000000 200000000 66738
ta7B 488000000 489000000 59808
ta7B 207000000 208000000 52358
ta6D 447000000 448000000 41935
ta6A 267000000 268000000 71401
ta1D 340000000 341000000 67976
ta3D 24000000 25000000 27194
ta7D 606000000 607000000 37518
ta5B 445000000 446000000 47575
ta4D 404000000 405000000 55060
ta4A 224000000 225000000 67818
ta2B 243000000 244000000 60028
ta2A 63000000 64000000 50652
ta7D 189000000 190000000 54765
ta5A 664000000 665000000 88925
ta3B 683000000 684000000 47560
ta3B 402000000 403000000 70118
ta2A 462000000 463000000 51000
ta6B 187000000 188000000 50965
ta5D 146000000 147000000 26558
ta2A 439000000 440000000 63096
ta6B 76000000 77000000 46603
ta1B 640000000 641000000 37941
ta4B 144000000 145000000 54758
ta3D 103000000 104000000 51118
ta1B 617000000 618000000 50468
ta7B 231000000 232000000 50038
ta7B 208000000 209000000 27121
ta2B 382000000 383000000 80219
ta1D 341000000 342000000 52713
ta1A 161000000 162000000 36206
ta7A 450000000 451000000 49398
ta1D 318000000 319000000 79141
ta1A 138000000 139000000 59713
ta2B 359000000 360000000 65427
ta7A 427000000 428000000 53946
ta2D 500000000 501000000 83737
ta2A 64000000 65000000 54156
ta5D 285000000 286000000 72898
ta3B 799000000 800000000 26409
ta2A 578000000 579000000 63061
ta7A 83000000 84000000 47658
ta6B 605000000 606000000 48285
ta5A 665000000 666000000 41511
ta4D 83000000 84000000 65665
ta7B 370000000 371000000 51493
ta3A 622000000 623000000 44395
ta7B 347000000 348000000 54817
ta6D 306000000 307000000 62062
ta6A 126000000 127000000 83418
ta4B 145000000 146000000 57475
ta1D 480000000 481000000 39768
ta5B 15000000 16000000 32889
ta2B 800000000 801000000 34694
ta1D 457000000 458000000 44660
ta7A 566000000 567000000 87527
ta5B 585000000 586000000 49165
ta5B 304000000 305000000 69117
ta4A 364000000 365000000 68075
ta2B 102000000 103000000 81397
ta6B 744000000 745000000 67835
ta3B 542000000 543000000 74606
ta2A 321000000 322000000 68287
ta2D 199000000 200000000 48769
ta5D 286000000 287000000 47464
ta3B 519000000 520000000 42455
ta2A 579000000 580000000 55243
ta6D 445000000 446000000 80102
ta4B 284000000 285000000 124988
ta3D 243000000 244000000 60735
ta3A 738000000 739000000 60575
ta6A 22000000 23000000 57238
ta3D 22000000 23000000 49372
ta4D 402000000 403000000 46191
ta2B 241000000 242000000 78020
ta1D 200000000 201000000 42984
ta7A 590000000 591000000 49355
ta7D 187000000 188000000 34790
ta2B 499000000 500000000 63546
ta1A 278000000 279000000 77586
ta2B 218000000 219000000 58368
ta7A 567000000 568000000 65395
ta3B 681000000 682000000 60119
ta2D 640000000 641000000 52402
ta1B 55000000 56000000 70351
ta3B 658000000 659000000 92672
ta2D 617000000 618000000 58319
ta6B 745000000 746000000 42710
ta5A 524000000 525000000 28138
ta3D 382000000 383000000 52141
ta3D 359000000 360000000 33428
ta1B 198000000 199000000 62885
ta7B 487000000 488000000 59726
ta7B 206000000 207000000 83342
ta6A 266000000 267000000 46239
ta1D 316000000 317000000 100211
ta7D 605000000 606000000 38360
ta5B 444000000 445000000 52168
ta4D 403000000 404000000 47897
ta4A 223000000 224000000 69027
ta2A 62000000 63000000 61867
ta7D 188000000 189000000 60172
ta5A 663000000 664000000 65091
ta3B 401000000 402000000 47509
ta2A 461000000 462000000 59994
ta2A 39000000 40000000 58039
ta6B 186000000 187000000 56498
ta3B 659000000 660000000 75334
ta2A 438000000 439000000 81914
ta6B 75000000 76000000 56482
ta3A 620000000 621000000 60543
ta6D 304000000 305000000 104694
ta4B 143000000 144000000 43784
ta3D 102000000 103000000 40914
ta1B 616000000 617000000 59123
ta5B 583000000 584000000 57231
ta2B 381000000 382000000 67741
ta1A 160000000 161000000 50860
ta2B 100000000 101000000 37610
ta4D 519000000 520000000 49777
ta1D 317000000 318000000 55784
ta1A 137000000 138000000 105941
ta2B 358000000 359000000 93337
ta7A 426000000 427000000 38178
ta5D 284000000 285000000 81622
ta3B 798000000 799000000 22815
ta2A 577000000 578000000 48442
ta7A 82000000 83000000 39506
ta6B 604000000 605000000 54160
ta4D 82000000 83000000 47682
ta7A 59000000 60000000 78394
ta3D 241000000 242000000 46979
ta4D 59000000 60000000 68086
ta3A 621000000 622000000 51774
ta3D 499000000 500000000 37970
ta3D 218000000 219000000 29368
ta7B 346000000 347000000 52314
ta6D 305000000 306000000 53164
ta6A 125000000 126000000 80085
ta5B 14000000 15000000 57654
ta2B 497000000 498000000 62408
ta1D 456000000 457000000 35973
ta7A 565000000 566000000 54085
ta5B 584000000 585000000 39338
ta5B 303000000 304000000 46141
ta4A 363000000 364000000 50655
ta2B 101000000 102000000 44739
ta6B 743000000 744000000 37170
ta5A 522000000 523000000 61468
ta3B 541000000 542000000 61298
ta2A 320000000 321000000 55589
ta2D 198000000 199000000 51006
ta3B 518000000 519000000 17756
ta4B 700000000 701000000 43854
ta7B 485000000 486000000 84551
ta6D 444000000 445000000 41542
ta4B 283000000 284000000 133506
ta3D 242000000 243000000 53345
ta3A 737000000 738000000 13619
ta6A 21000000 22000000 33375
ta3D 219000000 220000000 61909
ta3D 21000000 22000000 78061
ta4D 401000000 402000000 28182
ta3A 99000000 100000000 57513
ta2B 240000000 241000000 54952
ta7D 186000000 187000000 59788
ta4A 479000000 480000000 29850
ta2B 498000000 499000000 55874
ta1A 277000000 278000000 80136
ta2B 217000000 218000000 52366
ta3B 680000000 681000000 17716
ta1B 54000000 55000000 37711
ta5D 143000000 144000000 5464
ta3B 657000000 658000000 46231
ta2D 616000000 617000000 34588
ta2A 436000000 437000000 47671
ta6B 73000000 74000000 48625
ta5A 523000000 524000000 47422
ta3D 381000000 382000000 57811
ta1B 614000000 615000000 29148
ta4B 399000000 400000000 56953
ta3D 358000000 359000000 52069
ta1B 197000000 198000000 78798
ta7B 486000000 487000000 32562
ta7B 205000000 206000000 33023
ta6A 265000000 266000000 66948
ta1D 315000000 316000000 39682
ta7D 604000000 605000000 42521
ta7A 424000000 425000000 55517
ta5B 443000000 444000000 68318
ta4A 222000000 223000000 82466
ta2A 61000000 62000000 58814
ta6B 602000000 603000000 46700
ta5A 662000000 663000000 69493
ta3B 400000000 401000000 61929
ta2A 38000000 39000000 44704
ta2A 460000000 461000000 49409
ta5B 0 1000000 12365
ta6B 185000000 186000000 36728
ta5A 639000000 640000000 35148
ta2A 437000000 438000000 79059
ta6B 74000000 75000000 70825
ta3D 497000000 498000000 39683
ta6D 303000000 304000000 91999
ta4B 142000000 143000000 58614
ta3D 101000000 102000000 45900
ta1B 615000000 616000000 93786
ta5B 12000000 13000000 53407
ta4B 119000000 120000000 63467
ta3A 179000000 180000000 54857
ta5B 582000000 583000000 70957
ta4A 361000000 362000000 65675
ta2B 380000000 381000000 71946
ta5B 559000000 560000000 61262
ta4D 518000000 519000000 52823
ta4A 338000000 339000000 57029
ta2B 357000000 358000000 116398
ta1A 136000000 137000000 66770
ta7A 425000000 426000000 61683
ta5D 283000000 284000000 79333
ta3B 797000000 798000000 45165
ta3B 516000000 517000000 65618
ta2A 576000000 577000000 125001
ta7A 81000000 82000000 51272
ta6B 603000000 604000000 40116
ta4D 81000000 82000000 71553
ta7A 58000000 59000000 38550
ta3D 240000000 241000000 44740
ta4D 58000000 59000000 45578
ta3D 498000000 499000000 69667
ta3D 217000000 218000000 49578
ta7B 345000000 346000000 58870
ta6A 124000000 125000000 61153
ta5B 13000000 14000000 28311
ta2B 496000000 497000000 44435
ta1D 455000000 456000000 58300
ta1A 275000000 276000000 76545
ta7A 564000000 565000000 56582
ta5B 302000000 303000000 74974
ta4A 362000000 363000000 63376
ta4A 339000000 340000000 55940
ta6B 742000000 743000000 32272
ta5A 521000000 522000000 82509
ta3B 540000000 541000000 71596
ta2D 197000000 198000000 40073
ta6B 719000000 720000000 63775
ta3B 517000000 518000000 66275
ta7B 484000000 485000000 61013
ta6D 443000000 444000000 41728
ta6A 263000000 264000000 37311
ta4B 282000000 283000000 139858
ta3A 736000000 737000000 42412
ta6A 20000000 21000000 56757
ta4B 259000000 260000000 75843
ta3D 20000000 21000000 105609
ta5B 441000000 442000000 71934
ta4D 400000000 401000000 61840
ta3A 98000000 99000000 63973
ta7D 185000000 186000000 53320
ta5B 699000000 700000000 67053
ta5B 418000000 419000000 38847
ta4A 478000000 479000000 25335
ta1A 276000000 277000000 77543
ta2B 216000000 217000000 51894
ta1B 53000000 54000000 43807
ta1B 9000000 10000000 15370
ta5D 142000000 143000000 69507
ta3B 656000000 657000000 58234
ta2D 615000000 616000000 62592
ta2A 435000000 436000000 60526
ta6B 72000000 73000000 76052
ta5D 119000000 120000000 53894
ta6B 49000000 50000000 40285
ta3D 380000000 381000000 58478
ta1B 613000000 614000000 62136
ta4B 398000000 399000000 77571
ta3D 357000000 358000000 52419
ta3A 177000000 178000000 73307
ta1B 196000000 197000000 99312
ta7B 204000000 205000000 73074
ta6A 264000000 265000000 54078
ta2B 355000000 356000000 188806
ta1D 314000000 315000000 39296
ta7D 603000000 604000000 46484
ta7A 423000000 424000000 50323
ta5B 442000000 443000000 67580
ta4A 221000000 222000000 52845
ta2A 60000000 61000000 32729
ta5B 419000000 420000000 49881
ta3B 795000000 796000000 38287
ta6B 601000000 602000000 46983
ta5A 661000000 662000000 35123
ta2A 37000000 38000000 66368
ta7A 56000000 57000000 56189
ta6B 184000000 185000000 63835
ta5A 638000000 639000000 75908
ta3D 496000000 497000000 67797
ta7B 343000000 344000000 46609
ta6D 302000000 303000000 60345
ta4B 141000000 142000000 57902
ta3D 100000000 101000000 53887
ta5B 11000000 12000000 45539
ta4B 118000000 119000000 42820
ta3A 178000000 179000000 75334
ta1D 453000000 454000000 76707
ta5B 581000000 582000000 68830
ta4A 360000000 361000000 50824
ta2B 89000000 90000000 63486
ta5B 558000000 559000000 32943
ta4D 517000000 518000000 27835
ta4A 337000000 338000000 65819
ta2B 356000000 357000000 136491
ta1A 135000000 136000000 64578
ta5D 282000000 283000000 82857
ta3B 796000000 797000000 26790
ta3B 515000000 516000000 58201
ta2A 575000000 576000000 65399
ta7A 80000000 81000000 43978
ta5D 259000000 260000000 97024
ta4D 80000000 81000000 68746
ta7A 57000000 58000000 46194
ta4B 280000000 281000000 79717
ta4D 57000000 58000000 42554
ta4B 257000000 258000000 81958
ta3D 216000000 217000000 31642
ta7B 344000000 345000000 54497
ta6A 123000000 124000000 79024
ta2B 495000000 496000000 53313
ta1D 454000000 455000000 67245
ta1A 274000000 275000000 72844
ta7A 563000000 564000000 70370
ta5B 301000000 302000000 58267
ta1B 7000000 8000000 55014
ta1B 51000000 52000000 29122
ta2D 613000000 614000000 53129
ta6B 741000000 742000000 41261
ta5A 520000000 521000000 58545
ta1B 28000000 29000000 42864
ta5D 398000000 399000000 42960
ta2D 196000000 197000000 50863
ta6B 718000000 719000000 46633
ta1B 194000000 195000000 57373
ta7B 483000000 484000000 70009
ta6D 442000000 443000000 72698
ta6A 262000000 263000000 67709
ta4B 281000000 282000000 111800
ta3A 735000000 736000000 44674
ta6D 419000000 420000000 38166
ta6A 239000000 240000000 78645
ta4B 258000000 259000000 74639
ta7D 601000000 602000000 39357
ta5B 440000000 441000000 68990
ta3A 97000000 98000000 71479
ta7D 184000000 185000000 49187
ta7A 679000000 680000000 35447
ta5B 698000000 699000000 48443
ta5B 417000000 418000000 62673
ta4A 477000000 478000000 72459
ta2B 215000000 216000000 33576
ta1B 52000000 53000000 25712
ta1B 8000000 9000000 11625
ta6B 182000000 183000000 64160
ta5D 141000000 142000000 99057
ta3B 655000000 656000000 53011
ta2D 614000000 615000000 57683
ta2A 434000000 435000000 84901
ta6B 71000000 72000000 37686
ta1B 29000000 30000000 51266
ta6B 159000000 160000000 53024
ta5D 399000000 400000000 71002
ta5D 118000000 119000000 57058
ta6B 48000000 49000000 51204
ta1B 612000000 613000000 47130
ta4B 397000000 398000000 54768
ta3D 356000000 357000000 38862
ta3A 176000000 177000000 67116
ta1B 195000000 196000000 33097
ta7B 203000000 204000000 83269
ta4D 515000000 516000000 39176
ta1D 313000000 314000000 54761
ta1A 133000000 134000000 49682
ta2B 354000000 355000000 121051
ta7D 602000000 603000000 69556
ta7A 422000000 423000000 57454
ta4A 220000000 221000000 46407
ta3B 794000000 795000000 91397
ta6B 600000000 601000000 76185
ta5A 660000000 661000000 44556
ta2A 36000000 37000000 71539
ta7A 55000000 56000000 31433
ta6B 183000000 184000000 49953
ta5A 637000000 638000000 57710
ta4D 55000000 56000000 50354
ta3D 495000000 496000000 60369
ta7B 342000000 343000000 52980
ta6D 301000000 302000000 42223
ta6A 121000000 122000000 54327
ta4B 140000000 141000000 65485
ta5B 10000000 11000000 35043
ta7B 319000000 320000000 63186
ta6A 379000000 380000000 64735
ta4B 117000000 118000000 57725
ta1D 452000000 453000000 49768
ta5B 580000000 581000000 55595
ta2B 88000000 89000000 47674
ta1D 429000000 430000000 52700
ta5B 557000000 558000000 40700
ta4D 516000000 517000000 38129
ta4A 336000000 337000000 37105
ta1A 134000000 135000000 83674
ta5D 281000000 282000000 34081
ta3B 514000000 515000000 75046
ta2A 574000000 575000000 63464
ta6B 299000000 300000000 45643
ta5D 258000000 259000000 52894
ta6D 440000000 441000000 32614
ta3A 733000000 734000000 64957
ta4D 56000000 57000000 51060
ta6D 417000000 418000000 85995
ta4B 256000000 257000000 51861
ta3D 215000000 216000000 49313
ta6A 122000000 123000000 54407
ta3A 95000000 96000000 35158
ta5B 696000000 697000000 41030
ta2B 494000000 495000000 69180
ta1A 273000000 274000000 100822
ta2B 213000000 214000000 90035
ta7A 562000000 563000000 63032
ta5B 300000000 301000000 30437
ta1B 50000000 51000000 37982
ta1B 6000000 7000000 44021
ta7A 539000000 540000000 82596
ta2D 612000000 613000000 37682
ta6B 740000000 741000000 26397
ta1B 27000000 28000000 73354
ta5D 397000000 398000000 53963
ta2D 195000000 196000000 60044
ta6B 717000000 718000000 29438
ta3D 354000000 355000000 60122
ta1B 193000000 194000000 79460
ta7B 482000000 483000000 39958
ta7B 201000000 202000000 70142
ta6D 441000000 442000000 55279
ta6A 261000000 262000000 89394
ta3A 734000000 735000000 29651
ta7B 459000000 460000000 85299
ta6D 418000000 419000000 48588
ta6A 238000000 239000000 73479
ta7D 600000000 601000000 41267
ta3A 96000000 97000000 70367
ta7D 183000000 184000000 68283
ta7A 678000000 679000000 54426
ta5B 697000000 698000000 46952
ta5B 416000000 417000000 55318
ta4A 476000000 477000000 59783
ta2B 214000000 215000000 65028
ta2A 34000000 35000000 50364
ta6B 181000000 182000000 64452
ta5D 140000000 141000000 97637
ta5A 635000000 636000000 54318
ta3B 654000000 655000000 76675
ta2A 433000000 434000000 69809
ta6B 70000000 71000000 45472
ta6B 158000000 159000000 45242
ta5D 117000000 118000000 55649
ta6B 47000000 48000000 44699
ta1B 611000000 612000000 74960
ta7B 598000000 599000000 39381
ta4B 396000000 397000000 81509
ta4B 115000000 116000000 61728
ta3D 355000000 356000000 34174
ta3A 175000000 176000000 63778
ta7B 202000000 203000000 64469
ta4D 514000000 515000000 31970
ta1A 132000000 133000000 50643
ta2B 353000000 354000000 143725
ta1D 312000000 313000000 56687
ta7A 421000000 422000000 74949
ta7D 299000000 300000000 50721
ta1A 109000000 110000000 72991
ta3B 793000000 794000000 25166
ta2A 572000000 573000000 59771
ta2A 35000000 36000000 31615
ta5D 256000000 257000000 56320
ta2A 549000000 550000000 71461
ta7A 54000000 55000000 44513
ta5A 636000000 637000000 50459
ta4D 54000000 55000000 61750
ta3D 494000000 495000000 58232
ta7B 341000000 342000000 94545
ta6D 300000000 301000000 80919
ta6A 120000000 121000000 62018
ta7B 599000000 600000000 48734
ta7B 318000000 319000000 61043
ta6A 378000000 379000000 87981
ta4B 116000000 117000000 42972
ta1D 451000000 452000000 61566
ta7A 560000000 561000000 55202
ta2B 87000000 88000000 50727
ta1D 428000000 429000000 58963
ta7A 537000000 538000000 59744
ta5B 556000000 557000000 11474
ta4A 335000000 336000000 89753
ta2D 193000000 194000000 82095
ta6B 715000000 716000000 44122
ta5D 280000000 281000000 52329
ta3B 513000000 514000000 48111
ta2A 573000000 574000000 58551
ta6B 298000000 299000000 70660
ta5D 257000000 258000000 55955
ta3A 732000000 733000000 40470
ta6D 416000000 417000000 52373
ta4B 255000000 256000000 63399
ta3D 214000000 215000000 36364
ta3A 709000000 710000000 81272
ta3A 94000000 95000000 71945
ta7D 181000000 182000000 84842
ta5B 695000000 696000000 33106
ta4A 474000000 475000000 105034
ta2B 493000000 494000000 42102
ta1A 272000000 273000000 67472
ta2B 212000000 213000000 57226
ta7A 561000000 562000000 66765
ta7D 158000000 159000000 80029
ta1B 5000000 6000000 34693
ta1A 249000000 250000000 45044
ta7A 538000000 539000000 43166
ta3B 652000000 653000000 59997
ta2D 611000000 612000000 57290
ta1B 26000000 27000000 58063
ta5D 396000000 397000000 43657
ta3B 629000000 630000000 62458
ta2D 194000000 195000000 57754
ta2A 689000000 690000000 42134
ta6B 716000000 717000000 56297
ta3D 353000000 354000000 72420
ta1B 192000000 193000000 46053
ta7B 481000000 482000000 84832
ta7B 200000000 201000000 84572
ta6A 260000000 261000000 55500
ta1B 169000000 170000000 18513
ta7B 458000000 459000000 46772
ta6A 237000000 238000000 82311
ta1D 310000000 311000000 67216
ta1A 388000000 389000000 72047
ta7D 182000000 183000000 64958
ta7A 677000000 678000000 45800
ta5B 415000000 416000000 69979
ta4A 475000000 476000000 62836
ta2A 33000000 34000000 34672
ta7D 159000000 160000000 53049
ta6B 180000000 181000000 41521
ta5A 634000000 635000000 61082
ta3B 653000000 654000000 78906
ta2A 432000000 433000000 38400
ta6B 157000000 158000000 59706
ta5D 116000000 117000000 83352
ta2A 409000000 410000000 63378
ta6B 46000000 47000000 30965
ta1B 610000000 611000000 38475
ta7B 597000000 598000000 55657
ta6A 376000000 377000000 66286
ta4B 395000000 396000000 67242
ta4B 114000000 115000000 37422
ta3A 174000000 175000000 51576
ta5B 554000000 555000000 69179
ta4D 513000000 514000000 30193
ta2B 352000000 353000000 102312
ta1D 311000000 312000000 61514
ta1A 131000000 132000000 76451
ta7A 420000000 421000000 56001
ta7D 298000000 299000000 85586
ta1A 108000000 109000000 74338
ta1A 389000000 390000000 53511
ta2B 329000000 330000000 70492
ta3B 792000000 793000000 34585
ta2A 571000000 572000000 75042
ta5D 255000000 256000000 43554
ta3B 769000000 770000000 45955
ta2A 548000000 549000000 87312
ta7A 53000000 54000000 32737
ta4D 53000000 54000000 34335
ta6B 9000000 10000000 41504
ta3D 493000000 494000000 100918
ta3D 212000000 213000000 49812
ta7B 340000000 341000000 74621
ta7B 317000000 318000000 82657
ta6A 377000000 378000000 76832
ta2B 491000000 492000000 56019
ta1D 450000000 451000000 59645
ta2B 86000000 87000000 57366
ta2B 468000000 469000000 67534
ta1D 427000000 428000000 69803
ta7A 536000000 537000000 89245
ta5B 555000000 556000000 35870
ta4A 334000000 335000000 72284
ta2D 192000000 193000000 32041
ta6B 714000000 715000000 18813
ta3B 512000000 513000000 71973
ta2D 169000000 170000000 52773
ta6B 297000000 298000000 71670
ta3A 731000000 732000000 29516
ta7B 456000000 457000000 97861
ta6D 415000000 416000000 64182
ta4B 254000000 255000000 74169
ta3D 213000000 214000000 40958
ta3A 708000000 709000000 58548
ta3A 93000000 94000000 63108
ta7D 180000000 181000000 42083
ta5B 694000000 695000000 25689
ta4A 473000000 474000000 66368
ta2B 492000000 493000000 52054
ta1A 271000000 272000000 62305
ta2B 211000000 212000000 92749
ta7D 157000000 158000000 50676
ta2B 469000000 470000000 49169
ta1B 4000000 5000000 19767
ta1A 248000000 249000000 68819
ta3B 651000000 652000000 76281
ta2D 610000000 611000000 54012
ta2A 430000000 431000000 30054
ta1B 25000000 26000000 41547
ta5D 395000000 396000000 42426
ta5D 114000000 115000000 55482
ta3B 628000000 629000000 85422
ta2A 688000000 689000000 42774
ta2A 407000000 408000000 87964
ta4B 393000000 394000000 78236
ta3D 352000000 353000000 60194
ta1B 191000000 192000000 52337
ta7B 480000000 481000000 48995
ta3D 329000000 330000000 53219
ta1B 168000000 169000000 63692
ta7B 457000000 458000000 42251
ta6A 236000000 237000000 50852
ta1A 387000000 388000000 58768
ta7A 676000000 677000000 67571
ta5B 414000000 415000000 49418
ta2A 32000000 33000000 45717
ta5A 633000000 634000000 61482
ta2A 431000000 432000000 62931
ta6B 156000000 157000000 62677
ta5D 115000000 116000000 59439
ta2A 408000000 409000000 74273
ta6B 45000000 46000000 36307
ta7B 596000000 597000000 91108
ta6A 375000000 376000000 69486
ta4B 394000000 395000000 70706
ta4B 113000000 114000000 60575
ta3A 173000000 174000000 81486
ta5B 553000000 554000000 37532
ta4D 512000000 513000000 24272
ta4A 332000000 333000000 47983
ta2B 351000000 352000000 57192
ta1A 130000000 131000000 51510
ta7D 297000000 298000000 90689
ta1A 107000000 108000000 58615
ta2B 328000000 329000000 69762
ta3B 791000000 792000000 26657
ta3B 510000000 511000000 64967
ta2A 570000000 571000000 38531
ta6B 295000000 296000000 91128
ta5D 254000000 255000000 59146
ta3B 768000000 769000000 71936
ta2A 547000000 548000000 67047
ta7A 52000000 53000000 46616
ta4D 52000000 53000000 66223
ta7A 29000000 30000000 47394
ta6B 8000000 9000000 21146
ta3D 492000000 493000000 68811
ta3D 211000000 212000000 53699
ta4D 29000000 30000000 37351
ta3D 469000000 470000000 62398
ta3A 289000000 290000000 70854
ta7B 316000000 317000000 62909
ta2B 490000000 491000000 66809
ta2B 85000000 86000000 54032
ta2B 467000000 468000000 60930
ta1D 426000000 427000000 54425
ta1A 246000000 247000000 42333
ta7A 535000000 536000000 52050
ta4A 333000000 334000000 53748
ta2D 191000000 192000000 82163
ta6B 713000000 714000000 49092
ta3B 511000000 512000000 68302
ta2D 168000000 169000000 78747
ta6B 296000000 297000000 78549
ta3A 730000000 731000000 53877
ta7B 455000000 456000000 51198
ta6D 414000000 415000000 40888
ta4B 253000000 254000000 72699
ta3A 707000000 708000000 33131
ta3A 92000000 93000000 65415
ta5B 693000000 694000000 52786
ta5B 412000000 413000000 57973
ta4A 472000000 473000000 81605
ta3A 69000000 70000000 56761
ta1A 270000000 271000000 79795
ta2B 210000000 211000000 60957
ta7D 156000000 157000000 56033
ta4A 449000000 450000000 100319
ta1B 3000000 4000000 33327
ta1A 247000000 248000000 65072
ta3B 650000000 651000000 47717
ta1B 24000000 25000000 31615
ta5D 394000000 395000000 83502
ta5D 113000000 114000000 40055
ta3B 627000000 628000000 82325
ta2A 406000000 407000000 35666
ta2A 687000000 688000000 67943
ta6B 43000000 44000000 67548
ta4B 392000000 393000000 51838
ta3D 351000000 352000000 52088
ta3A 171000000 172000000 52501
ta1B 190000000 191000000 54455
ta4B 369000000 370000000 68556
ta3D 328000000 329000000 70497
ta1B 167000000 168000000 76327
ta6A 235000000 236000000 96500
ta1A 386000000 387000000 70167
ta2B 326000000 327000000 78451
ta7A 675000000 676000000 46792
ta5B 413000000 414000000 43693
ta2A 31000000 32000000 56181
ta5D 89000000 90000000 46581
ta5A 632000000 633000000 59015
ta6B 155000000 156000000 57596
ta5A 609000000 610000000 69864
ta3D 490000000 491000000 51313
ta6B 44000000 45000000 32218
ta3D 467000000 468000000 82636
ta7B 595000000 596000000 55163
ta6A 374000000 375000000 59242
ta4B 112000000 113000000 50663
ta3A 172000000 173000000 53930
ta2B 83000000 84000000 24266
ta3A 149000000 150000000 57107
ta5B 552000000 553000000 52166
ta4D 511000000 512000000 50126
ta4A 331000000 332000000 57932
ta2B 350000000 351000000 69616
ta7D 296000000 297000000 59500
ta5B 529000000 530000000 65380
ta4A 589000000 590000000 63855
ta4A 308000000 309000000 85984
ta2B 327000000 328000000 43598
ta1A 106000000 107000000 56366
ta3B 790000000 791000000 33246
ta6B 294000000 295000000 100123
ta5D 253000000 254000000 45212
ta3B 767000000 768000000 71713
ta2A 546000000 547000000 64967
ta7A 51000000 52000000 33485
ta4D 51000000 52000000 53300
ta7A 28000000 29000000 29071
ta6B 7000000 8000000 45396
ta4B 251000000 252000000 140840
ta3D 491000000 492000000 41909
ta3D 210000000 211000000 75331
ta4D 28000000 29000000 76298
ta3D 468000000 469000000 34317
ta3A 288000000 289000000 21229
ta7B 315000000 316000000 64918
ta2B 84000000 85000000 60385
ta2B 466000000 467000000 49691
ta1B 1000000 2000000 67917
ta1D 425000000 426000000 59113
ta1A 245000000 246000000 54615
ta7A 534000000 535000000 68359
ta1B 22000000 23000000 40443
ta5D 392000000 393000000 82401
ta4A 309000000 310000000 71794
ta2D 190000000 191000000 81333
ta2A 685000000 686000000 82663
ta6B 712000000 713000000 46938
ta5D 369000000 370000000 39564
ta2D 167000000 168000000 103200
ta1B 165000000 166000000 53208
ta7B 454000000 455000000 83716
ta6D 413000000 414000000 51316
ta6A 233000000 234000000 61889
ta4B 252000000 253000000 43289
ta3A 706000000 707000000 54841
ta3A 91000000 92000000 72551
ta4B 229000000 230000000 62145
ta7A 673000000 674000000 77584
ta5B 692000000 693000000 42183
ta5B 411000000 412000000 29494
ta4A 471000000 472000000 70042
ta3A 68000000 69000000 103839
ta7D 155000000 156000000 66558
ta5B 669000000 670000000 60944
ta4A 448000000 449000000 54536
ta1B 2000000 3000000 31727
ta5D 87000000 88000000 54719
ta1B 23000000 24000000 27937
ta5D 393000000 394000000 65471
ta5D 112000000 113000000 85086
ta3B 626000000 627000000 41245
ta2A 686000000 687000000 57085
ta2A 405000000 406000000 65062
ta6B 42000000 43000000 37359
ta6B 19000000 20000000 34336
ta4B 391000000 392000000 43593
ta3D 350000000 351000000 46662
ta3A 170000000 171000000 103649
ta4B 368000000 369000000 68410
ta3D 327000000 328000000 52596
ta3A 147000000 148000000 42703
ta1B 166000000 167000000 34805
ta6A 234000000 235000000 83627
ta7D 294000000 295000000 65138
ta4A 587000000 588000000 83377
ta1A 385000000 386000000 39903
ta2B 325000000 326000000 33549
ta7A 674000000 675000000 34451
ta2A 30000000 31000000 21211
ta3B 765000000 766000000 33065
ta5D 88000000 89000000 51906
ta5A 631000000 632000000 50988
ta7A 26000000 27000000 64767
ta6B 154000000 155000000 72282
ta5A 608000000 609000000 60654
ta3D 466000000 467000000 64987
ta7B 594000000 595000000 70457
ta7B 313000000 314000000 112639
ta6A 373000000 374000000 45697
ta4B 111000000 112000000 56790
ta2B 82000000 83000000 65002
ta3A 148000000 149000000 55347
ta1D 423000000 424000000 49835
ta5B 551000000 552000000 46316
ta4D 510000000 511000000 33302
ta4A 330000000 331000000 91237
ta2B 59000000 60000000 29689
ta7D 295000000 296000000 47338
ta5B 528000000 529000000 66056
ta4A 588000000 589000000 45119
ta4A 307000000 308000000 86808
ta1A 105000000 106000000 87085
ta6B 293000000 294000000 51315
ta5D 252000000 253000000 56536
ta3B 766000000 767000000 36669
ta2A 545000000 546000000 117940
ta7A 50000000 51000000 38928
ta5D 229000000 230000000 32531
ta4D 50000000 51000000 44040
ta7A 27000000 28000000 30059
ta6D 411000000 412000000 72505
ta6B 6000000 7000000 41039
ta4B 250000000 251000000 59539
ta3A 704000000 705000000 51352
ta4D 27000000 28000000 47387
ta4B 227000000 228000000 84044
ta3A 287000000 288000000 80901
ta7B 314000000 315000000 133721
ta5B 690000000 691000000 31945
ta3A 66000000 67000000 58874
ta5B 667000000 668000000 62142
ta2B 465000000 466000000 75721
ta1D 424000000 425000000 40681
ta1A 244000000 245000000 78572
ta7A 533000000 534000000 43732
ta1B 21000000 22000000 40898
ta7B 79000000 80000000 33749
ta5D 391000000 392000000 54123
ta2A 684000000 685000000 46912
ta6B 711000000 712000000 31494
ta5D 368000000 369000000 45264
ta2D 166000000 167000000 50858
ta3D 325000000 326000000 92277
ta1B 164000000 165000000 31451
ta7B 453000000 454000000 90166
ta6D 412000000 413000000 41183
ta6A 232000000 233000000 121149
ta3A 705000000 706000000 41812
ta3A 90000000 91000000 62706
ta6A 209000000 210000000 78085
ta5D 9000000 10000000 78094
ta4B 228000000 229000000 48962
ta7A 672000000 673000000 59315
ta5B 691000000 692000000 35140
ta5B 410000000 411000000 56757
ta4A 470000000 471000000 42712
ta3A 67000000 68000000 56111
ta7D 154000000 155000000 57887
ta7A 649000000 650000000 51203
ta5B 668000000 669000000 56518
ta4A 447000000 448000000 68815
ta5D 86000000 87000000 34241
ta6B 152000000 153000000 74274
ta5D 111000000 112000000 96776
ta3B 625000000 626000000 46744
ta2A 404000000 405000000 48448
ta6B 41000000 42000000 21944
ta6B 129000000 130000000 46836
ta5A 189000000 190000000 81851
ta7B 592000000 593000000 58872
ta6B 18000000 19000000 25427
ta4B 390000000 391000000 72620
ta4B 367000000 368000000 50721
ta3D 326000000 327000000 57355
ta3A 146000000 147000000 54989
ta7D 293000000 294000000 52470
ta4A 586000000 587000000 72250
ta1A 103000000 104000000 57503
ta1A 384000000 385000000 67630
ta2B 324000000 325000000 55522
ta5D 250000000 251000000 37211
ta3B 764000000 765000000 23036
ta2A 543000000 544000000 50508
ta5A 630000000 631000000 57179
ta5D 227000000 228000000 45843
ta7A 25000000 26000000 75941
ta6B 153000000 154000000 47304
ta5A 607000000 608000000 63485
ta4D 25000000 26000000 51471
ta3D 465000000 466000000 67067
ta7B 593000000 594000000 30421
ta7B 312000000 313000000 137734
ta6A 372000000 373000000 78841
ta4B 110000000 111000000 65132
ta2B 81000000 82000000 57184
ta6A 349000000 350000000 46906
ta1D 422000000 423000000 31202
ta5B 550000000 551000000 51145
ta2B 58000000 59000000 49064
ta5B 527000000 528000000 34690
ta4A 306000000 307000000 45952
ta1A 104000000 105000000 82424
ta2D 164000000 165000000 53846
ta6B 292000000 293000000 49174
ta5D 251000000 252000000 48100
ta2A 544000000 545000000 72521
ta6B 269000000 270000000 64841
ta5D 228000000 229000000 71525
ta6D 410000000 411000000 45892
ta6B 5000000 6000000 29291
ta3A 703000000 704000000 35634
ta4D 26000000 27000000 65008
ta6A 488000000 489000000 84907
ta4B 226000000 227000000 52788
ta3A 286000000 287000000 56229
ta3A 65000000 66000000 54568
ta7D 152000000 153000000 69486
ta5B 666000000 667000000 44349
ta2B 464000000 465000000 51451
ta1A 243000000 244000000 68040
ta7A 532000000 533000000 79970
ta1B 20000000 21000000 39339
ta7B 78000000 79000000 94306
ta7A 509000000 510000000 31598
ta5D 390000000 391000000 68637
ta3B 623000000 624000000 60418
ta2A 683000000 684000000 141307
ta6B 710000000 711000000 47128
ta5D 367000000 368000000 50368
ta2D 165000000 166000000 49602
ta3D 324000000 325000000 61063
ta1B 163000000 164000000 83342
ta7B 452000000 453000000 27809
ta6A 231000000 232000000 72547
ta7B 429000000 430000000 50217
ta6A 489000000 490000000 61247
ta6A 208000000 209000000 55857
ta5D 8000000 9000000 54933
ta1A 382000000 383000000 81247
ta7A 671000000 672000000 71008
ta1A 359000000 360000000 65446
ta7D 153000000 154000000 39054
ta7A 648000000 649000000 34576
ta4A 446000000 447000000 38893
ta5D 85000000 86000000 93050
ta6B 151000000 152000000 43286
ta5D 110000000 111000000 70988
ta5A 605000000 606000000 54751
ta3B 624000000 625000000 73147
ta2A 403000000 404000000 92148
ta6B 40000000 41000000 45055
ta6B 128000000 129000000 71063
ta5A 188000000 189000000 69484
ta7B 591000000 592000000 27497
ta6B 17000000 18000000 42686
ta6A 370000000 371000000 41614
ta7B 568000000 569000000 66018
ta4B 366000000 367000000 66578
ta3A 145000000 146000000 83489
ta7D 292000000 293000000 74970
ta4A 585000000 586000000 66578
ta1A 102000000 103000000 74826
ta1A 383000000 384000000 55580
ta2B 323000000 324000000 18055
ta7D 269000000 270000000 68310
ta3B 763000000 764000000 25719
ta2A 542000000 543000000 37761
ta5D 226000000 227000000 55162
ta2A 519000000 520000000 78937
ta7A 24000000 25000000 44040
ta6B 3000000 4000000 14180
ta5A 606000000 607000000 57494
ta4D 24000000 25000000 55279
ta3D 464000000 465000000 77580
ta3A 284000000 285000000 53907
ta7B 311000000 312000000 107684
ta6A 371000000 372000000 41814
ta2B 80000000 81000000 23851
ta7B 569000000 570000000 47534
ta6A 348000000 349000000 43822
ta2B 462000000 463000000 50921
ta1D 421000000 422000000 56200
ta7A 530000000 531000000 51337
ta2B 57000000 58000000 30880
ta1A 499000000 500000000 68687
ta2B 439000000 440000000 63317
ta7A 507000000 508000000 64358
ta5B 526000000 527000000 55329
ta4A 305000000 306000000 111017
ta2D 163000000 164000000 49266
ta6B 291000000 292000000 52014
ta6B 268000000 269000000 94952
ta7B 450000000 451000000 66174
ta6B 4000000 5000000 12516
ta3A 702000000 703000000 46402
ta6A 487000000 488000000 59135
ta4B 225000000 226000000 66178
ta3A 285000000 286000000 83175
ta3A 64000000 65000000 64388
ta7D 151000000 152000000 35674
ta5B 665000000 666000000 62316
ta4A 444000000 445000000 89628
ta2B 463000000 464000000 29553
ta1A 242000000 243000000 98061
ta7A 531000000 532000000 66151
ta7D 128000000 129000000 68657
ta1A 219000000 220000000 123267
ta7B 77000000 78000000 43972
ta7A 508000000 509000000 54663
ta3B 622000000 623000000 59397
ta2A 401000000 402000000 49790
ta2A 682000000 683000000 65196
ta5D 366000000 367000000 39380
ta2A 659000000 660000000 96023
ta4B 364000000 365000000 83080
ta3D 323000000 324000000 51517
ta1B 162000000 163000000 72370
ta7B 451000000 452000000 75480
ta6A 230000000 231000000 62766
ta1B 139000000 140000000 62214
ta7B 428000000 429000000 42730
ta6A 207000000 208000000 60406
ta5D 7000000 8000000 61233
ta1A 381000000 382000000 65349
ta7A 670000000 671000000 73000
ta2B 579000000 580000000 35417
ta1A 358000000 359000000 76034
ta7A 647000000 648000000 53463
ta4A 445000000 446000000 79345
ta5D 84000000 85000000 61696
ta7D 129000000 130000000 58221
ta6B 150000000 151000000 47404
ta5A 604000000 605000000 64756
ta2A 402000000 403000000 68328
ta6B 127000000 128000000 72343
ta5A 187000000 188000000 41985
ta7B 590000000 591000000 33473
ta6B 16000000 17000000 45284
ta1B 278000000 279000000 65639
ta7B 567000000 568000000 48820
ta6A 346000000 347000000 38398
ta4B 365000000 366000000 72185
ta3A 144000000 145000000 63123
ta4D 0 1000000 99618
ta7D 291000000 292000000 65611
ta5B 524000000 525000000 45096
ta4A 584000000 585000000 72302
ta2B 322000000 323000000 41974
ta1A 101000000 102000000 84127
ta7D 268000000 269000000 63911
ta3B 762000000 763000000 62774
ta2A 541000000 542000000 67191
ta5D 225000000 226000000 78442
ta3B 739000000 740000000 34076
ta2A 518000000 519000000 57823
ta7A 23000000 24000000 50733
ta6B 2000000 3000000 24180
ta4D 23000000 24000000 36523
ta3D 463000000 464000000 66703
ta3A 283000000 284000000 45339
ta7B 310000000 311000000 128586
ta1B 279000000 280000000 69176
ta6A 347000000 348000000 53109
ta2B 461000000 462000000 80829
ta1D 420000000 421000000 61261
ta1A 240000000 241000000 55875
ta2B 56000000 57000000 63732
ta1A 498000000 499000000 67114
ta2B 438000000 439000000 61867
ta7B 75000000 76000000 46698
ta7A 506000000 507000000 45625
ta5B 525000000 526000000 55022
ta4A 304000000 305000000 40698
ta2D 162000000 163000000 71302
ta6B 290000000 291000000 69227
ta2D 139000000 140000000 47965
ta6B 267000000 268000000 80440
ta3A 701000000 702000000 45062
ta3D 579000000 580000000 48660
ta7B 426000000 427000000 43861
ta6A 486000000 487000000 79993
ta4B 224000000 225000000 60848
ta3A 63000000 64000000 68482
ta7D 150000000 151000000 58931
ta5B 664000000 665000000 53445
ta4A 443000000 444000000 51559
ta1A 241000000 242000000 59316
ta7D 127000000 128000000 39511
ta1A 218000000 219000000 147082
ta7B 76000000 77000000 71979
ta3B 621000000 622000000 23630
ta2A 681000000 682000000 52232
ta2A 400000000 401000000 73914
ta5D 365000000 366000000 76167
ta5A 185000000 186000000 80570
ta2A 658000000 659000000 52903
ta6B 14000000 15000000 59440
ta4B 363000000 364000000 95980
ta3D 322000000 323000000 82270
ta1B 161000000 162000000 52667
ta1B 138000000 139000000 43148
ta7B 427000000 428000000 70139
ta6A 206000000 207000000 77030
ta5D 6000000 7000000 57376
ta1A 380000000 381000000 66518
ta2B 320000000 321000000 56021
ta2B 578000000 579000000 55001
ta1A 357000000 358000000 37854
ta7A 646000000 647000000 65171
ta5D 83000000 84000000 68393
ta5A 603000000 604000000 49904
ta2D 279000000 280000000 44807
ta6B 126000000 127000000 38427
ta5A 186000000 187000000 78676
ta3D 461000000 462000000 70323
ta6B 15000000 16000000 54112
ta3D 438000000 439000000 36108
ta1B 277000000 278000000 87461
ta7B 566000000 567000000 76187
ta6A 345000000 346000000 60847
ta3A 143000000 144000000 62269
ta2B 54000000 55000000 61484
ta7D 290000000 291000000 39117
ta5B 523000000 524000000 41587
ta4A 583000000 584000000 84126
ta4A 302000000 303000000 57699
ta2B 321000000 322000000 44765
ta1A 100000000 101000000 42599
ta7D 267000000 268000000 50649
ta3B 761000000 762000000 44022
ta2A 540000000 541000000 70977
ta6B 265000000 266000000 55262
ta5D 224000000 225000000 70379
ta3B 738000000 739000000 54235
ta2A 517000000 518000000 76854
ta7A 22000000 23000000 49399
ta6B 1000000 2000000 30857
ta4D 22000000 23000000 68851
ta3D 462000000 463000000 73534
ta3A 282000000 283000000 36454
ta3D 439000000 440000000 50348
ta3A 259000000 260000000 70005
ta2B 460000000 461000000 58865
ta2B 55000000 56000000 45144
ta4A 699000000 700000000 28221
ta1A 216000000 217000000 118017
ta1A 497000000 498000000 81176
ta2B 437000000 438000000 90473
ta7B 74000000 75000000 48731
ta7A 505000000 506000000 70753
ta4A 303000000 304000000 73040
ta5D 363000000 364000000 42896
ta2D 161000000 162000000 46028
ta2A 656000000 657000000 61294
ta3B 179000000 180000000 90710
ta2D 138000000 139000000 76302
ta6B 266000000 267000000 76686
ta3A 700000000 701000000 56739
ta3D 578000000 579000000 45570
ta7B 425000000 426000000 46270
ta6A 485000000 486000000 30125
ta6A 204000000 205000000 91652
ta4B 223000000 224000000 21213
ta3A 62000000 63000000 68304
ta5B 663000000 664000000 39231
ta4A 442000000 443000000 58708
ta3A 39000000 40000000 45690
ta5D 81000000 82000000 85260
ta7D 126000000 127000000 56932
ta4A 419000000 420000000 71501
ta1A 217000000 218000000 127310
ta3B 620000000 621000000 73943
ta2A 680000000 681000000 71093
ta2D 277000000 278000000 72362
ta5D 364000000 365000000 77458
ta5A 184000000 185000000 47099
ta2A 657000000 658000000 70238
ta6B 13000000 14000000 35798
ta4B 362000000 363000000 82891
ta3D 321000000 322000000 65071
ta3A 141000000 142000000 61414
ta1B 160000000 161000000 57085
ta4B 339000000 340000000 78440
ta3A 399000000 400000000 49973
ta3A 118000000 119000000 64070
ta1B 137000000 138000000 51598
ta6A 205000000 206000000 53788
ta5D 5000000 6000000 38564
ta4A 581000000 582000000 66119
ta2B 577000000 578000000 40602
ta1A 356000000 357000000 78814
ta7A 645000000 646000000 49265
ta5D 82000000 83000000 66129
ta3B 736000000 737000000 25128
ta7A 20000000 21000000 83825
ta5D 59000000 60000000 62909
ta5A 602000000 603000000 32245
ta2D 278000000 279000000 52775
ta6B 125000000 126000000 41918
ta4A 98000000 99000000 69967
ta3D 460000000 461000000 76217
ta3D 437000000 438000000 70513
ta1B 276000000 277000000 63446
ta7B 565000000 566000000 63446
ta6A 344000000 345000000 56250
ta3A 142000000 143000000 59304
ta2B 53000000 54000000 44533
ta3A 119000000 120000000 71093
ta1A 495000000 496000000 72872
ta5B 522000000 523000000 65968
ta4A 582000000 583000000 65782
ta4A 301000000 302000000 43905
ta7D 266000000 267000000 40293
ta4A 559000000 560000000 62667
ta3B 760000000 761000000 24995
ta6B 264000000 265000000 71137
ta5D 223000000 224000000 70878
ta5A 718000000 719000000 44135
ta3B 737000000 738000000 53439
ta2A 516000000 517000000 61818
ta7A 21000000 22000000 67660
ta4D 21000000 22000000 55541
ta4B 221000000 222000000 97905
ta4A 99000000 100000000 50030
ta3A 281000000 282000000 70265
ta3A 60000000 61000000 67911
ta1D 99000000 100000000 58940
ta4B 479000000 480000000 74329
ta3A 258000000 259000000 43136
ta5B 661000000 662000000 81223
ta4A 698000000 699000000 26038
ta1A 215000000 216000000 103851
ta1A 496000000 497000000 22764
ta2B 436000000 437000000 75630
ta7B 73000000 74000000 56361
ta7A 504000000 505000000 52830
ta5D 362000000 363000000 60469
ta2D 160000000 161000000 48334
ta2A 655000000 656000000 78245
ta5D 339000000 340000000 63531
ta3B 178000000 179000000 69743
ta2D 137000000 138000000 81637
ta5A 719000000 720000000 48242
ta3D 577000000 578000000 38192
ta1B 135000000 136000000 65865
ta7B 424000000 425000000 54358
ta6A 484000000 485000000 53843
ta6A 203000000 204000000 71856
ta5D 3000000 4000000 50413
ta4B 222000000 223000000 51084
ta3A 61000000 62000000 64937
ta2B 575000000 576000000 36981
ta7A 643000000 644000000 63701
ta5B 662000000 663000000 28938
ta4A 441000000 442000000 67177
ta3A 38000000 39000000 49939
ta5D 80000000 81000000 58234
ta7D 125000000 126000000 17081
ta5B 639000000 640000000 50837
ta4A 418000000 419000000 68002
ta5D 57000000 58000000 69644
ta2D 276000000 277000000 85844
ta6B 123000000 124000000 49651
ta5A 183000000 184000000 54180
ta6B 12000000 13000000 25224
ta4B 361000000 362000000 23341
ta3D 320000000 321000000 44519
ta3A 140000000 141000000 50097
ta4B 338000000 339000000 88888
ta3A 398000000 399000000 78112
ta3A 117000000 118000000 65760
ta1B 136000000 137000000 55569
ta5D 4000000 5000000 76588
ta4A 580000000 581000000 71469
ta7D 264000000 265000000 43082
ta4A 557000000 558000000 48888
ta2B 576000000 577000000 46052
ta1A 355000000 356000000 18071
ta7A 644000000 645000000 74796
ta3B 735000000 736000000 59988
ta5D 58000000 59000000 62629
ta5A 601000000 602000000 63292
ta5D 479000000 480000000 76637
ta6B 124000000 125000000 45695
ta4A 97000000 98000000 45052
ta1D 97000000 98000000 66558
ta3D 436000000 437000000 51672
ta1B 275000000 276000000 64833
ta7B 564000000 565000000 62653
ta6A 343000000 344000000 81985
ta2B 52000000 53000000 53109
ta1A 494000000 495000000 85041
ta5B 521000000 522000000 53459
ta4A 300000000 301000000 61543
ta2B 29000000 30000000 51094
ta4D 178000000 179000000 71184
ta7D 265000000 266000000 69956
ta4A 558000000 559000000 80290
ta6B 263000000 264000000 71560
ta5D 222000000 223000000 68576
ta5A 717000000 718000000 92579
ta2A 515000000 516000000 71318
ta4D 20000000 21000000 57855
ta6A 482000000 483000000 64945
ta4B 220000000 221000000 52500
ta3A 280000000 281000000 64341
ta1D 98000000 99000000 49618
ta6A 459000000 460000000 38462
ta4B 478000000 479000000 61434
ta3A 257000000 258000000 57273
ta5B 660000000 661000000 41400
ta3A 36000000 37000000 52186
ta5B 637000000 638000000 43926
ta4A 697000000 698000000 28888
ta2B 435000000 436000000 51200
ta1A 214000000 215000000 120512
ta7B 72000000 73000000 24209
ta7A 503000000 504000000 52185
ta4D 179000000 180000000 32916
ta7B 49000000 50000000 44808
ta5D 361000000 362000000 56074
ta2A 654000000 655000000 63834
ta5D 338000000 339000000 51119
ta3B 177000000 178000000 43356
ta2D 136000000 137000000 59179
ta3A 0 1000000 14635
ta3D 576000000 577000000 58954
ta3A 396000000 397000000 83783
ta1B 134000000 135000000 47957
ta7B 423000000 424000000 61584
ta6A 483000000 484000000 39065
ta6A 202000000 203000000 73635
ta5D 2000000 3000000 23499
ta2B 574000000 575000000 61413
ta7A 642000000 643000000 49273
ta4A 440000000 441000000 49501
ta3A 37000000 38000000 48570
ta7D 124000000 125000000 36947
ta7A 619000000 620000000 28211
ta5B 638000000 639000000 63519
ta4A 417000000 418000000 55401
ta5D 56000000 57000000 65067
ta2D 275000000 276000000 96645
ta6B 122000000 123000000 65913
ta5A 182000000 183000000 66010
ta6B 11000000 12000000 10014
ta5A 159000000 160000000 82308
ta7B 562000000 563000000 88407
ta4B 360000000 361000000 41763
ta3B 89000000 90000000 27650
ta7B 539000000 540000000 72757
ta6A 599000000 600000000 34205
ta4B 337000000 338000000 77590
ta3A 397000000 398000000 51213
ta3A 116000000 117000000 57421
ta7D 263000000 264000000 35705
ta4A 556000000 557000000 71642
ta1A 354000000 355000000 62911
ta5D 220000000 221000000 45303
ta3B 734000000 735000000 54162
ta2A 513000000 514000000 53537
ta5A 600000000 601000000 54413
ta5D 478000000 479000000 71054
ta5A 298000000 299000000 79396
ta4A 96000000 97000000 47090
ta1D 96000000 97000000 70339
ta4B 476000000 477000000 68442
ta3D 435000000 436000000 62346
ta1B 274000000 275000000 76745
ta7B 563000000 564000000 30151
ta6A 342000000 343000000 144068
ta2B 51000000 52000000 39303
ta6A 319000000 320000000 50950
ta1A 493000000 494000000 49058
ta7A 501000000 502000000 60068
ta5B 520000000 521000000 58718
ta2B 28000000 29000000 38372
ta4D 177000000 178000000 67127
ta2D 134000000 135000000 68007
ta6B 262000000 263000000 55553
ta5D 221000000 222000000 53552
ta5A 716000000 717000000 53399
ta2A 514000000 515000000 64122
