ta1A	0	1000000	2
ta1A	1000000	2000000	18
ta1A	2000000	3000000	7
ta1A	3000000	4000000	18
ta1A	4000000	5000000	11
ta1A	5000000	6000000	11
ta1A	6000000	7000000	13
ta1A	7000000	8000000	22
ta1A	8000000	9000000	22
ta1A	9000000	10000000	22
ta1A	10000000	11000000	28
ta1A	11000000	12000000	13
ta1A	12000000	13000000	27
ta1A	13000000	14000000	23
ta1A	14000000	15000000	26
ta1A	15000000	16000000	7
ta1A	16000000	17000000	6
ta1A	17000000	18000000	11
ta1A	18000000	19000000	10
ta1A	19000000	20000000	2
ta1A	20000000	21000000	9
ta1A	21000000	22000000	20
ta1A	22000000	23000000	13
ta1A	23000000	24000000	7
ta1A	24000000	25000000	13
ta1A	25000000	26000000	9
ta1A	26000000	27000000	9
ta1A	27000000	28000000	6
ta1A	28000000	29000000	4
ta1A	29000000	30000000	8
ta1A	30000000	31000000	7
ta1A	31000000	32000000	9
ta1A	32000000	33000000	13
ta1A	33000000	34000000	7
ta1A	34000000	35000000	10
ta1A	35000000	36000000	2
ta1A	36000000	37000000	10
ta1A	37000000	38000000	11
ta1A	38000000	39000000	14
ta1A	39000000	40000000	5
ta1A	40000000	41000000	8
ta1A	41000000	42000000	11
ta1A	42000000	43000000	6
ta1A	43000000	44000000	17
ta1A	44000000	45000000	9
ta1A	45000000	46000000	11
ta1A	46000000	47000000	5
ta1A	47000000	48000000	4
ta1A	48000000	49000000	8
ta1A	49000000	50000000	3
ta1A	50000000	51000000	7
ta1A	51000000	52000000	16
ta1A	52000000	53000000	9
ta1A	53000000	54000000	1
ta1A	54000000	55000000	6
ta1A	55000000	56000000	10
ta1A	56000000	57000000	17
ta1A	57000000	58000000	2
ta1A	58000000	59000000	2
ta1A	59000000	60000000	10
ta1A	60000000	61000000	12
ta1A	61000000	62000000	11
ta1A	62000000	63000000	15
ta1A	63000000	64000000	9
ta1A	64000000	65000000	7
ta1A	65000000	66000000	9
ta1A	66000000	67000000	3
ta1A	67000000	68000000	11
ta1A	68000000	69000000	4
ta1A	69000000	70000000	4
ta1A	70000000	71000000	7
ta1A	71000000	72000000	3
ta1A	72000000	73000000	2
ta1A	73000000	74000000	7
ta1A	74000000	75000000	8
ta1A	75000000	76000000	11
ta1A	76000000	77000000	5
ta1A	77000000	78000000	2
ta1A	78000000	79000000	6
ta1A	79000000	80000000	7
ta1A	80000000	81000000	3
ta1A	81000000	82000000	5
ta1A	82000000	83000000	6
ta1A	83000000	84000000	1
ta1A	84000000	85000000	8
ta1A	85000000	86000000	1
ta1A	86000000	87000000	7
ta1A	87000000	88000000	6
ta1A	88000000	89000000	11
ta1A	89000000	90000000	2
ta1A	90000000	91000000	1
ta1A	91000000	92000000	5
ta1A	92000000	93000000	4
ta1A	93000000	94000000	13
ta1A	94000000	95000000	3
ta1A	95000000	96000000	5
ta1A	96000000	97000000	2
ta1A	97000000	98000000	4
ta1A	98000000	99000000	18
ta1A	99000000	100000000	4
ta1A	100000000	101000000	11
ta1A	101000000	102000000	13
ta1A	102000000	103000000	6
ta1A	103000000	104000000	8
ta1A	104000000	105000000	1
ta1A	105000000	106000000	3
ta1A	106000000	107000000	15
ta1A	107000000	108000000	3
ta1A	108000000	109000000	4
ta1A	109000000	110000000	9
ta1A	110000000	111000000	6
ta1A	111000000	112000000	8
ta1A	112000000	113000000	7
ta1A	113000000	114000000	4
ta1A	114000000	115000000	4
ta1A	115000000	116000000	5
ta1A	116000000	117000000	6
ta1A	117000000	118000000	2
ta1A	118000000	119000000	4
ta1A	119000000	120000000	5
ta1A	120000000	121000000	6
ta1A	121000000	122000000	7
ta1A	122000000	123000000	6
ta1A	123000000	124000000	3
ta1A	124000000	125000000	3
ta1A	125000000	126000000	1
ta1A	126000000	127000000	3
ta1A	127000000	128000000	6
ta1A	128000000	129000000	3
ta1A	129000000	130000000	7
ta1A	130000000	131000000	3
ta1A	131000000	132000000	2
ta1A	132000000	133000000	3
ta1A	133000000	134000000	2
ta1A	134000000	135000000	3
ta1A	135000000	136000000	10
ta1A	136000000	137000000	2
ta1A	137000000	138000000	4
ta1A	138000000	139000000	2
ta1A	139000000	140000000	3
ta1A	140000000	141000000	1
ta1A	141000000	142000000	3
ta1A	142000000	143000000	1
ta1A	143000000	144000000	2
ta1A	144000000	145000000	1
ta1A	145000000	146000000	5
ta1A	146000000	147000000	3
ta1A	147000000	148000000	1
ta1A	148000000	149000000	2
ta1A	149000000	150000000	7
ta1A	150000000	151000000	3
ta1A	151000000	152000000	4
ta1A	152000000	153000000	4
ta1A	153000000	154000000	5
ta1A	154000000	155000000	3
ta1A	155000000	156000000	3
ta1A	156000000	157000000	3
ta1A	157000000	158000000	6
ta1A	158000000	159000000	3
ta1A	159000000	160000000	3
ta1A	160000000	161000000	2
ta1A	161000000	162000000	1
ta1A	162000000	163000000	0
ta1A	163000000	164000000	1
ta1A	164000000	165000000	1
ta1A	165000000	166000000	5
ta1A	166000000	167000000	1
ta1A	167000000	168000000	1
ta1A	168000000	169000000	1
ta1A	169000000	170000000	1
ta1A	170000000	171000000	4
ta1A	171000000	172000000	1
ta1A	172000000	173000000	0
ta1A	173000000	174000000	3
ta1A	174000000	175000000	2
ta1A	175000000	176000000	0
ta1A	176000000	177000000	2
ta1A	177000000	178000000	1
ta1A	178000000	179000000	2
ta1A	179000000	180000000	3
ta1A	180000000	181000000	0
ta1A	181000000	182000000	4
ta1A	182000000	183000000	0
ta1A	183000000	184000000	1
ta1A	184000000	185000000	2
ta1A	185000000	186000000	0
ta1A	186000000	187000000	0
ta1A	187000000	188000000	4
ta1A	188000000	189000000	1
ta1A	189000000	190000000	1
ta1A	190000000	191000000	2
ta1A	191000000	192000000	2
ta1A	192000000	193000000	1
ta1A	193000000	194000000	1
ta1A	194000000	195000000	0
ta1A	195000000	196000000	1
ta1A	196000000	197000000	0
ta1A	197000000	198000000	0
ta1A	198000000	199000000	0
ta1A	199000000	200000000	1
ta1A	200000000	201000000	1
ta1A	201000000	202000000	0
ta1A	202000000	203000000	0
ta1A	203000000	204000000	1
ta1A	204000000	205000000	3
ta1A	205000000	206000000	2
ta1A	206000000	207000000	0
ta1A	207000000	208000000	2
ta1A	208000000	209000000	1
ta1A	209000000	210000000	0
ta1A	210000000	211000000	4
ta1A	211000000	212000000	3
ta1A	212000000	213000000	0
ta1A	213000000	214000000	2
ta1A	214000000	215000000	3
ta1A	215000000	216000000	0
ta1A	216000000	217000000	1
ta1A	217000000	218000000	0
ta1A	218000000	219000000	0
ta1A	219000000	220000000	0
ta1A	220000000	221000000	0
ta1A	221000000	222000000	0
ta1A	222000000	223000000	0
ta1A	223000000	224000000	1
ta1A	224000000	225000000	2
ta1A	225000000	226000000	3
ta1A	226000000	227000000	1
ta1A	227000000	228000000	2
ta1A	228000000	229000000	1
ta1A	229000000	230000000	3
ta1A	230000000	231000000	2
ta1A	231000000	232000000	1
ta1A	232000000	233000000	1
ta1A	233000000	234000000	1
ta1A	234000000	235000000	1
ta1A	235000000	236000000	2
ta1A	236000000	237000000	2
ta1A	237000000	238000000	1
ta1A	238000000	239000000	1
ta1A	239000000	240000000	3
ta1A	240000000	241000000	3
ta1A	241000000	242000000	2
ta1A	242000000	243000000	2
ta1A	243000000	244000000	2
ta1A	244000000	245000000	6
ta1A	245000000	246000000	2
ta1A	246000000	247000000	2
ta1A	247000000	248000000	6
ta1A	248000000	249000000	3
ta1A	249000000	250000000	3
ta1A	250000000	251000000	5
ta1A	251000000	252000000	3
ta1A	252000000	253000000	1
ta1A	253000000	254000000	1
ta1A	254000000	255000000	6
ta1A	255000000	256000000	2
ta1A	256000000	257000000	7
ta1A	257000000	258000000	8
ta1A	258000000	259000000	6
ta1A	259000000	260000000	6
ta1A	260000000	261000000	5
ta1A	261000000	262000000	8
ta1A	262000000	263000000	7
ta1A	263000000	264000000	4
ta1A	264000000	265000000	7
ta1A	265000000	266000000	0
ta1A	266000000	267000000	5
ta1A	267000000	268000000	3
ta1A	268000000	269000000	5
ta1A	269000000	270000000	1
ta1A	270000000	271000000	3
ta1A	271000000	272000000	2
ta1A	272000000	273000000	3
ta1A	273000000	274000000	3
ta1A	274000000	275000000	2
ta1A	275000000	276000000	3
ta1A	276000000	277000000	1
ta1A	277000000	278000000	4
ta1A	278000000	279000000	2
ta1A	279000000	280000000	2
ta1A	280000000	281000000	1
ta1A	281000000	282000000	6
ta1A	282000000	283000000	4
ta1A	283000000	284000000	4
ta1A	284000000	285000000	0
ta1A	285000000	286000000	3
ta1A	286000000	287000000	2
ta1A	287000000	288000000	3
ta1A	288000000	289000000	1
ta1A	289000000	290000000	2
ta1A	290000000	291000000	3
ta1A	291000000	292000000	3
ta1A	292000000	293000000	1
ta1A	293000000	294000000	5
ta1A	294000000	295000000	3
ta1A	295000000	296000000	7
ta1A	296000000	297000000	10
ta1A	297000000	298000000	7
ta1A	298000000	299000000	5
ta1A	299000000	300000000	3
ta1A	300000000	301000000	4
ta1A	301000000	302000000	6
ta1A	302000000	303000000	1
ta1A	303000000	304000000	14
ta1A	304000000	305000000	7
ta1A	305000000	306000000	9
ta1A	306000000	307000000	10
ta1A	307000000	308000000	7
ta1A	308000000	309000000	6
ta1A	309000000	310000000	5
ta1A	310000000	311000000	0
ta1A	311000000	312000000	6
ta1A	312000000	313000000	6
ta1A	313000000	314000000	2
ta1A	314000000	315000000	3
ta1A	315000000	316000000	8
ta1A	316000000	317000000	6
ta1A	317000000	318000000	2
ta1A	318000000	319000000	5
ta1A	319000000	320000000	6
ta1A	320000000	321000000	10
ta1A	321000000	322000000	0
ta1A	322000000	323000000	1
ta1A	323000000	324000000	0
ta1A	324000000	325000000	1
ta1A	325000000	326000000	6
ta1A	326000000	327000000	9
ta1A	327000000	328000000	7
ta1A	328000000	329000000	3
ta1A	329000000	330000000	6
ta1A	330000000	331000000	3
ta1A	331000000	332000000	7
ta1A	332000000	333000000	4
ta1A	333000000	334000000	6
ta1A	334000000	335000000	3
ta1A	335000000	336000000	5
ta1A	336000000	337000000	4
ta1A	337000000	338000000	6
ta1A	338000000	339000000	1
ta1A	339000000	340000000	4
ta1A	340000000	341000000	9
ta1A	341000000	342000000	8
ta1A	342000000	343000000	5
ta1A	343000000	344000000	10
ta1A	344000000	345000000	9
ta1A	345000000	346000000	4
ta1A	346000000	347000000	5
ta1A	347000000	348000000	2
ta1A	348000000	349000000	5
ta1A	349000000	350000000	9
ta1A	350000000	351000000	5
ta1A	351000000	352000000	7
ta1A	352000000	353000000	4
ta1A	353000000	354000000	2
ta1A	354000000	355000000	7
ta1A	355000000	356000000	2
ta1A	356000000	357000000	6
ta1A	357000000	358000000	7
ta1A	358000000	359000000	5
ta1A	359000000	360000000	5
ta1A	360000000	361000000	6
ta1A	361000000	362000000	14
ta1A	362000000	363000000	2
ta1A	363000000	364000000	7
ta1A	364000000	365000000	3
ta1A	365000000	366000000	3
ta1A	366000000	367000000	2
ta1A	367000000	368000000	7
ta1A	368000000	369000000	7
ta1A	369000000	370000000	6
ta1A	370000000	371000000	5
ta1A	371000000	372000000	5
ta1A	372000000	373000000	10
ta1A	373000000	374000000	4
ta1A	374000000	375000000	14
ta1A	375000000	376000000	10
ta1A	376000000	377000000	6
ta1A	377000000	378000000	6
ta1A	378000000	379000000	10
ta1A	379000000	380000000	7
ta1A	380000000	381000000	7
ta1A	381000000	382000000	5
ta1A	382000000	383000000	11
ta1A	383000000	384000000	8
ta1A	384000000	385000000	0
ta1A	385000000	386000000	6
ta1A	386000000	387000000	4
ta1A	387000000	388000000	8
ta1A	388000000	389000000	3
ta1A	389000000	390000000	4
ta1A	390000000	391000000	2
ta1A	391000000	392000000	7
ta1A	392000000	393000000	8
ta1A	393000000	394000000	10
ta1A	394000000	395000000	6
ta1A	395000000	396000000	10
ta1A	396000000	397000000	3
ta1A	397000000	398000000	7
ta1A	398000000	399000000	5
ta1A	399000000	400000000	3
ta1A	400000000	401000000	13
ta1A	401000000	402000000	5
ta1A	402000000	403000000	9
ta1A	403000000	404000000	7
ta1A	404000000	405000000	2
ta1A	405000000	406000000	9
ta1A	406000000	407000000	5
ta1A	407000000	408000000	5
ta1A	408000000	409000000	9
ta1A	409000000	410000000	5
ta1A	410000000	411000000	5
ta1A	411000000	412000000	6
ta1A	412000000	413000000	4
ta1A	413000000	414000000	5
ta1A	414000000	415000000	3
ta1A	415000000	416000000	4
ta1A	416000000	417000000	2
ta1A	417000000	418000000	1
ta1A	418000000	419000000	2
ta1A	419000000	420000000	3
ta1A	420000000	421000000	1
ta1A	421000000	422000000	2
ta1A	422000000	423000000	1
ta1A	423000000	424000000	2
ta1A	424000000	425000000	8
ta1A	425000000	426000000	4
ta1A	426000000	427000000	3
ta1A	427000000	428000000	2
ta1A	428000000	429000000	0
ta1A	429000000	430000000	7
ta1A	430000000	431000000	6
ta1A	431000000	432000000	5
ta1A	432000000	433000000	11
ta1A	433000000	434000000	5
ta1A	434000000	435000000	7
ta1A	435000000	436000000	4
ta1A	436000000	437000000	9
ta1A	437000000	438000000	8
ta1A	438000000	439000000	12
ta1A	439000000	440000000	4
ta1A	440000000	441000000	7
ta1A	441000000	442000000	4
ta1A	442000000	443000000	1
ta1A	443000000	444000000	6
ta1A	444000000	445000000	5
ta1A	445000000	446000000	11
ta1A	446000000	447000000	16
ta1A	447000000	448000000	9
ta1A	448000000	449000000	8
ta1A	449000000	450000000	8
ta1A	450000000	451000000	12
ta1A	451000000	452000000	4
ta1A	452000000	453000000	4
ta1A	453000000	454000000	8
ta1A	454000000	455000000	19
ta1A	455000000	456000000	1
ta1A	456000000	457000000	6
ta1A	457000000	458000000	9
ta1A	458000000	459000000	4
ta1A	459000000	460000000	10
ta1A	460000000	461000000	3
ta1A	461000000	462000000	5
ta1A	462000000	463000000	2
ta1A	463000000	464000000	7
ta1A	464000000	465000000	10
ta1A	465000000	466000000	11
ta1A	466000000	467000000	13
ta1A	467000000	468000000	11
ta1A	468000000	469000000	13
ta1A	469000000	470000000	12
ta1A	470000000	471000000	14
ta1A	471000000	472000000	6
ta1A	472000000	473000000	9
ta1A	473000000	474000000	7
ta1A	474000000	475000000	9
ta1A	475000000	476000000	2
ta1A	476000000	477000000	10
ta1A	477000000	478000000	10
ta1A	478000000	479000000	2
ta1A	479000000	480000000	10
ta1A	480000000	481000000	3
ta1A	481000000	482000000	5
ta1A	482000000	483000000	4
ta1A	483000000	484000000	6
ta1A	484000000	485000000	4
ta1A	485000000	486000000	17
ta1A	486000000	487000000	9
ta1A	487000000	488000000	16
ta1A	488000000	489000000	7
ta1A	489000000	490000000	7
ta1A	490000000	491000000	8
ta1A	491000000	492000000	14
ta1A	492000000	493000000	10
ta1A	493000000	494000000	8
ta1A	494000000	495000000	13
ta1A	495000000	496000000	9
ta1A	496000000	497000000	7
ta1A	497000000	498000000	8
ta1A	498000000	499000000	13
ta1A	499000000	500000000	9
ta1A	500000000	501000000	12
ta1A	501000000	502000000	17
ta1A	502000000	503000000	25
ta1A	503000000	504000000	20
ta1A	504000000	505000000	17
ta1A	505000000	506000000	15
ta1A	506000000	507000000	4
ta1A	507000000	508000000	4
ta1A	508000000	509000000	7
ta1A	509000000	510000000	11
ta1A	510000000	511000000	14
ta1A	511000000	512000000	9
ta1A	512000000	513000000	6
ta1A	513000000	514000000	15
ta1A	514000000	515000000	4
ta1A	515000000	516000000	13
ta1A	516000000	517000000	13
ta1A	517000000	518000000	11
ta1A	518000000	519000000	10
ta1A	519000000	520000000	8
ta1A	520000000	521000000	7
ta1A	521000000	522000000	13
ta1A	522000000	523000000	24
ta1A	523000000	524000000	8
ta1A	524000000	525000000	14
ta1A	525000000	526000000	14
ta1A	526000000	527000000	14
ta1A	527000000	528000000	17
ta1A	528000000	529000000	8
ta1A	529000000	530000000	4
ta1A	530000000	531000000	2
ta1A	531000000	532000000	1
ta1A	532000000	533000000	7
ta1A	533000000	534000000	7
ta1A	534000000	535000000	4
ta1A	535000000	536000000	18
ta1A	536000000	537000000	14
ta1A	537000000	538000000	33
ta1A	538000000	539000000	20
ta1A	539000000	540000000	16
ta1A	540000000	541000000	16
ta1A	541000000	542000000	16
ta1A	542000000	543000000	18
ta1A	543000000	544000000	4
ta1A	544000000	545000000	14
ta1A	545000000	546000000	20
ta1A	546000000	547000000	16
ta1A	547000000	548000000	11
ta1A	548000000	549000000	8
ta1A	549000000	550000000	32
ta1A	550000000	551000000	8
ta1A	551000000	552000000	10
ta1A	552000000	553000000	16
ta1A	553000000	554000000	16
ta1A	554000000	555000000	16
ta1A	555000000	556000000	11
ta1A	556000000	557000000	19
ta1A	557000000	558000000	6
ta1A	558000000	559000000	18
ta1A	559000000	560000000	7
ta1A	560000000	561000000	12
ta1A	561000000	562000000	16
ta1A	562000000	563000000	25
ta1A	563000000	564000000	12
ta1A	564000000	565000000	10
ta1A	565000000	566000000	15
ta1A	566000000	567000000	11
ta1A	567000000	568000000	10
ta1A	568000000	569000000	18
ta1A	569000000	570000000	12
ta1A	570000000	571000000	14
ta1A	571000000	572000000	10
ta1A	572000000	573000000	11
ta1A	573000000	574000000	10
ta1A	574000000	575000000	31
ta1A	575000000	576000000	30
ta1A	576000000	577000000	17
ta1A	577000000	578000000	12
ta1A	578000000	579000000	12
ta1A	579000000	580000000	13
ta1A	580000000	581000000	16
ta1A	581000000	582000000	26
ta1A	582000000	583000000	20
ta1A	583000000	584000000	23
ta1A	584000000	585000000	17
ta1A	585000000	586000000	16
ta1A	586000000	587000000	15
ta1A	587000000	588000000	12
ta1A	588000000	589000000	11
ta1A	589000000	590000000	1
ta1A	590000000	591000000	0
ta1A	591000000	592000000	10
ta1A	592000000	593000000	23
ta1A	593000000	594000000	16
ta1A	594000000	595000000	17
ta1A	595000000	596000000	12
ta1A	596000000	597000000	13
ta1A	597000000	598000000	15
ta1A	598000000	599000000	14
ta1A	599000000	600000000	11
ta1A	600000000	601000000	15
ta1A	601000000	602000000	6
ta1A	602000000	603000000	14
ta1A	603000000	603778523	7
ta1B	0	1000000	10
ta1B	1000000	2000000	12
ta1B	2000000	3000000	16
ta1B	3000000	4000000	5
ta1B	4000000	5000000	20
ta1B	5000000	6000000	21
ta1B	6000000	7000000	11
ta1B	7000000	8000000	8
ta1B	8000000	9000000	10
ta1B	9000000	10000000	11
ta1B	10000000	11000000	25
ta1B	11000000	12000000	21
ta1B	12000000	13000000	11
ta1B	13000000	14000000	9
ta1B	14000000	15000000	17
ta1B	15000000	16000000	11
ta1B	16000000	17000000	12
ta1B	17000000	18000000	18
ta1B	18000000	19000000	21
ta1B	19000000	20000000	17
ta1B	20000000	21000000	18
ta1B	21000000	22000000	9
ta1B	22000000	23000000	8
ta1B	23000000	24000000	6
ta1B	24000000	25000000	10
ta1B	25000000	26000000	2
ta1B	26000000	27000000	2
ta1B	27000000	28000000	10
ta1B	28000000	29000000	17
ta1B	29000000	30000000	9
ta1B	30000000	31000000	14
ta1B	31000000	32000000	8
ta1B	32000000	33000000	13
ta1B	33000000	34000000	7
ta1B	34000000	35000000	3
ta1B	35000000	36000000	2
ta1B	36000000	37000000	8
ta1B	37000000	38000000	4
ta1B	38000000	39000000	7
ta1B	39000000	40000000	2
ta1B	40000000	41000000	0
ta1B	41000000	42000000	2
ta1B	42000000	43000000	1
ta1B	43000000	44000000	7
ta1B	44000000	45000000	5
ta1B	45000000	46000000	18
ta1B	46000000	47000000	5
ta1B	47000000	48000000	11
ta1B	48000000	49000000	2
ta1B	49000000	50000000	3
ta1B	50000000	51000000	3
ta1B	51000000	52000000	5
ta1B	52000000	53000000	9
ta1B	53000000	54000000	9
ta1B	54000000	55000000	6
ta1B	55000000	56000000	12
ta1B	56000000	57000000	9
ta1B	57000000	58000000	10
ta1B	58000000	59000000	6
ta1B	59000000	60000000	4
ta1B	60000000	61000000	3
ta1B	61000000	62000000	6
ta1B	62000000	63000000	5
ta1B	63000000	64000000	11
ta1B	64000000	65000000	12
ta1B	65000000	66000000	12
ta1B	66000000	67000000	7
ta1B	67000000	68000000	6
ta1B	68000000	69000000	5
ta1B	69000000	70000000	12
ta1B	70000000	71000000	8
ta1B	71000000	72000000	10
ta1B	72000000	73000000	6
ta1B	73000000	74000000	5
ta1B	74000000	75000000	5
ta1B	75000000	76000000	9
ta1B	76000000	77000000	2
ta1B	77000000	78000000	10
ta1B	78000000	79000000	3
ta1B	79000000	80000000	1
ta1B	80000000	81000000	2
ta1B	81000000	82000000	2
ta1B	82000000	83000000	1
ta1B	83000000	84000000	3
ta1B	84000000	85000000	1
ta1B	85000000	86000000	2
ta1B	86000000	87000000	0
ta1B	87000000	88000000	0
ta1B	88000000	89000000	2
ta1B	89000000	90000000	7
ta1B	90000000	91000000	3
ta1B	91000000	92000000	4
ta1B	92000000	93000000	2
ta1B	93000000	94000000	6
ta1B	94000000	95000000	4
ta1B	95000000	96000000	2
ta1B	96000000	97000000	4
ta1B	97000000	98000000	5
ta1B	98000000	99000000	1
ta1B	99000000	100000000	4
ta1B	100000000	101000000	16
ta1B	101000000	102000000	5
ta1B	102000000	103000000	8
ta1B	103000000	104000000	2
ta1B	104000000	105000000	13
ta1B	105000000	106000000	10
ta1B	106000000	107000000	4
ta1B	107000000	108000000	2
ta1B	108000000	109000000	3
ta1B	109000000	110000000	8
ta1B	110000000	111000000	9
ta1B	111000000	112000000	7
ta1B	112000000	113000000	0
ta1B	113000000	114000000	0
ta1B	114000000	115000000	7
ta1B	115000000	116000000	3
ta1B	116000000	117000000	5
ta1B	117000000	118000000	4
ta1B	118000000	119000000	2
ta1B	119000000	120000000	3
ta1B	120000000	121000000	2
ta1B	121000000	122000000	8
ta1B	122000000	123000000	5
ta1B	123000000	124000000	9
ta1B	124000000	125000000	2
ta1B	125000000	126000000	6
ta1B	126000000	127000000	2
ta1B	127000000	128000000	8
ta1B	128000000	129000000	6
ta1B	129000000	130000000	10
ta1B	130000000	131000000	13
ta1B	131000000	132000000	8
ta1B	132000000	133000000	2
ta1B	133000000	134000000	5
ta1B	134000000	135000000	0
ta1B	135000000	136000000	1
ta1B	136000000	137000000	1
ta1B	137000000	138000000	1
ta1B	138000000	139000000	0
ta1B	139000000	140000000	9
ta1B	140000000	141000000	6
ta1B	141000000	142000000	4
ta1B	142000000	143000000	7
ta1B	143000000	144000000	5
ta1B	144000000	145000000	4
ta1B	145000000	146000000	6
ta1B	146000000	147000000	12
ta1B	147000000	148000000	13
ta1B	148000000	149000000	7
ta1B	149000000	150000000	10
ta1B	150000000	151000000	3
ta1B	151000000	152000000	1
ta1B	152000000	153000000	15
ta1B	153000000	154000000	5
ta1B	154000000	155000000	2
ta1B	155000000	156000000	4
ta1B	156000000	157000000	2
ta1B	157000000	158000000	1
ta1B	158000000	159000000	8
ta1B	159000000	160000000	3
ta1B	160000000	161000000	7
ta1B	161000000	162000000	10
ta1B	162000000	163000000	5
ta1B	163000000	164000000	7
ta1B	164000000	165000000	2
ta1B	165000000	166000000	4
ta1B	166000000	167000000	3
ta1B	167000000	168000000	11
ta1B	168000000	169000000	2
ta1B	169000000	170000000	6
ta1B	170000000	171000000	5
ta1B	171000000	172000000	6
ta1B	172000000	173000000	6
ta1B	173000000	174000000	5
ta1B	174000000	175000000	2
ta1B	175000000	176000000	4
ta1B	176000000	177000000	5
ta1B	177000000	178000000	2
ta1B	178000000	179000000	4
ta1B	179000000	180000000	7
ta1B	180000000	181000000	3
ta1B	181000000	182000000	5
ta1B	182000000	183000000	4
ta1B	183000000	184000000	5
ta1B	184000000	185000000	7
ta1B	185000000	186000000	5
ta1B	186000000	187000000	0
ta1B	187000000	188000000	2
ta1B	188000000	189000000	5
ta1B	189000000	190000000	3
ta1B	190000000	191000000	5
ta1B	191000000	192000000	1
ta1B	192000000	193000000	1
ta1B	193000000	194000000	4
ta1B	194000000	195000000	4
ta1B	195000000	196000000	4
ta1B	196000000	197000000	2
ta1B	197000000	198000000	2
ta1B	198000000	199000000	5
ta1B	199000000	200000000	6
ta1B	200000000	201000000	2
ta1B	201000000	202000000	2
ta1B	202000000	203000000	8
ta1B	203000000	204000000	2
ta1B	204000000	205000000	3
ta1B	205000000	206000000	5
ta1B	206000000	207000000	4
ta1B	207000000	208000000	2
ta1B	208000000	209000000	5
ta1B	209000000	210000000	3
ta1B	210000000	211000000	0
ta1B	211000000	212000000	3
ta1B	212000000	213000000	1
ta1B	213000000	214000000	2
ta1B	214000000	215000000	1
ta1B	215000000	216000000	2
ta1B	216000000	217000000	1
ta1B	217000000	218000000	2
ta1B	218000000	219000000	0
ta1B	219000000	220000000	0
ta1B	220000000	221000000	0
ta1B	221000000	222000000	1
ta1B	222000000	223000000	1
ta1B	223000000	224000000	1
ta1B	224000000	225000000	3
ta1B	225000000	226000000	4
ta1B	226000000	227000000	2
ta1B	227000000	228000000	4
ta1B	228000000	229000000	1
ta1B	229000000	230000000	1
ta1B	230000000	231000000	1
ta1B	231000000	232000000	0
ta1B	232000000	233000000	1
ta1B	233000000	234000000	2
ta1B	234000000	235000000	2
ta1B	235000000	236000000	0
ta1B	236000000	237000000	3
ta1B	237000000	238000000	0
ta1B	238000000	239000000	2
ta1B	239000000	240000000	4
ta1B	240000000	241000000	1
ta1B	241000000	242000000	4
ta1B	242000000	243000000	0
ta1B	243000000	244000000	0
ta1B	244000000	245000000	1
ta1B	245000000	246000000	0
ta1B	246000000	247000000	4
ta1B	247000000	248000000	1
ta1B	248000000	249000000	3
ta1B	249000000	250000000	0
ta1B	250000000	251000000	2
ta1B	251000000	252000000	3
ta1B	252000000	253000000	1
ta1B	253000000	254000000	1
ta1B	254000000	255000000	1
ta1B	255000000	256000000	0
ta1B	256000000	257000000	0
ta1B	257000000	258000000	0
ta1B	258000000	259000000	0
ta1B	259000000	260000000	0
ta1B	260000000	261000000	2
ta1B	261000000	262000000	1
ta1B	262000000	263000000	1
ta1B	263000000	264000000	8
ta1B	264000000	265000000	6
ta1B	265000000	266000000	4
ta1B	266000000	267000000	0
ta1B	267000000	268000000	3
ta1B	268000000	269000000	2
ta1B	269000000	270000000	1
ta1B	270000000	271000000	3
ta1B	271000000	272000000	3
ta1B	272000000	273000000	2
ta1B	273000000	274000000	3
ta1B	274000000	275000000	8
ta1B	275000000	276000000	7
ta1B	276000000	277000000	1
ta1B	277000000	278000000	3
ta1B	278000000	279000000	4
ta1B	279000000	280000000	5
ta1B	280000000	281000000	8
ta1B	281000000	282000000	4
ta1B	282000000	283000000	0
ta1B	283000000	284000000	1
ta1B	284000000	285000000	2
ta1B	285000000	286000000	1
ta1B	286000000	287000000	2
ta1B	287000000	288000000	3
ta1B	288000000	289000000	1
ta1B	289000000	290000000	0
ta1B	290000000	291000000	2
ta1B	291000000	292000000	0
ta1B	292000000	293000000	1
ta1B	293000000	294000000	2
ta1B	294000000	295000000	4
ta1B	295000000	296000000	1
ta1B	296000000	297000000	1
ta1B	297000000	298000000	2
ta1B	298000000	299000000	4
ta1B	299000000	300000000	1
ta1B	300000000	301000000	5
ta1B	301000000	302000000	4
ta1B	302000000	303000000	11
ta1B	303000000	304000000	4
ta1B	304000000	305000000	1
ta1B	305000000	306000000	0
ta1B	306000000	307000000	4
ta1B	307000000	308000000	0
ta1B	308000000	309000000	0
ta1B	309000000	310000000	1
ta1B	310000000	311000000	5
ta1B	311000000	312000000	8
ta1B	312000000	313000000	3
ta1B	313000000	314000000	4
ta1B	314000000	315000000	6
ta1B	315000000	316000000	5
ta1B	316000000	317000000	6
ta1B	317000000	318000000	2
ta1B	318000000	319000000	3
ta1B	319000000	320000000	4
ta1B	320000000	321000000	3
ta1B	321000000	322000000	5
ta1B	322000000	323000000	5
ta1B	323000000	324000000	1
ta1B	324000000	325000000	2
ta1B	325000000	326000000	2
ta1B	326000000	327000000	3
ta1B	327000000	328000000	1
ta1B	328000000	329000000	3
ta1B	329000000	330000000	5
ta1B	330000000	331000000	1
ta1B	331000000	332000000	11
ta1B	332000000	333000000	7
ta1B	333000000	334000000	3
ta1B	334000000	335000000	5
ta1B	335000000	336000000	3
ta1B	336000000	337000000	4
ta1B	337000000	338000000	13
ta1B	338000000	339000000	9
ta1B	339000000	340000000	10
ta1B	340000000	341000000	6
ta1B	341000000	342000000	9
ta1B	342000000	343000000	8
ta1B	343000000	344000000	4
ta1B	344000000	345000000	8
ta1B	345000000	346000000	3
ta1B	346000000	347000000	9
ta1B	347000000	348000000	1
ta1B	348000000	349000000	1
ta1B	349000000	350000000	4
ta1B	350000000	351000000	3
ta1B	351000000	352000000	9
ta1B	352000000	353000000	6
ta1B	353000000	354000000	3
ta1B	354000000	355000000	6
ta1B	355000000	356000000	4
ta1B	356000000	357000000	3
ta1B	357000000	358000000	2
ta1B	358000000	359000000	1
ta1B	359000000	360000000	9
ta1B	360000000	361000000	5
ta1B	361000000	362000000	3
ta1B	362000000	363000000	1
ta1B	363000000	364000000	3
ta1B	364000000	365000000	8
ta1B	365000000	366000000	6
ta1B	366000000	367000000	5
ta1B	367000000	368000000	14
ta1B	368000000	369000000	1
ta1B	369000000	370000000	9
ta1B	370000000	371000000	1
ta1B	371000000	372000000	4
ta1B	372000000	373000000	4
ta1B	373000000	374000000	4
ta1B	374000000	375000000	6
ta1B	375000000	376000000	5
ta1B	376000000	377000000	0
ta1B	377000000	378000000	1
ta1B	378000000	379000000	12
ta1B	379000000	380000000	3
ta1B	380000000	381000000	3
ta1B	381000000	382000000	3
ta1B	382000000	383000000	2
ta1B	383000000	384000000	6
ta1B	384000000	385000000	7
ta1B	385000000	386000000	6
ta1B	386000000	387000000	4
ta1B	387000000	388000000	3
ta1B	388000000	389000000	5
ta1B	389000000	390000000	4
ta1B	390000000	391000000	5
ta1B	391000000	392000000	3
ta1B	392000000	393000000	2
ta1B	393000000	394000000	2
ta1B	394000000	395000000	7
ta1B	395000000	396000000	9
ta1B	396000000	397000000	2
ta1B	397000000	398000000	2
ta1B	398000000	399000000	6
ta1B	399000000	400000000	6
ta1B	400000000	401000000	6
ta1B	401000000	402000000	6
ta1B	402000000	403000000	9
ta1B	403000000	404000000	3
ta1B	404000000	405000000	5
ta1B	405000000	406000000	7
ta1B	406000000	407000000	12
ta1B	407000000	408000000	12
ta1B	408000000	409000000	7
ta1B	409000000	410000000	6
ta1B	410000000	411000000	8
ta1B	411000000	412000000	4
ta1B	412000000	413000000	7
ta1B	413000000	414000000	4
ta1B	414000000	415000000	5
ta1B	415000000	416000000	6
ta1B	416000000	417000000	3
ta1B	417000000	418000000	8
ta1B	418000000	419000000	4
ta1B	419000000	420000000	8
ta1B	420000000	421000000	2
ta1B	421000000	422000000	7
ta1B	422000000	423000000	5
ta1B	423000000	424000000	3
ta1B	424000000	425000000	4
ta1B	425000000	426000000	4
ta1B	426000000	427000000	3
ta1B	427000000	428000000	7
ta1B	428000000	429000000	4
ta1B	429000000	430000000	9
ta1B	430000000	431000000	12
ta1B	431000000	432000000	7
ta1B	432000000	433000000	0
ta1B	433000000	434000000	7
ta1B	434000000	435000000	8
ta1B	435000000	436000000	6
ta1B	436000000	437000000	6
ta1B	437000000	438000000	10
ta1B	438000000	439000000	11
ta1B	439000000	440000000	10
ta1B	440000000	441000000	4
ta1B	441000000	442000000	4
ta1B	442000000	443000000	8
ta1B	443000000	444000000	13
ta1B	444000000	445000000	7
ta1B	445000000	446000000	7
ta1B	446000000	447000000	5
ta1B	447000000	448000000	5
ta1B	448000000	449000000	7
ta1B	449000000	450000000	4
ta1B	450000000	451000000	2
ta1B	451000000	452000000	14
ta1B	452000000	453000000	4
ta1B	453000000	454000000	5
ta1B	454000000	455000000	11
ta1B	455000000	456000000	4
ta1B	456000000	457000000	6
ta1B	457000000	458000000	4
ta1B	458000000	459000000	7
ta1B	459000000	460000000	8
ta1B	460000000	461000000	4
ta1B	461000000	462000000	9
ta1B	462000000	463000000	11
ta1B	463000000	464000000	5
ta1B	464000000	465000000	6
ta1B	465000000	466000000	4
ta1B	466000000	467000000	9
ta1B	467000000	468000000	9
ta1B	468000000	469000000	3
ta1B	469000000	470000000	9
ta1B	470000000	471000000	4
ta1B	471000000	472000000	1
ta1B	472000000	473000000	6
ta1B	473000000	474000000	6
ta1B	474000000	475000000	6
ta1B	475000000	476000000	7
ta1B	476000000	477000000	3
ta1B	477000000	478000000	3
ta1B	478000000	479000000	3
ta1B	479000000	480000000	6
ta1B	480000000	481000000	11
ta1B	481000000	482000000	3
ta1B	482000000	483000000	4
ta1B	483000000	484000000	6
ta1B	484000000	485000000	6
ta1B	485000000	486000000	4
ta1B	486000000	487000000	9
ta1B	487000000	488000000	5
ta1B	488000000	489000000	5
ta1B	489000000	490000000	2
ta1B	490000000	491000000	8
ta1B	491000000	492000000	9
ta1B	492000000	493000000	7
ta1B	493000000	494000000	5
ta1B	494000000	495000000	10
ta1B	495000000	496000000	2
ta1B	496000000	497000000	9
ta1B	497000000	498000000	7
ta1B	498000000	499000000	10
ta1B	499000000	500000000	13
ta1B	500000000	501000000	6
ta1B	501000000	502000000	5
ta1B	502000000	503000000	10
ta1B	503000000	504000000	7
ta1B	504000000	505000000	3
ta1B	505000000	506000000	1
ta1B	506000000	507000000	7
ta1B	507000000	508000000	6
ta1B	508000000	509000000	5
ta1B	509000000	510000000	6
ta1B	510000000	511000000	3
ta1B	511000000	512000000	4
ta1B	512000000	513000000	3
ta1B	513000000	514000000	7
ta1B	514000000	515000000	3
ta1B	515000000	516000000	6
ta1B	516000000	517000000	1
ta1B	517000000	518000000	5
ta1B	518000000	519000000	8
ta1B	519000000	520000000	7
ta1B	520000000	521000000	5
ta1B	521000000	522000000	4
ta1B	522000000	523000000	4
ta1B	523000000	524000000	10
ta1B	524000000	525000000	9
ta1B	525000000	526000000	6
ta1B	526000000	527000000	4
ta1B	527000000	528000000	6
ta1B	528000000	529000000	7
ta1B	529000000	530000000	7
ta1B	530000000	531000000	2
ta1B	531000000	532000000	10
ta1B	532000000	533000000	8
ta1B	533000000	534000000	11
ta1B	534000000	535000000	4
ta1B	535000000	536000000	4
ta1B	536000000	537000000	5
ta1B	537000000	538000000	11
ta1B	538000000	539000000	8
ta1B	539000000	540000000	1
ta1B	540000000	541000000	14
ta1B	541000000	542000000	7
ta1B	542000000	543000000	11
ta1B	543000000	544000000	5
ta1B	544000000	545000000	8
ta1B	545000000	546000000	5
ta1B	546000000	547000000	7
ta1B	547000000	548000000	7
ta1B	548000000	549000000	8
ta1B	549000000	550000000	3
ta1B	550000000	551000000	14
ta1B	551000000	552000000	12
ta1B	552000000	553000000	1
ta1B	553000000	554000000	17
ta1B	554000000	555000000	10
ta1B	555000000	556000000	8
ta1B	556000000	557000000	4
ta1B	557000000	558000000	7
ta1B	558000000	559000000	5
ta1B	559000000	560000000	6
ta1B	560000000	561000000	7
ta1B	561000000	562000000	2
ta1B	562000000	563000000	5
ta1B	563000000	564000000	5
ta1B	564000000	565000000	7
ta1B	565000000	566000000	8
ta1B	566000000	567000000	7
ta1B	567000000	568000000	9
ta1B	568000000	569000000	4
ta1B	569000000	570000000	7
ta1B	570000000	571000000	9
ta1B	571000000	572000000	10
ta1B	572000000	573000000	7
ta1B	573000000	574000000	10
ta1B	574000000	575000000	11
ta1B	575000000	576000000	6
ta1B	576000000	577000000	4
ta1B	577000000	578000000	8
ta1B	578000000	579000000	12
ta1B	579000000	580000000	13
ta1B	580000000	581000000	6
ta1B	581000000	582000000	7
ta1B	582000000	583000000	6
ta1B	583000000	584000000	10
ta1B	584000000	585000000	2
ta1B	585000000	586000000	11
ta1B	586000000	587000000	9
ta1B	587000000	588000000	2
ta1B	588000000	589000000	9
ta1B	589000000	590000000	7
ta1B	590000000	591000000	12
ta1B	591000000	592000000	2
ta1B	592000000	593000000	10
ta1B	593000000	594000000	8
ta1B	594000000	595000000	9
ta1B	595000000	596000000	8
ta1B	596000000	597000000	13
ta1B	597000000	598000000	12
ta1B	598000000	599000000	10
ta1B	599000000	600000000	7
ta1B	600000000	601000000	11
ta1B	601000000	602000000	16
ta1B	602000000	603000000	8
ta1B	603000000	604000000	8
ta1B	604000000	605000000	5
ta1B	605000000	606000000	7
ta1B	606000000	607000000	10
ta1B	607000000	608000000	7
ta1B	608000000	609000000	4
ta1B	609000000	610000000	8
ta1B	610000000	611000000	7
ta1B	611000000	612000000	10
ta1B	612000000	613000000	13
ta1B	613000000	614000000	11
ta1B	614000000	615000000	7
ta1B	615000000	616000000	4
ta1B	616000000	617000000	11
ta1B	617000000	618000000	9
ta1B	618000000	619000000	7
ta1B	619000000	620000000	7
ta1B	620000000	621000000	12
ta1B	621000000	622000000	2
ta1B	622000000	623000000	9
ta1B	623000000	624000000	7
ta1B	624000000	625000000	7
ta1B	625000000	626000000	3
ta1B	626000000	627000000	13
ta1B	627000000	628000000	3
ta1B	628000000	629000000	17
ta1B	629000000	630000000	7
ta1B	630000000	631000000	4
ta1B	631000000	632000000	4
ta1B	632000000	633000000	1
ta1B	633000000	634000000	4
ta1B	634000000	635000000	8
ta1B	635000000	636000000	11
ta1B	636000000	637000000	10
ta1B	637000000	638000000	7
ta1B	638000000	639000000	8
ta1B	639000000	640000000	16
ta1B	640000000	641000000	14
ta1B	641000000	642000000	7
ta1B	642000000	643000000	12
ta1B	643000000	644000000	11
ta1B	644000000	645000000	16
ta1B	645000000	646000000	11
ta1B	646000000	647000000	15
ta1B	647000000	648000000	7
ta1B	648000000	649000000	7
ta1B	649000000	650000000	5
ta1B	650000000	651000000	23
ta1B	651000000	652000000	4
ta1B	652000000	653000000	12
ta1B	653000000	654000000	9
ta1B	654000000	655000000	11
ta1B	655000000	656000000	15
ta1B	656000000	657000000	16
ta1B	657000000	658000000	4
ta1B	658000000	659000000	6
ta1B	659000000	660000000	19
ta1B	660000000	661000000	7
ta1B	661000000	662000000	5
ta1B	662000000	663000000	4
ta1B	663000000	664000000	2
ta1B	664000000	665000000	5
ta1B	665000000	666000000	5
ta1B	666000000	667000000	20
ta1B	667000000	668000000	15
ta1B	668000000	669000000	6
ta1B	669000000	670000000	4
ta1B	670000000	671000000	5
ta1B	671000000	672000000	12
ta1B	672000000	673000000	25
ta1B	673000000	674000000	3
ta1B	674000000	675000000	15
ta1B	675000000	676000000	24
ta1B	676000000	677000000	13
ta1B	677000000	678000000	9
ta1B	678000000	679000000	6
ta1B	679000000	680000000	29
ta1B	680000000	681000000	11
ta1B	681000000	682000000	17
ta1B	682000000	683000000	23
ta1B	683000000	684000000	23
ta1B	684000000	685000000	21
ta1B	685000000	686000000	6
ta1B	686000000	687000000	5
ta1B	687000000	688000000	17
ta1B	688000000	689000000	17
ta1B	689000000	690000000	22
ta1B	690000000	691000000	14
ta1B	691000000	692000000	14
ta1B	692000000	693000000	23
ta1B	693000000	694000000	8
ta1B	694000000	695000000	2
ta1B	695000000	696000000	0
ta1B	696000000	697000000	0
ta1B	697000000	698000000	0
ta1B	698000000	699000000	3
ta1B	699000000	700000000	5
ta1B	700000000	701000000	15
ta1B	701000000	702000000	0
ta1B	702000000	703000000	3
ta1B	703000000	704000000	5
ta1B	704000000	705000000	10
ta1B	705000000	706000000	5
ta1B	706000000	707000000	11
ta1B	707000000	708000000	12
ta1B	708000000	709000000	7
ta1B	709000000	710000000	10
ta1B	710000000	710184967	2
ta1D	0	1000000	6
ta1D	1000000	2000000	13
ta1D	2000000	3000000	29
ta1D	3000000	4000000	18
ta1D	4000000	5000000	14
ta1D	5000000	6000000	11
ta1D	6000000	7000000	21
ta1D	7000000	8000000	21
ta1D	8000000	9000000	38
ta1D	9000000	10000000	24
ta1D	10000000	11000000	25
ta1D	11000000	12000000	29
ta1D	12000000	13000000	33
ta1D	13000000	14000000	34
ta1D	14000000	15000000	7
ta1D	15000000	16000000	9
ta1D	16000000	17000000	11
ta1D	17000000	18000000	8
ta1D	18000000	19000000	17
ta1D	19000000	20000000	16
ta1D	20000000	21000000	14
ta1D	21000000	22000000	25
ta1D	22000000	23000000	14
ta1D	23000000	24000000	6
ta1D	24000000	25000000	9
ta1D	25000000	26000000	9
ta1D	26000000	27000000	11
ta1D	27000000	28000000	21
ta1D	28000000	29000000	7
ta1D	29000000	30000000	10
ta1D	30000000	31000000	0
ta1D	31000000	32000000	4
ta1D	32000000	33000000	16
ta1D	33000000	34000000	6
ta1D	34000000	35000000	9
ta1D	35000000	36000000	5
ta1D	36000000	37000000	13
ta1D	37000000	38000000	6
ta1D	38000000	39000000	7
ta1D	39000000	40000000	13
ta1D	40000000	41000000	6
ta1D	41000000	42000000	14
ta1D	42000000	43000000	11
ta1D	43000000	44000000	9
ta1D	44000000	45000000	8
ta1D	45000000	46000000	19
ta1D	46000000	47000000	4
ta1D	47000000	48000000	7
ta1D	48000000	49000000	7
ta1D	49000000	50000000	0
ta1D	50000000	51000000	3
ta1D	51000000	52000000	10
ta1D	52000000	53000000	9
ta1D	53000000	54000000	10
ta1D	54000000	55000000	12
ta1D	55000000	56000000	10
ta1D	56000000	57000000	1
ta1D	57000000	58000000	10
ta1D	58000000	59000000	8
ta1D	59000000	60000000	6
ta1D	60000000	61000000	8
ta1D	61000000	62000000	8
ta1D	62000000	63000000	4
ta1D	63000000	64000000	10
ta1D	64000000	65000000	10
ta1D	65000000	66000000	9
ta1D	66000000	67000000	3
ta1D	67000000	68000000	17
ta1D	68000000	69000000	10
ta1D	69000000	70000000	10
ta1D	70000000	71000000	1
ta1D	71000000	72000000	14
ta1D	72000000	73000000	2
ta1D	73000000	74000000	3
ta1D	74000000	75000000	11
ta1D	75000000	76000000	12
ta1D	76000000	77000000	9
ta1D	77000000	78000000	10
ta1D	78000000	79000000	11
ta1D	79000000	80000000	9
ta1D	80000000	81000000	8
ta1D	81000000	82000000	7
ta1D	82000000	83000000	11
ta1D	83000000	84000000	9
ta1D	84000000	85000000	20
ta1D	85000000	86000000	10
ta1D	86000000	87000000	10
ta1D	87000000	88000000	1
ta1D	88000000	89000000	5
ta1D	89000000	90000000	7
ta1D	90000000	91000000	5
ta1D	91000000	92000000	11
ta1D	92000000	93000000	4
ta1D	93000000	94000000	5
ta1D	94000000	95000000	10
ta1D	95000000	96000000	12
ta1D	96000000	97000000	3
ta1D	97000000	98000000	9
ta1D	98000000	99000000	12
ta1D	99000000	100000000	0
ta1D	100000000	101000000	8
ta1D	101000000	102000000	4
ta1D	102000000	103000000	10
ta1D	103000000	104000000	4
ta1D	104000000	105000000	9
ta1D	105000000	106000000	13
ta1D	106000000	107000000	9
ta1D	107000000	108000000	4
ta1D	108000000	109000000	9
ta1D	109000000	110000000	4
ta1D	110000000	111000000	2
ta1D	111000000	112000000	10
ta1D	112000000	113000000	9
ta1D	113000000	114000000	7
ta1D	114000000	115000000	14
ta1D	115000000	116000000	12
ta1D	116000000	117000000	11
ta1D	117000000	118000000	8
ta1D	118000000	119000000	10
ta1D	119000000	120000000	6
ta1D	120000000	121000000	4
ta1D	121000000	122000000	3
ta1D	122000000	123000000	3
ta1D	123000000	124000000	6
ta1D	124000000	125000000	4
ta1D	125000000	126000000	3
ta1D	126000000	127000000	7
ta1D	127000000	128000000	7
ta1D	128000000	129000000	4
ta1D	129000000	130000000	4
ta1D	130000000	131000000	6
ta1D	131000000	132000000	5
ta1D	132000000	133000000	3
ta1D	133000000	134000000	3
ta1D	134000000	135000000	4
ta1D	135000000	136000000	3
ta1D	136000000	137000000	4
ta1D	137000000	138000000	1
ta1D	138000000	139000000	3
ta1D	139000000	140000000	3
ta1D	140000000	141000000	4
ta1D	141000000	142000000	4
ta1D	142000000	143000000	10
ta1D	143000000	144000000	4
ta1D	144000000	145000000	5
ta1D	145000000	146000000	3
ta1D	146000000	147000000	8
ta1D	147000000	148000000	12
ta1D	148000000	149000000	4
ta1D	149000000	150000000	1
ta1D	150000000	151000000	0
ta1D	151000000	152000000	2
ta1D	152000000	153000000	1
ta1D	153000000	154000000	1
ta1D	154000000	155000000	3
ta1D	155000000	156000000	3
ta1D	156000000	157000000	0
ta1D	157000000	158000000	2
ta1D	158000000	159000000	2
ta1D	159000000	160000000	1
ta1D	160000000	161000000	11
ta1D	161000000	162000000	2
ta1D	162000000	163000000	3
ta1D	163000000	164000000	2
ta1D	164000000	165000000	3
ta1D	165000000	166000000	4
ta1D	166000000	167000000	2
ta1D	167000000	168000000	5
ta1D	168000000	169000000	4
ta1D	169000000	170000000	3
ta1D	170000000	171000000	3
ta1D	171000000	172000000	2
ta1D	172000000	173000000	1
ta1D	173000000	174000000	2
ta1D	174000000	175000000	0
ta1D	175000000	176000000	2
ta1D	176000000	177000000	0
ta1D	177000000	178000000	0
ta1D	178000000	179000000	2
ta1D	179000000	180000000	1
ta1D	180000000	181000000	1
ta1D	181000000	182000000	2
ta1D	182000000	183000000	4
ta1D	183000000	184000000	3
ta1D	184000000	185000000	1
ta1D	185000000	186000000	4
ta1D	186000000	187000000	2
ta1D	187000000	188000000	2
ta1D	188000000	189000000	1
ta1D	189000000	190000000	1
ta1D	190000000	191000000	3
ta1D	191000000	192000000	0
ta1D	192000000	193000000	4
ta1D	193000000	194000000	5
ta1D	194000000	195000000	5
ta1D	195000000	196000000	4
ta1D	196000000	197000000	4
ta1D	197000000	198000000	6
ta1D	198000000	199000000	8
ta1D	199000000	200000000	3
ta1D	200000000	201000000	6
ta1D	201000000	202000000	1
ta1D	202000000	203000000	7
ta1D	203000000	204000000	10
ta1D	204000000	205000000	11
ta1D	205000000	206000000	10
ta1D	206000000	207000000	5
ta1D	207000000	208000000	12
ta1D	208000000	209000000	12
ta1D	209000000	210000000	10
ta1D	210000000	211000000	5
ta1D	211000000	212000000	5
ta1D	212000000	213000000	7
ta1D	213000000	214000000	5
ta1D	214000000	215000000	2
ta1D	215000000	216000000	7
ta1D	216000000	217000000	10
ta1D	217000000	218000000	2
ta1D	218000000	219000000	5
ta1D	219000000	220000000	4
ta1D	220000000	221000000	6
ta1D	221000000	222000000	4
ta1D	222000000	223000000	4
ta1D	223000000	224000000	3
ta1D	224000000	225000000	10
ta1D	225000000	226000000	6
ta1D	226000000	227000000	9
ta1D	227000000	228000000	7
ta1D	228000000	229000000	7
ta1D	229000000	230000000	10
ta1D	230000000	231000000	9
ta1D	231000000	232000000	9
ta1D	232000000	233000000	6
ta1D	233000000	234000000	8
ta1D	234000000	235000000	5
ta1D	235000000	236000000	1
ta1D	236000000	237000000	2
ta1D	237000000	238000000	11
ta1D	238000000	239000000	4
ta1D	239000000	240000000	7
ta1D	240000000	241000000	9
ta1D	241000000	242000000	7
ta1D	242000000	243000000	12
ta1D	243000000	244000000	5
ta1D	244000000	245000000	7
ta1D	245000000	246000000	4
ta1D	246000000	247000000	1
ta1D	247000000	248000000	3
ta1D	248000000	249000000	1
ta1D	249000000	250000000	3
ta1D	250000000	251000000	10
ta1D	251000000	252000000	14
ta1D	252000000	253000000	12
ta1D	253000000	254000000	10
ta1D	254000000	255000000	8
ta1D	255000000	256000000	7
ta1D	256000000	257000000	10
ta1D	257000000	258000000	6
ta1D	258000000	259000000	3
ta1D	259000000	260000000	7
ta1D	260000000	261000000	5
ta1D	261000000	262000000	5
ta1D	262000000	263000000	7
ta1D	263000000	264000000	3
ta1D	264000000	265000000	8
ta1D	265000000	266000000	10
ta1D	266000000	267000000	10
ta1D	267000000	268000000	1
ta1D	268000000	269000000	0
ta1D	269000000	270000000	1
ta1D	270000000	271000000	0
ta1D	271000000	272000000	9
ta1D	272000000	273000000	5
ta1D	273000000	274000000	7
ta1D	274000000	275000000	2
ta1D	275000000	276000000	4
ta1D	276000000	277000000	4
ta1D	277000000	278000000	0
ta1D	278000000	279000000	1
ta1D	279000000	280000000	6
ta1D	280000000	281000000	2
ta1D	281000000	282000000	7
ta1D	282000000	283000000	3
ta1D	283000000	284000000	4
ta1D	284000000	285000000	8
ta1D	285000000	286000000	7
ta1D	286000000	287000000	3
ta1D	287000000	288000000	9
ta1D	288000000	289000000	8
ta1D	289000000	290000000	10
ta1D	290000000	291000000	4
ta1D	291000000	292000000	3
ta1D	292000000	293000000	5
ta1D	293000000	294000000	3
ta1D	294000000	295000000	6
ta1D	295000000	296000000	8
ta1D	296000000	297000000	7
ta1D	297000000	298000000	10
ta1D	298000000	299000000	4
ta1D	299000000	300000000	18
ta1D	300000000	301000000	8
ta1D	301000000	302000000	11
ta1D	302000000	303000000	10
ta1D	303000000	304000000	14
ta1D	304000000	305000000	14
ta1D	305000000	306000000	12
ta1D	306000000	307000000	3
ta1D	307000000	308000000	12
ta1D	308000000	309000000	12
ta1D	309000000	310000000	3
ta1D	310000000	311000000	5
ta1D	311000000	312000000	5
ta1D	312000000	313000000	4
ta1D	313000000	314000000	12
ta1D	314000000	315000000	10
ta1D	315000000	316000000	11
ta1D	316000000	317000000	6
ta1D	317000000	318000000	5
ta1D	318000000	319000000	6
ta1D	319000000	320000000	10
ta1D	320000000	321000000	8
ta1D	321000000	322000000	12
ta1D	322000000	323000000	10
ta1D	323000000	324000000	7
ta1D	324000000	325000000	7
ta1D	325000000	326000000	10
ta1D	326000000	327000000	8
ta1D	327000000	328000000	11
ta1D	328000000	329000000	3
ta1D	329000000	330000000	7
ta1D	330000000	331000000	6
ta1D	331000000	332000000	15
ta1D	332000000	333000000	8
ta1D	333000000	334000000	7
ta1D	334000000	335000000	7
ta1D	335000000	336000000	8
ta1D	336000000	337000000	8
ta1D	337000000	338000000	9
ta1D	338000000	339000000	11
ta1D	339000000	340000000	9
ta1D	340000000	341000000	11
ta1D	341000000	342000000	7
ta1D	342000000	343000000	5
ta1D	343000000	344000000	2
ta1D	344000000	345000000	8
ta1D	345000000	346000000	3
ta1D	346000000	347000000	11
ta1D	347000000	348000000	11
ta1D	348000000	349000000	11
ta1D	349000000	350000000	9
ta1D	350000000	351000000	10
ta1D	351000000	352000000	14
ta1D	352000000	353000000	5
ta1D	353000000	354000000	7
ta1D	354000000	355000000	9
ta1D	355000000	356000000	10
ta1D	356000000	357000000	7
ta1D	357000000	358000000	9
ta1D	358000000	359000000	5
ta1D	359000000	360000000	1
ta1D	360000000	361000000	13
ta1D	361000000	362000000	14
ta1D	362000000	363000000	6
ta1D	363000000	364000000	5
ta1D	364000000	365000000	0
ta1D	365000000	366000000	7
ta1D	366000000	367000000	16
ta1D	367000000	368000000	7
ta1D	368000000	369000000	11
ta1D	369000000	370000000	14
ta1D	370000000	371000000	14
ta1D	371000000	372000000	20
ta1D	372000000	373000000	4
ta1D	373000000	374000000	11
ta1D	374000000	375000000	1
ta1D	375000000	376000000	10
ta1D	376000000	377000000	5
ta1D	377000000	378000000	10
ta1D	378000000	379000000	6
ta1D	379000000	380000000	6
ta1D	380000000	381000000	9
ta1D	381000000	382000000	5
ta1D	382000000	383000000	9
ta1D	383000000	384000000	5
ta1D	384000000	385000000	6
ta1D	385000000	386000000	12
ta1D	386000000	387000000	9
ta1D	387000000	388000000	6
ta1D	388000000	389000000	16
ta1D	389000000	390000000	11
ta1D	390000000	391000000	7
ta1D	391000000	392000000	10
ta1D	392000000	393000000	11
ta1D	393000000	394000000	6
ta1D	394000000	395000000	12
ta1D	395000000	396000000	4
ta1D	396000000	397000000	8
ta1D	397000000	398000000	3
ta1D	398000000	399000000	12
ta1D	399000000	400000000	18
ta1D	400000000	401000000	8
ta1D	401000000	402000000	15
ta1D	402000000	403000000	11
ta1D	403000000	404000000	8
ta1D	404000000	405000000	4
ta1D	405000000	406000000	17
ta1D	406000000	407000000	9
ta1D	407000000	408000000	10
ta1D	408000000	409000000	11
ta1D	409000000	410000000	18
ta1D	410000000	411000000	25
ta1D	411000000	412000000	13
ta1D	412000000	413000000	3
ta1D	413000000	414000000	13
ta1D	414000000	415000000	15
ta1D	415000000	416000000	18
ta1D	416000000	417000000	6
ta1D	417000000	418000000	16
ta1D	418000000	419000000	11
ta1D	419000000	420000000	14
ta1D	420000000	421000000	10
ta1D	421000000	422000000	15
ta1D	422000000	423000000	18
ta1D	423000000	424000000	15
ta1D	424000000	425000000	8
ta1D	425000000	426000000	6
ta1D	426000000	427000000	12
ta1D	427000000	428000000	16
ta1D	428000000	429000000	13
ta1D	429000000	430000000	9
ta1D	430000000	431000000	20
ta1D	431000000	432000000	6
ta1D	432000000	433000000	8
ta1D	433000000	434000000	13
ta1D	434000000	435000000	18
ta1D	435000000	436000000	5
ta1D	436000000	437000000	4
ta1D	437000000	438000000	17
ta1D	438000000	439000000	12
ta1D	439000000	440000000	17
ta1D	440000000	441000000	12
ta1D	441000000	442000000	25
ta1D	442000000	443000000	17
ta1D	443000000	444000000	10
ta1D	444000000	445000000	13
ta1D	445000000	446000000	10
ta1D	446000000	447000000	20
ta1D	447000000	448000000	13
ta1D	448000000	449000000	17
ta1D	449000000	450000000	10
ta1D	450000000	451000000	16
ta1D	451000000	452000000	18
ta1D	452000000	453000000	14
ta1D	453000000	454000000	10
ta1D	454000000	455000000	15
ta1D	455000000	456000000	11
ta1D	456000000	457000000	17
ta1D	457000000	458000000	10
ta1D	458000000	459000000	14
ta1D	459000000	460000000	18
ta1D	460000000	461000000	7
ta1D	461000000	462000000	7
ta1D	462000000	463000000	16
ta1D	463000000	464000000	11
ta1D	464000000	465000000	17
ta1D	465000000	466000000	23
ta1D	466000000	467000000	13
ta1D	467000000	468000000	28
ta1D	468000000	469000000	17
ta1D	469000000	470000000	27
ta1D	470000000	471000000	17
ta1D	471000000	472000000	25
ta1D	472000000	473000000	20
ta1D	473000000	474000000	10
ta1D	474000000	475000000	23
ta1D	475000000	476000000	8
ta1D	476000000	477000000	25
ta1D	477000000	478000000	30
ta1D	478000000	479000000	13
ta1D	479000000	480000000	14
ta1D	480000000	481000000	27
ta1D	481000000	482000000	18
ta1D	482000000	483000000	22
ta1D	483000000	484000000	29
ta1D	484000000	485000000	16
ta1D	485000000	486000000	21
ta1D	486000000	487000000	25
ta1D	487000000	488000000	28
ta1D	488000000	489000000	23
ta1D	489000000	490000000	13
ta1D	490000000	491000000	26
ta1D	491000000	492000000	20
ta1D	492000000	493000000	23
ta1D	493000000	494000000	24
ta1D	494000000	495000000	22
ta1D	495000000	496000000	18
ta1D	496000000	497000000	5
ta1D	497000000	498000000	15
ta1D	498000000	499000000	15
ta1D	499000000	500000000	16
ta1D	500000000	501000000	25
ta1D	501000000	502000000	13
ta1D	502000000	502601319	7
ta2A	0	1000000	16
ta2A	1000000	2000000	10
ta2A	2000000	3000000	19
ta2A	3000000	4000000	15
ta2A	4000000	5000000	7
ta2A	5000000	6000000	40
ta2A	6000000	7000000	12
ta2A	7000000	8000000	15
ta2A	8000000	9000000	16
ta2A	9000000	10000000	7
ta2A	10000000	11000000	9
ta2A	11000000	12000000	7
ta2A	12000000	13000000	15
ta2A	13000000	14000000	32
ta2A	14000000	15000000	45
ta2A	15000000	16000000	27
ta2A	16000000	17000000	10
ta2A	17000000	18000000	27
ta2A	18000000	19000000	35
ta2A	19000000	20000000	36
ta2A	20000000	21000000	25
ta2A	21000000	22000000	27
ta2A	22000000	23000000	19
ta2A	23000000	24000000	11
ta2A	24000000	25000000	12
ta2A	25000000	26000000	7
ta2A	26000000	27000000	3
ta2A	27000000	28000000	12
ta2A	28000000	29000000	1
ta2A	29000000	30000000	16
ta2A	30000000	31000000	11
ta2A	31000000	32000000	0
ta2A	32000000	33000000	10
ta2A	33000000	34000000	15
ta2A	34000000	35000000	13
ta2A	35000000	36000000	32
ta2A	36000000	37000000	17
ta2A	37000000	38000000	21
ta2A	38000000	39000000	23
ta2A	39000000	40000000	10
ta2A	40000000	41000000	9
ta2A	41000000	42000000	18
ta2A	42000000	43000000	29
ta2A	43000000	44000000	7
ta2A	44000000	45000000	19
ta2A	45000000	46000000	8
ta2A	46000000	47000000	11
ta2A	47000000	48000000	15
ta2A	48000000	49000000	13
ta2A	49000000	50000000	14
ta2A	50000000	51000000	6
ta2A	51000000	52000000	9
ta2A	52000000	53000000	8
ta2A	53000000	54000000	11
ta2A	54000000	55000000	11
ta2A	55000000	56000000	15
ta2A	56000000	57000000	9
ta2A	57000000	58000000	11
ta2A	58000000	59000000	9
ta2A	59000000	60000000	8
ta2A	60000000	61000000	4
ta2A	61000000	62000000	19
ta2A	62000000	63000000	15
ta2A	63000000	64000000	11
ta2A	64000000	65000000	10
ta2A	65000000	66000000	21
ta2A	66000000	67000000	19
ta2A	67000000	68000000	12
ta2A	68000000	69000000	8
ta2A	69000000	70000000	14
ta2A	70000000	71000000	7
ta2A	71000000	72000000	6
ta2A	72000000	73000000	12
ta2A	73000000	74000000	10
ta2A	74000000	75000000	17
ta2A	75000000	76000000	8
ta2A	76000000	77000000	17
ta2A	77000000	78000000	8
ta2A	78000000	79000000	10
ta2A	79000000	80000000	7
ta2A	80000000	81000000	5
ta2A	81000000	82000000	9
ta2A	82000000	83000000	22
ta2A	83000000	84000000	6
ta2A	84000000	85000000	10
ta2A	85000000	86000000	15
ta2A	86000000	87000000	6
ta2A	87000000	88000000	18
ta2A	88000000	89000000	8
ta2A	89000000	90000000	5
ta2A	90000000	91000000	7
ta2A	91000000	92000000	14
ta2A	92000000	93000000	9
ta2A	93000000	94000000	14
ta2A	94000000	95000000	5
ta2A	95000000	96000000	7
ta2A	96000000	97000000	1
ta2A	97000000	98000000	7
ta2A	98000000	99000000	1
ta2A	99000000	100000000	13
ta2A	100000000	101000000	1
ta2A	101000000	102000000	11
ta2A	102000000	103000000	5
ta2A	103000000	104000000	7
ta2A	104000000	105000000	12
ta2A	105000000	106000000	16
ta2A	106000000	107000000	12
ta2A	107000000	108000000	7
ta2A	108000000	109000000	12
ta2A	109000000	110000000	3
ta2A	110000000	111000000	7
ta2A	111000000	112000000	4
ta2A	112000000	113000000	3
ta2A	113000000	114000000	0
ta2A	114000000	115000000	8
ta2A	115000000	116000000	3
ta2A	116000000	117000000	2
ta2A	117000000	118000000	8
ta2A	118000000	119000000	13
ta2A	119000000	120000000	8
ta2A	120000000	121000000	9
ta2A	121000000	122000000	13
ta2A	122000000	123000000	6
ta2A	123000000	124000000	4
ta2A	124000000	125000000	13
ta2A	125000000	126000000	4
ta2A	126000000	127000000	3
ta2A	127000000	128000000	3
ta2A	128000000	129000000	8
ta2A	129000000	130000000	4
ta2A	130000000	131000000	8
ta2A	131000000	132000000	2
ta2A	132000000	133000000	5
ta2A	133000000	134000000	2
ta2A	134000000	135000000	5
ta2A	135000000	136000000	5
ta2A	136000000	137000000	8
ta2A	137000000	138000000	9
ta2A	138000000	139000000	9
ta2A	139000000	140000000	7
ta2A	140000000	141000000	8
ta2A	141000000	142000000	8
ta2A	142000000	143000000	3
ta2A	143000000	144000000	9
ta2A	144000000	145000000	8
ta2A	145000000	146000000	9
ta2A	146000000	147000000	1
ta2A	147000000	148000000	6
ta2A	148000000	149000000	4
ta2A	149000000	150000000	4
ta2A	150000000	151000000	9
ta2A	151000000	152000000	14
ta2A	152000000	153000000	4
ta2A	153000000	154000000	5
ta2A	154000000	155000000	2
ta2A	155000000	156000000	2
ta2A	156000000	157000000	2
ta2A	157000000	158000000	5
ta2A	158000000	159000000	11
ta2A	159000000	160000000	5
ta2A	160000000	161000000	7
ta2A	161000000	162000000	5
ta2A	162000000	163000000	4
ta2A	163000000	164000000	7
ta2A	164000000	165000000	8
ta2A	165000000	166000000	2
ta2A	166000000	167000000	4
ta2A	167000000	168000000	9
ta2A	168000000	169000000	11
ta2A	169000000	170000000	2
ta2A	170000000	171000000	1
ta2A	171000000	172000000	5
ta2A	172000000	173000000	4
ta2A	173000000	174000000	5
ta2A	174000000	175000000	11
ta2A	175000000	176000000	8
ta2A	176000000	177000000	6
ta2A	177000000	178000000	2
ta2A	178000000	179000000	7
ta2A	179000000	180000000	4
ta2A	180000000	181000000	6
ta2A	181000000	182000000	7
ta2A	182000000	183000000	2
ta2A	183000000	184000000	4
ta2A	184000000	185000000	7
ta2A	185000000	186000000	5
ta2A	186000000	187000000	3
ta2A	187000000	188000000	7
ta2A	188000000	189000000	3
ta2A	189000000	190000000	6
ta2A	190000000	191000000	2
ta2A	191000000	192000000	2
ta2A	192000000	193000000	2
ta2A	193000000	194000000	3
ta2A	194000000	195000000	2
ta2A	195000000	196000000	6
ta2A	196000000	197000000	12
ta2A	197000000	198000000	7
ta2A	198000000	199000000	7
ta2A	199000000	200000000	12
ta2A	200000000	201000000	1
ta2A	201000000	202000000	10
ta2A	202000000	203000000	5
ta2A	203000000	204000000	5
ta2A	204000000	205000000	9
ta2A	205000000	206000000	8
ta2A	206000000	207000000	10
ta2A	207000000	208000000	6
ta2A	208000000	209000000	5
ta2A	209000000	210000000	5
ta2A	210000000	211000000	3
ta2A	211000000	212000000	7
ta2A	212000000	213000000	2
ta2A	213000000	214000000	4
ta2A	214000000	215000000	3
ta2A	215000000	216000000	2
ta2A	216000000	217000000	4
ta2A	217000000	218000000	1
ta2A	218000000	219000000	2
ta2A	219000000	220000000	0
ta2A	220000000	221000000	3
ta2A	221000000	222000000	2
ta2A	222000000	223000000	1
ta2A	223000000	224000000	2
ta2A	224000000	225000000	1
ta2A	225000000	226000000	0
ta2A	226000000	227000000	3
ta2A	227000000	228000000	2
ta2A	228000000	229000000	2
ta2A	229000000	230000000	1
ta2A	230000000	231000000	1
ta2A	231000000	232000000	2
ta2A	232000000	233000000	3
ta2A	233000000	234000000	2
ta2A	234000000	235000000	1
ta2A	235000000	236000000	3
ta2A	236000000	237000000	6
ta2A	237000000	238000000	3
ta2A	238000000	239000000	4
ta2A	239000000	240000000	1
ta2A	240000000	241000000	1
ta2A	241000000	242000000	0
ta2A	242000000	243000000	4
ta2A	243000000	244000000	0
ta2A	244000000	245000000	1
ta2A	245000000	246000000	1
ta2A	246000000	247000000	0
ta2A	247000000	248000000	1
ta2A	248000000	249000000	2
ta2A	249000000	250000000	2
ta2A	250000000	251000000	1
ta2A	251000000	252000000	1
ta2A	252000000	253000000	3
ta2A	253000000	254000000	2
ta2A	254000000	255000000	2
ta2A	255000000	256000000	1
ta2A	256000000	257000000	2
ta2A	257000000	258000000	3
ta2A	258000000	259000000	3
ta2A	259000000	260000000	4
ta2A	260000000	261000000	0
ta2A	261000000	262000000	0
ta2A	262000000	263000000	1
ta2A	263000000	264000000	1
ta2A	264000000	265000000	1
ta2A	265000000	266000000	3
ta2A	266000000	267000000	1
ta2A	267000000	268000000	0
ta2A	268000000	269000000	1
ta2A	269000000	270000000	4
ta2A	270000000	271000000	1
ta2A	271000000	272000000	2
ta2A	272000000	273000000	3
ta2A	273000000	274000000	0
ta2A	274000000	275000000	2
ta2A	275000000	276000000	0
ta2A	276000000	277000000	0
ta2A	277000000	278000000	0
ta2A	278000000	279000000	0
ta2A	279000000	280000000	2
ta2A	280000000	281000000	1
ta2A	281000000	282000000	2
ta2A	282000000	283000000	2
ta2A	283000000	284000000	3
ta2A	284000000	285000000	0
ta2A	285000000	286000000	1
ta2A	286000000	287000000	2
ta2A	287000000	288000000	0
ta2A	288000000	289000000	0
ta2A	289000000	290000000	0
ta2A	290000000	291000000	0
ta2A	291000000	292000000	0
ta2A	292000000	293000000	0
ta2A	293000000	294000000	2
ta2A	294000000	295000000	0
ta2A	295000000	296000000	2
ta2A	296000000	297000000	3
ta2A	297000000	298000000	0
ta2A	298000000	299000000	1
ta2A	299000000	300000000	1
ta2A	300000000	301000000	0
ta2A	301000000	302000000	1
ta2A	302000000	303000000	0
ta2A	303000000	304000000	0
ta2A	304000000	305000000	1
ta2A	305000000	306000000	1
ta2A	306000000	307000000	2
ta2A	307000000	308000000	2
ta2A	308000000	309000000	6
ta2A	309000000	310000000	2
ta2A	310000000	311000000	0
ta2A	311000000	312000000	0
ta2A	312000000	313000000	4
ta2A	313000000	314000000	2
ta2A	314000000	315000000	1
ta2A	315000000	316000000	1
ta2A	316000000	317000000	0
ta2A	317000000	318000000	4
ta2A	318000000	319000000	0
ta2A	319000000	320000000	2
ta2A	320000000	321000000	0
ta2A	321000000	322000000	0
ta2A	322000000	323000000	1
ta2A	323000000	324000000	2
ta2A	324000000	325000000	2
ta2A	325000000	326000000	3
ta2A	326000000	327000000	0
ta2A	327000000	328000000	2
ta2A	328000000	329000000	3
ta2A	329000000	330000000	0
ta2A	330000000	331000000	1
ta2A	331000000	332000000	3
ta2A	332000000	333000000	5
ta2A	333000000	334000000	0
ta2A	334000000	335000000	0
ta2A	335000000	336000000	1
ta2A	336000000	337000000	1
ta2A	337000000	338000000	1
ta2A	338000000	339000000	1
ta2A	339000000	340000000	1
ta2A	340000000	341000000	0
ta2A	341000000	342000000	0
ta2A	342000000	343000000	0
ta2A	343000000	344000000	0
ta2A	344000000	345000000	0
ta2A	345000000	346000000	0
ta2A	346000000	347000000	3
ta2A	347000000	348000000	0
ta2A	348000000	349000000	0
ta2A	349000000	350000000	1
ta2A	350000000	351000000	2
ta2A	351000000	352000000	1
ta2A	352000000	353000000	0
ta2A	353000000	354000000	4
ta2A	354000000	355000000	4
ta2A	355000000	356000000	1
ta2A	356000000	357000000	3
ta2A	357000000	358000000	2
ta2A	358000000	359000000	1
ta2A	359000000	360000000	2
ta2A	360000000	361000000	0
ta2A	361000000	362000000	2
ta2A	362000000	363000000	2
ta2A	363000000	364000000	1
ta2A	364000000	365000000	4
ta2A	365000000	366000000	1
ta2A	366000000	367000000	1
ta2A	367000000	368000000	1
ta2A	368000000	369000000	3
ta2A	369000000	370000000	1
ta2A	370000000	371000000	2
ta2A	371000000	372000000	5
ta2A	372000000	373000000	2
ta2A	373000000	374000000	0
ta2A	374000000	375000000	2
ta2A	375000000	376000000	2
ta2A	376000000	377000000	2
ta2A	377000000	378000000	0
ta2A	378000000	379000000	1
ta2A	379000000	380000000	2
ta2A	380000000	381000000	5
ta2A	381000000	382000000	5
ta2A	382000000	383000000	2
ta2A	383000000	384000000	0
ta2A	384000000	385000000	1
ta2A	385000000	386000000	2
ta2A	386000000	387000000	2
ta2A	387000000	388000000	1
ta2A	388000000	389000000	1
ta2A	389000000	390000000	7
ta2A	390000000	391000000	9
ta2A	391000000	392000000	3
ta2A	392000000	393000000	2
ta2A	393000000	394000000	6
ta2A	394000000	395000000	5
ta2A	395000000	396000000	0
ta2A	396000000	397000000	3
ta2A	397000000	398000000	4
ta2A	398000000	399000000	8
ta2A	399000000	400000000	6
ta2A	400000000	401000000	3
ta2A	401000000	402000000	1
ta2A	402000000	403000000	2
ta2A	403000000	404000000	0
ta2A	404000000	405000000	0
ta2A	405000000	406000000	4
ta2A	406000000	407000000	5
ta2A	407000000	408000000	5
ta2A	408000000	409000000	2
ta2A	409000000	410000000	2
ta2A	410000000	411000000	7
ta2A	411000000	412000000	2
ta2A	412000000	413000000	6
ta2A	413000000	414000000	4
ta2A	414000000	415000000	4
ta2A	415000000	416000000	3
ta2A	416000000	417000000	1
ta2A	417000000	418000000	2
ta2A	418000000	419000000	4
ta2A	419000000	420000000	4
ta2A	420000000	421000000	3
ta2A	421000000	422000000	7
ta2A	422000000	423000000	4
ta2A	423000000	424000000	5
ta2A	424000000	425000000	3
ta2A	425000000	426000000	6
ta2A	426000000	427000000	2
ta2A	427000000	428000000	1
ta2A	428000000	429000000	2
ta2A	429000000	430000000	3
ta2A	430000000	431000000	1
ta2A	431000000	432000000	3
ta2A	432000000	433000000	2
ta2A	433000000	434000000	3
ta2A	434000000	435000000	2
ta2A	435000000	436000000	1
ta2A	436000000	437000000	1
ta2A	437000000	438000000	3
ta2A	438000000	439000000	3
ta2A	439000000	440000000	4
ta2A	440000000	441000000	2
ta2A	441000000	442000000	1
ta2A	442000000	443000000	5
ta2A	443000000	444000000	2
ta2A	444000000	445000000	1
ta2A	445000000	446000000	7
ta2A	446000000	447000000	6
ta2A	447000000	448000000	5
ta2A	448000000	449000000	8
ta2A	449000000	450000000	1
ta2A	450000000	451000000	5
ta2A	451000000	452000000	5
ta2A	452000000	453000000	1
ta2A	453000000	454000000	3
ta2A	454000000	455000000	2
ta2A	455000000	456000000	2
ta2A	456000000	457000000	4
ta2A	457000000	458000000	4
ta2A	458000000	459000000	3
ta2A	459000000	460000000	7
ta2A	460000000	461000000	4
ta2A	461000000	462000000	7
ta2A	462000000	463000000	0
ta2A	463000000	464000000	2
ta2A	464000000	465000000	2
ta2A	465000000	466000000	2
ta2A	466000000	467000000	0
ta2A	467000000	468000000	3
ta2A	468000000	469000000	5
ta2A	469000000	470000000	5
ta2A	470000000	471000000	7
ta2A	471000000	472000000	3
ta2A	472000000	473000000	2
ta2A	473000000	474000000	4
ta2A	474000000	475000000	6
ta2A	475000000	476000000	6
ta2A	476000000	477000000	6
ta2A	477000000	478000000	1
ta2A	478000000	479000000	4
ta2A	479000000	480000000	1
ta2A	480000000	481000000	1
ta2A	481000000	482000000	1
ta2A	482000000	483000000	1
ta2A	483000000	484000000	1
ta2A	484000000	485000000	2
ta2A	485000000	486000000	6
ta2A	486000000	487000000	2
ta2A	487000000	488000000	0
ta2A	488000000	489000000	1
ta2A	489000000	490000000	3
ta2A	490000000	491000000	2
ta2A	491000000	492000000	1
ta2A	492000000	493000000	1
ta2A	493000000	494000000	1
ta2A	494000000	495000000	2
ta2A	495000000	496000000	3
ta2A	496000000	497000000	5
ta2A	497000000	498000000	8
ta2A	498000000	499000000	1
ta2A	499000000	500000000	2
ta2A	500000000	501000000	5
ta2A	501000000	502000000	7
ta2A	502000000	503000000	5
ta2A	503000000	504000000	9
ta2A	504000000	505000000	10
ta2A	505000000	506000000	2
ta2A	506000000	507000000	9
ta2A	507000000	508000000	5
ta2A	508000000	509000000	3
ta2A	509000000	510000000	3
ta2A	510000000	511000000	13
ta2A	511000000	512000000	3
ta2A	512000000	513000000	4
ta2A	513000000	514000000	7
ta2A	514000000	515000000	10
ta2A	515000000	516000000	15
ta2A	516000000	517000000	5
ta2A	517000000	518000000	2
ta2A	518000000	519000000	5
ta2A	519000000	520000000	10
ta2A	520000000	521000000	2
ta2A	521000000	522000000	5
ta2A	522000000	523000000	0
ta2A	523000000	524000000	7
ta2A	524000000	525000000	3
ta2A	525000000	526000000	8
ta2A	526000000	527000000	10
ta2A	527000000	528000000	6
ta2A	528000000	529000000	6
ta2A	529000000	530000000	4
ta2A	530000000	531000000	1
ta2A	531000000	532000000	9
ta2A	532000000	533000000	9
ta2A	533000000	534000000	6
ta2A	534000000	535000000	7
ta2A	535000000	536000000	4
ta2A	536000000	537000000	9
ta2A	537000000	538000000	4
ta2A	538000000	539000000	3
ta2A	539000000	540000000	4
ta2A	540000000	541000000	7
ta2A	541000000	542000000	15
ta2A	542000000	543000000	9
ta2A	543000000	544000000	4
ta2A	544000000	545000000	2
ta2A	545000000	546000000	4
ta2A	546000000	547000000	2
ta2A	547000000	548000000	1
ta2A	548000000	549000000	4
ta2A	549000000	550000000	6
ta2A	550000000	551000000	5
ta2A	551000000	552000000	3
ta2A	552000000	553000000	8
ta2A	553000000	554000000	7
ta2A	554000000	555000000	9
ta2A	555000000	556000000	8
ta2A	556000000	557000000	4
ta2A	557000000	558000000	9
ta2A	558000000	559000000	8
ta2A	559000000	560000000	6
ta2A	560000000	561000000	13
ta2A	561000000	562000000	7
ta2A	562000000	563000000	11
ta2A	563000000	564000000	3
ta2A	564000000	565000000	3
ta2A	565000000	566000000	11
ta2A	566000000	567000000	9
ta2A	567000000	568000000	4
ta2A	568000000	569000000	7
ta2A	569000000	570000000	11
ta2A	570000000	571000000	2
ta2A	571000000	572000000	10
ta2A	572000000	573000000	4
ta2A	573000000	574000000	6
ta2A	574000000	575000000	4
ta2A	575000000	576000000	10
ta2A	576000000	577000000	9
ta2A	577000000	578000000	7
ta2A	578000000	579000000	8
ta2A	579000000	580000000	11
ta2A	580000000	581000000	9
ta2A	581000000	582000000	4
ta2A	582000000	583000000	7
ta2A	583000000	584000000	11
ta2A	584000000	585000000	6
ta2A	585000000	586000000	8
ta2A	586000000	587000000	8
ta2A	587000000	588000000	6
ta2A	588000000	589000000	4
ta2A	589000000	590000000	11
ta2A	590000000	591000000	2
ta2A	591000000	592000000	9
ta2A	592000000	593000000	9
ta2A	593000000	594000000	7
ta2A	594000000	595000000	3
ta2A	595000000	596000000	2
ta2A	596000000	597000000	4
ta2A	597000000	598000000	7
ta2A	598000000	599000000	1
ta2A	599000000	600000000	7
ta2A	600000000	601000000	10
ta2A	601000000	602000000	4
ta2A	602000000	603000000	8
ta2A	603000000	604000000	12
ta2A	604000000	605000000	3
ta2A	605000000	606000000	7
ta2A	606000000	607000000	21
ta2A	607000000	608000000	7
ta2A	608000000	609000000	2
ta2A	609000000	610000000	11
ta2A	610000000	611000000	13
ta2A	611000000	612000000	13
ta2A	612000000	613000000	12
ta2A	613000000	614000000	5
ta2A	614000000	615000000	12
ta2A	615000000	616000000	6
ta2A	616000000	617000000	15
ta2A	617000000	618000000	9
ta2A	618000000	619000000	12
ta2A	619000000	620000000	3
ta2A	620000000	621000000	7
ta2A	621000000	622000000	10
ta2A	622000000	623000000	4
ta2A	623000000	624000000	9
ta2A	624000000	625000000	8
ta2A	625000000	626000000	3
ta2A	626000000	627000000	3
ta2A	627000000	628000000	9
ta2A	628000000	629000000	2
ta2A	629000000	630000000	6
ta2A	630000000	631000000	11
ta2A	631000000	632000000	15
ta2A	632000000	633000000	10
ta2A	633000000	634000000	4
ta2A	634000000	635000000	6
ta2A	635000000	636000000	3
ta2A	636000000	637000000	3
ta2A	637000000	638000000	8
ta2A	638000000	639000000	6
ta2A	639000000	640000000	6
ta2A	640000000	641000000	3
ta2A	641000000	642000000	9
ta2A	642000000	643000000	11
ta2A	643000000	644000000	10
ta2A	644000000	645000000	3
ta2A	645000000	646000000	0
ta2A	646000000	647000000	4
ta2A	647000000	648000000	2
ta2A	648000000	649000000	5
ta2A	649000000	650000000	6
ta2A	650000000	651000000	8
ta2A	651000000	652000000	13
ta2A	652000000	653000000	13
ta2A	653000000	654000000	7
ta2A	654000000	655000000	5
ta2A	655000000	656000000	10
ta2A	656000000	657000000	7
ta2A	657000000	658000000	9
ta2A	658000000	659000000	1
ta2A	659000000	660000000	7
ta2A	660000000	661000000	7
ta2A	661000000	662000000	11
ta2A	662000000	663000000	8
ta2A	663000000	664000000	9
ta2A	664000000	665000000	1
ta2A	665000000	666000000	7
ta2A	666000000	667000000	11
ta2A	667000000	668000000	4
ta2A	668000000	669000000	13
ta2A	669000000	670000000	14
ta2A	670000000	671000000	16
ta2A	671000000	672000000	10
ta2A	672000000	673000000	18
ta2A	673000000	674000000	11
ta2A	674000000	675000000	14
ta2A	675000000	676000000	6
ta2A	676000000	677000000	12
ta2A	677000000	678000000	12
ta2A	678000000	679000000	17
ta2A	679000000	680000000	13
ta2A	680000000	681000000	19
ta2A	681000000	682000000	5
ta2A	682000000	683000000	9
ta2A	683000000	684000000	8
ta2A	684000000	685000000	9
ta2A	685000000	686000000	5
ta2A	686000000	687000000	17
ta2A	687000000	688000000	10
ta2A	688000000	689000000	11
ta2A	689000000	690000000	14
ta2A	690000000	691000000	14
ta2A	691000000	692000000	10
ta2A	692000000	693000000	9
ta2A	693000000	694000000	8
ta2A	694000000	695000000	14
ta2A	695000000	696000000	20
ta2A	696000000	697000000	9
ta2A	697000000	698000000	4
ta2A	698000000	699000000	10
ta2A	699000000	700000000	16
ta2A	700000000	701000000	3
ta2A	701000000	702000000	13
ta2A	702000000	703000000	4
ta2A	703000000	704000000	11
ta2A	704000000	705000000	6
ta2A	705000000	706000000	13
ta2A	706000000	707000000	21
ta2A	707000000	708000000	11
ta2A	708000000	709000000	7
ta2A	709000000	710000000	9
ta2A	710000000	711000000	21
ta2A	711000000	712000000	13
ta2A	712000000	713000000	15
ta2A	713000000	714000000	22
ta2A	714000000	715000000	13
ta2A	715000000	716000000	15
ta2A	716000000	717000000	30
ta2A	717000000	718000000	19
ta2A	718000000	719000000	24
ta2A	719000000	720000000	21
ta2A	720000000	721000000	6
ta2A	721000000	722000000	19
ta2A	722000000	723000000	16
ta2A	723000000	724000000	16
ta2A	724000000	725000000	15
ta2A	725000000	726000000	14
ta2A	726000000	727000000	11
ta2A	727000000	728000000	14
ta2A	728000000	729000000	16
ta2A	729000000	730000000	24
ta2A	730000000	731000000	8
ta2A	731000000	732000000	3
ta2A	732000000	733000000	5
ta2A	733000000	734000000	26
ta2A	734000000	735000000	23
ta2A	735000000	736000000	30
ta2A	736000000	737000000	5
ta2A	737000000	738000000	12
ta2A	738000000	739000000	10
ta2A	739000000	740000000	12
ta2A	740000000	741000000	18
ta2A	741000000	742000000	6
ta2A	742000000	743000000	17
ta2A	743000000	744000000	12
ta2A	744000000	745000000	13
ta2A	745000000	746000000	28
ta2A	746000000	747000000	5
ta2A	747000000	748000000	27
ta2A	748000000	749000000	14
ta2A	749000000	750000000	19
ta2A	750000000	751000000	12
ta2A	751000000	752000000	17
ta2A	752000000	753000000	22
ta2A	753000000	754000000	30
ta2A	754000000	755000000	20
ta2A	755000000	756000000	17
ta2A	756000000	757000000	21
ta2A	757000000	758000000	8
ta2A	758000000	759000000	17
ta2A	759000000	760000000	31
ta2A	760000000	761000000	21
ta2A	761000000	762000000	16
ta2A	762000000	763000000	4
ta2A	763000000	764000000	15
ta2A	764000000	765000000	12
ta2A	765000000	766000000	19
ta2A	766000000	767000000	21
ta2A	767000000	768000000	15
ta2A	768000000	769000000	6
ta2A	769000000	770000000	15
ta2A	770000000	771000000	9
ta2A	771000000	772000000	12
ta2A	772000000	773000000	20
ta2A	773000000	774000000	12
ta2A	774000000	775000000	22
ta2A	775000000	776000000	16
ta2A	776000000	777000000	20
ta2A	777000000	778000000	13
ta2A	778000000	779000000	19
ta2A	779000000	780000000	9
ta2A	780000000	781000000	15
ta2A	781000000	782000000	12
ta2A	782000000	783000000	4
ta2A	783000000	784000000	18
ta2A	784000000	784538205	5
ta2B	0	1000000	8
ta2B	1000000	2000000	18
ta2B	2000000	3000000	24
ta2B	3000000	4000000	11
ta2B	4000000	5000000	13
ta2B	5000000	6000000	21
ta2B	6000000	7000000	27
ta2B	7000000	8000000	13
ta2B	8000000	9000000	20
ta2B	9000000	10000000	19
ta2B	10000000	11000000	15
ta2B	11000000	12000000	12
ta2B	12000000	13000000	10
ta2B	13000000	14000000	9
ta2B	14000000	15000000	25
ta2B	15000000	16000000	12
ta2B	16000000	17000000	8
ta2B	17000000	18000000	12
ta2B	18000000	19000000	7
ta2B	19000000	20000000	16
ta2B	20000000	21000000	7
ta2B	21000000	22000000	23
ta2B	22000000	23000000	37
ta2B	23000000	24000000	21
ta2B	24000000	25000000	10
ta2B	25000000	26000000	6
ta2B	26000000	27000000	15
ta2B	27000000	28000000	11
ta2B	28000000	29000000	16
ta2B	29000000	30000000	18
ta2B	30000000	31000000	23
ta2B	31000000	32000000	19
ta2B	32000000	33000000	5
ta2B	33000000	34000000	8
ta2B	34000000	35000000	20
ta2B	35000000	36000000	16
ta2B	36000000	37000000	13
ta2B	37000000	38000000	16
ta2B	38000000	39000000	10
ta2B	39000000	40000000	3
ta2B	40000000	41000000	8
ta2B	41000000	42000000	13
ta2B	42000000	43000000	7
ta2B	43000000	44000000	5
ta2B	44000000	45000000	4
ta2B	45000000	46000000	15
ta2B	46000000	47000000	14
ta2B	47000000	48000000	15
ta2B	48000000	49000000	10
ta2B	49000000	50000000	15
ta2B	50000000	51000000	19
ta2B	51000000	52000000	8
ta2B	52000000	53000000	9
ta2B	53000000	54000000	20
ta2B	54000000	55000000	16
ta2B	55000000	56000000	14
ta2B	56000000	57000000	13
ta2B	57000000	58000000	16
ta2B	58000000	59000000	9
ta2B	59000000	60000000	16
ta2B	60000000	61000000	17
ta2B	61000000	62000000	9
ta2B	62000000	63000000	9
ta2B	63000000	64000000	12
ta2B	64000000	65000000	14
ta2B	65000000	66000000	15
ta2B	66000000	67000000	10
ta2B	67000000	68000000	12
ta2B	68000000	69000000	10
ta2B	69000000	70000000	15
ta2B	70000000	71000000	10
ta2B	71000000	72000000	2
ta2B	72000000	73000000	8
ta2B	73000000	74000000	4
ta2B	74000000	75000000	4
ta2B	75000000	76000000	12
ta2B	76000000	77000000	15
ta2B	77000000	78000000	4
ta2B	78000000	79000000	7
ta2B	79000000	80000000	7
ta2B	80000000	81000000	15
ta2B	81000000	82000000	1
ta2B	82000000	83000000	11
ta2B	83000000	84000000	7
ta2B	84000000	85000000	9
ta2B	85000000	86000000	6
ta2B	86000000	87000000	1
ta2B	87000000	88000000	7
ta2B	88000000	89000000	5
ta2B	89000000	90000000	11
ta2B	90000000	91000000	10
ta2B	91000000	92000000	9
ta2B	92000000	93000000	5
ta2B	93000000	94000000	4
ta2B	94000000	95000000	4
ta2B	95000000	96000000	4
ta2B	96000000	97000000	6
ta2B	97000000	98000000	1
ta2B	98000000	99000000	2
ta2B	99000000	100000000	7
ta2B	100000000	101000000	11
ta2B	101000000	102000000	7
ta2B	102000000	103000000	11
ta2B	103000000	104000000	6
ta2B	104000000	105000000	9
ta2B	105000000	106000000	13
ta2B	106000000	107000000	6
ta2B	107000000	108000000	16
ta2B	108000000	109000000	5
ta2B	109000000	110000000	12
ta2B	110000000	111000000	18
ta2B	111000000	112000000	5
ta2B	112000000	113000000	8
ta2B	113000000	114000000	7
ta2B	114000000	115000000	7
ta2B	115000000	116000000	2
ta2B	116000000	117000000	10
ta2B	117000000	118000000	8
ta2B	118000000	119000000	9
ta2B	119000000	120000000	9
ta2B	120000000	121000000	5
ta2B	121000000	122000000	26
ta2B	122000000	123000000	9
ta2B	123000000	124000000	6
ta2B	124000000	125000000	3
ta2B	125000000	126000000	9
ta2B	126000000	127000000	4
ta2B	127000000	128000000	7
ta2B	128000000	129000000	4
ta2B	129000000	130000000	9
ta2B	130000000	131000000	12
ta2B	131000000	132000000	4
ta2B	132000000	133000000	0
ta2B	133000000	134000000	6
ta2B	134000000	135000000	11
ta2B	135000000	136000000	4
ta2B	136000000	137000000	5
ta2B	137000000	138000000	1
ta2B	138000000	139000000	12
ta2B	139000000	140000000	11
ta2B	140000000	141000000	7
ta2B	141000000	142000000	13
ta2B	142000000	143000000	15
ta2B	143000000	144000000	10
ta2B	144000000	145000000	9
ta2B	145000000	146000000	2
ta2B	146000000	147000000	9
ta2B	147000000	148000000	10
ta2B	148000000	149000000	7
ta2B	149000000	150000000	12
ta2B	150000000	151000000	9
ta2B	151000000	152000000	5
ta2B	152000000	153000000	2
ta2B	153000000	154000000	12
ta2B	154000000	155000000	4
ta2B	155000000	156000000	6
ta2B	156000000	157000000	2
ta2B	157000000	158000000	8
ta2B	158000000	159000000	3
ta2B	159000000	160000000	9
ta2B	160000000	161000000	9
ta2B	161000000	162000000	17
ta2B	162000000	163000000	1
ta2B	163000000	164000000	7
ta2B	164000000	165000000	13
ta2B	165000000	166000000	10
ta2B	166000000	167000000	15
ta2B	167000000	168000000	12
ta2B	168000000	169000000	11
ta2B	169000000	170000000	6
ta2B	170000000	171000000	8
ta2B	171000000	172000000	9
ta2B	172000000	173000000	3
ta2B	173000000	174000000	12
ta2B	174000000	175000000	9
ta2B	175000000	176000000	8
ta2B	176000000	177000000	2
ta2B	177000000	178000000	4
ta2B	178000000	179000000	8
ta2B	179000000	180000000	5
ta2B	180000000	181000000	4
ta2B	181000000	182000000	14
ta2B	182000000	183000000	11
ta2B	183000000	184000000	6
ta2B	184000000	185000000	5
ta2B	185000000	186000000	9
ta2B	186000000	187000000	4
ta2B	187000000	188000000	10
ta2B	188000000	189000000	6
ta2B	189000000	190000000	9
ta2B	190000000	191000000	7
ta2B	191000000	192000000	12
ta2B	192000000	193000000	8
ta2B	193000000	194000000	3
ta2B	194000000	195000000	0
ta2B	195000000	196000000	8
ta2B	196000000	197000000	4
ta2B	197000000	198000000	7
ta2B	198000000	199000000	5
ta2B	199000000	200000000	2
ta2B	200000000	201000000	5
ta2B	201000000	202000000	4
ta2B	202000000	203000000	6
ta2B	203000000	204000000	4
ta2B	204000000	205000000	12
ta2B	205000000	206000000	9
ta2B	206000000	207000000	5
ta2B	207000000	208000000	5
ta2B	208000000	209000000	4
ta2B	209000000	210000000	6
ta2B	210000000	211000000	2
ta2B	211000000	212000000	2
ta2B	212000000	213000000	5
ta2B	213000000	214000000	9
ta2B	214000000	215000000	4
ta2B	215000000	216000000	4
ta2B	216000000	217000000	6
ta2B	217000000	218000000	15
ta2B	218000000	219000000	8
ta2B	219000000	220000000	9
ta2B	220000000	221000000	2
ta2B	221000000	222000000	12
ta2B	222000000	223000000	2
ta2B	223000000	224000000	7
ta2B	224000000	225000000	8
ta2B	225000000	226000000	4
ta2B	226000000	227000000	0
ta2B	227000000	228000000	1
ta2B	228000000	229000000	11
ta2B	229000000	230000000	3
ta2B	230000000	231000000	1
ta2B	231000000	232000000	7
ta2B	232000000	233000000	6
ta2B	233000000	234000000	9
ta2B	234000000	235000000	2
ta2B	235000000	236000000	2
ta2B	236000000	237000000	7
ta2B	237000000	238000000	3
ta2B	238000000	239000000	8
ta2B	239000000	240000000	5
ta2B	240000000	241000000	2
ta2B	241000000	242000000	4
ta2B	242000000	243000000	6
ta2B	243000000	244000000	7
ta2B	244000000	245000000	13
ta2B	245000000	246000000	4
ta2B	246000000	247000000	8
ta2B	247000000	248000000	0
ta2B	248000000	249000000	0
ta2B	249000000	250000000	4
ta2B	250000000	251000000	6
ta2B	251000000	252000000	13
ta2B	252000000	253000000	12
ta2B	253000000	254000000	6
ta2B	254000000	255000000	13
ta2B	255000000	256000000	11
ta2B	256000000	257000000	5
ta2B	257000000	258000000	8
ta2B	258000000	259000000	1
ta2B	259000000	260000000	4
ta2B	260000000	261000000	6
ta2B	261000000	262000000	5
ta2B	262000000	263000000	3
ta2B	263000000	264000000	5
ta2B	264000000	265000000	2
ta2B	265000000	266000000	3
ta2B	266000000	267000000	4
ta2B	267000000	268000000	3
ta2B	268000000	269000000	3
ta2B	269000000	270000000	6
ta2B	270000000	271000000	4
ta2B	271000000	272000000	6
ta2B	272000000	273000000	2
ta2B	273000000	274000000	0
ta2B	274000000	275000000	3
ta2B	275000000	276000000	2
ta2B	276000000	277000000	3
ta2B	277000000	278000000	0
ta2B	278000000	279000000	1
ta2B	279000000	280000000	0
ta2B	280000000	281000000	0
ta2B	281000000	282000000	1
ta2B	282000000	283000000	1
ta2B	283000000	284000000	0
ta2B	284000000	285000000	2
ta2B	285000000	286000000	1
ta2B	286000000	287000000	0
ta2B	287000000	288000000	2
ta2B	288000000	289000000	1
ta2B	289000000	290000000	1
ta2B	290000000	291000000	2
ta2B	291000000	292000000	0
ta2B	292000000	293000000	2
ta2B	293000000	294000000	4
ta2B	294000000	295000000	0
ta2B	295000000	296000000	1
ta2B	296000000	297000000	1
ta2B	297000000	298000000	1
ta2B	298000000	299000000	0
ta2B	299000000	300000000	1
ta2B	300000000	301000000	1
ta2B	301000000	302000000	1
ta2B	302000000	303000000	1
ta2B	303000000	304000000	1
ta2B	304000000	305000000	3
ta2B	305000000	306000000	3
ta2B	306000000	307000000	0
ta2B	307000000	308000000	1
ta2B	308000000	309000000	0
ta2B	309000000	310000000	0
ta2B	310000000	311000000	2
ta2B	311000000	312000000	2
ta2B	312000000	313000000	0
ta2B	313000000	314000000	0
ta2B	314000000	315000000	1
ta2B	315000000	316000000	2
ta2B	316000000	317000000	3
ta2B	317000000	318000000	2
ta2B	318000000	319000000	1
ta2B	319000000	320000000	3
ta2B	320000000	321000000	0
ta2B	321000000	322000000	1
ta2B	322000000	323000000	3
ta2B	323000000	324000000	1
ta2B	324000000	325000000	0
ta2B	325000000	326000000	1
ta2B	326000000	327000000	2
ta2B	327000000	328000000	2
ta2B	328000000	329000000	1
ta2B	329000000	330000000	2
ta2B	330000000	331000000	3
ta2B	331000000	332000000	3
ta2B	332000000	333000000	1
ta2B	333000000	334000000	0
ta2B	334000000	335000000	1
ta2B	335000000	336000000	1
ta2B	336000000	337000000	5
ta2B	337000000	338000000	1
ta2B	338000000	339000000	1
ta2B	339000000	340000000	0
ta2B	340000000	341000000	1
ta2B	341000000	342000000	1
ta2B	342000000	343000000	1
ta2B	343000000	344000000	1
ta2B	344000000	345000000	3
ta2B	345000000	346000000	0
ta2B	346000000	347000000	1
ta2B	347000000	348000000	2
ta2B	348000000	349000000	0
ta2B	349000000	350000000	0
ta2B	350000000	351000000	0
ta2B	351000000	352000000	1
ta2B	352000000	353000000	0
ta2B	353000000	354000000	0
ta2B	354000000	355000000	0
ta2B	355000000	356000000	1
ta2B	356000000	357000000	0
ta2B	357000000	358000000	3
ta2B	358000000	359000000	0
ta2B	359000000	360000000	2
ta2B	360000000	361000000	1
ta2B	361000000	362000000	3
ta2B	362000000	363000000	4
ta2B	363000000	364000000	2
ta2B	364000000	365000000	5
ta2B	365000000	366000000	4
ta2B	366000000	367000000	8
ta2B	367000000	368000000	5
ta2B	368000000	369000000	5
ta2B	369000000	370000000	10
ta2B	370000000	371000000	8
ta2B	371000000	372000000	3
ta2B	372000000	373000000	4
ta2B	373000000	374000000	0
ta2B	374000000	375000000	1
ta2B	375000000	376000000	4
ta2B	376000000	377000000	1
ta2B	377000000	378000000	1
ta2B	378000000	379000000	1
ta2B	379000000	380000000	5
ta2B	380000000	381000000	3
ta2B	381000000	382000000	2
ta2B	382000000	383000000	6
ta2B	383000000	384000000	5
ta2B	384000000	385000000	4
ta2B	385000000	386000000	11
ta2B	386000000	387000000	4
ta2B	387000000	388000000	4
ta2B	388000000	389000000	7
ta2B	389000000	390000000	8
ta2B	390000000	391000000	3
ta2B	391000000	392000000	3
ta2B	392000000	393000000	4
ta2B	393000000	394000000	5
ta2B	394000000	395000000	6
ta2B	395000000	396000000	6
ta2B	396000000	397000000	11
ta2B	397000000	398000000	2
ta2B	398000000	399000000	7
ta2B	399000000	400000000	5
ta2B	400000000	401000000	7
ta2B	401000000	402000000	4
ta2B	402000000	403000000	5
ta2B	403000000	404000000	3
ta2B	404000000	405000000	4
ta2B	405000000	406000000	3
ta2B	406000000	407000000	6
ta2B	407000000	408000000	4
ta2B	408000000	409000000	8
ta2B	409000000	410000000	2
ta2B	410000000	411000000	3
ta2B	411000000	412000000	4
ta2B	412000000	413000000	5
ta2B	413000000	414000000	6
ta2B	414000000	415000000	6
ta2B	415000000	416000000	8
ta2B	416000000	417000000	1
ta2B	417000000	418000000	6
ta2B	418000000	419000000	3
ta2B	419000000	420000000	5
ta2B	420000000	421000000	4
ta2B	421000000	422000000	8
ta2B	422000000	423000000	1
ta2B	423000000	424000000	5
ta2B	424000000	425000000	4
ta2B	425000000	426000000	3
ta2B	426000000	427000000	8
ta2B	427000000	428000000	7
ta2B	428000000	429000000	3
ta2B	429000000	430000000	1
ta2B	430000000	431000000	1
ta2B	431000000	432000000	3
ta2B	432000000	433000000	6
ta2B	433000000	434000000	0
ta2B	434000000	435000000	3
ta2B	435000000	436000000	4
ta2B	436000000	437000000	3
ta2B	437000000	438000000	4
ta2B	438000000	439000000	6
ta2B	439000000	440000000	6
ta2B	440000000	441000000	2
ta2B	441000000	442000000	4
ta2B	442000000	443000000	6
ta2B	443000000	444000000	8
ta2B	444000000	445000000	6
ta2B	445000000	446000000	10
ta2B	446000000	447000000	3
ta2B	447000000	448000000	7
ta2B	448000000	449000000	6
ta2B	449000000	450000000	2
ta2B	450000000	451000000	5
ta2B	451000000	452000000	14
ta2B	452000000	453000000	6
ta2B	453000000	454000000	7
ta2B	454000000	455000000	9
ta2B	455000000	456000000	9
ta2B	456000000	457000000	11
ta2B	457000000	458000000	4
ta2B	458000000	459000000	10
ta2B	459000000	460000000	5
ta2B	460000000	461000000	3
ta2B	461000000	462000000	4
ta2B	462000000	463000000	2
ta2B	463000000	464000000	7
ta2B	464000000	465000000	7
ta2B	465000000	466000000	8
ta2B	466000000	467000000	6
ta2B	467000000	468000000	4
ta2B	468000000	469000000	6
ta2B	469000000	470000000	1
ta2B	470000000	471000000	7
ta2B	471000000	472000000	4
ta2B	472000000	473000000	8
ta2B	473000000	474000000	8
ta2B	474000000	475000000	1
ta2B	475000000	476000000	3
ta2B	476000000	477000000	5
ta2B	477000000	478000000	6
ta2B	478000000	479000000	5
ta2B	479000000	480000000	3
ta2B	480000000	481000000	12
ta2B	481000000	482000000	5
ta2B	482000000	483000000	7
ta2B	483000000	484000000	6
ta2B	484000000	485000000	4
ta2B	485000000	486000000	6
ta2B	486000000	487000000	4
ta2B	487000000	488000000	7
ta2B	488000000	489000000	4
ta2B	489000000	490000000	9
ta2B	490000000	491000000	5
ta2B	491000000	492000000	10
ta2B	492000000	493000000	2
ta2B	493000000	494000000	8
ta2B	494000000	495000000	6
ta2B	495000000	496000000	10
ta2B	496000000	497000000	12
ta2B	497000000	498000000	7
ta2B	498000000	499000000	6
ta2B	499000000	500000000	2
ta2B	500000000	501000000	8
ta2B	501000000	502000000	3
ta2B	502000000	503000000	3
ta2B	503000000	504000000	3
ta2B	504000000	505000000	0
ta2B	505000000	506000000	3
ta2B	506000000	507000000	9
ta2B	507000000	508000000	6
ta2B	508000000	509000000	11
ta2B	509000000	510000000	3
ta2B	510000000	511000000	8
ta2B	511000000	512000000	3
ta2B	512000000	513000000	10
ta2B	513000000	514000000	8
ta2B	514000000	515000000	6
ta2B	515000000	516000000	12
ta2B	516000000	517000000	9
ta2B	517000000	518000000	8
ta2B	518000000	519000000	3
ta2B	519000000	520000000	6
ta2B	520000000	521000000	8
ta2B	521000000	522000000	11
ta2B	522000000	523000000	2
ta2B	523000000	524000000	9
ta2B	524000000	525000000	6
ta2B	525000000	526000000	7
ta2B	526000000	527000000	9
ta2B	527000000	528000000	4
ta2B	528000000	529000000	3
ta2B	529000000	530000000	11
ta2B	530000000	531000000	5
ta2B	531000000	532000000	11
ta2B	532000000	533000000	9
ta2B	533000000	534000000	6
ta2B	534000000	535000000	6
ta2B	535000000	536000000	0
ta2B	536000000	537000000	5
ta2B	537000000	538000000	2
ta2B	538000000	539000000	7
ta2B	539000000	540000000	2
ta2B	540000000	541000000	5
ta2B	541000000	542000000	8
ta2B	542000000	543000000	10
ta2B	543000000	544000000	4
ta2B	544000000	545000000	10
ta2B	545000000	546000000	5
ta2B	546000000	547000000	14
ta2B	547000000	548000000	6
ta2B	548000000	549000000	11
ta2B	549000000	550000000	7
ta2B	550000000	551000000	18
ta2B	551000000	552000000	9
ta2B	552000000	553000000	7
ta2B	553000000	554000000	8
ta2B	554000000	555000000	1
ta2B	555000000	556000000	7
ta2B	556000000	557000000	3
ta2B	557000000	558000000	14
ta2B	558000000	559000000	12
ta2B	559000000	560000000	6
ta2B	560000000	561000000	4
ta2B	561000000	562000000	9
ta2B	562000000	563000000	6
ta2B	563000000	564000000	1
ta2B	564000000	565000000	10
ta2B	565000000	566000000	5
ta2B	566000000	567000000	7
ta2B	567000000	568000000	6
ta2B	568000000	569000000	4
ta2B	569000000	570000000	3
ta2B	570000000	571000000	9
ta2B	571000000	572000000	5
ta2B	572000000	573000000	13
ta2B	573000000	574000000	11
ta2B	574000000	575000000	7
ta2B	575000000	576000000	7
ta2B	576000000	577000000	5
ta2B	577000000	578000000	7
ta2B	578000000	579000000	5
ta2B	579000000	580000000	2
ta2B	580000000	581000000	3
ta2B	581000000	582000000	2
ta2B	582000000	583000000	0
ta2B	583000000	584000000	2
ta2B	584000000	585000000	6
ta2B	585000000	586000000	9
ta2B	586000000	587000000	9
ta2B	587000000	588000000	7
ta2B	588000000	589000000	5
ta2B	589000000	590000000	6
ta2B	590000000	591000000	1
ta2B	591000000	592000000	7
ta2B	592000000	593000000	2
ta2B	593000000	594000000	2
ta2B	594000000	595000000	7
ta2B	595000000	596000000	6
ta2B	596000000	597000000	4
ta2B	597000000	598000000	8
ta2B	598000000	599000000	6
ta2B	599000000	600000000	6
ta2B	600000000	601000000	1
ta2B	601000000	602000000	5
ta2B	602000000	603000000	6
ta2B	603000000	604000000	8
ta2B	604000000	605000000	2
ta2B	605000000	606000000	5
ta2B	606000000	607000000	2
ta2B	607000000	608000000	2
ta2B	608000000	609000000	4
ta2B	609000000	610000000	7
ta2B	610000000	611000000	10
ta2B	611000000	612000000	3
ta2B	612000000	613000000	11
ta2B	613000000	614000000	10
ta2B	614000000	615000000	7
ta2B	615000000	616000000	2
ta2B	616000000	617000000	10
ta2B	617000000	618000000	13
ta2B	618000000	619000000	4
ta2B	619000000	620000000	7
ta2B	620000000	621000000	3
ta2B	621000000	622000000	8
ta2B	622000000	623000000	7
ta2B	623000000	624000000	9
ta2B	624000000	625000000	7
ta2B	625000000	626000000	7
ta2B	626000000	627000000	6
ta2B	627000000	628000000	7
ta2B	628000000	629000000	4
ta2B	629000000	630000000	3
ta2B	630000000	631000000	3
ta2B	631000000	632000000	9
ta2B	632000000	633000000	7
ta2B	633000000	634000000	9
ta2B	634000000	635000000	12
ta2B	635000000	636000000	7
ta2B	636000000	637000000	3
ta2B	637000000	638000000	6
ta2B	638000000	639000000	10
ta2B	639000000	640000000	11
ta2B	640000000	641000000	9
ta2B	641000000	642000000	9
ta2B	642000000	643000000	10
ta2B	643000000	644000000	7
ta2B	644000000	645000000	3
ta2B	645000000	646000000	8
ta2B	646000000	647000000	5
ta2B	647000000	648000000	6
ta2B	648000000	649000000	6
ta2B	649000000	650000000	8
ta2B	650000000	651000000	4
ta2B	651000000	652000000	6
ta2B	652000000	653000000	9
ta2B	653000000	654000000	7
ta2B	654000000	655000000	15
ta2B	655000000	656000000	11
ta2B	656000000	657000000	12
ta2B	657000000	658000000	12
ta2B	658000000	659000000	9
ta2B	659000000	660000000	7
ta2B	660000000	661000000	8
ta2B	661000000	662000000	6
ta2B	662000000	663000000	8
ta2B	663000000	664000000	5
ta2B	664000000	665000000	4
ta2B	665000000	666000000	11
ta2B	666000000	667000000	8
ta2B	667000000	668000000	4
ta2B	668000000	669000000	5
ta2B	669000000	670000000	10
ta2B	670000000	671000000	7
ta2B	671000000	672000000	6
ta2B	672000000	673000000	1
ta2B	673000000	674000000	11
ta2B	674000000	675000000	7
ta2B	675000000	676000000	11
ta2B	676000000	677000000	6
ta2B	677000000	678000000	7
ta2B	678000000	679000000	11
ta2B	679000000	680000000	8
ta2B	680000000	681000000	11
ta2B	681000000	682000000	5
ta2B	682000000	683000000	9
ta2B	683000000	684000000	15
ta2B	684000000	685000000	6
ta2B	685000000	686000000	9
ta2B	686000000	687000000	13
ta2B	687000000	688000000	0
ta2B	688000000	689000000	3
ta2B	689000000	690000000	8
ta2B	690000000	691000000	7
ta2B	691000000	692000000	6
ta2B	692000000	693000000	8
ta2B	693000000	694000000	12
ta2B	694000000	695000000	17
ta2B	695000000	696000000	12
ta2B	696000000	697000000	12
ta2B	697000000	698000000	8
ta2B	698000000	699000000	14
ta2B	699000000	700000000	19
ta2B	700000000	701000000	10
ta2B	701000000	702000000	18
ta2B	702000000	703000000	11
ta2B	703000000	704000000	5
ta2B	704000000	705000000	2
ta2B	705000000	706000000	3
ta2B	706000000	707000000	2
ta2B	707000000	708000000	13
ta2B	708000000	709000000	11
ta2B	709000000	710000000	7
ta2B	710000000	711000000	9
ta2B	711000000	712000000	19
ta2B	712000000	713000000	14
ta2B	713000000	714000000	10
ta2B	714000000	715000000	5
ta2B	715000000	716000000	11
ta2B	716000000	717000000	11
ta2B	717000000	718000000	10
ta2B	718000000	719000000	6
ta2B	719000000	720000000	4
ta2B	720000000	721000000	14
ta2B	721000000	722000000	4
ta2B	722000000	723000000	15
ta2B	723000000	724000000	6
ta2B	724000000	725000000	6
ta2B	725000000	726000000	10
ta2B	726000000	727000000	9
ta2B	727000000	728000000	6
ta2B	728000000	729000000	10
ta2B	729000000	730000000	8
ta2B	730000000	731000000	10
ta2B	731000000	732000000	12
ta2B	732000000	733000000	9
ta2B	733000000	734000000	10
ta2B	734000000	735000000	19
ta2B	735000000	736000000	8
ta2B	736000000	737000000	10
ta2B	737000000	738000000	8
ta2B	738000000	739000000	4
ta2B	739000000	740000000	10
ta2B	740000000	741000000	11
ta2B	741000000	742000000	4
ta2B	742000000	743000000	3
ta2B	743000000	744000000	11
ta2B	744000000	745000000	13
ta2B	745000000	746000000	6
ta2B	746000000	747000000	17
ta2B	747000000	748000000	9
ta2B	748000000	749000000	20
ta2B	749000000	750000000	7
ta2B	750000000	751000000	2
ta2B	751000000	752000000	22
ta2B	752000000	753000000	13
ta2B	753000000	754000000	5
ta2B	754000000	755000000	19
ta2B	755000000	756000000	11
ta2B	756000000	757000000	22
ta2B	757000000	758000000	19
ta2B	758000000	759000000	14
ta2B	759000000	760000000	14
ta2B	760000000	761000000	5
ta2B	761000000	762000000	11
ta2B	762000000	763000000	16
ta2B	763000000	764000000	13
ta2B	764000000	765000000	11
ta2B	765000000	766000000	21
ta2B	766000000	767000000	11
ta2B	767000000	768000000	12
ta2B	768000000	769000000	19
ta2B	769000000	770000000	9
ta2B	770000000	771000000	12
ta2B	771000000	772000000	15
ta2B	772000000	773000000	8
ta2B	773000000	774000000	16
ta2B	774000000	775000000	8
ta2B	775000000	776000000	13
ta2B	776000000	777000000	7
ta2B	777000000	778000000	8
ta2B	778000000	779000000	12
ta2B	779000000	780000000	19
ta2B	780000000	781000000	13
ta2B	781000000	782000000	14
ta2B	782000000	783000000	18
ta2B	783000000	784000000	14
ta2B	784000000	785000000	12
ta2B	785000000	786000000	9
ta2B	786000000	787000000	5
ta2B	787000000	788000000	8
ta2B	788000000	789000000	13
ta2B	789000000	790000000	8
ta2B	790000000	791000000	9
ta2B	791000000	792000000	20
ta2B	792000000	793000000	16
ta2B	793000000	794000000	13
ta2B	794000000	795000000	13
ta2B	795000000	796000000	3
ta2B	796000000	797000000	27
ta2B	797000000	798000000	29
ta2B	798000000	799000000	15
ta2B	799000000	800000000	8
ta2B	800000000	801000000	21
ta2B	801000000	802000000	24
ta2B	802000000	803000000	19
ta2B	803000000	804000000	5
ta2B	804000000	805000000	30
ta2B	805000000	805970933	27
ta2D	0	1000000	14
ta2D	1000000	2000000	35
ta2D	2000000	3000000	8
ta2D	3000000	4000000	16
ta2D	4000000	5000000	0
ta2D	5000000	6000000	10
ta2D	6000000	7000000	27
ta2D	7000000	8000000	30
ta2D	8000000	9000000	25
ta2D	9000000	10000000	22
ta2D	10000000	11000000	12
ta2D	11000000	12000000	25
ta2D	12000000	13000000	33
ta2D	13000000	14000000	35
ta2D	14000000	15000000	34
ta2D	15000000	16000000	46
ta2D	16000000	17000000	33
ta2D	17000000	18000000	18
ta2D	18000000	19000000	6
ta2D	19000000	20000000	26
ta2D	20000000	21000000	20
ta2D	21000000	22000000	17
ta2D	22000000	23000000	12
ta2D	23000000	24000000	10
ta2D	24000000	25000000	25
ta2D	25000000	26000000	21
ta2D	26000000	27000000	10
ta2D	27000000	28000000	7
ta2D	28000000	29000000	43
ta2D	29000000	30000000	9
ta2D	30000000	31000000	14
ta2D	31000000	32000000	32
ta2D	32000000	33000000	22
ta2D	33000000	34000000	13
ta2D	34000000	35000000	30
ta2D	35000000	36000000	12
ta2D	36000000	37000000	30
ta2D	37000000	38000000	19
ta2D	38000000	39000000	14
ta2D	39000000	40000000	21
ta2D	40000000	41000000	23
ta2D	41000000	42000000	22
ta2D	42000000	43000000	14
ta2D	43000000	44000000	4
ta2D	44000000	45000000	3
ta2D	45000000	46000000	4
ta2D	46000000	47000000	10
ta2D	47000000	48000000	13
ta2D	48000000	49000000	18
ta2D	49000000	50000000	6
ta2D	50000000	51000000	11
ta2D	51000000	52000000	9
ta2D	52000000	53000000	11
ta2D	53000000	54000000	8
ta2D	54000000	55000000	19
ta2D	55000000	56000000	15
ta2D	56000000	57000000	9
ta2D	57000000	58000000	4
ta2D	58000000	59000000	8
ta2D	59000000	60000000	18
ta2D	60000000	61000000	21
ta2D	61000000	62000000	9
ta2D	62000000	63000000	3
ta2D	63000000	64000000	15
ta2D	64000000	65000000	11
ta2D	65000000	66000000	16
ta2D	66000000	67000000	11
ta2D	67000000	68000000	21
ta2D	68000000	69000000	18
ta2D	69000000	70000000	9
ta2D	70000000	71000000	9
ta2D	71000000	72000000	7
ta2D	72000000	73000000	10
ta2D	73000000	74000000	5
ta2D	74000000	75000000	5
ta2D	75000000	76000000	13
ta2D	76000000	77000000	17
ta2D	77000000	78000000	13
ta2D	78000000	79000000	24
ta2D	79000000	80000000	9
ta2D	80000000	81000000	22
ta2D	81000000	82000000	16
ta2D	82000000	83000000	11
ta2D	83000000	84000000	12
ta2D	84000000	85000000	18
ta2D	85000000	86000000	22
ta2D	86000000	87000000	15
ta2D	87000000	88000000	18
ta2D	88000000	89000000	8
ta2D	89000000	90000000	4
ta2D	90000000	91000000	6
ta2D	91000000	92000000	10
ta2D	92000000	93000000	15
ta2D	93000000	94000000	9
ta2D	94000000	95000000	18
ta2D	95000000	96000000	7
ta2D	96000000	97000000	8
ta2D	97000000	98000000	5
ta2D	98000000	99000000	8
ta2D	99000000	100000000	1
ta2D	100000000	101000000	9
ta2D	101000000	102000000	9
ta2D	102000000	103000000	4
ta2D	103000000	104000000	9
ta2D	104000000	105000000	8
ta2D	105000000	106000000	7
ta2D	106000000	107000000	6
ta2D	107000000	108000000	10
ta2D	108000000	109000000	15
ta2D	109000000	110000000	2
ta2D	110000000	111000000	1
ta2D	111000000	112000000	10
ta2D	112000000	113000000	13
ta2D	113000000	114000000	8
ta2D	114000000	115000000	11
ta2D	115000000	116000000	9
ta2D	116000000	117000000	16
ta2D	117000000	118000000	4
ta2D	118000000	119000000	10
ta2D	119000000	120000000	5
ta2D	120000000	121000000	11
ta2D	121000000	122000000	7
ta2D	122000000	123000000	12
ta2D	123000000	124000000	10
ta2D	124000000	125000000	15
ta2D	125000000	126000000	9
ta2D	126000000	127000000	12
ta2D	127000000	128000000	7
ta2D	128000000	129000000	8
ta2D	129000000	130000000	8
ta2D	130000000	131000000	13
ta2D	131000000	132000000	10
ta2D	132000000	133000000	13
ta2D	133000000	134000000	9
ta2D	134000000	135000000	6
ta2D	135000000	136000000	10
ta2D	136000000	137000000	10
ta2D	137000000	138000000	9
ta2D	138000000	139000000	11
ta2D	139000000	140000000	9
ta2D	140000000	141000000	7
ta2D	141000000	142000000	7
ta2D	142000000	143000000	11
ta2D	143000000	144000000	3
ta2D	144000000	145000000	10
ta2D	145000000	146000000	8
ta2D	146000000	147000000	1
ta2D	147000000	148000000	9
ta2D	148000000	149000000	6
ta2D	149000000	150000000	5
ta2D	150000000	151000000	6
ta2D	151000000	152000000	9
ta2D	152000000	153000000	7
ta2D	153000000	154000000	3
ta2D	154000000	155000000	2
ta2D	155000000	156000000	3
ta2D	156000000	157000000	7
ta2D	157000000	158000000	6
ta2D	158000000	159000000	8
ta2D	159000000	160000000	6
ta2D	160000000	161000000	17
ta2D	161000000	162000000	6
ta2D	162000000	163000000	12
ta2D	163000000	164000000	3
ta2D	164000000	165000000	4
ta2D	165000000	166000000	8
ta2D	166000000	167000000	7
ta2D	167000000	168000000	8
ta2D	168000000	169000000	3
ta2D	169000000	170000000	2
ta2D	170000000	171000000	9
ta2D	171000000	172000000	3
ta2D	172000000	173000000	3
ta2D	173000000	174000000	6
ta2D	174000000	175000000	4
ta2D	175000000	176000000	9
ta2D	176000000	177000000	3
ta2D	177000000	178000000	2
ta2D	178000000	179000000	5
ta2D	179000000	180000000	6
ta2D	180000000	181000000	4
ta2D	181000000	182000000	10
ta2D	182000000	183000000	2
ta2D	183000000	184000000	8
ta2D	184000000	185000000	11
ta2D	185000000	186000000	4
ta2D	186000000	187000000	11
ta2D	187000000	188000000	3
ta2D	188000000	189000000	7
ta2D	189000000	190000000	1
ta2D	190000000	191000000	2
ta2D	191000000	192000000	5
ta2D	192000000	193000000	9
ta2D	193000000	194000000	7
ta2D	194000000	195000000	15
ta2D	195000000	196000000	16
ta2D	196000000	197000000	3
ta2D	197000000	198000000	12
ta2D	198000000	199000000	9
ta2D	199000000	200000000	7
ta2D	200000000	201000000	5
ta2D	201000000	202000000	11
ta2D	202000000	203000000	3
ta2D	203000000	204000000	7
ta2D	204000000	205000000	3
ta2D	205000000	206000000	3
ta2D	206000000	207000000	2
ta2D	207000000	208000000	10
ta2D	208000000	209000000	3
ta2D	209000000	210000000	4
ta2D	210000000	211000000	7
ta2D	211000000	212000000	6
ta2D	212000000	213000000	5
ta2D	213000000	214000000	3
ta2D	214000000	215000000	6
ta2D	215000000	216000000	1
ta2D	216000000	217000000	1
ta2D	217000000	218000000	2
ta2D	218000000	219000000	2
ta2D	219000000	220000000	1
ta2D	220000000	221000000	4
ta2D	221000000	222000000	1
ta2D	222000000	223000000	3
ta2D	223000000	224000000	6
ta2D	224000000	225000000	2
ta2D	225000000	226000000	3
ta2D	226000000	227000000	2
ta2D	227000000	228000000	2
ta2D	228000000	229000000	5
ta2D	229000000	230000000	2
ta2D	230000000	231000000	1
ta2D	231000000	232000000	3
ta2D	232000000	233000000	0
ta2D	233000000	234000000	1
ta2D	234000000	235000000	1
ta2D	235000000	236000000	1
ta2D	236000000	237000000	3
ta2D	237000000	238000000	1
ta2D	238000000	239000000	3
ta2D	239000000	240000000	4
ta2D	240000000	241000000	2
ta2D	241000000	242000000	1
ta2D	242000000	243000000	1
ta2D	243000000	244000000	4
ta2D	244000000	245000000	2
ta2D	245000000	246000000	2
ta2D	246000000	247000000	4
ta2D	247000000	248000000	1
ta2D	248000000	249000000	2
ta2D	249000000	250000000	1
ta2D	250000000	251000000	6
ta2D	251000000	252000000	3
ta2D	252000000	253000000	3
ta2D	253000000	254000000	2
ta2D	254000000	255000000	2
ta2D	255000000	256000000	8
ta2D	256000000	257000000	0
ta2D	257000000	258000000	3
ta2D	258000000	259000000	2
ta2D	259000000	260000000	5
ta2D	260000000	261000000	6
ta2D	261000000	262000000	4
ta2D	262000000	263000000	4
ta2D	263000000	264000000	3
ta2D	264000000	265000000	1
ta2D	265000000	266000000	3
ta2D	266000000	267000000	3
ta2D	267000000	268000000	2
ta2D	268000000	269000000	4
ta2D	269000000	270000000	3
ta2D	270000000	271000000	1
ta2D	271000000	272000000	0
ta2D	272000000	273000000	5
ta2D	273000000	274000000	2
ta2D	274000000	275000000	0
ta2D	275000000	276000000	1
ta2D	276000000	277000000	1
ta2D	277000000	278000000	0
ta2D	278000000	279000000	4
ta2D	279000000	280000000	2
ta2D	280000000	281000000	2
ta2D	281000000	282000000	2
ta2D	282000000	283000000	2
ta2D	283000000	284000000	3
ta2D	284000000	285000000	4
ta2D	285000000	286000000	1
ta2D	286000000	287000000	0
ta2D	287000000	288000000	0
ta2D	288000000	289000000	2
ta2D	289000000	290000000	3
ta2D	290000000	291000000	2
ta2D	291000000	292000000	4
ta2D	292000000	293000000	4
ta2D	293000000	294000000	2
ta2D	294000000	295000000	3
ta2D	295000000	296000000	0
ta2D	296000000	297000000	2
ta2D	297000000	298000000	1
ta2D	298000000	299000000	5
ta2D	299000000	300000000	5
ta2D	300000000	301000000	3
ta2D	301000000	302000000	3
ta2D	302000000	303000000	3
ta2D	303000000	304000000	3
ta2D	304000000	305000000	2
ta2D	305000000	306000000	7
ta2D	306000000	307000000	5
ta2D	307000000	308000000	5
ta2D	308000000	309000000	6
ta2D	309000000	310000000	4
ta2D	310000000	311000000	3
ta2D	311000000	312000000	6
ta2D	312000000	313000000	13
ta2D	313000000	314000000	7
ta2D	314000000	315000000	7
ta2D	315000000	316000000	5
ta2D	316000000	317000000	1
ta2D	317000000	318000000	4
ta2D	318000000	319000000	4
ta2D	319000000	320000000	6
ta2D	320000000	321000000	6
ta2D	321000000	322000000	9
ta2D	322000000	323000000	10
ta2D	323000000	324000000	2
ta2D	324000000	325000000	19
ta2D	325000000	326000000	2
ta2D	326000000	327000000	6
ta2D	327000000	328000000	1
ta2D	328000000	329000000	7
ta2D	329000000	330000000	11
ta2D	330000000	331000000	9
ta2D	331000000	332000000	8
ta2D	332000000	333000000	10
ta2D	333000000	334000000	5
ta2D	334000000	335000000	8
ta2D	335000000	336000000	2
ta2D	336000000	337000000	6
ta2D	337000000	338000000	4
ta2D	338000000	339000000	5
ta2D	339000000	340000000	2
ta2D	340000000	341000000	9
ta2D	341000000	342000000	4
ta2D	342000000	343000000	5
ta2D	343000000	344000000	6
ta2D	344000000	345000000	7
ta2D	345000000	346000000	4
ta2D	346000000	347000000	9
ta2D	347000000	348000000	2
ta2D	348000000	349000000	4
ta2D	349000000	350000000	8
ta2D	350000000	351000000	6
ta2D	351000000	352000000	9
ta2D	352000000	353000000	10
ta2D	353000000	354000000	6
ta2D	354000000	355000000	5
ta2D	355000000	356000000	5
ta2D	356000000	357000000	8
ta2D	357000000	358000000	4
ta2D	358000000	359000000	9
ta2D	359000000	360000000	9
ta2D	360000000	361000000	8
ta2D	361000000	362000000	10
ta2D	362000000	363000000	6
ta2D	363000000	364000000	4
ta2D	364000000	365000000	5
ta2D	365000000	366000000	5
ta2D	366000000	367000000	5
ta2D	367000000	368000000	5
ta2D	368000000	369000000	0
ta2D	369000000	370000000	1
ta2D	370000000	371000000	9
ta2D	371000000	372000000	6
ta2D	372000000	373000000	8
ta2D	373000000	374000000	7
ta2D	374000000	375000000	4
ta2D	375000000	376000000	7
ta2D	376000000	377000000	5
ta2D	377000000	378000000	10
ta2D	378000000	379000000	11
ta2D	379000000	380000000	10
ta2D	380000000	381000000	8
ta2D	381000000	382000000	10
ta2D	382000000	383000000	11
ta2D	383000000	384000000	16
ta2D	384000000	385000000	9
ta2D	385000000	386000000	13
ta2D	386000000	387000000	14
ta2D	387000000	388000000	9
ta2D	388000000	389000000	6
ta2D	389000000	390000000	7
ta2D	390000000	391000000	9
ta2D	391000000	392000000	7
ta2D	392000000	393000000	8
ta2D	393000000	394000000	7
ta2D	394000000	395000000	2
ta2D	395000000	396000000	5
ta2D	396000000	397000000	7
ta2D	397000000	398000000	10
ta2D	398000000	399000000	8
ta2D	399000000	400000000	8
ta2D	400000000	401000000	10
ta2D	401000000	402000000	8
ta2D	402000000	403000000	6
ta2D	403000000	404000000	2
ta2D	404000000	405000000	10
ta2D	405000000	406000000	4
ta2D	406000000	407000000	8
ta2D	407000000	408000000	4
ta2D	408000000	409000000	6
ta2D	409000000	410000000	9
ta2D	410000000	411000000	12
ta2D	411000000	412000000	15
ta2D	412000000	413000000	12
ta2D	413000000	414000000	8
ta2D	414000000	415000000	4
ta2D	415000000	416000000	6
ta2D	416000000	417000000	4
ta2D	417000000	418000000	8
ta2D	418000000	419000000	10
ta2D	419000000	420000000	11
ta2D	420000000	421000000	5
ta2D	421000000	422000000	3
ta2D	422000000	423000000	7
ta2D	423000000	424000000	11
ta2D	424000000	425000000	9
ta2D	425000000	426000000	6
ta2D	426000000	427000000	14
ta2D	427000000	428000000	10
ta2D	428000000	429000000	11
ta2D	429000000	430000000	14
ta2D	430000000	431000000	3
ta2D	431000000	432000000	5
ta2D	432000000	433000000	10
ta2D	433000000	434000000	16
ta2D	434000000	435000000	11
ta2D	435000000	436000000	10
ta2D	436000000	437000000	12
ta2D	437000000	438000000	16
ta2D	438000000	439000000	6
ta2D	439000000	440000000	8
ta2D	440000000	441000000	7
ta2D	441000000	442000000	4
ta2D	442000000	443000000	7
ta2D	443000000	444000000	11
ta2D	444000000	445000000	4
ta2D	445000000	446000000	10
ta2D	446000000	447000000	12
ta2D	447000000	448000000	9
ta2D	448000000	449000000	3
ta2D	449000000	450000000	4
ta2D	450000000	451000000	6
ta2D	451000000	452000000	10
ta2D	452000000	453000000	11
ta2D	453000000	454000000	7
ta2D	454000000	455000000	8
ta2D	455000000	456000000	8
ta2D	456000000	457000000	9
ta2D	457000000	458000000	8
ta2D	458000000	459000000	4
ta2D	459000000	460000000	3
ta2D	460000000	461000000	3
ta2D	461000000	462000000	6
ta2D	462000000	463000000	0
ta2D	463000000	464000000	7
ta2D	464000000	465000000	9
ta2D	465000000	466000000	13
ta2D	466000000	467000000	16
ta2D	467000000	468000000	10
ta2D	468000000	469000000	10
ta2D	469000000	470000000	2
ta2D	470000000	471000000	2
ta2D	471000000	472000000	3
ta2D	472000000	473000000	6
ta2D	473000000	474000000	8
ta2D	474000000	475000000	9
ta2D	475000000	476000000	12
ta2D	476000000	477000000	21
ta2D	477000000	478000000	7
ta2D	478000000	479000000	11
ta2D	479000000	480000000	15
ta2D	480000000	481000000	13
ta2D	481000000	482000000	11
ta2D	482000000	483000000	15
ta2D	483000000	484000000	10
ta2D	484000000	485000000	6
ta2D	485000000	486000000	2
ta2D	486000000	487000000	13
ta2D	487000000	488000000	11
ta2D	488000000	489000000	10
ta2D	489000000	490000000	7
ta2D	490000000	491000000	18
ta2D	491000000	492000000	10
ta2D	492000000	493000000	11
ta2D	493000000	494000000	9
ta2D	494000000	495000000	9
ta2D	495000000	496000000	9
ta2D	496000000	497000000	11
ta2D	497000000	498000000	8
ta2D	498000000	499000000	9
ta2D	499000000	500000000	9
ta2D	500000000	501000000	2
ta2D	501000000	502000000	6
ta2D	502000000	503000000	3
ta2D	503000000	504000000	4
ta2D	504000000	505000000	17
ta2D	505000000	506000000	9
ta2D	506000000	507000000	4
ta2D	507000000	508000000	3
ta2D	508000000	509000000	2
ta2D	509000000	510000000	6
ta2D	510000000	511000000	2
ta2D	511000000	512000000	4
ta2D	512000000	513000000	15
ta2D	513000000	514000000	10
ta2D	514000000	515000000	5
ta2D	515000000	516000000	1
ta2D	516000000	517000000	8
ta2D	517000000	518000000	5
ta2D	518000000	519000000	6
ta2D	519000000	520000000	12
ta2D	520000000	521000000	5
ta2D	521000000	522000000	6
ta2D	522000000	523000000	11
ta2D	523000000	524000000	10
ta2D	524000000	525000000	16
ta2D	525000000	526000000	5
ta2D	526000000	527000000	9
ta2D	527000000	528000000	6
ta2D	528000000	529000000	12
ta2D	529000000	530000000	14
ta2D	530000000	531000000	15
ta2D	531000000	532000000	7
ta2D	532000000	533000000	14
ta2D	533000000	534000000	15
ta2D	534000000	535000000	14
ta2D	535000000	536000000	13
ta2D	536000000	537000000	2
ta2D	537000000	538000000	9
ta2D	538000000	539000000	8
ta2D	539000000	540000000	12
ta2D	540000000	541000000	12
ta2D	541000000	542000000	20
ta2D	542000000	543000000	16
ta2D	543000000	544000000	15
ta2D	544000000	545000000	13
ta2D	545000000	546000000	14
ta2D	546000000	547000000	12
ta2D	547000000	548000000	14
ta2D	548000000	549000000	3
ta2D	549000000	550000000	10
ta2D	550000000	551000000	8
ta2D	551000000	552000000	28
ta2D	552000000	553000000	10
ta2D	553000000	554000000	12
ta2D	554000000	555000000	17
ta2D	555000000	556000000	7
ta2D	556000000	557000000	2
ta2D	557000000	558000000	8
ta2D	558000000	559000000	5
ta2D	559000000	560000000	13
ta2D	560000000	561000000	8
ta2D	561000000	562000000	11
ta2D	562000000	563000000	13
ta2D	563000000	564000000	15
ta2D	564000000	565000000	13
ta2D	565000000	566000000	14
ta2D	566000000	567000000	13
ta2D	567000000	568000000	8
ta2D	568000000	569000000	16
ta2D	569000000	570000000	18
ta2D	570000000	571000000	9
ta2D	571000000	572000000	19
ta2D	572000000	573000000	19
ta2D	573000000	574000000	16
ta2D	574000000	575000000	16
ta2D	575000000	576000000	10
ta2D	576000000	577000000	12
ta2D	577000000	578000000	9
ta2D	578000000	579000000	14
ta2D	579000000	580000000	19
ta2D	580000000	581000000	8
ta2D	581000000	582000000	19
ta2D	582000000	583000000	17
ta2D	583000000	584000000	9
ta2D	584000000	585000000	21
ta2D	585000000	586000000	9
ta2D	586000000	587000000	20
ta2D	587000000	588000000	26
ta2D	588000000	589000000	2
ta2D	589000000	590000000	4
ta2D	590000000	591000000	4
ta2D	591000000	592000000	13
ta2D	592000000	593000000	27
ta2D	593000000	594000000	18
ta2D	594000000	595000000	20
ta2D	595000000	596000000	19
ta2D	596000000	597000000	20
ta2D	597000000	598000000	21
ta2D	598000000	599000000	13
ta2D	599000000	600000000	9
ta2D	600000000	601000000	25
ta2D	601000000	602000000	15
ta2D	602000000	603000000	17
ta2D	603000000	604000000	14
ta2D	604000000	605000000	2
ta2D	605000000	606000000	7
ta2D	606000000	607000000	21
ta2D	607000000	608000000	15
ta2D	608000000	609000000	14
ta2D	609000000	610000000	14
ta2D	610000000	611000000	15
ta2D	611000000	612000000	5
ta2D	612000000	613000000	12
ta2D	613000000	614000000	11
ta2D	614000000	615000000	14
ta2D	615000000	616000000	13
ta2D	616000000	617000000	17
ta2D	617000000	618000000	13
ta2D	618000000	619000000	11
ta2D	619000000	620000000	11
ta2D	620000000	621000000	13
ta2D	621000000	622000000	10
ta2D	622000000	623000000	13
ta2D	623000000	624000000	14
ta2D	624000000	625000000	23
ta2D	625000000	626000000	33
ta2D	626000000	627000000	30
ta2D	627000000	628000000	28
ta2D	628000000	629000000	30
ta2D	629000000	630000000	16
ta2D	630000000	631000000	13
ta2D	631000000	632000000	22
ta2D	632000000	633000000	10
ta2D	633000000	634000000	11
ta2D	634000000	635000000	27
ta2D	635000000	636000000	21
ta2D	636000000	637000000	14
ta2D	637000000	638000000	24
ta2D	638000000	639000000	9
ta2D	639000000	640000000	17
ta2D	640000000	641000000	17
ta2D	641000000	642000000	21
ta2D	642000000	643000000	24
ta2D	643000000	644000000	24
ta2D	644000000	645000000	28
ta2D	645000000	646000000	16
ta2D	646000000	647000000	10
ta2D	647000000	648000000	24
ta2D	648000000	649000000	22
ta2D	649000000	650000000	33
ta2D	650000000	651000000	26
ta2D	651000000	652000000	20
ta2D	652000000	653000000	28
ta2D	653000000	654000000	7
ta2D	654000000	655000000	17
ta2D	655000000	656000000	16
ta2D	656000000	657000000	20
ta2D	657000000	658000000	16
ta2D	658000000	659000000	17
ta2D	659000000	660000000	19
ta2D	660000000	660505245	13
ta3A	0	1000000	11
ta3A	1000000	2000000	13
ta3A	2000000	3000000	26
ta3A	3000000	4000000	25
ta3A	4000000	5000000	26
ta3A	5000000	6000000	22
ta3A	6000000	7000000	18
ta3A	7000000	8000000	35
ta3A	8000000	9000000	28
ta3A	9000000	10000000	23
ta3A	10000000	11000000	11
ta3A	11000000	12000000	19
ta3A	12000000	13000000	8
ta3A	13000000	14000000	13
ta3A	14000000	15000000	6
ta3A	15000000	16000000	21
ta3A	16000000	17000000	21
ta3A	17000000	18000000	15
ta3A	18000000	19000000	9
ta3A	19000000	20000000	13
ta3A	20000000	21000000	19
ta3A	21000000	22000000	18
ta3A	22000000	23000000	21
ta3A	23000000	24000000	18
ta3A	24000000	25000000	9
ta3A	25000000	26000000	12
ta3A	26000000	27000000	3
ta3A	27000000	28000000	8
ta3A	28000000	29000000	5
ta3A	29000000	30000000	20
ta3A	30000000	31000000	10
ta3A	31000000	32000000	5
ta3A	32000000	33000000	8
ta3A	33000000	34000000	17
ta3A	34000000	35000000	14
ta3A	35000000	36000000	21
ta3A	36000000	37000000	7
ta3A	37000000	38000000	15
ta3A	38000000	39000000	19
ta3A	39000000	40000000	12
ta3A	40000000	41000000	11
ta3A	41000000	42000000	13
ta3A	42000000	43000000	14
ta3A	43000000	44000000	11
ta3A	44000000	45000000	23
ta3A	45000000	46000000	8
ta3A	46000000	47000000	3
ta3A	47000000	48000000	10
ta3A	48000000	49000000	16
ta3A	49000000	50000000	14
ta3A	50000000	51000000	18
ta3A	51000000	52000000	9
ta3A	52000000	53000000	17
ta3A	53000000	54000000	12
ta3A	54000000	55000000	20
ta3A	55000000	56000000	20
ta3A	56000000	57000000	5
ta3A	57000000	58000000	13
ta3A	58000000	59000000	16
ta3A	59000000	60000000	11
ta3A	60000000	61000000	15
ta3A	61000000	62000000	16
ta3A	62000000	63000000	9
ta3A	63000000	64000000	19
ta3A	64000000	65000000	14
ta3A	65000000	66000000	7
ta3A	66000000	67000000	7
ta3A	67000000	68000000	10
ta3A	68000000	69000000	7
ta3A	69000000	70000000	7
ta3A	70000000	71000000	3
ta3A	71000000	72000000	7
ta3A	72000000	73000000	8
ta3A	73000000	74000000	2
ta3A	74000000	75000000	10
ta3A	75000000	76000000	2
ta3A	76000000	77000000	11
ta3A	77000000	78000000	11
ta3A	78000000	79000000	6
ta3A	79000000	80000000	6
ta3A	80000000	81000000	4
ta3A	81000000	82000000	7
ta3A	82000000	83000000	3
ta3A	83000000	84000000	7
ta3A	84000000	85000000	4
ta3A	85000000	86000000	5
ta3A	86000000	87000000	1
ta3A	87000000	88000000	5
ta3A	88000000	89000000	8
ta3A	89000000	90000000	4
ta3A	90000000	91000000	3
ta3A	91000000	92000000	6
ta3A	92000000	93000000	7
ta3A	93000000	94000000	6
ta3A	94000000	95000000	2
ta3A	95000000	96000000	3
ta3A	96000000	97000000	10
ta3A	97000000	98000000	7
ta3A	98000000	99000000	9
ta3A	99000000	100000000	14
ta3A	100000000	101000000	5
ta3A	101000000	102000000	2
ta3A	102000000	103000000	3
ta3A	103000000	104000000	10
ta3A	104000000	105000000	13
ta3A	105000000	106000000	6
ta3A	106000000	107000000	7
ta3A	107000000	108000000	13
ta3A	108000000	109000000	2
ta3A	109000000	110000000	13
ta3A	110000000	111000000	7
ta3A	111000000	112000000	9
ta3A	112000000	113000000	11
ta3A	113000000	114000000	5
ta3A	114000000	115000000	2
ta3A	115000000	116000000	3
ta3A	116000000	117000000	3
ta3A	117000000	118000000	4
ta3A	118000000	119000000	5
ta3A	119000000	120000000	14
ta3A	120000000	121000000	12
ta3A	121000000	122000000	6
ta3A	122000000	123000000	8
ta3A	123000000	124000000	5
ta3A	124000000	125000000	4
ta3A	125000000	126000000	7
ta3A	126000000	127000000	4
ta3A	127000000	128000000	5
ta3A	128000000	129000000	8
ta3A	129000000	130000000	10
ta3A	130000000	131000000	3
ta3A	131000000	132000000	3
ta3A	132000000	133000000	5
ta3A	133000000	134000000	7
ta3A	134000000	135000000	1
ta3A	135000000	136000000	6
ta3A	136000000	137000000	26
ta3A	137000000	138000000	1
ta3A	138000000	139000000	0
ta3A	139000000	140000000	13
ta3A	140000000	141000000	1
ta3A	141000000	142000000	4
ta3A	142000000	143000000	2
ta3A	143000000	144000000	1
ta3A	144000000	145000000	3
ta3A	145000000	146000000	3
ta3A	146000000	147000000	1
ta3A	147000000	148000000	3
ta3A	148000000	149000000	4
ta3A	149000000	150000000	1
ta3A	150000000	151000000	7
ta3A	151000000	152000000	9
ta3A	152000000	153000000	5
ta3A	153000000	154000000	2
ta3A	154000000	155000000	7
ta3A	155000000	156000000	2
ta3A	156000000	157000000	4
ta3A	157000000	158000000	6
ta3A	158000000	159000000	5
ta3A	159000000	160000000	1
ta3A	160000000	161000000	1
ta3A	161000000	162000000	4
ta3A	162000000	163000000	5
ta3A	163000000	164000000	9
ta3A	164000000	165000000	4
ta3A	165000000	166000000	1
ta3A	166000000	167000000	3
ta3A	167000000	168000000	8
ta3A	168000000	169000000	1
ta3A	169000000	170000000	6
ta3A	170000000	171000000	3
ta3A	171000000	172000000	5
ta3A	172000000	173000000	7
ta3A	173000000	174000000	6
ta3A	174000000	175000000	2
ta3A	175000000	176000000	0
ta3A	176000000	177000000	3
ta3A	177000000	178000000	4
ta3A	178000000	179000000	8
ta3A	179000000	180000000	7
ta3A	180000000	181000000	3
ta3A	181000000	182000000	2
ta3A	182000000	183000000	4
ta3A	183000000	184000000	7
ta3A	184000000	185000000	8
ta3A	185000000	186000000	5
ta3A	186000000	187000000	7
ta3A	187000000	188000000	2
ta3A	188000000	189000000	1
ta3A	189000000	190000000	0
ta3A	190000000	191000000	1
ta3A	191000000	192000000	0
ta3A	192000000	193000000	2
ta3A	193000000	194000000	6
ta3A	194000000	195000000	5
ta3A	195000000	196000000	4
ta3A	196000000	197000000	0
ta3A	197000000	198000000	1
ta3A	198000000	199000000	2
ta3A	199000000	200000000	4
ta3A	200000000	201000000	5
ta3A	201000000	202000000	6
ta3A	202000000	203000000	5
ta3A	203000000	204000000	6
ta3A	204000000	205000000	5
ta3A	205000000	206000000	6
ta3A	206000000	207000000	2
ta3A	207000000	208000000	4
ta3A	208000000	209000000	1
ta3A	209000000	210000000	3
ta3A	210000000	211000000	9
ta3A	211000000	212000000	2
ta3A	212000000	213000000	2
ta3A	213000000	214000000	1
ta3A	214000000	215000000	2
ta3A	215000000	216000000	11
ta3A	216000000	217000000	5
ta3A	217000000	218000000	7
ta3A	218000000	219000000	2
ta3A	219000000	220000000	8
ta3A	220000000	221000000	6
ta3A	221000000	222000000	3
ta3A	222000000	223000000	3
ta3A	223000000	224000000	5
ta3A	224000000	225000000	4
ta3A	225000000	226000000	6
ta3A	226000000	227000000	2
ta3A	227000000	228000000	3
ta3A	228000000	229000000	0
ta3A	229000000	230000000	6
ta3A	230000000	231000000	1
ta3A	231000000	232000000	0
ta3A	232000000	233000000	2
ta3A	233000000	234000000	0
ta3A	234000000	235000000	1
ta3A	235000000	236000000	0
ta3A	236000000	237000000	5
ta3A	237000000	238000000	1
ta3A	238000000	239000000	1
ta3A	239000000	240000000	2
ta3A	240000000	241000000	3
ta3A	241000000	242000000	1
ta3A	242000000	243000000	2
ta3A	243000000	244000000	3
ta3A	244000000	245000000	3
ta3A	245000000	246000000	0
ta3A	246000000	247000000	4
ta3A	247000000	248000000	2
ta3A	248000000	249000000	1
ta3A	249000000	250000000	3
ta3A	250000000	251000000	1
ta3A	251000000	252000000	1
ta3A	252000000	253000000	5
ta3A	253000000	254000000	0
ta3A	254000000	255000000	3
ta3A	255000000	256000000	0
ta3A	256000000	257000000	2
ta3A	257000000	258000000	1
ta3A	258000000	259000000	2
ta3A	259000000	260000000	1
ta3A	260000000	261000000	0
ta3A	261000000	262000000	0
ta3A	262000000	263000000	0
ta3A	263000000	264000000	0
ta3A	264000000	265000000	1
ta3A	265000000	266000000	1
ta3A	266000000	267000000	0
ta3A	267000000	268000000	1
ta3A	268000000	269000000	2
ta3A	269000000	270000000	1
ta3A	270000000	271000000	1
ta3A	271000000	272000000	2
ta3A	272000000	273000000	0
ta3A	273000000	274000000	3
ta3A	274000000	275000000	2
ta3A	275000000	276000000	2
ta3A	276000000	277000000	0
ta3A	277000000	278000000	2
ta3A	278000000	279000000	1
ta3A	279000000	280000000	1
ta3A	280000000	281000000	1
ta3A	281000000	282000000	1
ta3A	282000000	283000000	0
ta3A	283000000	284000000	5
ta3A	284000000	285000000	2
ta3A	285000000	286000000	5
ta3A	286000000	287000000	1
ta3A	287000000	288000000	3
ta3A	288000000	289000000	1
ta3A	289000000	290000000	1
ta3A	290000000	291000000	0
ta3A	291000000	292000000	2
ta3A	292000000	293000000	1
ta3A	293000000	294000000	0
ta3A	294000000	295000000	0
ta3A	295000000	296000000	0
ta3A	296000000	297000000	0
ta3A	297000000	298000000	2
ta3A	298000000	299000000	1
ta3A	299000000	300000000	1
ta3A	300000000	301000000	2
ta3A	301000000	302000000	1
ta3A	302000000	303000000	2
ta3A	303000000	304000000	0
ta3A	304000000	305000000	2
ta3A	305000000	306000000	2
ta3A	306000000	307000000	1
ta3A	307000000	308000000	4
ta3A	308000000	309000000	1
ta3A	309000000	310000000	0
ta3A	310000000	311000000	1
ta3A	311000000	312000000	0
ta3A	312000000	313000000	1
ta3A	313000000	314000000	1
ta3A	314000000	315000000	0
ta3A	315000000	316000000	1
ta3A	316000000	317000000	1
ta3A	317000000	318000000	2
ta3A	318000000	319000000	1
ta3A	319000000	320000000	1
ta3A	320000000	321000000	0
ta3A	321000000	322000000	2
ta3A	322000000	323000000	1
ta3A	323000000	324000000	1
ta3A	324000000	325000000	0
ta3A	325000000	326000000	1
ta3A	326000000	327000000	0
ta3A	327000000	328000000	0
ta3A	328000000	329000000	0
ta3A	329000000	330000000	1
ta3A	330000000	331000000	0
ta3A	331000000	332000000	0
ta3A	332000000	333000000	1
ta3A	333000000	334000000	0
ta3A	334000000	335000000	1
ta3A	335000000	336000000	3
ta3A	336000000	337000000	0
ta3A	337000000	338000000	2
ta3A	338000000	339000000	1
ta3A	339000000	340000000	3
ta3A	340000000	341000000	1
ta3A	341000000	342000000	3
ta3A	342000000	343000000	2
ta3A	343000000	344000000	1
ta3A	344000000	345000000	1
ta3A	345000000	346000000	2
ta3A	346000000	347000000	1
ta3A	347000000	348000000	1
ta3A	348000000	349000000	1
ta3A	349000000	350000000	2
ta3A	350000000	351000000	1
ta3A	351000000	352000000	0
ta3A	352000000	353000000	2
ta3A	353000000	354000000	4
ta3A	354000000	355000000	2
ta3A	355000000	356000000	0
ta3A	356000000	357000000	2
ta3A	357000000	358000000	4
ta3A	358000000	359000000	1
ta3A	359000000	360000000	1
ta3A	360000000	361000000	1
ta3A	361000000	362000000	0
ta3A	362000000	363000000	1
ta3A	363000000	364000000	0
ta3A	364000000	365000000	3
ta3A	365000000	366000000	1
ta3A	366000000	367000000	1
ta3A	367000000	368000000	1
ta3A	368000000	369000000	2
ta3A	369000000	370000000	2
ta3A	370000000	371000000	4
ta3A	371000000	372000000	2
ta3A	372000000	373000000	2
ta3A	373000000	374000000	5
ta3A	374000000	375000000	5
ta3A	375000000	376000000	4
ta3A	376000000	377000000	4
ta3A	377000000	378000000	4
ta3A	378000000	379000000	4
ta3A	379000000	380000000	2
ta3A	380000000	381000000	3
ta3A	381000000	382000000	4
ta3A	382000000	383000000	1
ta3A	383000000	384000000	3
ta3A	384000000	385000000	3
ta3A	385000000	386000000	3
ta3A	386000000	387000000	4
ta3A	387000000	388000000	2
ta3A	388000000	389000000	4
ta3A	389000000	390000000	3
ta3A	390000000	391000000	2
ta3A	391000000	392000000	4
ta3A	392000000	393000000	5
ta3A	393000000	394000000	3
ta3A	394000000	395000000	1
ta3A	395000000	396000000	3
ta3A	396000000	397000000	6
ta3A	397000000	398000000	2
ta3A	398000000	399000000	1
ta3A	399000000	400000000	3
ta3A	400000000	401000000	3
ta3A	401000000	402000000	2
ta3A	402000000	403000000	4
ta3A	403000000	404000000	1
ta3A	404000000	405000000	5
ta3A	405000000	406000000	4
ta3A	406000000	407000000	4
ta3A	407000000	408000000	11
ta3A	408000000	409000000	2
ta3A	409000000	410000000	0
ta3A	410000000	411000000	3
ta3A	411000000	412000000	1
ta3A	412000000	413000000	7
ta3A	413000000	414000000	5
ta3A	414000000	415000000	3
ta3A	415000000	416000000	3
ta3A	416000000	417000000	0
ta3A	417000000	418000000	7
ta3A	418000000	419000000	0
ta3A	419000000	420000000	3
ta3A	420000000	421000000	2
ta3A	421000000	422000000	4
ta3A	422000000	423000000	2
ta3A	423000000	424000000	0
ta3A	424000000	425000000	0
ta3A	425000000	426000000	4
ta3A	426000000	427000000	1
ta3A	427000000	428000000	6
ta3A	428000000	429000000	4
ta3A	429000000	430000000	2
ta3A	430000000	431000000	5
ta3A	431000000	432000000	5
ta3A	432000000	433000000	6
ta3A	433000000	434000000	4
ta3A	434000000	435000000	4
ta3A	435000000	436000000	3
ta3A	436000000	437000000	5
ta3A	437000000	438000000	4
ta3A	438000000	439000000	1
ta3A	439000000	440000000	5
ta3A	440000000	441000000	16
ta3A	441000000	442000000	4
ta3A	442000000	443000000	9
ta3A	443000000	444000000	4
ta3A	444000000	445000000	6
ta3A	445000000	446000000	6
ta3A	446000000	447000000	4
ta3A	447000000	448000000	5
ta3A	448000000	449000000	0
ta3A	449000000	450000000	7
ta3A	450000000	451000000	10
ta3A	451000000	452000000	2
ta3A	452000000	453000000	3
ta3A	453000000	454000000	2
ta3A	454000000	455000000	6
ta3A	455000000	456000000	5
ta3A	456000000	457000000	5
ta3A	457000000	458000000	2
ta3A	458000000	459000000	4
ta3A	459000000	460000000	1
ta3A	460000000	461000000	4
ta3A	461000000	462000000	5
ta3A	462000000	463000000	4
ta3A	463000000	464000000	5
ta3A	464000000	465000000	4
ta3A	465000000	466000000	9
ta3A	466000000	467000000	3
ta3A	467000000	468000000	5
ta3A	468000000	469000000	13
ta3A	469000000	470000000	8
ta3A	470000000	471000000	6
ta3A	471000000	472000000	2
ta3A	472000000	473000000	4
ta3A	473000000	474000000	3
ta3A	474000000	475000000	4
ta3A	475000000	476000000	1
ta3A	476000000	477000000	3
ta3A	477000000	478000000	10
ta3A	478000000	479000000	9
ta3A	479000000	480000000	7
ta3A	480000000	481000000	6
ta3A	481000000	482000000	7
ta3A	482000000	483000000	8
ta3A	483000000	484000000	3
ta3A	484000000	485000000	6
ta3A	485000000	486000000	4
ta3A	486000000	487000000	9
ta3A	487000000	488000000	8
ta3A	488000000	489000000	12
ta3A	489000000	490000000	10
ta3A	490000000	491000000	11
ta3A	491000000	492000000	7
ta3A	492000000	493000000	3
ta3A	493000000	494000000	9
ta3A	494000000	495000000	8
ta3A	495000000	496000000	5
ta3A	496000000	497000000	10
ta3A	497000000	498000000	8
ta3A	498000000	499000000	2
ta3A	499000000	500000000	12
ta3A	500000000	501000000	5
ta3A	501000000	502000000	5
ta3A	502000000	503000000	7
ta3A	503000000	504000000	7
ta3A	504000000	505000000	3
ta3A	505000000	506000000	6
ta3A	506000000	507000000	6
ta3A	507000000	508000000	2
ta3A	508000000	509000000	5
ta3A	509000000	510000000	6
ta3A	510000000	511000000	3
ta3A	511000000	512000000	2
ta3A	512000000	513000000	6
ta3A	513000000	514000000	11
ta3A	514000000	515000000	11
ta3A	515000000	516000000	6
ta3A	516000000	517000000	8
ta3A	517000000	518000000	5
ta3A	518000000	519000000	7
ta3A	519000000	520000000	16
ta3A	520000000	521000000	10
ta3A	521000000	522000000	15
ta3A	522000000	523000000	10
ta3A	523000000	524000000	13
ta3A	524000000	525000000	2
ta3A	525000000	526000000	13
ta3A	526000000	527000000	8
ta3A	527000000	528000000	9
ta3A	528000000	529000000	9
ta3A	529000000	530000000	3
ta3A	530000000	531000000	9
ta3A	531000000	532000000	4
ta3A	532000000	533000000	4
ta3A	533000000	534000000	13
ta3A	534000000	535000000	4
ta3A	535000000	536000000	4
ta3A	536000000	537000000	4
ta3A	537000000	538000000	2
ta3A	538000000	539000000	2
ta3A	539000000	540000000	3
ta3A	540000000	541000000	10
ta3A	541000000	542000000	3
ta3A	542000000	543000000	5
ta3A	543000000	544000000	9
ta3A	544000000	545000000	8
ta3A	545000000	546000000	3
ta3A	546000000	547000000	2
ta3A	547000000	548000000	8
ta3A	548000000	549000000	3
ta3A	549000000	550000000	11
ta3A	550000000	551000000	17
ta3A	551000000	552000000	11
ta3A	552000000	553000000	14
ta3A	553000000	554000000	14
ta3A	554000000	555000000	6
ta3A	555000000	556000000	6
ta3A	556000000	557000000	5
ta3A	557000000	558000000	1
ta3A	558000000	559000000	6
ta3A	559000000	560000000	11
ta3A	560000000	561000000	8
ta3A	561000000	562000000	4
ta3A	562000000	563000000	2
ta3A	563000000	564000000	6
ta3A	564000000	565000000	3
ta3A	565000000	566000000	8
ta3A	566000000	567000000	5
ta3A	567000000	568000000	10
ta3A	568000000	569000000	13
ta3A	569000000	570000000	9
ta3A	570000000	571000000	6
ta3A	571000000	572000000	10
ta3A	572000000	573000000	15
ta3A	573000000	574000000	4
ta3A	574000000	575000000	16
ta3A	575000000	576000000	11
ta3A	576000000	577000000	8
ta3A	577000000	578000000	7
ta3A	578000000	579000000	4
ta3A	579000000	580000000	9
ta3A	580000000	581000000	1
ta3A	581000000	582000000	6
ta3A	582000000	583000000	4
ta3A	583000000	584000000	5
ta3A	584000000	585000000	13
ta3A	585000000	586000000	12
ta3A	586000000	587000000	5
ta3A	587000000	588000000	6
ta3A	588000000	589000000	6
ta3A	589000000	590000000	14
ta3A	590000000	591000000	7
ta3A	591000000	592000000	0
ta3A	592000000	593000000	2
ta3A	593000000	594000000	4
ta3A	594000000	595000000	8
ta3A	595000000	596000000	9
ta3A	596000000	597000000	11
ta3A	597000000	598000000	12
ta3A	598000000	599000000	3
ta3A	599000000	600000000	16
ta3A	600000000	601000000	14
ta3A	601000000	602000000	14
ta3A	602000000	603000000	6
ta3A	603000000	604000000	8
ta3A	604000000	605000000	7
ta3A	605000000	606000000	6
ta3A	606000000	607000000	10
ta3A	607000000	608000000	14
ta3A	608000000	609000000	10
ta3A	609000000	610000000	6
ta3A	610000000	611000000	14
ta3A	611000000	612000000	1
ta3A	612000000	613000000	9
ta3A	613000000	614000000	9
ta3A	614000000	615000000	7
ta3A	615000000	616000000	7
ta3A	616000000	617000000	13
ta3A	617000000	618000000	10
ta3A	618000000	619000000	1
ta3A	619000000	620000000	3
ta3A	620000000	621000000	6
ta3A	621000000	622000000	14
ta3A	622000000	623000000	7
ta3A	623000000	624000000	16
ta3A	624000000	625000000	12
ta3A	625000000	626000000	22
ta3A	626000000	627000000	2
ta3A	627000000	628000000	5
ta3A	628000000	629000000	10
ta3A	629000000	630000000	11
ta3A	630000000	631000000	3
ta3A	631000000	632000000	14
ta3A	632000000	633000000	17
ta3A	633000000	634000000	2
ta3A	634000000	635000000	8
ta3A	635000000	636000000	11
ta3A	636000000	637000000	11
ta3A	637000000	638000000	10
ta3A	638000000	639000000	17
ta3A	639000000	640000000	13
ta3A	640000000	641000000	9
ta3A	641000000	642000000	5
ta3A	642000000	643000000	12
ta3A	643000000	644000000	10
ta3A	644000000	645000000	9
ta3A	645000000	646000000	15
ta3A	646000000	647000000	13
ta3A	647000000	648000000	22
ta3A	648000000	649000000	16
ta3A	649000000	650000000	13
ta3A	650000000	651000000	8
ta3A	651000000	652000000	5
ta3A	652000000	653000000	13
ta3A	653000000	654000000	13
ta3A	654000000	655000000	11
ta3A	655000000	656000000	9
ta3A	656000000	657000000	11
ta3A	657000000	658000000	7
ta3A	658000000	659000000	12
ta3A	659000000	660000000	13
ta3A	660000000	661000000	12
ta3A	661000000	662000000	14
ta3A	662000000	663000000	12
ta3A	663000000	664000000	14
ta3A	664000000	665000000	4
ta3A	665000000	666000000	0
ta3A	666000000	667000000	6
ta3A	667000000	668000000	8
ta3A	668000000	669000000	6
ta3A	669000000	670000000	8
ta3A	670000000	671000000	3
ta3A	671000000	672000000	17
ta3A	672000000	673000000	7
ta3A	673000000	674000000	5
ta3A	674000000	675000000	3
ta3A	675000000	676000000	6
ta3A	676000000	677000000	6
ta3A	677000000	678000000	2
ta3A	678000000	679000000	4
ta3A	679000000	680000000	3
ta3A	680000000	681000000	11
ta3A	681000000	682000000	18
ta3A	682000000	683000000	5
ta3A	683000000	684000000	18
ta3A	684000000	685000000	11
ta3A	685000000	686000000	9
ta3A	686000000	687000000	22
ta3A	687000000	688000000	8
ta3A	688000000	689000000	27
ta3A	689000000	690000000	18
ta3A	690000000	691000000	17
ta3A	691000000	692000000	9
ta3A	692000000	693000000	14
ta3A	693000000	694000000	8
ta3A	694000000	695000000	3
ta3A	695000000	696000000	6
ta3A	696000000	697000000	15
ta3A	697000000	698000000	14
ta3A	698000000	699000000	23
ta3A	699000000	700000000	6
ta3A	700000000	701000000	16
ta3A	701000000	702000000	14
ta3A	702000000	703000000	18
ta3A	703000000	704000000	15
ta3A	704000000	705000000	19
ta3A	705000000	706000000	10
ta3A	706000000	707000000	4
ta3A	707000000	708000000	4
ta3A	708000000	709000000	16
ta3A	709000000	710000000	10
ta3A	710000000	711000000	7
ta3A	711000000	712000000	15
ta3A	712000000	713000000	7
ta3A	713000000	714000000	16
ta3A	714000000	715000000	16
ta3A	715000000	716000000	24
ta3A	716000000	717000000	7
ta3A	717000000	718000000	11
ta3A	718000000	719000000	16
ta3A	719000000	720000000	3
ta3A	720000000	721000000	13
ta3A	721000000	722000000	18
ta3A	722000000	723000000	17
ta3A	723000000	724000000	11
ta3A	724000000	725000000	6
ta3A	725000000	726000000	14
ta3A	726000000	727000000	13
ta3A	727000000	728000000	18
ta3A	728000000	729000000	3
ta3A	729000000	730000000	7
ta3A	730000000	731000000	21
ta3A	731000000	732000000	14
ta3A	732000000	733000000	11
ta3A	733000000	734000000	16
ta3A	734000000	735000000	13
ta3A	735000000	736000000	18
ta3A	736000000	737000000	17
ta3A	737000000	738000000	5
ta3A	738000000	739000000	17
ta3A	739000000	740000000	12
ta3A	740000000	741000000	24
ta3A	741000000	742000000	8
ta3A	742000000	743000000	14
ta3A	743000000	744000000	9
ta3A	744000000	745000000	23
ta3A	745000000	746000000	27
ta3A	746000000	747000000	14
ta3A	747000000	748000000	7
ta3A	748000000	749000000	11
ta3A	749000000	750000000	17
ta3A	750000000	751000000	15
ta3A	751000000	752000000	19
ta3A	752000000	753000000	4
ta3A	753000000	754000000	14
ta3A	754000000	755000000	19
ta3A	755000000	756000000	18
ta3A	756000000	757000000	8
ta3A	757000000	757587539	16
ta3B	0	1000000	29
ta3B	1000000	2000000	20
ta3B	2000000	3000000	20
ta3B	3000000	4000000	6
ta3B	4000000	5000000	16
ta3B	5000000	6000000	26
ta3B	6000000	7000000	6
ta3B	7000000	8000000	11
ta3B	8000000	9000000	34
ta3B	9000000	10000000	7
ta3B	10000000	11000000	18
ta3B	11000000	12000000	11
ta3B	12000000	13000000	31
ta3B	13000000	14000000	26
ta3B	14000000	15000000	12
ta3B	15000000	16000000	19
ta3B	16000000	17000000	6
ta3B	17000000	18000000	18
ta3B	18000000	19000000	11
ta3B	19000000	20000000	7
ta3B	20000000	21000000	18
ta3B	21000000	22000000	24
ta3B	22000000	23000000	16
ta3B	23000000	24000000	11
ta3B	24000000	25000000	18
ta3B	25000000	26000000	4
ta3B	26000000	27000000	24
ta3B	27000000	28000000	11
ta3B	28000000	29000000	25
ta3B	29000000	30000000	14
ta3B	30000000	31000000	17
ta3B	31000000	32000000	3
ta3B	32000000	33000000	18
ta3B	33000000	34000000	5
ta3B	34000000	35000000	8
ta3B	35000000	36000000	11
ta3B	36000000	37000000	4
ta3B	37000000	38000000	10
ta3B	38000000	39000000	16
ta3B	39000000	40000000	24
ta3B	40000000	41000000	1
ta3B	41000000	42000000	6
ta3B	42000000	43000000	6
ta3B	43000000	44000000	20
ta3B	44000000	45000000	10
ta3B	45000000	46000000	8
ta3B	46000000	47000000	2
ta3B	47000000	48000000	1
ta3B	48000000	49000000	6
ta3B	49000000	50000000	20
ta3B	50000000	51000000	15
ta3B	51000000	52000000	8
ta3B	52000000	53000000	14
ta3B	53000000	54000000	11
ta3B	54000000	55000000	11
ta3B	55000000	56000000	6
ta3B	56000000	57000000	6
ta3B	57000000	58000000	13
ta3B	58000000	59000000	2
ta3B	59000000	60000000	9
ta3B	60000000	61000000	17
ta3B	61000000	62000000	10
ta3B	62000000	63000000	17
ta3B	63000000	64000000	14
ta3B	64000000	65000000	14
ta3B	65000000	66000000	10
ta3B	66000000	67000000	4
ta3B	67000000	68000000	1
ta3B	68000000	69000000	2
ta3B	69000000	70000000	21
ta3B	70000000	71000000	12
ta3B	71000000	72000000	15
ta3B	72000000	73000000	9
ta3B	73000000	74000000	6
ta3B	74000000	75000000	9
ta3B	75000000	76000000	11
ta3B	76000000	77000000	12
ta3B	77000000	78000000	11
ta3B	78000000	79000000	18
ta3B	79000000	80000000	4
ta3B	80000000	81000000	13
ta3B	81000000	82000000	10
ta3B	82000000	83000000	16
ta3B	83000000	84000000	11
ta3B	84000000	85000000	12
ta3B	85000000	86000000	6
ta3B	86000000	87000000	5
ta3B	87000000	88000000	10
ta3B	88000000	89000000	3
ta3B	89000000	90000000	10
ta3B	90000000	91000000	13
ta3B	91000000	92000000	11
ta3B	92000000	93000000	8
ta3B	93000000	94000000	4
ta3B	94000000	95000000	9
ta3B	95000000	96000000	10
ta3B	96000000	97000000	7
ta3B	97000000	98000000	6
ta3B	98000000	99000000	0
ta3B	99000000	100000000	1
ta3B	100000000	101000000	1
ta3B	101000000	102000000	7
ta3B	102000000	103000000	7
ta3B	103000000	104000000	3
ta3B	104000000	105000000	4
ta3B	105000000	106000000	2
ta3B	106000000	107000000	4
ta3B	107000000	108000000	4
ta3B	108000000	109000000	7
ta3B	109000000	110000000	5
ta3B	110000000	111000000	2
ta3B	111000000	112000000	4
ta3B	112000000	113000000	2
ta3B	113000000	114000000	2
ta3B	114000000	115000000	4
ta3B	115000000	116000000	3
ta3B	116000000	117000000	3
ta3B	117000000	118000000	3
ta3B	118000000	119000000	6
ta3B	119000000	120000000	5
ta3B	120000000	121000000	2
ta3B	121000000	122000000	7
ta3B	122000000	123000000	2
ta3B	123000000	124000000	7
ta3B	124000000	125000000	4
ta3B	125000000	126000000	9
ta3B	126000000	127000000	11
ta3B	127000000	128000000	12
ta3B	128000000	129000000	8
ta3B	129000000	130000000	9
ta3B	130000000	131000000	3
ta3B	131000000	132000000	4
ta3B	132000000	133000000	1
ta3B	133000000	134000000	0
ta3B	134000000	135000000	9
ta3B	135000000	136000000	0
ta3B	136000000	137000000	4
ta3B	137000000	138000000	10
ta3B	138000000	139000000	9
ta3B	139000000	140000000	10
ta3B	140000000	141000000	2
ta3B	141000000	142000000	5
ta3B	142000000	143000000	4
ta3B	143000000	144000000	6
ta3B	144000000	145000000	12
ta3B	145000000	146000000	14
ta3B	146000000	147000000	3
ta3B	147000000	148000000	5
ta3B	148000000	149000000	6
ta3B	149000000	150000000	4
ta3B	150000000	151000000	8
ta3B	151000000	152000000	8
ta3B	152000000	153000000	13
ta3B	153000000	154000000	8
ta3B	154000000	155000000	8
ta3B	155000000	156000000	5
ta3B	156000000	157000000	11
ta3B	157000000	158000000	4
ta3B	158000000	159000000	8
ta3B	159000000	160000000	11
ta3B	160000000	161000000	6
ta3B	161000000	162000000	5
ta3B	162000000	163000000	7
ta3B	163000000	164000000	10
ta3B	164000000	165000000	11
ta3B	165000000	166000000	3
ta3B	166000000	167000000	3
ta3B	167000000	168000000	7
ta3B	168000000	169000000	5
ta3B	169000000	170000000	4
ta3B	170000000	171000000	8
ta3B	171000000	172000000	9
ta3B	172000000	173000000	9
ta3B	173000000	174000000	4
ta3B	174000000	175000000	1
ta3B	175000000	176000000	0
ta3B	176000000	177000000	13
ta3B	177000000	178000000	5
ta3B	178000000	179000000	5
ta3B	179000000	180000000	16
ta3B	180000000	181000000	2
ta3B	181000000	182000000	1
ta3B	182000000	183000000	7
ta3B	183000000	184000000	17
ta3B	184000000	185000000	11
ta3B	185000000	186000000	2
ta3B	186000000	187000000	3
ta3B	187000000	188000000	7
ta3B	188000000	189000000	5
ta3B	189000000	190000000	3
ta3B	190000000	191000000	6
ta3B	191000000	192000000	4
ta3B	192000000	193000000	9
ta3B	193000000	194000000	7
ta3B	194000000	195000000	2
ta3B	195000000	196000000	0
ta3B	196000000	197000000	2
ta3B	197000000	198000000	2
ta3B	198000000	199000000	14
ta3B	199000000	200000000	5
ta3B	200000000	201000000	4
ta3B	201000000	202000000	9
ta3B	202000000	203000000	1
ta3B	203000000	204000000	1
ta3B	204000000	205000000	7
ta3B	205000000	206000000	4
ta3B	206000000	207000000	1
ta3B	207000000	208000000	0
ta3B	208000000	209000000	2
ta3B	209000000	210000000	1
ta3B	210000000	211000000	6
ta3B	211000000	212000000	8
ta3B	212000000	213000000	3
ta3B	213000000	214000000	5
ta3B	214000000	215000000	10
ta3B	215000000	216000000	2
ta3B	216000000	217000000	4
ta3B	217000000	218000000	6
ta3B	218000000	219000000	3
ta3B	219000000	220000000	0
ta3B	220000000	221000000	0
ta3B	221000000	222000000	2
ta3B	222000000	223000000	1
ta3B	223000000	224000000	1
ta3B	224000000	225000000	8
ta3B	225000000	226000000	3
ta3B	226000000	227000000	3
ta3B	227000000	228000000	1
ta3B	228000000	229000000	3
ta3B	229000000	230000000	2
ta3B	230000000	231000000	1
ta3B	231000000	232000000	5
ta3B	232000000	233000000	6
ta3B	233000000	234000000	9
ta3B	234000000	235000000	6
ta3B	235000000	236000000	8
ta3B	236000000	237000000	6
ta3B	237000000	238000000	2
ta3B	238000000	239000000	2
ta3B	239000000	240000000	2
ta3B	240000000	241000000	7
ta3B	241000000	242000000	10
ta3B	242000000	243000000	2
ta3B	243000000	244000000	1
ta3B	244000000	245000000	2
ta3B	245000000	246000000	3
ta3B	246000000	247000000	0
ta3B	247000000	248000000	0
ta3B	248000000	249000000	11
ta3B	249000000	250000000	8
ta3B	250000000	251000000	8
ta3B	251000000	252000000	5
ta3B	252000000	253000000	6
ta3B	253000000	254000000	5
ta3B	254000000	255000000	5
ta3B	255000000	256000000	9
ta3B	256000000	257000000	3
ta3B	257000000	258000000	5
ta3B	258000000	259000000	10
ta3B	259000000	260000000	4
ta3B	260000000	261000000	1
ta3B	261000000	262000000	0
ta3B	262000000	263000000	4
ta3B	263000000	264000000	8
ta3B	264000000	265000000	8
ta3B	265000000	266000000	10
ta3B	266000000	267000000	6
ta3B	267000000	268000000	7
ta3B	268000000	269000000	8
ta3B	269000000	270000000	8
ta3B	270000000	271000000	3
ta3B	271000000	272000000	4
ta3B	272000000	273000000	6
ta3B	273000000	274000000	2
ta3B	274000000	275000000	6
ta3B	275000000	276000000	5
ta3B	276000000	277000000	5
ta3B	277000000	278000000	1
ta3B	278000000	279000000	1
ta3B	279000000	280000000	3
ta3B	280000000	281000000	1
ta3B	281000000	282000000	2
ta3B	282000000	283000000	1
ta3B	283000000	284000000	3
ta3B	284000000	285000000	2
ta3B	285000000	286000000	2
ta3B	286000000	287000000	0
ta3B	287000000	288000000	2
ta3B	288000000	289000000	2
ta3B	289000000	290000000	1
ta3B	290000000	291000000	0
ta3B	291000000	292000000	0
ta3B	292000000	293000000	1
ta3B	293000000	294000000	0
ta3B	294000000	295000000	2
ta3B	295000000	296000000	3
ta3B	296000000	297000000	1
ta3B	297000000	298000000	0
ta3B	298000000	299000000	0
ta3B	299000000	300000000	3
ta3B	300000000	301000000	3
ta3B	301000000	302000000	0
ta3B	302000000	303000000	3
ta3B	303000000	304000000	2
ta3B	304000000	305000000	3
ta3B	305000000	306000000	1
ta3B	306000000	307000000	1
ta3B	307000000	308000000	2
ta3B	308000000	309000000	0
ta3B	309000000	310000000	1
ta3B	310000000	311000000	0
ta3B	311000000	312000000	1
ta3B	312000000	313000000	2
ta3B	313000000	314000000	0
ta3B	314000000	315000000	0
ta3B	315000000	316000000	1
ta3B	316000000	317000000	1
ta3B	317000000	318000000	3
ta3B	318000000	319000000	1
ta3B	319000000	320000000	2
ta3B	320000000	321000000	0
ta3B	321000000	322000000	1
ta3B	322000000	323000000	3
ta3B	323000000	324000000	0
ta3B	324000000	325000000	4
ta3B	325000000	326000000	1
ta3B	326000000	327000000	0
ta3B	327000000	328000000	0
ta3B	328000000	329000000	1
ta3B	329000000	330000000	2
ta3B	330000000	331000000	1
ta3B	331000000	332000000	2
ta3B	332000000	333000000	0
ta3B	333000000	334000000	2
ta3B	334000000	335000000	0
ta3B	335000000	336000000	2
ta3B	336000000	337000000	1
ta3B	337000000	338000000	3
ta3B	338000000	339000000	0
ta3B	339000000	340000000	2
ta3B	340000000	341000000	2
ta3B	341000000	342000000	2
ta3B	342000000	343000000	2
ta3B	343000000	344000000	0
ta3B	344000000	345000000	3
ta3B	345000000	346000000	1
ta3B	346000000	347000000	1
ta3B	347000000	348000000	1
ta3B	348000000	349000000	1
ta3B	349000000	350000000	1
ta3B	350000000	351000000	2
ta3B	351000000	352000000	0
ta3B	352000000	353000000	2
ta3B	353000000	354000000	0
ta3B	354000000	355000000	2
ta3B	355000000	356000000	0
ta3B	356000000	357000000	3
ta3B	357000000	358000000	1
ta3B	358000000	359000000	2
ta3B	359000000	360000000	1
ta3B	360000000	361000000	1
ta3B	361000000	362000000	1
ta3B	362000000	363000000	0
ta3B	363000000	364000000	0
ta3B	364000000	365000000	0
ta3B	365000000	366000000	1
ta3B	366000000	367000000	4
ta3B	367000000	368000000	3
ta3B	368000000	369000000	1
ta3B	369000000	370000000	0
ta3B	370000000	371000000	3
ta3B	371000000	372000000	2
ta3B	372000000	373000000	1
ta3B	373000000	374000000	2
ta3B	374000000	375000000	1
ta3B	375000000	376000000	0
ta3B	376000000	377000000	2
ta3B	377000000	378000000	2
ta3B	378000000	379000000	1
ta3B	379000000	380000000	3
ta3B	380000000	381000000	2
ta3B	381000000	382000000	2
ta3B	382000000	383000000	1
ta3B	383000000	384000000	2
ta3B	384000000	385000000	1
ta3B	385000000	386000000	0
ta3B	386000000	387000000	5
ta3B	387000000	388000000	2
ta3B	388000000	389000000	3
ta3B	389000000	390000000	3
ta3B	390000000	391000000	9
ta3B	391000000	392000000	5
ta3B	392000000	393000000	3
ta3B	393000000	394000000	3
ta3B	394000000	395000000	4
ta3B	395000000	396000000	5
ta3B	396000000	397000000	0
ta3B	397000000	398000000	3
ta3B	398000000	399000000	7
ta3B	399000000	400000000	8
ta3B	400000000	401000000	6
ta3B	401000000	402000000	7
ta3B	402000000	403000000	6
ta3B	403000000	404000000	2
ta3B	404000000	405000000	7
ta3B	405000000	406000000	7
ta3B	406000000	407000000	4
ta3B	407000000	408000000	7
ta3B	408000000	409000000	1
ta3B	409000000	410000000	4
ta3B	410000000	411000000	3
ta3B	411000000	412000000	1
ta3B	412000000	413000000	5
ta3B	413000000	414000000	10
ta3B	414000000	415000000	2
ta3B	415000000	416000000	3
ta3B	416000000	417000000	3
ta3B	417000000	418000000	4
ta3B	418000000	419000000	4
ta3B	419000000	420000000	3
ta3B	420000000	421000000	4
ta3B	421000000	422000000	6
ta3B	422000000	423000000	5
ta3B	423000000	424000000	2
ta3B	424000000	425000000	3
ta3B	425000000	426000000	3
ta3B	426000000	427000000	2
ta3B	427000000	428000000	1
ta3B	428000000	429000000	12
ta3B	429000000	430000000	5
ta3B	430000000	431000000	1
ta3B	431000000	432000000	2
ta3B	432000000	433000000	5
ta3B	433000000	434000000	8
ta3B	434000000	435000000	4
ta3B	435000000	436000000	5
ta3B	436000000	437000000	6
ta3B	437000000	438000000	3
ta3B	438000000	439000000	11
ta3B	439000000	440000000	10
ta3B	440000000	441000000	7
ta3B	441000000	442000000	9
ta3B	442000000	443000000	6
ta3B	443000000	444000000	2
ta3B	444000000	445000000	5
ta3B	445000000	446000000	5
ta3B	446000000	447000000	7
ta3B	447000000	448000000	9
ta3B	448000000	449000000	3
ta3B	449000000	450000000	4
ta3B	450000000	451000000	6
ta3B	451000000	452000000	2
ta3B	452000000	453000000	1
ta3B	453000000	454000000	5
ta3B	454000000	455000000	6
ta3B	455000000	456000000	4
ta3B	456000000	457000000	11
ta3B	457000000	458000000	4
ta3B	458000000	459000000	4
ta3B	459000000	460000000	7
ta3B	460000000	461000000	5
ta3B	461000000	462000000	8
ta3B	462000000	463000000	5
ta3B	463000000	464000000	4
ta3B	464000000	465000000	2
ta3B	465000000	466000000	4
ta3B	466000000	467000000	1
ta3B	467000000	468000000	4
ta3B	468000000	469000000	8
ta3B	469000000	470000000	10
ta3B	470000000	471000000	10
ta3B	471000000	472000000	12
ta3B	472000000	473000000	7
ta3B	473000000	474000000	5
ta3B	474000000	475000000	15
ta3B	475000000	476000000	6
ta3B	476000000	477000000	7
ta3B	477000000	478000000	8
ta3B	478000000	479000000	5
ta3B	479000000	480000000	4
ta3B	480000000	481000000	7
ta3B	481000000	482000000	4
ta3B	482000000	483000000	1
ta3B	483000000	484000000	0
ta3B	484000000	485000000	3
ta3B	485000000	486000000	13
ta3B	486000000	487000000	6
ta3B	487000000	488000000	11
ta3B	488000000	489000000	10
ta3B	489000000	490000000	3
ta3B	490000000	491000000	0
ta3B	491000000	492000000	1
ta3B	492000000	493000000	1
ta3B	493000000	494000000	6
ta3B	494000000	495000000	8
ta3B	495000000	496000000	10
ta3B	496000000	497000000	5
ta3B	497000000	498000000	10
ta3B	498000000	499000000	3
ta3B	499000000	500000000	4
ta3B	500000000	501000000	3
ta3B	501000000	502000000	8
ta3B	502000000	503000000	3
ta3B	503000000	504000000	5
ta3B	504000000	505000000	1
ta3B	505000000	506000000	11
ta3B	506000000	507000000	4
ta3B	507000000	508000000	0
ta3B	508000000	509000000	3
ta3B	509000000	510000000	1
ta3B	510000000	511000000	9
ta3B	511000000	512000000	9
ta3B	512000000	513000000	3
ta3B	513000000	514000000	4
ta3B	514000000	515000000	6
ta3B	515000000	516000000	6
ta3B	516000000	517000000	6
ta3B	517000000	518000000	7
ta3B	518000000	519000000	4
ta3B	519000000	520000000	2
ta3B	520000000	521000000	8
ta3B	521000000	522000000	8
ta3B	522000000	523000000	9
ta3B	523000000	524000000	3
ta3B	524000000	525000000	7
ta3B	525000000	526000000	5
ta3B	526000000	527000000	5
ta3B	527000000	528000000	6
ta3B	528000000	529000000	8
ta3B	529000000	530000000	5
ta3B	530000000	531000000	12
ta3B	531000000	532000000	7
ta3B	532000000	533000000	1
ta3B	533000000	534000000	2
ta3B	534000000	535000000	6
ta3B	535000000	536000000	4
ta3B	536000000	537000000	7
ta3B	537000000	538000000	13
ta3B	538000000	539000000	8
ta3B	539000000	540000000	9
ta3B	540000000	541000000	5
ta3B	541000000	542000000	4
ta3B	542000000	543000000	2
ta3B	543000000	544000000	8
ta3B	544000000	545000000	7
ta3B	545000000	546000000	11
ta3B	546000000	547000000	7
ta3B	547000000	548000000	3
ta3B	548000000	549000000	5
ta3B	549000000	550000000	5
ta3B	550000000	551000000	6
ta3B	551000000	552000000	3
ta3B	552000000	553000000	7
ta3B	553000000	554000000	3
ta3B	554000000	555000000	11
ta3B	555000000	556000000	6
ta3B	556000000	557000000	1
ta3B	557000000	558000000	9
ta3B	558000000	559000000	10
ta3B	559000000	560000000	6
ta3B	560000000	561000000	16
ta3B	561000000	562000000	11
ta3B	562000000	563000000	11
ta3B	563000000	564000000	6
ta3B	564000000	565000000	8
ta3B	565000000	566000000	9
ta3B	566000000	567000000	7
ta3B	567000000	568000000	7
ta3B	568000000	569000000	5
ta3B	569000000	570000000	4
ta3B	570000000	571000000	9
ta3B	571000000	572000000	8
ta3B	572000000	573000000	12
ta3B	573000000	574000000	10
ta3B	574000000	575000000	7
ta3B	575000000	576000000	1
ta3B	576000000	577000000	5
ta3B	577000000	578000000	11
ta3B	578000000	579000000	9
ta3B	579000000	580000000	8
ta3B	580000000	581000000	1
ta3B	581000000	582000000	12
ta3B	582000000	583000000	8
ta3B	583000000	584000000	8
ta3B	584000000	585000000	11
ta3B	585000000	586000000	3
ta3B	586000000	587000000	5
ta3B	587000000	588000000	0
ta3B	588000000	589000000	9
ta3B	589000000	590000000	13
ta3B	590000000	591000000	12
ta3B	591000000	592000000	6
ta3B	592000000	593000000	6
ta3B	593000000	594000000	11
ta3B	594000000	595000000	1
ta3B	595000000	596000000	6
ta3B	596000000	597000000	9
ta3B	597000000	598000000	8
ta3B	598000000	599000000	11
ta3B	599000000	600000000	11
ta3B	600000000	601000000	9
ta3B	601000000	602000000	3
ta3B	602000000	603000000	9
ta3B	603000000	604000000	8
ta3B	604000000	605000000	9
ta3B	605000000	606000000	4
ta3B	606000000	607000000	7
ta3B	607000000	608000000	4
ta3B	608000000	609000000	3
ta3B	609000000	610000000	4
ta3B	610000000	611000000	4
ta3B	611000000	612000000	7
ta3B	612000000	613000000	5
ta3B	613000000	614000000	5
ta3B	614000000	615000000	10
ta3B	615000000	616000000	8
ta3B	616000000	617000000	5
ta3B	617000000	618000000	3
ta3B	618000000	619000000	1
ta3B	619000000	620000000	10
ta3B	620000000	621000000	9
ta3B	621000000	622000000	8
ta3B	622000000	623000000	9
ta3B	623000000	624000000	7
ta3B	624000000	625000000	6
ta3B	625000000	626000000	2
ta3B	626000000	627000000	2
ta3B	627000000	628000000	7
ta3B	628000000	629000000	5
ta3B	629000000	630000000	5
ta3B	630000000	631000000	4
ta3B	631000000	632000000	2
ta3B	632000000	633000000	2
ta3B	633000000	634000000	7
ta3B	634000000	635000000	9
ta3B	635000000	636000000	8
ta3B	636000000	637000000	3
ta3B	637000000	638000000	7
ta3B	638000000	639000000	9
ta3B	639000000	640000000	5
ta3B	640000000	641000000	7
ta3B	641000000	642000000	1
ta3B	642000000	643000000	6
ta3B	643000000	644000000	2
ta3B	644000000	645000000	4
ta3B	645000000	646000000	5
ta3B	646000000	647000000	7
ta3B	647000000	648000000	8
ta3B	648000000	649000000	3
ta3B	649000000	650000000	7
ta3B	650000000	651000000	1
ta3B	651000000	652000000	2
ta3B	652000000	653000000	2
ta3B	653000000	654000000	10
ta3B	654000000	655000000	15
ta3B	655000000	656000000	5
ta3B	656000000	657000000	4
ta3B	657000000	658000000	7
ta3B	658000000	659000000	8
ta3B	659000000	660000000	9
ta3B	660000000	661000000	12
ta3B	661000000	662000000	7
ta3B	662000000	663000000	7
ta3B	663000000	664000000	2
ta3B	664000000	665000000	7
ta3B	665000000	666000000	12
ta3B	666000000	667000000	5
ta3B	667000000	668000000	6
ta3B	668000000	669000000	13
ta3B	669000000	670000000	11
ta3B	670000000	671000000	5
ta3B	671000000	672000000	6
ta3B	672000000	673000000	9
ta3B	673000000	674000000	5
ta3B	674000000	675000000	6
ta3B	675000000	676000000	10
ta3B	676000000	677000000	8
ta3B	677000000	678000000	8
ta3B	678000000	679000000	6
ta3B	679000000	680000000	4
ta3B	680000000	681000000	11
ta3B	681000000	682000000	5
ta3B	682000000	683000000	7
ta3B	683000000	684000000	3
ta3B	684000000	685000000	9
ta3B	685000000	686000000	9
ta3B	686000000	687000000	4
ta3B	687000000	688000000	11
ta3B	688000000	689000000	9
ta3B	689000000	690000000	8
ta3B	690000000	691000000	19
ta3B	691000000	692000000	10
ta3B	692000000	693000000	8
ta3B	693000000	694000000	6
ta3B	694000000	695000000	10
ta3B	695000000	696000000	8
ta3B	696000000	697000000	6
ta3B	697000000	698000000	6
ta3B	698000000	699000000	17
ta3B	699000000	700000000	7
ta3B	700000000	701000000	2
ta3B	701000000	702000000	9
ta3B	702000000	703000000	10
ta3B	703000000	704000000	9
ta3B	704000000	705000000	10
ta3B	705000000	706000000	3
ta3B	706000000	707000000	1
ta3B	707000000	708000000	11
ta3B	708000000	709000000	14
ta3B	709000000	710000000	13
ta3B	710000000	711000000	5
ta3B	711000000	712000000	5
ta3B	712000000	713000000	8
ta3B	713000000	714000000	1
ta3B	714000000	715000000	9
ta3B	715000000	716000000	10
ta3B	716000000	717000000	8
ta3B	717000000	718000000	1
ta3B	718000000	719000000	1
ta3B	719000000	720000000	0
ta3B	720000000	721000000	6
ta3B	721000000	722000000	5
ta3B	722000000	723000000	3
ta3B	723000000	724000000	8
ta3B	724000000	725000000	2
ta3B	725000000	726000000	6
ta3B	726000000	727000000	12
ta3B	727000000	728000000	12
ta3B	728000000	729000000	12
ta3B	729000000	730000000	12
ta3B	730000000	731000000	7
ta3B	731000000	732000000	12
ta3B	732000000	733000000	3
ta3B	733000000	734000000	5
ta3B	734000000	735000000	2
ta3B	735000000	736000000	3
ta3B	736000000	737000000	3
ta3B	737000000	738000000	2
ta3B	738000000	739000000	5
ta3B	739000000	740000000	4
ta3B	740000000	741000000	4
ta3B	741000000	742000000	6
ta3B	742000000	743000000	15
ta3B	743000000	744000000	1
ta3B	744000000	745000000	8
ta3B	745000000	746000000	17
ta3B	746000000	747000000	6
ta3B	747000000	748000000	13
ta3B	748000000	749000000	8
ta3B	749000000	750000000	1
ta3B	750000000	751000000	8
ta3B	751000000	752000000	12
ta3B	752000000	753000000	15
ta3B	753000000	754000000	14
ta3B	754000000	755000000	16
ta3B	755000000	756000000	10
ta3B	756000000	757000000	8
ta3B	757000000	758000000	13
ta3B	758000000	759000000	7
ta3B	759000000	760000000	16
ta3B	760000000	761000000	27
ta3B	761000000	762000000	16
ta3B	762000000	763000000	10
ta3B	763000000	764000000	12
ta3B	764000000	765000000	1
ta3B	765000000	766000000	18
ta3B	766000000	767000000	8
ta3B	767000000	768000000	13
ta3B	768000000	769000000	10
ta3B	769000000	770000000	5
ta3B	770000000	771000000	11
ta3B	771000000	772000000	10
ta3B	772000000	773000000	12
ta3B	773000000	774000000	7
ta3B	774000000	775000000	11
ta3B	775000000	776000000	4
ta3B	776000000	777000000	10
ta3B	777000000	778000000	12
ta3B	778000000	779000000	18
ta3B	779000000	780000000	13
ta3B	780000000	781000000	5
ta3B	781000000	782000000	5
ta3B	782000000	783000000	9
ta3B	783000000	784000000	6
ta3B	784000000	785000000	5
ta3B	785000000	786000000	19
ta3B	786000000	787000000	3
ta3B	787000000	788000000	13
ta3B	788000000	789000000	11
ta3B	789000000	790000000	10
ta3B	790000000	791000000	14
ta3B	791000000	792000000	12
ta3B	792000000	793000000	10
ta3B	793000000	794000000	21
ta3B	794000000	795000000	7
ta3B	795000000	796000000	18
ta3B	796000000	797000000	19
ta3B	797000000	798000000	6
ta3B	798000000	799000000	12
ta3B	799000000	800000000	7
ta3B	800000000	801000000	11
ta3B	801000000	802000000	9
ta3B	802000000	803000000	18
ta3B	803000000	804000000	8
ta3B	804000000	805000000	14
ta3B	805000000	806000000	12
ta3B	806000000	807000000	19
ta3B	807000000	808000000	7
ta3B	808000000	809000000	10
ta3B	809000000	810000000	8
ta3B	810000000	811000000	8
ta3B	811000000	812000000	12
ta3B	812000000	813000000	7
ta3B	813000000	814000000	6
ta3B	814000000	815000000	8
ta3B	815000000	816000000	11
ta3B	816000000	817000000	9
ta3B	817000000	818000000	10
ta3B	818000000	819000000	8
ta3B	819000000	820000000	20
ta3B	820000000	821000000	12
ta3B	821000000	822000000	7
ta3B	822000000	823000000	7
ta3B	823000000	824000000	11
ta3B	824000000	825000000	8
ta3B	825000000	826000000	13
ta3B	826000000	827000000	1
ta3B	827000000	828000000	17
ta3B	828000000	829000000	11
ta3B	829000000	830000000	16
ta3B	830000000	831000000	5
ta3B	831000000	832000000	8
ta3B	832000000	833000000	7
ta3B	833000000	834000000	13
ta3B	834000000	835000000	16
ta3B	835000000	836000000	21
ta3B	836000000	837000000	21
ta3B	837000000	838000000	13
ta3B	838000000	839000000	4
ta3B	839000000	840000000	19
ta3B	840000000	841000000	19
ta3B	841000000	842000000	24
ta3B	842000000	843000000	16
ta3B	843000000	844000000	15
ta3B	844000000	845000000	7
ta3B	845000000	846000000	15
ta3B	846000000	847000000	18
ta3B	847000000	848000000	31
ta3B	848000000	849000000	10
ta3B	849000000	850000000	4
ta3B	850000000	851000000	11
ta3B	851000000	852000000	19
ta3B	852000000	853000000	4
ta3B	853000000	854000000	1
ta3B	854000000	855000000	5
ta3B	855000000	856000000	26
ta3B	856000000	857000000	13
ta3B	857000000	858000000	18
ta3B	858000000	858372450	4
ta3D	0	1000000	2
ta3D	1000000	2000000	12
ta3D	2000000	3000000	28
ta3D	3000000	4000000	10
ta3D	4000000	5000000	2
ta3D	5000000	6000000	14
ta3D	6000000	7000000	30
ta3D	7000000	8000000	34
ta3D	8000000	9000000	21
ta3D	9000000	10000000	31
ta3D	10000000	11000000	23
ta3D	11000000	12000000	32
ta3D	12000000	13000000	23
ta3D	13000000	14000000	28
ta3D	14000000	15000000	23
ta3D	15000000	16000000	15
ta3D	16000000	17000000	29
ta3D	17000000	18000000	25
ta3D	18000000	19000000	18
ta3D	19000000	20000000	20
ta3D	20000000	21000000	27
ta3D	21000000	22000000	25
ta3D	22000000	23000000	11
ta3D	23000000	24000000	21
ta3D	24000000	25000000	17
ta3D	25000000	26000000	7
ta3D	26000000	27000000	2
ta3D	27000000	28000000	1
ta3D	28000000	29000000	2
ta3D	29000000	30000000	0
ta3D	30000000	31000000	7
ta3D	31000000	32000000	18
ta3D	32000000	33000000	17
ta3D	33000000	34000000	11
ta3D	34000000	35000000	6
ta3D	35000000	36000000	24
ta3D	36000000	37000000	9
ta3D	37000000	38000000	23
ta3D	38000000	39000000	16
ta3D	39000000	40000000	22
ta3D	40000000	41000000	11
ta3D	41000000	42000000	20
ta3D	42000000	43000000	12
ta3D	43000000	44000000	2
ta3D	44000000	45000000	2
ta3D	45000000	46000000	0
ta3D	46000000	47000000	1
ta3D	47000000	48000000	0
ta3D	48000000	49000000	0
ta3D	49000000	50000000	0
ta3D	50000000	51000000	5
ta3D	51000000	52000000	16
ta3D	52000000	53000000	17
ta3D	53000000	54000000	12
ta3D	54000000	55000000	17
ta3D	55000000	56000000	18
ta3D	56000000	57000000	12
ta3D	57000000	58000000	21
ta3D	58000000	59000000	18
ta3D	59000000	60000000	9
ta3D	60000000	61000000	20
ta3D	61000000	62000000	16
ta3D	62000000	63000000	19
ta3D	63000000	64000000	17
ta3D	64000000	65000000	16
ta3D	65000000	66000000	16
ta3D	66000000	67000000	9
ta3D	67000000	68000000	8
ta3D	68000000	69000000	11
ta3D	69000000	70000000	7
ta3D	70000000	71000000	15
ta3D	71000000	72000000	6
ta3D	72000000	73000000	16
ta3D	73000000	74000000	0
ta3D	74000000	75000000	9
ta3D	75000000	76000000	8
ta3D	76000000	77000000	3
ta3D	77000000	78000000	1
ta3D	78000000	79000000	12
ta3D	79000000	80000000	5
ta3D	80000000	81000000	11
ta3D	81000000	82000000	11
ta3D	82000000	83000000	4
ta3D	83000000	84000000	12
ta3D	84000000	85000000	18
ta3D	85000000	86000000	6
ta3D	86000000	87000000	9
ta3D	87000000	88000000	5
ta3D	88000000	89000000	9
ta3D	89000000	90000000	6
ta3D	90000000	91000000	5
ta3D	91000000	92000000	4
ta3D	92000000	93000000	8
ta3D	93000000	94000000	8
ta3D	94000000	95000000	2
ta3D	95000000	96000000	1
ta3D	96000000	97000000	0
ta3D	97000000	98000000	0
ta3D	98000000	99000000	8
ta3D	99000000	100000000	10
ta3D	100000000	101000000	9
ta3D	101000000	102000000	6
ta3D	102000000	103000000	8
ta3D	103000000	104000000	13
ta3D	104000000	105000000	10
ta3D	105000000	106000000	6
ta3D	106000000	107000000	2
ta3D	107000000	108000000	6
ta3D	108000000	109000000	8
ta3D	109000000	110000000	11
ta3D	110000000	111000000	12
ta3D	111000000	112000000	13
ta3D	112000000	113000000	9
ta3D	113000000	114000000	24
ta3D	114000000	115000000	7
ta3D	115000000	116000000	8
ta3D	116000000	117000000	5
ta3D	117000000	118000000	4
ta3D	118000000	119000000	4
ta3D	119000000	120000000	7
ta3D	120000000	121000000	2
ta3D	121000000	122000000	5
ta3D	122000000	123000000	4
ta3D	123000000	124000000	15
ta3D	124000000	125000000	6
ta3D	125000000	126000000	5
ta3D	126000000	127000000	7
ta3D	127000000	128000000	7
ta3D	128000000	129000000	6
ta3D	129000000	130000000	11
ta3D	130000000	131000000	2
ta3D	131000000	132000000	9
ta3D	132000000	133000000	8
ta3D	133000000	134000000	13
ta3D	134000000	135000000	9
ta3D	135000000	136000000	15
ta3D	136000000	137000000	0
ta3D	137000000	138000000	3
ta3D	138000000	139000000	5
ta3D	139000000	140000000	6
ta3D	140000000	141000000	11
ta3D	141000000	142000000	16
ta3D	142000000	143000000	9
ta3D	143000000	144000000	6
ta3D	144000000	145000000	6
ta3D	145000000	146000000	5
ta3D	146000000	147000000	6
ta3D	147000000	148000000	6
ta3D	148000000	149000000	4
ta3D	149000000	150000000	2
ta3D	150000000	151000000	11
ta3D	151000000	152000000	7
ta3D	152000000	153000000	9
ta3D	153000000	154000000	5
ta3D	154000000	155000000	8
ta3D	155000000	156000000	10
ta3D	156000000	157000000	9
ta3D	157000000	158000000	6
ta3D	158000000	159000000	3
ta3D	159000000	160000000	1
ta3D	160000000	161000000	18
ta3D	161000000	162000000	8
ta3D	162000000	163000000	5
ta3D	163000000	164000000	5
ta3D	164000000	165000000	4
ta3D	165000000	166000000	5
ta3D	166000000	167000000	1
ta3D	167000000	168000000	11
ta3D	168000000	169000000	5
ta3D	169000000	170000000	4
ta3D	170000000	171000000	4
ta3D	171000000	172000000	7
ta3D	172000000	173000000	19
ta3D	173000000	174000000	3
ta3D	174000000	175000000	5
ta3D	175000000	176000000	8
ta3D	176000000	177000000	17
ta3D	177000000	178000000	11
ta3D	178000000	179000000	5
ta3D	179000000	180000000	8
ta3D	180000000	181000000	11
ta3D	181000000	182000000	8
ta3D	182000000	183000000	4
ta3D	183000000	184000000	8
ta3D	184000000	185000000	3
ta3D	185000000	186000000	7
ta3D	186000000	187000000	6
ta3D	187000000	188000000	4
ta3D	188000000	189000000	7
ta3D	189000000	190000000	5
ta3D	190000000	191000000	14
ta3D	191000000	192000000	6
ta3D	192000000	193000000	6
ta3D	193000000	194000000	7
ta3D	194000000	195000000	9
ta3D	195000000	196000000	11
ta3D	196000000	197000000	1
ta3D	197000000	198000000	8
ta3D	198000000	199000000	6
ta3D	199000000	200000000	7
ta3D	200000000	201000000	2
ta3D	201000000	202000000	5
ta3D	202000000	203000000	12
ta3D	203000000	204000000	4
ta3D	204000000	205000000	4
ta3D	205000000	206000000	8
ta3D	206000000	207000000	2
ta3D	207000000	208000000	2
ta3D	208000000	209000000	7
ta3D	209000000	210000000	3
ta3D	210000000	211000000	2
ta3D	211000000	212000000	3
ta3D	212000000	213000000	1
ta3D	213000000	214000000	2
ta3D	214000000	215000000	0
ta3D	215000000	216000000	2
ta3D	216000000	217000000	2
ta3D	217000000	218000000	1
ta3D	218000000	219000000	1
ta3D	219000000	220000000	4
ta3D	220000000	221000000	4
ta3D	221000000	222000000	1
ta3D	222000000	223000000	2
ta3D	223000000	224000000	1
ta3D	224000000	225000000	2
ta3D	225000000	226000000	0
ta3D	226000000	227000000	0
ta3D	227000000	228000000	2
ta3D	228000000	229000000	3
ta3D	229000000	230000000	1
ta3D	230000000	231000000	2
ta3D	231000000	232000000	4
ta3D	232000000	233000000	3
ta3D	233000000	234000000	3
ta3D	234000000	235000000	2
ta3D	235000000	236000000	1
ta3D	236000000	237000000	2
ta3D	237000000	238000000	2
ta3D	238000000	239000000	3
ta3D	239000000	240000000	1
ta3D	240000000	241000000	1
ta3D	241000000	242000000	0
ta3D	242000000	243000000	0
ta3D	243000000	244000000	2
ta3D	244000000	245000000	0
ta3D	245000000	246000000	3
ta3D	246000000	247000000	2
ta3D	247000000	248000000	3
ta3D	248000000	249000000	3
ta3D	249000000	250000000	2
ta3D	250000000	251000000	9
ta3D	251000000	252000000	2
ta3D	252000000	253000000	1
ta3D	253000000	254000000	0
ta3D	254000000	255000000	0
ta3D	255000000	256000000	0
ta3D	256000000	257000000	2
ta3D	257000000	258000000	2
ta3D	258000000	259000000	4
ta3D	259000000	260000000	1
ta3D	260000000	261000000	1
ta3D	261000000	262000000	4
ta3D	262000000	263000000	2
ta3D	263000000	264000000	2
ta3D	264000000	265000000	1
ta3D	265000000	266000000	1
ta3D	266000000	267000000	1
ta3D	267000000	268000000	1
ta3D	268000000	269000000	1
ta3D	269000000	270000000	1
ta3D	270000000	271000000	1
ta3D	271000000	272000000	3
ta3D	272000000	273000000	0
ta3D	273000000	274000000	4
ta3D	274000000	275000000	1
ta3D	275000000	276000000	3
ta3D	276000000	277000000	3
ta3D	277000000	278000000	3
ta3D	278000000	279000000	9
ta3D	279000000	280000000	4
ta3D	280000000	281000000	1
ta3D	281000000	282000000	2
ta3D	282000000	283000000	3
ta3D	283000000	284000000	0
ta3D	284000000	285000000	2
ta3D	285000000	286000000	4
ta3D	286000000	287000000	2
ta3D	287000000	288000000	0
ta3D	288000000	289000000	2
ta3D	289000000	290000000	2
ta3D	290000000	291000000	0
ta3D	291000000	292000000	3
ta3D	292000000	293000000	4
ta3D	293000000	294000000	5
ta3D	294000000	295000000	5
ta3D	295000000	296000000	4
ta3D	296000000	297000000	3
ta3D	297000000	298000000	5
ta3D	298000000	299000000	1
ta3D	299000000	300000000	11
ta3D	300000000	301000000	5
ta3D	301000000	302000000	7
ta3D	302000000	303000000	8
ta3D	303000000	304000000	4
ta3D	304000000	305000000	3
ta3D	305000000	306000000	3
ta3D	306000000	307000000	3
ta3D	307000000	308000000	5
ta3D	308000000	309000000	5
ta3D	309000000	310000000	6
ta3D	310000000	311000000	4
ta3D	311000000	312000000	5
ta3D	312000000	313000000	8
ta3D	313000000	314000000	5
ta3D	314000000	315000000	7
ta3D	315000000	316000000	6
ta3D	316000000	317000000	8
ta3D	317000000	318000000	4
ta3D	318000000	319000000	8
ta3D	319000000	320000000	3
ta3D	320000000	321000000	7
ta3D	321000000	322000000	3
ta3D	322000000	323000000	11
ta3D	323000000	324000000	5
ta3D	324000000	325000000	7
ta3D	325000000	326000000	4
ta3D	326000000	327000000	7
ta3D	327000000	328000000	5
ta3D	328000000	329000000	4
ta3D	329000000	330000000	4
ta3D	330000000	331000000	5
ta3D	331000000	332000000	4
ta3D	332000000	333000000	5
ta3D	333000000	334000000	1
ta3D	334000000	335000000	9
ta3D	335000000	336000000	8
ta3D	336000000	337000000	6
ta3D	337000000	338000000	4
ta3D	338000000	339000000	10
ta3D	339000000	340000000	4
ta3D	340000000	341000000	8
ta3D	341000000	342000000	6
ta3D	342000000	343000000	21
ta3D	343000000	344000000	2
ta3D	344000000	345000000	11
ta3D	345000000	346000000	2
ta3D	346000000	347000000	13
ta3D	347000000	348000000	9
ta3D	348000000	349000000	7
ta3D	349000000	350000000	4
ta3D	350000000	351000000	6
ta3D	351000000	352000000	9
ta3D	352000000	353000000	4
ta3D	353000000	354000000	7
ta3D	354000000	355000000	8
ta3D	355000000	356000000	10
ta3D	356000000	357000000	3
ta3D	357000000	358000000	11
ta3D	358000000	359000000	4
ta3D	359000000	360000000	3
ta3D	360000000	361000000	6
ta3D	361000000	362000000	4
ta3D	362000000	363000000	6
ta3D	363000000	364000000	13
ta3D	364000000	365000000	10
ta3D	365000000	366000000	7
ta3D	366000000	367000000	7
ta3D	367000000	368000000	3
ta3D	368000000	369000000	6
ta3D	369000000	370000000	1
ta3D	370000000	371000000	4
ta3D	371000000	372000000	13
ta3D	372000000	373000000	10
ta3D	373000000	374000000	4
ta3D	374000000	375000000	5
ta3D	375000000	376000000	9
ta3D	376000000	377000000	7
ta3D	377000000	378000000	11
ta3D	378000000	379000000	2
ta3D	379000000	380000000	7
ta3D	380000000	381000000	10
ta3D	381000000	382000000	12
ta3D	382000000	383000000	9
ta3D	383000000	384000000	6
ta3D	384000000	385000000	14
ta3D	385000000	386000000	9
ta3D	386000000	387000000	8
ta3D	387000000	388000000	10
ta3D	388000000	389000000	13
ta3D	389000000	390000000	6
ta3D	390000000	391000000	11
ta3D	391000000	392000000	6
ta3D	392000000	393000000	5
ta3D	393000000	394000000	3
ta3D	394000000	395000000	7
ta3D	395000000	396000000	6
ta3D	396000000	397000000	7
ta3D	397000000	398000000	7
ta3D	398000000	399000000	12
ta3D	399000000	400000000	13
ta3D	400000000	401000000	7
ta3D	401000000	402000000	5
ta3D	402000000	403000000	9
ta3D	403000000	404000000	9
ta3D	404000000	405000000	12
ta3D	405000000	406000000	10
ta3D	406000000	407000000	8
ta3D	407000000	408000000	8
ta3D	408000000	409000000	6
ta3D	409000000	410000000	13
ta3D	410000000	411000000	7
ta3D	411000000	412000000	6
ta3D	412000000	413000000	9
ta3D	413000000	414000000	12
ta3D	414000000	415000000	12
ta3D	415000000	416000000	4
ta3D	416000000	417000000	11
ta3D	417000000	418000000	1
ta3D	418000000	419000000	6
ta3D	419000000	420000000	14
ta3D	420000000	421000000	13
ta3D	421000000	422000000	11
ta3D	422000000	423000000	3
ta3D	423000000	424000000	6
ta3D	424000000	425000000	7
ta3D	425000000	426000000	11
ta3D	426000000	427000000	11
ta3D	427000000	428000000	9
ta3D	428000000	429000000	6
ta3D	429000000	430000000	4
ta3D	430000000	431000000	10
ta3D	431000000	432000000	6
ta3D	432000000	433000000	2
ta3D	433000000	434000000	4
ta3D	434000000	435000000	8
ta3D	435000000	436000000	8
ta3D	436000000	437000000	6
ta3D	437000000	438000000	4
ta3D	438000000	439000000	3
ta3D	439000000	440000000	13
ta3D	440000000	441000000	11
ta3D	441000000	442000000	8
ta3D	442000000	443000000	11
ta3D	443000000	444000000	14
ta3D	444000000	445000000	9
ta3D	445000000	446000000	8
ta3D	446000000	447000000	11
ta3D	447000000	448000000	8
ta3D	448000000	449000000	15
ta3D	449000000	450000000	5
ta3D	450000000	451000000	12
ta3D	451000000	452000000	19
ta3D	452000000	453000000	9
ta3D	453000000	454000000	15
ta3D	454000000	455000000	7
ta3D	455000000	456000000	6
ta3D	456000000	457000000	10
ta3D	457000000	458000000	19
ta3D	458000000	459000000	7
ta3D	459000000	460000000	16
ta3D	460000000	461000000	12
ta3D	461000000	462000000	10
ta3D	462000000	463000000	14
ta3D	463000000	464000000	10
ta3D	464000000	465000000	4
ta3D	465000000	466000000	12
ta3D	466000000	467000000	11
ta3D	467000000	468000000	15
ta3D	468000000	469000000	9
ta3D	469000000	470000000	11
ta3D	470000000	471000000	13
ta3D	471000000	472000000	11
ta3D	472000000	473000000	7
ta3D	473000000	474000000	6
ta3D	474000000	475000000	5
ta3D	475000000	476000000	7
ta3D	476000000	477000000	10
ta3D	477000000	478000000	5
ta3D	478000000	479000000	21
ta3D	479000000	480000000	16
ta3D	480000000	481000000	12
ta3D	481000000	482000000	12
ta3D	482000000	483000000	5
ta3D	483000000	484000000	11
ta3D	484000000	485000000	11
ta3D	485000000	486000000	12
ta3D	486000000	487000000	14
ta3D	487000000	488000000	11
ta3D	488000000	489000000	10
ta3D	489000000	490000000	7
ta3D	490000000	491000000	4
ta3D	491000000	492000000	9
ta3D	492000000	493000000	8
ta3D	493000000	494000000	7
ta3D	494000000	495000000	7
ta3D	495000000	496000000	8
ta3D	496000000	497000000	6
ta3D	497000000	498000000	8
ta3D	498000000	499000000	5
ta3D	499000000	500000000	6
ta3D	500000000	501000000	7
ta3D	501000000	502000000	16
ta3D	502000000	503000000	8
ta3D	503000000	504000000	7
ta3D	504000000	505000000	9
ta3D	505000000	506000000	18
ta3D	506000000	507000000	16
ta3D	507000000	508000000	3
ta3D	508000000	509000000	16
ta3D	509000000	510000000	5
ta3D	510000000	511000000	3
ta3D	511000000	512000000	14
ta3D	512000000	513000000	11
ta3D	513000000	514000000	9
ta3D	514000000	515000000	3
ta3D	515000000	516000000	4
ta3D	516000000	517000000	1
ta3D	517000000	518000000	0
ta3D	518000000	519000000	1
ta3D	519000000	520000000	6
ta3D	520000000	521000000	14
ta3D	521000000	522000000	14
ta3D	522000000	523000000	18
ta3D	523000000	524000000	11
ta3D	524000000	525000000	18
ta3D	525000000	526000000	9
ta3D	526000000	527000000	7
ta3D	527000000	528000000	8
ta3D	528000000	529000000	10
ta3D	529000000	530000000	8
ta3D	530000000	531000000	14
ta3D	531000000	532000000	7
ta3D	532000000	533000000	19
ta3D	533000000	534000000	8
ta3D	534000000	535000000	7
ta3D	535000000	536000000	16
ta3D	536000000	537000000	13
ta3D	537000000	538000000	8
ta3D	538000000	539000000	12
ta3D	539000000	540000000	17
ta3D	540000000	541000000	10
ta3D	541000000	542000000	17
ta3D	542000000	543000000	7
ta3D	543000000	544000000	10
ta3D	544000000	545000000	25
ta3D	545000000	546000000	3
ta3D	546000000	547000000	3
ta3D	547000000	548000000	23
ta3D	548000000	549000000	11
ta3D	549000000	550000000	13
ta3D	550000000	551000000	8
ta3D	551000000	552000000	19
ta3D	552000000	553000000	9
ta3D	553000000	554000000	8
ta3D	554000000	555000000	2
ta3D	555000000	556000000	9
ta3D	556000000	557000000	14
ta3D	557000000	558000000	11
ta3D	558000000	559000000	8
ta3D	559000000	560000000	10
ta3D	560000000	561000000	10
ta3D	561000000	562000000	10
ta3D	562000000	563000000	5
ta3D	563000000	564000000	6
ta3D	564000000	565000000	9
ta3D	565000000	566000000	3
ta3D	566000000	567000000	2
ta3D	567000000	568000000	7
ta3D	568000000	569000000	12
ta3D	569000000	570000000	14
ta3D	570000000	571000000	23
ta3D	571000000	572000000	14
ta3D	572000000	573000000	27
ta3D	573000000	574000000	18
ta3D	574000000	575000000	9
ta3D	575000000	576000000	12
ta3D	576000000	577000000	9
ta3D	577000000	578000000	17
ta3D	578000000	579000000	12
ta3D	579000000	580000000	14
ta3D	580000000	581000000	14
ta3D	581000000	582000000	18
ta3D	582000000	583000000	7
ta3D	583000000	584000000	18
ta3D	584000000	585000000	24
ta3D	585000000	586000000	12
ta3D	586000000	587000000	15
ta3D	587000000	588000000	1
ta3D	588000000	589000000	9
ta3D	589000000	590000000	14
ta3D	590000000	591000000	20
ta3D	591000000	592000000	11
ta3D	592000000	593000000	14
ta3D	593000000	594000000	12
ta3D	594000000	595000000	16
ta3D	595000000	596000000	17
ta3D	596000000	597000000	12
ta3D	597000000	598000000	8
ta3D	598000000	599000000	12
ta3D	599000000	600000000	11
ta3D	600000000	601000000	20
ta3D	601000000	602000000	13
ta3D	602000000	603000000	9
ta3D	603000000	604000000	31
ta3D	604000000	605000000	24
ta3D	605000000	606000000	28
ta3D	606000000	607000000	12
ta3D	607000000	608000000	15
ta3D	608000000	609000000	24
ta3D	609000000	610000000	13
ta3D	610000000	611000000	17
ta3D	611000000	612000000	13
ta3D	612000000	613000000	11
ta3D	613000000	614000000	16
ta3D	614000000	615000000	15
ta3D	615000000	616000000	27
ta3D	616000000	617000000	20
ta3D	617000000	618000000	10
ta3D	618000000	619000000	28
ta3D	619000000	620000000	15
ta3D	620000000	621000000	22
ta3D	621000000	622000000	18
ta3D	622000000	623000000	13
ta3D	623000000	624000000	24
ta3D	624000000	625000000	16
ta3D	625000000	626000000	8
ta3D	626000000	627000000	17
ta3D	627000000	628000000	7
ta3D	628000000	629000000	16
ta3D	629000000	630000000	22
ta3D	630000000	631000000	34
ta3D	631000000	632000000	20
ta3D	632000000	633000000	16
ta3D	633000000	634000000	33
ta3D	634000000	635000000	16
ta3D	635000000	636000000	26
ta3D	636000000	637000000	14
ta3D	637000000	638000000	9
ta3D	638000000	639000000	20
ta3D	639000000	640000000	24
ta3D	640000000	641000000	11
ta3D	641000000	641856115	23
ta4A	0	1000000	6
ta4A	1000000	2000000	15
ta4A	2000000	3000000	4
ta4A	3000000	4000000	12
ta4A	4000000	5000000	18
ta4A	5000000	6000000	20
ta4A	6000000	7000000	18
ta4A	7000000	8000000	12
ta4A	8000000	9000000	24
ta4A	9000000	10000000	13
ta4A	10000000	11000000	8
ta4A	11000000	12000000	17
ta4A	12000000	13000000	12
ta4A	13000000	14000000	8
ta4A	14000000	15000000	7
ta4A	15000000	16000000	12
ta4A	16000000	17000000	17
ta4A	17000000	18000000	15
ta4A	18000000	19000000	5
ta4A	19000000	20000000	8
ta4A	20000000	21000000	10
ta4A	21000000	22000000	9
ta4A	22000000	23000000	2
ta4A	23000000	24000000	5
ta4A	24000000	25000000	16
ta4A	25000000	26000000	10
ta4A	26000000	27000000	9
ta4A	27000000	28000000	8
ta4A	28000000	29000000	14
ta4A	29000000	30000000	3
ta4A	30000000	31000000	6
ta4A	31000000	32000000	9
ta4A	32000000	33000000	8
ta4A	33000000	34000000	10
ta4A	34000000	35000000	4
ta4A	35000000	36000000	12
ta4A	36000000	37000000	25
ta4A	37000000	38000000	9
ta4A	38000000	39000000	17
ta4A	39000000	40000000	11
ta4A	40000000	41000000	12
ta4A	41000000	42000000	6
ta4A	42000000	43000000	6
ta4A	43000000	44000000	7
ta4A	44000000	45000000	3
ta4A	45000000	46000000	14
ta4A	46000000	47000000	12
ta4A	47000000	48000000	15
ta4A	48000000	49000000	10
ta4A	49000000	50000000	3
ta4A	50000000	51000000	2
ta4A	51000000	52000000	1
ta4A	52000000	53000000	1
ta4A	53000000	54000000	2
ta4A	54000000	55000000	0
ta4A	55000000	56000000	7
ta4A	56000000	57000000	5
ta4A	57000000	58000000	9
ta4A	58000000	59000000	6
ta4A	59000000	60000000	8
ta4A	60000000	61000000	9
ta4A	61000000	62000000	11
ta4A	62000000	63000000	8
ta4A	63000000	64000000	3
ta4A	64000000	65000000	7
ta4A	65000000	66000000	3
ta4A	66000000	67000000	2
ta4A	67000000	68000000	5
ta4A	68000000	69000000	4
ta4A	69000000	70000000	7
ta4A	70000000	71000000	11
ta4A	71000000	72000000	9
ta4A	72000000	73000000	6
ta4A	73000000	74000000	9
ta4A	74000000	75000000	3
ta4A	75000000	76000000	6
ta4A	76000000	77000000	5
ta4A	77000000	78000000	9
ta4A	78000000	79000000	10
ta4A	79000000	80000000	8
ta4A	80000000	81000000	2
ta4A	81000000	82000000	5
ta4A	82000000	83000000	4
ta4A	83000000	84000000	7
ta4A	84000000	85000000	7
ta4A	85000000	86000000	6
ta4A	86000000	87000000	4
ta4A	87000000	88000000	5
ta4A	88000000	89000000	6
ta4A	89000000	90000000	13
ta4A	90000000	91000000	11
ta4A	91000000	92000000	5
ta4A	92000000	93000000	4
ta4A	93000000	94000000	4
ta4A	94000000	95000000	4
ta4A	95000000	96000000	5
ta4A	96000000	97000000	5
ta4A	97000000	98000000	7
ta4A	98000000	99000000	11
ta4A	99000000	100000000	1
ta4A	100000000	101000000	7
ta4A	101000000	102000000	4
ta4A	102000000	103000000	8
ta4A	103000000	104000000	9
ta4A	104000000	105000000	4
ta4A	105000000	106000000	2
ta4A	106000000	107000000	5
ta4A	107000000	108000000	2
ta4A	108000000	109000000	5
ta4A	109000000	110000000	4
ta4A	110000000	111000000	6
ta4A	111000000	112000000	8
ta4A	112000000	113000000	4
ta4A	113000000	114000000	10
ta4A	114000000	115000000	6
ta4A	115000000	116000000	9
ta4A	116000000	117000000	7
ta4A	117000000	118000000	6
ta4A	118000000	119000000	11
ta4A	119000000	120000000	8
ta4A	120000000	121000000	5
ta4A	121000000	122000000	4
ta4A	122000000	123000000	4
ta4A	123000000	124000000	1
ta4A	124000000	125000000	4
ta4A	125000000	126000000	6
ta4A	126000000	127000000	0
ta4A	127000000	128000000	4
ta4A	128000000	129000000	2
ta4A	129000000	130000000	2
ta4A	130000000	131000000	1
ta4A	131000000	132000000	1
ta4A	132000000	133000000	4
ta4A	133000000	134000000	4
ta4A	134000000	135000000	5
ta4A	135000000	136000000	6
ta4A	136000000	137000000	12
ta4A	137000000	138000000	10
ta4A	138000000	139000000	2
ta4A	139000000	140000000	7
ta4A	140000000	141000000	9
ta4A	141000000	142000000	2
ta4A	142000000	143000000	7
ta4A	143000000	144000000	6
ta4A	144000000	145000000	3
ta4A	145000000	146000000	0
ta4A	146000000	147000000	7
ta4A	147000000	148000000	10
ta4A	148000000	149000000	7
ta4A	149000000	150000000	5
ta4A	150000000	151000000	7
ta4A	151000000	152000000	1
ta4A	152000000	153000000	4
ta4A	153000000	154000000	2
ta4A	154000000	155000000	3
ta4A	155000000	156000000	1
ta4A	156000000	157000000	6
ta4A	157000000	158000000	6
ta4A	158000000	159000000	1
ta4A	159000000	160000000	2
ta4A	160000000	161000000	4
ta4A	161000000	162000000	5
ta4A	162000000	163000000	1
ta4A	163000000	164000000	4
ta4A	164000000	165000000	11
ta4A	165000000	166000000	5
ta4A	166000000	167000000	1
ta4A	167000000	168000000	1
ta4A	168000000	169000000	4
ta4A	169000000	170000000	4
ta4A	170000000	171000000	4
ta4A	171000000	172000000	2
ta4A	172000000	173000000	1
ta4A	173000000	174000000	4
ta4A	174000000	175000000	4
ta4A	175000000	176000000	3
ta4A	176000000	177000000	4
ta4A	177000000	178000000	5
ta4A	178000000	179000000	6
ta4A	179000000	180000000	6
ta4A	180000000	181000000	1
ta4A	181000000	182000000	6
ta4A	182000000	183000000	3
ta4A	183000000	184000000	3
ta4A	184000000	185000000	3
ta4A	185000000	186000000	1
ta4A	186000000	187000000	5
ta4A	187000000	188000000	0
ta4A	188000000	189000000	4
ta4A	189000000	190000000	2
ta4A	190000000	191000000	6
ta4A	191000000	192000000	2
ta4A	192000000	193000000	0
ta4A	193000000	194000000	0
ta4A	194000000	195000000	1
ta4A	195000000	196000000	4
ta4A	196000000	197000000	1
ta4A	197000000	198000000	4
ta4A	198000000	199000000	0
ta4A	199000000	200000000	2
ta4A	200000000	201000000	2
ta4A	201000000	202000000	4
ta4A	202000000	203000000	1
ta4A	203000000	204000000	0
ta4A	204000000	205000000	2
ta4A	205000000	206000000	0
ta4A	206000000	207000000	1
ta4A	207000000	208000000	2
ta4A	208000000	209000000	3
ta4A	209000000	210000000	2
ta4A	210000000	211000000	6
ta4A	211000000	212000000	2
ta4A	212000000	213000000	1
ta4A	213000000	214000000	3
ta4A	214000000	215000000	2
ta4A	215000000	216000000	6
ta4A	216000000	217000000	4
ta4A	217000000	218000000	0
ta4A	218000000	219000000	1
ta4A	219000000	220000000	2
ta4A	220000000	221000000	1
ta4A	221000000	222000000	1
ta4A	222000000	223000000	0
ta4A	223000000	224000000	2
ta4A	224000000	225000000	1
ta4A	225000000	226000000	3
ta4A	226000000	227000000	1
ta4A	227000000	228000000	1
ta4A	228000000	229000000	1
ta4A	229000000	230000000	0
ta4A	230000000	231000000	2
ta4A	231000000	232000000	3
ta4A	232000000	233000000	0
ta4A	233000000	234000000	2
ta4A	234000000	235000000	1
ta4A	235000000	236000000	5
ta4A	236000000	237000000	1
ta4A	237000000	238000000	4
ta4A	238000000	239000000	1
ta4A	239000000	240000000	2
ta4A	240000000	241000000	1
ta4A	241000000	242000000	3
ta4A	242000000	243000000	1
ta4A	243000000	244000000	0
ta4A	244000000	245000000	2
ta4A	245000000	246000000	1
ta4A	246000000	247000000	2
ta4A	247000000	248000000	2
ta4A	248000000	249000000	1
ta4A	249000000	250000000	3
ta4A	250000000	251000000	1
ta4A	251000000	252000000	3
ta4A	252000000	253000000	3
ta4A	253000000	254000000	2
ta4A	254000000	255000000	0
ta4A	255000000	256000000	3
ta4A	256000000	257000000	1
ta4A	257000000	258000000	4
ta4A	258000000	259000000	0
ta4A	259000000	260000000	1
ta4A	260000000	261000000	3
ta4A	261000000	262000000	0
ta4A	262000000	263000000	4
ta4A	263000000	264000000	2
ta4A	264000000	265000000	1
ta4A	265000000	266000000	1
ta4A	266000000	267000000	2
ta4A	267000000	268000000	1
ta4A	268000000	269000000	1
ta4A	269000000	270000000	1
ta4A	270000000	271000000	1
ta4A	271000000	272000000	0
ta4A	272000000	273000000	2
ta4A	273000000	274000000	1
ta4A	274000000	275000000	1
ta4A	275000000	276000000	0
ta4A	276000000	277000000	3
ta4A	277000000	278000000	0
ta4A	278000000	279000000	0
ta4A	279000000	280000000	0
ta4A	280000000	281000000	2
ta4A	281000000	282000000	0
ta4A	282000000	283000000	4
ta4A	283000000	284000000	2
ta4A	284000000	285000000	1
ta4A	285000000	286000000	2
ta4A	286000000	287000000	2
ta4A	287000000	288000000	1
ta4A	288000000	289000000	1
ta4A	289000000	290000000	0
ta4A	290000000	291000000	1
ta4A	291000000	292000000	0
ta4A	292000000	293000000	0
ta4A	293000000	294000000	0
ta4A	294000000	295000000	1
ta4A	295000000	296000000	1
ta4A	296000000	297000000	0
ta4A	297000000	298000000	0
ta4A	298000000	299000000	0
ta4A	299000000	300000000	1
ta4A	300000000	301000000	3
ta4A	301000000	302000000	0
ta4A	302000000	303000000	2
ta4A	303000000	304000000	1
ta4A	304000000	305000000	0
ta4A	305000000	306000000	3
ta4A	306000000	307000000	1
ta4A	307000000	308000000	2
ta4A	308000000	309000000	0
ta4A	309000000	310000000	1
ta4A	310000000	311000000	2
ta4A	311000000	312000000	0
ta4A	312000000	313000000	2
ta4A	313000000	314000000	0
ta4A	314000000	315000000	1
ta4A	315000000	316000000	1
ta4A	316000000	317000000	0
ta4A	317000000	318000000	1
ta4A	318000000	319000000	1
ta4A	319000000	320000000	1
ta4A	320000000	321000000	0
ta4A	321000000	322000000	2
ta4A	322000000	323000000	2
ta4A	323000000	324000000	1
ta4A	324000000	325000000	1
ta4A	325000000	326000000	0
ta4A	326000000	327000000	0
ta4A	327000000	328000000	2
ta4A	328000000	329000000	0
ta4A	329000000	330000000	1
ta4A	330000000	331000000	3
ta4A	331000000	332000000	1
ta4A	332000000	333000000	0
ta4A	333000000	334000000	0
ta4A	334000000	335000000	1
ta4A	335000000	336000000	0
ta4A	336000000	337000000	0
ta4A	337000000	338000000	1
ta4A	338000000	339000000	0
ta4A	339000000	340000000	2
ta4A	340000000	341000000	1
ta4A	341000000	342000000	1
ta4A	342000000	343000000	4
ta4A	343000000	344000000	0
ta4A	344000000	345000000	1
ta4A	345000000	346000000	0
ta4A	346000000	347000000	3
ta4A	347000000	348000000	0
ta4A	348000000	349000000	2
ta4A	349000000	350000000	0
ta4A	350000000	351000000	1
ta4A	351000000	352000000	4
ta4A	352000000	353000000	2
ta4A	353000000	354000000	0
ta4A	354000000	355000000	1
ta4A	355000000	356000000	1
ta4A	356000000	357000000	1
ta4A	357000000	358000000	1
ta4A	358000000	359000000	2
ta4A	359000000	360000000	1
ta4A	360000000	361000000	3
ta4A	361000000	362000000	2
ta4A	362000000	363000000	2
ta4A	363000000	364000000	0
ta4A	364000000	365000000	1
ta4A	365000000	366000000	0
ta4A	366000000	367000000	0
ta4A	367000000	368000000	2
ta4A	368000000	369000000	2
ta4A	369000000	370000000	1
ta4A	370000000	371000000	1
ta4A	371000000	372000000	0
ta4A	372000000	373000000	1
ta4A	373000000	374000000	0
ta4A	374000000	375000000	4
ta4A	375000000	376000000	1
ta4A	376000000	377000000	3
ta4A	377000000	378000000	2
ta4A	378000000	379000000	0
ta4A	379000000	380000000	1
ta4A	380000000	381000000	2
ta4A	381000000	382000000	2
ta4A	382000000	383000000	0
ta4A	383000000	384000000	3
ta4A	384000000	385000000	1
ta4A	385000000	386000000	0
ta4A	386000000	387000000	2
ta4A	387000000	388000000	0
ta4A	388000000	389000000	1
ta4A	389000000	390000000	1
ta4A	390000000	391000000	2
ta4A	391000000	392000000	2
ta4A	392000000	393000000	0
ta4A	393000000	394000000	0
ta4A	394000000	395000000	1
ta4A	395000000	396000000	1
ta4A	396000000	397000000	3
ta4A	397000000	398000000	1
ta4A	398000000	399000000	3
ta4A	399000000	400000000	0
ta4A	400000000	401000000	1
ta4A	401000000	402000000	0
ta4A	402000000	403000000	2
ta4A	403000000	404000000	2
ta4A	404000000	405000000	1
ta4A	405000000	406000000	1
ta4A	406000000	407000000	0
ta4A	407000000	408000000	1
ta4A	408000000	409000000	0
ta4A	409000000	410000000	1
ta4A	410000000	411000000	1
ta4A	411000000	412000000	0
ta4A	412000000	413000000	0
ta4A	413000000	414000000	2
ta4A	414000000	415000000	1
ta4A	415000000	416000000	2
ta4A	416000000	417000000	1
ta4A	417000000	418000000	0
ta4A	418000000	419000000	3
ta4A	419000000	420000000	0
ta4A	420000000	421000000	2
ta4A	421000000	422000000	0
ta4A	422000000	423000000	1
ta4A	423000000	424000000	4
ta4A	424000000	425000000	1
ta4A	425000000	426000000	1
ta4A	426000000	427000000	1
ta4A	427000000	428000000	3
ta4A	428000000	429000000	2
ta4A	429000000	430000000	5
ta4A	430000000	431000000	2
ta4A	431000000	432000000	0
ta4A	432000000	433000000	1
ta4A	433000000	434000000	3
ta4A	434000000	435000000	4
ta4A	435000000	436000000	2
ta4A	436000000	437000000	4
ta4A	437000000	438000000	1
ta4A	438000000	439000000	4
ta4A	439000000	440000000	1
ta4A	440000000	441000000	4
ta4A	441000000	442000000	6
ta4A	442000000	443000000	0
ta4A	443000000	444000000	5
ta4A	444000000	445000000	3
ta4A	445000000	446000000	3
ta4A	446000000	447000000	9
ta4A	447000000	448000000	4
ta4A	448000000	449000000	6
ta4A	449000000	450000000	9
ta4A	450000000	451000000	7
ta4A	451000000	452000000	2
ta4A	452000000	453000000	5
ta4A	453000000	454000000	7
ta4A	454000000	455000000	5
ta4A	455000000	456000000	6
ta4A	456000000	457000000	11
ta4A	457000000	458000000	3
ta4A	458000000	459000000	2
ta4A	459000000	460000000	2
ta4A	460000000	461000000	5
ta4A	461000000	462000000	4
ta4A	462000000	463000000	3
ta4A	463000000	464000000	3
ta4A	464000000	465000000	9
ta4A	465000000	466000000	16
ta4A	466000000	467000000	10
ta4A	467000000	468000000	8
ta4A	468000000	469000000	12
ta4A	469000000	470000000	6
ta4A	470000000	471000000	3
ta4A	471000000	472000000	5
ta4A	472000000	473000000	9
ta4A	473000000	474000000	6
ta4A	474000000	475000000	7
ta4A	475000000	476000000	9
ta4A	476000000	477000000	8
ta4A	477000000	478000000	10
ta4A	478000000	479000000	6
ta4A	479000000	480000000	9
ta4A	480000000	481000000	1
ta4A	481000000	482000000	5
ta4A	482000000	483000000	3
ta4A	483000000	484000000	7
ta4A	484000000	485000000	3
ta4A	485000000	486000000	3
ta4A	486000000	487000000	2
ta4A	487000000	488000000	7
ta4A	488000000	489000000	7
ta4A	489000000	490000000	5
ta4A	490000000	491000000	5
ta4A	491000000	492000000	6
ta4A	492000000	493000000	4
ta4A	493000000	494000000	6
ta4A	494000000	495000000	5
ta4A	495000000	496000000	4
ta4A	496000000	497000000	4
ta4A	497000000	498000000	10
ta4A	498000000	499000000	8
ta4A	499000000	500000000	6
ta4A	500000000	501000000	9
ta4A	501000000	502000000	10
ta4A	502000000	503000000	3
ta4A	503000000	504000000	6
ta4A	504000000	505000000	6
ta4A	505000000	506000000	4
ta4A	506000000	507000000	2
ta4A	507000000	508000000	4
ta4A	508000000	509000000	4
ta4A	509000000	510000000	3
ta4A	510000000	511000000	5
ta4A	511000000	512000000	7
ta4A	512000000	513000000	8
ta4A	513000000	514000000	9
ta4A	514000000	515000000	6
ta4A	515000000	516000000	8
ta4A	516000000	517000000	6
ta4A	517000000	518000000	2
ta4A	518000000	519000000	3
ta4A	519000000	520000000	4
ta4A	520000000	521000000	5
ta4A	521000000	522000000	15
ta4A	522000000	523000000	4
ta4A	523000000	524000000	4
ta4A	524000000	525000000	2
ta4A	525000000	526000000	2
ta4A	526000000	527000000	7
ta4A	527000000	528000000	2
ta4A	528000000	529000000	1
ta4A	529000000	530000000	2
ta4A	530000000	531000000	12
ta4A	531000000	532000000	10
ta4A	532000000	533000000	9
ta4A	533000000	534000000	10
ta4A	534000000	535000000	10
ta4A	535000000	536000000	5
ta4A	536000000	537000000	13
ta4A	537000000	538000000	2
ta4A	538000000	539000000	10
ta4A	539000000	540000000	5
ta4A	540000000	541000000	9
ta4A	541000000	542000000	19
ta4A	542000000	543000000	12
ta4A	543000000	544000000	17
ta4A	544000000	545000000	9
ta4A	545000000	546000000	17
ta4A	546000000	547000000	6
ta4A	547000000	548000000	9
ta4A	548000000	549000000	4
ta4A	549000000	550000000	10
ta4A	550000000	551000000	8
ta4A	551000000	552000000	8
ta4A	552000000	553000000	9
ta4A	553000000	554000000	5
ta4A	554000000	555000000	11
ta4A	555000000	556000000	6
ta4A	556000000	557000000	6
ta4A	557000000	558000000	11
ta4A	558000000	559000000	10
ta4A	559000000	560000000	7
ta4A	560000000	561000000	11
ta4A	561000000	562000000	10
ta4A	562000000	563000000	5
ta4A	563000000	564000000	3
ta4A	564000000	565000000	12
ta4A	565000000	566000000	5
ta4A	566000000	567000000	15
ta4A	567000000	568000000	2
ta4A	568000000	569000000	1
ta4A	569000000	570000000	11
ta4A	570000000	571000000	11
ta4A	571000000	572000000	14
ta4A	572000000	573000000	10
ta4A	573000000	574000000	9
ta4A	574000000	575000000	10
ta4A	575000000	576000000	6
ta4A	576000000	577000000	12
ta4A	577000000	578000000	5
ta4A	578000000	579000000	4
ta4A	579000000	580000000	9
ta4A	580000000	581000000	18
ta4A	581000000	582000000	7
ta4A	582000000	583000000	10
ta4A	583000000	584000000	30
ta4A	584000000	585000000	21
ta4A	585000000	586000000	18
ta4A	586000000	587000000	0
ta4A	587000000	588000000	2
ta4A	588000000	589000000	20
ta4A	589000000	590000000	17
ta4A	590000000	591000000	22
ta4A	591000000	592000000	13
ta4A	592000000	593000000	22
ta4A	593000000	594000000	18
ta4A	594000000	595000000	30
ta4A	595000000	596000000	24
ta4A	596000000	597000000	19
ta4A	597000000	598000000	18
ta4A	598000000	599000000	13
ta4A	599000000	600000000	17
ta4A	600000000	601000000	19
ta4A	601000000	602000000	12
ta4A	602000000	603000000	27
ta4A	603000000	604000000	9
ta4A	604000000	605000000	0
ta4A	605000000	606000000	14
ta4A	606000000	607000000	4
ta4A	607000000	608000000	16
ta4A	608000000	609000000	18
ta4A	609000000	610000000	10
ta4A	610000000	611000000	12
ta4A	611000000	612000000	11
ta4A	612000000	613000000	16
ta4A	613000000	614000000	11
ta4A	614000000	615000000	15
ta4A	615000000	616000000	16
ta4A	616000000	617000000	16
ta4A	617000000	618000000	7
ta4A	618000000	619000000	16
ta4A	619000000	620000000	21
ta4A	620000000	621000000	12
ta4A	621000000	622000000	8
ta4A	622000000	623000000	16
ta4A	623000000	624000000	22
ta4A	624000000	625000000	9
ta4A	625000000	626000000	11
ta4A	626000000	627000000	10
ta4A	627000000	628000000	21
ta4A	628000000	629000000	17
ta4A	629000000	630000000	14
ta4A	630000000	631000000	20
ta4A	631000000	632000000	7
ta4A	632000000	633000000	15
ta4A	633000000	634000000	6
ta4A	634000000	635000000	18
ta4A	635000000	636000000	8
ta4A	636000000	637000000	2
ta4A	637000000	638000000	8
ta4A	638000000	639000000	17
ta4A	639000000	640000000	15
ta4A	640000000	641000000	9
ta4A	641000000	642000000	13
ta4A	642000000	643000000	11
ta4A	643000000	644000000	13
ta4A	644000000	645000000	23
ta4A	645000000	646000000	11
ta4A	646000000	647000000	22
ta4A	647000000	648000000	11
ta4A	648000000	649000000	6
ta4A	649000000	650000000	9
ta4A	650000000	651000000	13
ta4A	651000000	652000000	13
ta4A	652000000	653000000	14
ta4A	653000000	654000000	6
ta4A	654000000	655000000	19
ta4A	655000000	656000000	16
ta4A	656000000	657000000	12
ta4A	657000000	658000000	14
ta4A	658000000	659000000	5
ta4A	659000000	660000000	8
ta4A	660000000	661000000	6
ta4A	661000000	662000000	22
ta4A	662000000	663000000	17
ta4A	663000000	664000000	8
ta4A	664000000	665000000	9
ta4A	665000000	666000000	11
ta4A	666000000	667000000	12
ta4A	667000000	668000000	10
ta4A	668000000	669000000	7
ta4A	669000000	670000000	12
ta4A	670000000	671000000	14
ta4A	671000000	672000000	3
ta4A	672000000	673000000	9
ta4A	673000000	674000000	14
ta4A	674000000	675000000	19
ta4A	675000000	676000000	7
ta4A	676000000	677000000	7
ta4A	677000000	678000000	2
ta4A	678000000	679000000	3
ta4A	679000000	680000000	0
ta4A	680000000	681000000	5
ta4A	681000000	682000000	11
ta4A	682000000	683000000	10
ta4A	683000000	684000000	15
ta4A	684000000	685000000	11
ta4A	685000000	686000000	1
ta4A	686000000	687000000	9
ta4A	687000000	688000000	1
ta4A	688000000	689000000	0
ta4A	689000000	690000000	1
ta4A	690000000	691000000	1
ta4A	691000000	692000000	6
ta4A	692000000	693000000	5
ta4A	693000000	694000000	6
ta4A	694000000	695000000	1
ta4A	695000000	696000000	8
ta4A	696000000	697000000	7
ta4A	697000000	698000000	6
ta4A	698000000	699000000	11
ta4A	699000000	700000000	14
ta4A	700000000	701000000	8
ta4A	701000000	702000000	4
ta4A	702000000	703000000	5
ta4A	703000000	704000000	8
ta4A	704000000	705000000	11
ta4A	705000000	706000000	12
ta4A	706000000	707000000	14
ta4A	707000000	708000000	4
ta4A	708000000	709000000	16
ta4A	709000000	710000000	13
ta4A	710000000	711000000	2
ta4A	711000000	712000000	2
ta4A	712000000	713000000	11
ta4A	713000000	714000000	17
ta4A	714000000	715000000	6
ta4A	715000000	716000000	9
ta4A	716000000	717000000	25
ta4A	717000000	718000000	19
ta4A	718000000	719000000	17
ta4A	719000000	720000000	3
ta4A	720000000	721000000	5
ta4A	721000000	722000000	22
ta4A	722000000	723000000	7
ta4A	723000000	724000000	22
ta4A	724000000	725000000	14
ta4A	725000000	726000000	16
ta4A	726000000	727000000	15
ta4A	727000000	728000000	16
ta4A	728000000	729000000	21
ta4A	729000000	730000000	9
ta4A	730000000	731000000	4
ta4A	731000000	732000000	1
ta4A	732000000	733000000	4
ta4A	733000000	734000000	8
ta4A	734000000	735000000	10
ta4A	735000000	736000000	5
ta4A	736000000	737000000	5
ta4A	737000000	738000000	2
ta4A	738000000	739000000	20
ta4A	739000000	740000000	17
ta4A	740000000	741000000	11
ta4A	741000000	742000000	16
ta4A	742000000	743000000	17
ta4A	743000000	744000000	13
ta4A	744000000	745000000	28
ta4A	745000000	746000000	9
ta4A	746000000	747000000	14
ta4A	747000000	748000000	13
ta4A	748000000	749000000	28
ta4A	749000000	750000000	10
ta4A	750000000	751000000	20
ta4A	751000000	752000000	20
ta4A	752000000	753000000	7
ta4A	753000000	754000000	17
ta4A	754000000	754255035	7
ta4B	0	1000000	12
ta4B	1000000	2000000	10
ta4B	2000000	3000000	11
ta4B	3000000	4000000	9
ta4B	4000000	5000000	9
ta4B	5000000	6000000	21
ta4B	6000000	7000000	14
ta4B	7000000	8000000	16
ta4B	8000000	9000000	13
ta4B	9000000	10000000	14
ta4B	10000000	11000000	3
ta4B	11000000	12000000	7
ta4B	12000000	13000000	7
ta4B	13000000	14000000	18
ta4B	14000000	15000000	8
ta4B	15000000	16000000	13
ta4B	16000000	17000000	1
ta4B	17000000	18000000	8
ta4B	18000000	19000000	1
ta4B	19000000	20000000	5
ta4B	20000000	21000000	23
ta4B	21000000	22000000	10
ta4B	22000000	23000000	9
ta4B	23000000	24000000	9
ta4B	24000000	25000000	24
ta4B	25000000	26000000	15
ta4B	26000000	27000000	9
ta4B	27000000	28000000	12
ta4B	28000000	29000000	17
ta4B	29000000	30000000	17
ta4B	30000000	31000000	12
ta4B	31000000	32000000	17
ta4B	32000000	33000000	25
ta4B	33000000	34000000	6
ta4B	34000000	35000000	7
ta4B	35000000	36000000	11
ta4B	36000000	37000000	15
ta4B	37000000	38000000	9
ta4B	38000000	39000000	7
ta4B	39000000	40000000	6
ta4B	40000000	41000000	4
ta4B	41000000	42000000	10
ta4B	42000000	43000000	6
ta4B	43000000	44000000	9
ta4B	44000000	45000000	8
ta4B	45000000	46000000	12
ta4B	46000000	47000000	9
ta4B	47000000	48000000	11
ta4B	48000000	49000000	1
ta4B	49000000	50000000	9
ta4B	50000000	51000000	5
ta4B	51000000	52000000	9
ta4B	52000000	53000000	1
ta4B	53000000	54000000	10
ta4B	54000000	55000000	9
ta4B	55000000	56000000	2
ta4B	56000000	57000000	9
ta4B	57000000	58000000	8
ta4B	58000000	59000000	10
ta4B	59000000	60000000	5
ta4B	60000000	61000000	3
ta4B	61000000	62000000	11
ta4B	62000000	63000000	8
ta4B	63000000	64000000	10
ta4B	64000000	65000000	8
ta4B	65000000	66000000	5
ta4B	66000000	67000000	4
ta4B	67000000	68000000	10
ta4B	68000000	69000000	11
ta4B	69000000	70000000	9
ta4B	70000000	71000000	4
ta4B	71000000	72000000	8
ta4B	72000000	73000000	6
ta4B	73000000	74000000	7
ta4B	74000000	75000000	9
ta4B	75000000	76000000	4
ta4B	76000000	77000000	9
ta4B	77000000	78000000	7
ta4B	78000000	79000000	9
ta4B	79000000	80000000	6
ta4B	80000000	81000000	12
ta4B	81000000	82000000	7
ta4B	82000000	83000000	3
ta4B	83000000	84000000	6
ta4B	84000000	85000000	5
ta4B	85000000	86000000	14
ta4B	86000000	87000000	3
ta4B	87000000	88000000	0
ta4B	88000000	89000000	1
ta4B	89000000	90000000	14
ta4B	90000000	91000000	5
ta4B	91000000	92000000	8
ta4B	92000000	93000000	10
ta4B	93000000	94000000	1
ta4B	94000000	95000000	13
ta4B	95000000	96000000	3
ta4B	96000000	97000000	5
ta4B	97000000	98000000	4
ta4B	98000000	99000000	16
ta4B	99000000	100000000	8
ta4B	100000000	101000000	9
ta4B	101000000	102000000	1
ta4B	102000000	103000000	6
ta4B	103000000	104000000	4
ta4B	104000000	105000000	7
ta4B	105000000	106000000	5
ta4B	106000000	107000000	2
ta4B	107000000	108000000	9
ta4B	108000000	109000000	9
ta4B	109000000	110000000	7
ta4B	110000000	111000000	10
ta4B	111000000	112000000	7
ta4B	112000000	113000000	15
ta4B	113000000	114000000	4
ta4B	114000000	115000000	5
ta4B	115000000	116000000	4
ta4B	116000000	117000000	2
ta4B	117000000	118000000	2
ta4B	118000000	119000000	9
ta4B	119000000	120000000	11
ta4B	120000000	121000000	4
ta4B	121000000	122000000	6
ta4B	122000000	123000000	6
ta4B	123000000	124000000	0
ta4B	124000000	125000000	4
ta4B	125000000	126000000	4
ta4B	126000000	127000000	9
ta4B	127000000	128000000	7
ta4B	128000000	129000000	6
ta4B	129000000	130000000	5
ta4B	130000000	131000000	10
ta4B	131000000	132000000	4
ta4B	132000000	133000000	4
ta4B	133000000	134000000	6
ta4B	134000000	135000000	8
ta4B	135000000	136000000	6
ta4B	136000000	137000000	3
ta4B	137000000	138000000	7
ta4B	138000000	139000000	4
ta4B	139000000	140000000	4
ta4B	140000000	141000000	1
ta4B	141000000	142000000	10
ta4B	142000000	143000000	13
ta4B	143000000	144000000	4
ta4B	144000000	145000000	2
ta4B	145000000	146000000	8
ta4B	146000000	147000000	2
ta4B	147000000	148000000	4
ta4B	148000000	149000000	6
ta4B	149000000	150000000	5
ta4B	150000000	151000000	4
ta4B	151000000	152000000	5
ta4B	152000000	153000000	4
ta4B	153000000	154000000	3
ta4B	154000000	155000000	2
ta4B	155000000	156000000	0
ta4B	156000000	157000000	2
ta4B	157000000	158000000	3
ta4B	158000000	159000000	1
ta4B	159000000	160000000	4
ta4B	160000000	161000000	2
ta4B	161000000	162000000	1
ta4B	162000000	163000000	2
ta4B	163000000	164000000	2
ta4B	164000000	165000000	0
ta4B	165000000	166000000	0
ta4B	166000000	167000000	2
ta4B	167000000	168000000	4
ta4B	168000000	169000000	1
ta4B	169000000	170000000	8
ta4B	170000000	171000000	11
ta4B	171000000	172000000	5
ta4B	172000000	173000000	4
ta4B	173000000	174000000	0
ta4B	174000000	175000000	5
ta4B	175000000	176000000	6
ta4B	176000000	177000000	18
ta4B	177000000	178000000	5
ta4B	178000000	179000000	3
ta4B	179000000	180000000	7
ta4B	180000000	181000000	3
ta4B	181000000	182000000	2
ta4B	182000000	183000000	4
ta4B	183000000	184000000	3
ta4B	184000000	185000000	6
ta4B	185000000	186000000	9
ta4B	186000000	187000000	6
ta4B	187000000	188000000	8
ta4B	188000000	189000000	9
ta4B	189000000	190000000	8
ta4B	190000000	191000000	3
ta4B	191000000	192000000	7
ta4B	192000000	193000000	4
ta4B	193000000	194000000	3
ta4B	194000000	195000000	2
ta4B	195000000	196000000	5
ta4B	196000000	197000000	2
ta4B	197000000	198000000	3
ta4B	198000000	199000000	3
ta4B	199000000	200000000	0
ta4B	200000000	201000000	0
ta4B	201000000	202000000	1
ta4B	202000000	203000000	0
ta4B	203000000	204000000	3
ta4B	204000000	205000000	3
ta4B	205000000	206000000	4
ta4B	206000000	207000000	0
ta4B	207000000	208000000	1
ta4B	208000000	209000000	1
ta4B	209000000	210000000	1
ta4B	210000000	211000000	1
ta4B	211000000	212000000	0
ta4B	212000000	213000000	0
ta4B	213000000	214000000	0
ta4B	214000000	215000000	0
ta4B	215000000	216000000	2
ta4B	216000000	217000000	1
ta4B	217000000	218000000	3
ta4B	218000000	219000000	1
ta4B	219000000	220000000	1
ta4B	220000000	221000000	2
ta4B	221000000	222000000	2
ta4B	222000000	223000000	1
ta4B	223000000	224000000	0
ta4B	224000000	225000000	2
ta4B	225000000	226000000	2
ta4B	226000000	227000000	2
ta4B	227000000	228000000	0
ta4B	228000000	229000000	3
ta4B	229000000	230000000	0
ta4B	230000000	231000000	1
ta4B	231000000	232000000	0
ta4B	232000000	233000000	0
ta4B	233000000	234000000	1
ta4B	234000000	235000000	3
ta4B	235000000	236000000	0
ta4B	236000000	237000000	2
ta4B	237000000	238000000	10
ta4B	238000000	239000000	3
ta4B	239000000	240000000	4
ta4B	240000000	241000000	2
ta4B	241000000	242000000	3
ta4B	242000000	243000000	2
ta4B	243000000	244000000	3
ta4B	244000000	245000000	0
ta4B	245000000	246000000	1
ta4B	246000000	247000000	0
ta4B	247000000	248000000	1
ta4B	248000000	249000000	0
ta4B	249000000	250000000	0
ta4B	250000000	251000000	3
ta4B	251000000	252000000	1
ta4B	252000000	253000000	2
ta4B	253000000	254000000	1
ta4B	254000000	255000000	5
ta4B	255000000	256000000	0
ta4B	256000000	257000000	2
ta4B	257000000	258000000	2
ta4B	258000000	259000000	2
ta4B	259000000	260000000	1
ta4B	260000000	261000000	0
ta4B	261000000	262000000	2
ta4B	262000000	263000000	3
ta4B	263000000	264000000	4
ta4B	264000000	265000000	0
ta4B	265000000	266000000	0
ta4B	266000000	267000000	1
ta4B	267000000	268000000	0
ta4B	268000000	269000000	1
ta4B	269000000	270000000	1
ta4B	270000000	271000000	0
ta4B	271000000	272000000	0
ta4B	272000000	273000000	1
ta4B	273000000	274000000	3
ta4B	274000000	275000000	2
ta4B	275000000	276000000	0
ta4B	276000000	277000000	4
ta4B	277000000	278000000	1
ta4B	278000000	279000000	1
ta4B	279000000	280000000	4
ta4B	280000000	281000000	1
ta4B	281000000	282000000	1
ta4B	282000000	283000000	0
ta4B	283000000	284000000	0
ta4B	284000000	285000000	1
ta4B	285000000	286000000	0
ta4B	286000000	287000000	1
ta4B	287000000	288000000	0
ta4B	288000000	289000000	2
ta4B	289000000	290000000	3
ta4B	290000000	291000000	3
ta4B	291000000	292000000	3
ta4B	292000000	293000000	2
ta4B	293000000	294000000	2
ta4B	294000000	295000000	2
ta4B	295000000	296000000	2
ta4B	296000000	297000000	0
ta4B	297000000	298000000	0
ta4B	298000000	299000000	1
ta4B	299000000	300000000	1
ta4B	300000000	301000000	2
ta4B	301000000	302000000	1
ta4B	302000000	303000000	1
ta4B	303000000	304000000	1
ta4B	304000000	305000000	0
ta4B	305000000	306000000	1
ta4B	306000000	307000000	0
ta4B	307000000	308000000	5
ta4B	308000000	309000000	0
ta4B	309000000	310000000	0
ta4B	310000000	311000000	2
ta4B	311000000	312000000	1
ta4B	312000000	313000000	0
ta4B	313000000	314000000	0
ta4B	314000000	315000000	0
ta4B	315000000	316000000	2
ta4B	316000000	317000000	2
ta4B	317000000	318000000	1
ta4B	318000000	319000000	1
ta4B	319000000	320000000	2
ta4B	320000000	321000000	1
ta4B	321000000	322000000	1
ta4B	322000000	323000000	1
ta4B	323000000	324000000	3
ta4B	324000000	325000000	2
ta4B	325000000	326000000	0
ta4B	326000000	327000000	0
ta4B	327000000	328000000	0
ta4B	328000000	329000000	3
ta4B	329000000	330000000	3
ta4B	330000000	331000000	2
ta4B	331000000	332000000	1
ta4B	332000000	333000000	2
ta4B	333000000	334000000	3
ta4B	334000000	335000000	1
ta4B	335000000	336000000	0
ta4B	336000000	337000000	2
ta4B	337000000	338000000	1
ta4B	338000000	339000000	1
ta4B	339000000	340000000	2
ta4B	340000000	341000000	1
ta4B	341000000	342000000	0
ta4B	342000000	343000000	2
ta4B	343000000	344000000	1
ta4B	344000000	345000000	1
ta4B	345000000	346000000	0
ta4B	346000000	347000000	1
ta4B	347000000	348000000	0
ta4B	348000000	349000000	2
ta4B	349000000	350000000	2
ta4B	350000000	351000000	1
ta4B	351000000	352000000	0
ta4B	352000000	353000000	2
ta4B	353000000	354000000	3
ta4B	354000000	355000000	0
ta4B	355000000	356000000	0
ta4B	356000000	357000000	1
ta4B	357000000	358000000	1
ta4B	358000000	359000000	1
ta4B	359000000	360000000	0
ta4B	360000000	361000000	2
ta4B	361000000	362000000	0
ta4B	362000000	363000000	2
ta4B	363000000	364000000	4
ta4B	364000000	365000000	1
ta4B	365000000	366000000	1
ta4B	366000000	367000000	3
ta4B	367000000	368000000	0
ta4B	368000000	369000000	6
ta4B	369000000	370000000	2
ta4B	370000000	371000000	0
ta4B	371000000	372000000	3
ta4B	372000000	373000000	0
ta4B	373000000	374000000	1
ta4B	374000000	375000000	1
ta4B	375000000	376000000	1
ta4B	376000000	377000000	0
ta4B	377000000	378000000	0
ta4B	378000000	379000000	2
ta4B	379000000	380000000	1
ta4B	380000000	381000000	1
ta4B	381000000	382000000	1
ta4B	382000000	383000000	3
ta4B	383000000	384000000	3
ta4B	384000000	385000000	3
ta4B	385000000	386000000	1
ta4B	386000000	387000000	2
ta4B	387000000	388000000	3
ta4B	388000000	389000000	3
ta4B	389000000	390000000	5
ta4B	390000000	391000000	4
ta4B	391000000	392000000	3
ta4B	392000000	393000000	3
ta4B	393000000	394000000	3
ta4B	394000000	395000000	10
ta4B	395000000	396000000	4
ta4B	396000000	397000000	7
ta4B	397000000	398000000	2
ta4B	398000000	399000000	8
ta4B	399000000	400000000	3
ta4B	400000000	401000000	2
ta4B	401000000	402000000	3
ta4B	402000000	403000000	4
ta4B	403000000	404000000	6
ta4B	404000000	405000000	3
ta4B	405000000	406000000	2
ta4B	406000000	407000000	9
ta4B	407000000	408000000	5
ta4B	408000000	409000000	5
ta4B	409000000	410000000	5
ta4B	410000000	411000000	3
ta4B	411000000	412000000	3
ta4B	412000000	413000000	6
ta4B	413000000	414000000	4
ta4B	414000000	415000000	6
ta4B	415000000	416000000	4
ta4B	416000000	417000000	3
ta4B	417000000	418000000	3
ta4B	418000000	419000000	4
ta4B	419000000	420000000	7
ta4B	420000000	421000000	4
ta4B	421000000	422000000	0
ta4B	422000000	423000000	1
ta4B	423000000	424000000	8
ta4B	424000000	425000000	8
ta4B	425000000	426000000	8
ta4B	426000000	427000000	10
ta4B	427000000	428000000	6
ta4B	428000000	429000000	1
ta4B	429000000	430000000	9
ta4B	430000000	431000000	1
ta4B	431000000	432000000	4
ta4B	432000000	433000000	10
ta4B	433000000	434000000	9
ta4B	434000000	435000000	6
ta4B	435000000	436000000	5
ta4B	436000000	437000000	8
ta4B	437000000	438000000	5
ta4B	438000000	439000000	4
ta4B	439000000	440000000	2
ta4B	440000000	441000000	6
ta4B	441000000	442000000	1
ta4B	442000000	443000000	2
ta4B	443000000	444000000	6
ta4B	444000000	445000000	5
ta4B	445000000	446000000	4
ta4B	446000000	447000000	2
ta4B	447000000	448000000	4
ta4B	448000000	449000000	6
ta4B	449000000	450000000	15
ta4B	450000000	451000000	14
ta4B	451000000	452000000	3
ta4B	452000000	453000000	0
ta4B	453000000	454000000	6
ta4B	454000000	455000000	5
ta4B	455000000	456000000	6
ta4B	456000000	457000000	6
ta4B	457000000	458000000	9
ta4B	458000000	459000000	8
ta4B	459000000	460000000	11
ta4B	460000000	461000000	4
ta4B	461000000	462000000	2
ta4B	462000000	463000000	2
ta4B	463000000	464000000	2
ta4B	464000000	465000000	3
ta4B	465000000	466000000	4
ta4B	466000000	467000000	7
ta4B	467000000	468000000	6
ta4B	468000000	469000000	5
ta4B	469000000	470000000	4
ta4B	470000000	471000000	8
ta4B	471000000	472000000	11
ta4B	472000000	473000000	7
ta4B	473000000	474000000	6
ta4B	474000000	475000000	1
ta4B	475000000	476000000	10
ta4B	476000000	477000000	10
ta4B	477000000	478000000	5
ta4B	478000000	479000000	5
ta4B	479000000	480000000	5
ta4B	480000000	481000000	2
ta4B	481000000	482000000	4
ta4B	482000000	483000000	7
ta4B	483000000	484000000	2
ta4B	484000000	485000000	8
ta4B	485000000	486000000	5
ta4B	486000000	487000000	4
ta4B	487000000	488000000	5
ta4B	488000000	489000000	9
ta4B	489000000	490000000	10
ta4B	490000000	491000000	6
ta4B	491000000	492000000	6
ta4B	492000000	493000000	3
ta4B	493000000	494000000	6
ta4B	494000000	495000000	8
ta4B	495000000	496000000	3
ta4B	496000000	497000000	3
ta4B	497000000	498000000	7
ta4B	498000000	499000000	8
ta4B	499000000	500000000	9
ta4B	500000000	501000000	0
ta4B	501000000	502000000	4
ta4B	502000000	503000000	9
ta4B	503000000	504000000	7
ta4B	504000000	505000000	9
ta4B	505000000	506000000	10
ta4B	506000000	507000000	5
ta4B	507000000	508000000	3
ta4B	508000000	509000000	4
ta4B	509000000	510000000	2
ta4B	510000000	511000000	3
ta4B	511000000	512000000	6
ta4B	512000000	513000000	3
ta4B	513000000	514000000	3
ta4B	514000000	515000000	4
ta4B	515000000	516000000	4
ta4B	516000000	517000000	8
ta4B	517000000	518000000	6
ta4B	518000000	519000000	6
ta4B	519000000	520000000	4
ta4B	520000000	521000000	5
ta4B	521000000	522000000	1
ta4B	522000000	523000000	4
ta4B	523000000	524000000	3
ta4B	524000000	525000000	2
ta4B	525000000	526000000	6
ta4B	526000000	527000000	4
ta4B	527000000	528000000	5
ta4B	528000000	529000000	5
ta4B	529000000	530000000	7
ta4B	530000000	531000000	2
ta4B	531000000	532000000	0
ta4B	532000000	533000000	5
ta4B	533000000	534000000	4
ta4B	534000000	535000000	6
ta4B	535000000	536000000	9
ta4B	536000000	537000000	7
ta4B	537000000	538000000	13
ta4B	538000000	539000000	1
ta4B	539000000	540000000	8
ta4B	540000000	541000000	14
ta4B	541000000	542000000	9
ta4B	542000000	543000000	14
ta4B	543000000	544000000	6
ta4B	544000000	545000000	13
ta4B	545000000	546000000	1
ta4B	546000000	547000000	3
ta4B	547000000	548000000	5
ta4B	548000000	549000000	2
ta4B	549000000	550000000	8
ta4B	550000000	551000000	6
ta4B	551000000	552000000	4
ta4B	552000000	553000000	4
ta4B	553000000	554000000	6
ta4B	554000000	555000000	6
ta4B	555000000	556000000	2
ta4B	556000000	557000000	4
ta4B	557000000	558000000	3
ta4B	558000000	559000000	12
ta4B	559000000	560000000	3
ta4B	560000000	561000000	6
ta4B	561000000	562000000	6
ta4B	562000000	563000000	6
ta4B	563000000	564000000	3
ta4B	564000000	565000000	3
ta4B	565000000	566000000	6
ta4B	566000000	567000000	2
ta4B	567000000	568000000	5
ta4B	568000000	569000000	8
ta4B	569000000	570000000	1
ta4B	570000000	571000000	5
ta4B	571000000	572000000	4
ta4B	572000000	573000000	6
ta4B	573000000	574000000	3
ta4B	574000000	575000000	2
ta4B	575000000	576000000	6
ta4B	576000000	577000000	6
ta4B	577000000	578000000	4
ta4B	578000000	579000000	6
ta4B	579000000	580000000	3
ta4B	580000000	581000000	6
ta4B	581000000	582000000	0
ta4B	582000000	583000000	3
ta4B	583000000	584000000	6
ta4B	584000000	585000000	7
ta4B	585000000	586000000	1
ta4B	586000000	587000000	4
ta4B	587000000	588000000	13
ta4B	588000000	589000000	7
ta4B	589000000	590000000	9
ta4B	590000000	591000000	10
ta4B	591000000	592000000	6
ta4B	592000000	593000000	2
ta4B	593000000	594000000	15
ta4B	594000000	595000000	9
ta4B	595000000	596000000	5
ta4B	596000000	597000000	3
ta4B	597000000	598000000	3
ta4B	598000000	599000000	10
ta4B	599000000	600000000	9
ta4B	600000000	601000000	11
ta4B	601000000	602000000	6
ta4B	602000000	603000000	10
ta4B	603000000	604000000	12
ta4B	604000000	605000000	2
ta4B	605000000	606000000	13
ta4B	606000000	607000000	7
ta4B	607000000	608000000	9
ta4B	608000000	609000000	6
ta4B	609000000	610000000	9
ta4B	610000000	611000000	11
ta4B	611000000	612000000	9
ta4B	612000000	613000000	10
ta4B	613000000	614000000	6
ta4B	614000000	615000000	7
ta4B	615000000	616000000	4
ta4B	616000000	617000000	6
ta4B	617000000	618000000	5
ta4B	618000000	619000000	5
ta4B	619000000	620000000	8
ta4B	620000000	621000000	9
ta4B	621000000	622000000	2
ta4B	622000000	623000000	5
ta4B	623000000	624000000	14
ta4B	624000000	625000000	11
ta4B	625000000	626000000	13
ta4B	626000000	627000000	11
ta4B	627000000	628000000	9
ta4B	628000000	629000000	11
ta4B	629000000	630000000	6
ta4B	630000000	631000000	7
ta4B	631000000	632000000	9
ta4B	632000000	633000000	2
ta4B	633000000	634000000	14
ta4B	634000000	635000000	3
ta4B	635000000	636000000	4
ta4B	636000000	637000000	15
ta4B	637000000	638000000	9
ta4B	638000000	639000000	7
ta4B	639000000	640000000	7
ta4B	640000000	641000000	4
ta4B	641000000	642000000	14
ta4B	642000000	643000000	10
ta4B	643000000	644000000	11
ta4B	644000000	645000000	6
ta4B	645000000	646000000	17
ta4B	646000000	647000000	6
ta4B	647000000	648000000	9
ta4B	648000000	649000000	6
ta4B	649000000	650000000	11
ta4B	650000000	651000000	6
ta4B	651000000	652000000	6
ta4B	652000000	653000000	6
ta4B	653000000	654000000	8
ta4B	654000000	655000000	9
ta4B	655000000	656000000	8
ta4B	656000000	657000000	8
ta4B	657000000	658000000	11
ta4B	658000000	659000000	13
ta4B	659000000	660000000	3
ta4B	660000000	661000000	6
ta4B	661000000	662000000	10
ta4B	662000000	663000000	12
ta4B	663000000	664000000	14
ta4B	664000000	665000000	13
ta4B	665000000	666000000	16
ta4B	666000000	667000000	12
ta4B	667000000	668000000	13
ta4B	668000000	669000000	5
ta4B	669000000	670000000	9
ta4B	670000000	671000000	15
ta4B	671000000	672000000	15
ta4B	672000000	673000000	10
ta4B	673000000	674000000	7
ta4B	674000000	675000000	8
ta4B	675000000	676000000	22
ta4B	676000000	677000000	14
ta4B	677000000	678000000	19
ta4B	678000000	679000000	18
ta4B	679000000	680000000	6
ta4B	680000000	681000000	6
ta4B	681000000	682000000	16
ta4B	682000000	683000000	16
ta4B	683000000	684000000	9
ta4B	684000000	685000000	22
ta4B	685000000	686000000	24
ta4B	686000000	687000000	15
ta4B	687000000	688000000	4
ta4B	688000000	689000000	16
ta4B	689000000	690000000	16
ta4B	690000000	691000000	8
ta4B	691000000	692000000	10
ta4B	692000000	693000000	16
ta4B	693000000	694000000	11
ta4B	694000000	695000000	8
ta4B	695000000	696000000	9
ta4B	696000000	697000000	0
ta4B	697000000	698000000	3
ta4B	698000000	699000000	2
ta4B	699000000	700000000	12
ta4B	700000000	700926955	7
ta4D	0	1000000	14
ta4D	1000000	2000000	16
ta4D	2000000	3000000	7
ta4D	3000000	4000000	6
ta4D	4000000	5000000	34
ta4D	5000000	6000000	20
ta4D	6000000	7000000	17
ta4D	7000000	8000000	31
ta4D	8000000	9000000	28
ta4D	9000000	10000000	19
ta4D	10000000	11000000	28
ta4D	11000000	12000000	12
ta4D	12000000	13000000	26
ta4D	13000000	14000000	20
ta4D	14000000	15000000	24
ta4D	15000000	16000000	8
ta4D	16000000	17000000	19
ta4D	17000000	18000000	34
ta4D	18000000	19000000	18
ta4D	19000000	20000000	6
ta4D	20000000	21000000	5
ta4D	21000000	22000000	24
ta4D	22000000	23000000	12
ta4D	23000000	24000000	12
ta4D	24000000	25000000	7
ta4D	25000000	26000000	5
ta4D	26000000	27000000	2
ta4D	27000000	28000000	14
ta4D	28000000	29000000	14
ta4D	29000000	30000000	9
ta4D	30000000	31000000	8
ta4D	31000000	32000000	13
ta4D	32000000	33000000	24
ta4D	33000000	34000000	9
ta4D	34000000	35000000	14
ta4D	35000000	36000000	0
ta4D	36000000	37000000	14
ta4D	37000000	38000000	12
ta4D	38000000	39000000	18
ta4D	39000000	40000000	11
ta4D	40000000	41000000	9
ta4D	41000000	42000000	18
ta4D	42000000	43000000	22
ta4D	43000000	44000000	8
ta4D	44000000	45000000	6
ta4D	45000000	46000000	10
ta4D	46000000	47000000	12
ta4D	47000000	48000000	10
ta4D	48000000	49000000	9
ta4D	49000000	50000000	16
ta4D	50000000	51000000	11
ta4D	51000000	52000000	12
ta4D	52000000	53000000	17
ta4D	53000000	54000000	11
ta4D	54000000	55000000	12
ta4D	55000000	56000000	11
ta4D	56000000	57000000	13
ta4D	57000000	58000000	18
ta4D	58000000	59000000	4
ta4D	59000000	60000000	14
ta4D	60000000	61000000	13
ta4D	61000000	62000000	7
ta4D	62000000	63000000	5
ta4D	63000000	64000000	7
ta4D	64000000	65000000	10
ta4D	65000000	66000000	13
ta4D	66000000	67000000	9
ta4D	67000000	68000000	11
ta4D	68000000	69000000	10
ta4D	69000000	70000000	12
ta4D	70000000	71000000	9
ta4D	71000000	72000000	16
ta4D	72000000	73000000	11
ta4D	73000000	74000000	6
ta4D	74000000	75000000	6
ta4D	75000000	76000000	6
ta4D	76000000	77000000	14
ta4D	77000000	78000000	8
ta4D	78000000	79000000	7
ta4D	79000000	80000000	9
ta4D	80000000	81000000	4
ta4D	81000000	82000000	8
ta4D	82000000	83000000	3
ta4D	83000000	84000000	7
ta4D	84000000	85000000	17
ta4D	85000000	86000000	8
ta4D	86000000	87000000	13
ta4D	87000000	88000000	15
ta4D	88000000	89000000	4
ta4D	89000000	90000000	5
ta4D	90000000	91000000	13
ta4D	91000000	92000000	6
ta4D	92000000	93000000	3
ta4D	93000000	94000000	8
ta4D	94000000	95000000	5
ta4D	95000000	96000000	18
ta4D	96000000	97000000	7
ta4D	97000000	98000000	10
ta4D	98000000	99000000	8
ta4D	99000000	100000000	16
ta4D	100000000	101000000	14
ta4D	101000000	102000000	7
ta4D	102000000	103000000	11
ta4D	103000000	104000000	10
ta4D	104000000	105000000	9
ta4D	105000000	106000000	2
ta4D	106000000	107000000	1
ta4D	107000000	108000000	5
ta4D	108000000	109000000	4
ta4D	109000000	110000000	3
ta4D	110000000	111000000	10
ta4D	111000000	112000000	10
ta4D	112000000	113000000	6
ta4D	113000000	114000000	13
ta4D	114000000	115000000	5
ta4D	115000000	116000000	8
ta4D	116000000	117000000	5
ta4D	117000000	118000000	8
ta4D	118000000	119000000	8
ta4D	119000000	120000000	3
ta4D	120000000	121000000	12
ta4D	121000000	122000000	6
ta4D	122000000	123000000	8
ta4D	123000000	124000000	11
ta4D	124000000	125000000	18
ta4D	125000000	126000000	5
ta4D	126000000	127000000	5
ta4D	127000000	128000000	5
ta4D	128000000	129000000	2
ta4D	129000000	130000000	5
ta4D	130000000	131000000	3
ta4D	131000000	132000000	5
ta4D	132000000	133000000	8
ta4D	133000000	134000000	5
ta4D	134000000	135000000	5
ta4D	135000000	136000000	7
ta4D	136000000	137000000	9
ta4D	137000000	138000000	2
ta4D	138000000	139000000	2
ta4D	139000000	140000000	1
ta4D	140000000	141000000	8
ta4D	141000000	142000000	4
ta4D	142000000	143000000	0
ta4D	143000000	144000000	1
ta4D	144000000	145000000	2
ta4D	145000000	146000000	6
ta4D	146000000	147000000	2
ta4D	147000000	148000000	4
ta4D	148000000	149000000	1
ta4D	149000000	150000000	4
ta4D	150000000	151000000	4
ta4D	151000000	152000000	1
ta4D	152000000	153000000	3
ta4D	153000000	154000000	3
ta4D	154000000	155000000	2
ta4D	155000000	156000000	4
ta4D	156000000	157000000	1
ta4D	157000000	158000000	4
ta4D	158000000	159000000	2
ta4D	159000000	160000000	2
ta4D	160000000	161000000	3
ta4D	161000000	162000000	0
ta4D	162000000	163000000	2
ta4D	163000000	164000000	1
ta4D	164000000	165000000	0
ta4D	165000000	166000000	1
ta4D	166000000	167000000	2
ta4D	167000000	168000000	2
ta4D	168000000	169000000	2
ta4D	169000000	170000000	2
ta4D	170000000	171000000	2
ta4D	171000000	172000000	3
ta4D	172000000	173000000	3
ta4D	173000000	174000000	2
ta4D	174000000	175000000	2
ta4D	175000000	176000000	2
ta4D	176000000	177000000	1
ta4D	177000000	178000000	3
ta4D	178000000	179000000	1
ta4D	179000000	180000000	1
ta4D	180000000	181000000	6
ta4D	181000000	182000000	1
ta4D	182000000	183000000	5
ta4D	183000000	184000000	1
ta4D	184000000	185000000	2
ta4D	185000000	186000000	1
ta4D	186000000	187000000	2
ta4D	187000000	188000000	0
ta4D	188000000	189000000	1
ta4D	189000000	190000000	0
ta4D	190000000	191000000	2
ta4D	191000000	192000000	1
ta4D	192000000	193000000	0
ta4D	193000000	194000000	4
ta4D	194000000	195000000	2
ta4D	195000000	196000000	2
ta4D	196000000	197000000	1
ta4D	197000000	198000000	2
ta4D	198000000	199000000	0
ta4D	199000000	200000000	3
ta4D	200000000	201000000	3
ta4D	201000000	202000000	2
ta4D	202000000	203000000	2
ta4D	203000000	204000000	0
ta4D	204000000	205000000	0
ta4D	205000000	206000000	2
ta4D	206000000	207000000	3
ta4D	207000000	208000000	1
ta4D	208000000	209000000	0
ta4D	209000000	210000000	2
ta4D	210000000	211000000	0
ta4D	211000000	212000000	0
ta4D	212000000	213000000	2
ta4D	213000000	214000000	4
ta4D	214000000	215000000	4
ta4D	215000000	216000000	5
ta4D	216000000	217000000	3
ta4D	217000000	218000000	1
ta4D	218000000	219000000	7
ta4D	219000000	220000000	3
ta4D	220000000	221000000	2
ta4D	221000000	222000000	11
ta4D	222000000	223000000	4
ta4D	223000000	224000000	5
ta4D	224000000	225000000	2
ta4D	225000000	226000000	2
ta4D	226000000	227000000	2
ta4D	227000000	228000000	5
ta4D	228000000	229000000	4
ta4D	229000000	230000000	0
ta4D	230000000	231000000	2
ta4D	231000000	232000000	2
ta4D	232000000	233000000	5
ta4D	233000000	234000000	3
ta4D	234000000	235000000	3
ta4D	235000000	236000000	1
ta4D	236000000	237000000	1
ta4D	237000000	238000000	5
ta4D	238000000	239000000	1
ta4D	239000000	240000000	3
ta4D	240000000	241000000	2
ta4D	241000000	242000000	3
ta4D	242000000	243000000	2
ta4D	243000000	244000000	3
ta4D	244000000	245000000	0
ta4D	245000000	246000000	1
ta4D	246000000	247000000	1
ta4D	247000000	248000000	2
ta4D	248000000	249000000	3
ta4D	249000000	250000000	5
ta4D	250000000	251000000	1
ta4D	251000000	252000000	1
ta4D	252000000	253000000	1
ta4D	253000000	254000000	5
ta4D	254000000	255000000	1
ta4D	255000000	256000000	2
ta4D	256000000	257000000	2
ta4D	257000000	258000000	1
ta4D	258000000	259000000	0
ta4D	259000000	260000000	3
ta4D	260000000	261000000	0
ta4D	261000000	262000000	4
ta4D	262000000	263000000	2
ta4D	263000000	264000000	0
ta4D	264000000	265000000	3
ta4D	265000000	266000000	0
ta4D	266000000	267000000	4
ta4D	267000000	268000000	4
ta4D	268000000	269000000	7
ta4D	269000000	270000000	0
ta4D	270000000	271000000	0
ta4D	271000000	272000000	4
ta4D	272000000	273000000	4
ta4D	273000000	274000000	2
ta4D	274000000	275000000	3
ta4D	275000000	276000000	1
ta4D	276000000	277000000	1
ta4D	277000000	278000000	0
ta4D	278000000	279000000	5
ta4D	279000000	280000000	1
ta4D	280000000	281000000	2
ta4D	281000000	282000000	2
ta4D	282000000	283000000	0
ta4D	283000000	284000000	2
ta4D	284000000	285000000	2
ta4D	285000000	286000000	3
ta4D	286000000	287000000	2
ta4D	287000000	288000000	1
ta4D	288000000	289000000	3
ta4D	289000000	290000000	4
ta4D	290000000	291000000	0
ta4D	291000000	292000000	3
ta4D	292000000	293000000	5
ta4D	293000000	294000000	1
ta4D	294000000	295000000	2
ta4D	295000000	296000000	2
ta4D	296000000	297000000	2
ta4D	297000000	298000000	1
ta4D	298000000	299000000	0
ta4D	299000000	300000000	6
ta4D	300000000	301000000	5
ta4D	301000000	302000000	6
ta4D	302000000	303000000	9
ta4D	303000000	304000000	5
ta4D	304000000	305000000	7
ta4D	305000000	306000000	8
ta4D	306000000	307000000	5
ta4D	307000000	308000000	5
ta4D	308000000	309000000	11
ta4D	309000000	310000000	13
ta4D	310000000	311000000	5
ta4D	311000000	312000000	8
ta4D	312000000	313000000	7
ta4D	313000000	314000000	4
ta4D	314000000	315000000	7
ta4D	315000000	316000000	2
ta4D	316000000	317000000	8
ta4D	317000000	318000000	10
ta4D	318000000	319000000	2
ta4D	319000000	320000000	2
ta4D	320000000	321000000	7
ta4D	321000000	322000000	6
ta4D	322000000	323000000	5
ta4D	323000000	324000000	4
ta4D	324000000	325000000	9
ta4D	325000000	326000000	4
ta4D	326000000	327000000	6
ta4D	327000000	328000000	7
ta4D	328000000	329000000	0
ta4D	329000000	330000000	8
ta4D	330000000	331000000	12
ta4D	331000000	332000000	15
ta4D	332000000	333000000	7
ta4D	333000000	334000000	6
ta4D	334000000	335000000	5
ta4D	335000000	336000000	10
ta4D	336000000	337000000	9
ta4D	337000000	338000000	1
ta4D	338000000	339000000	1
ta4D	339000000	340000000	3
ta4D	340000000	341000000	6
ta4D	341000000	342000000	6
ta4D	342000000	343000000	13
ta4D	343000000	344000000	11
ta4D	344000000	345000000	14
ta4D	345000000	346000000	5
ta4D	346000000	347000000	6
ta4D	347000000	348000000	7
ta4D	348000000	349000000	7
ta4D	349000000	350000000	7
ta4D	350000000	351000000	3
ta4D	351000000	352000000	9
ta4D	352000000	353000000	5
ta4D	353000000	354000000	11
ta4D	354000000	355000000	4
ta4D	355000000	356000000	12
ta4D	356000000	357000000	12
ta4D	357000000	358000000	9
ta4D	358000000	359000000	5
ta4D	359000000	360000000	10
ta4D	360000000	361000000	6
ta4D	361000000	362000000	9
ta4D	362000000	363000000	7
ta4D	363000000	364000000	3
ta4D	364000000	365000000	5
ta4D	365000000	366000000	0
ta4D	366000000	367000000	6
ta4D	367000000	368000000	6
ta4D	368000000	369000000	13
ta4D	369000000	370000000	7
ta4D	370000000	371000000	4
ta4D	371000000	372000000	5
ta4D	372000000	373000000	6
ta4D	373000000	374000000	9
ta4D	374000000	375000000	6
ta4D	375000000	376000000	6
ta4D	376000000	377000000	10
ta4D	377000000	378000000	9
ta4D	378000000	379000000	6
ta4D	379000000	380000000	5
ta4D	380000000	381000000	6
ta4D	381000000	382000000	9
ta4D	382000000	383000000	12
ta4D	383000000	384000000	4
ta4D	384000000	385000000	0
ta4D	385000000	386000000	6
ta4D	386000000	387000000	12
ta4D	387000000	388000000	12
ta4D	388000000	389000000	11
ta4D	389000000	390000000	5
ta4D	390000000	391000000	1
ta4D	391000000	392000000	5
ta4D	392000000	393000000	6
ta4D	393000000	394000000	14
ta4D	394000000	395000000	11
ta4D	395000000	396000000	6
ta4D	396000000	397000000	11
ta4D	397000000	398000000	8
ta4D	398000000	399000000	8
ta4D	399000000	400000000	4
ta4D	400000000	401000000	7
ta4D	401000000	402000000	0
ta4D	402000000	403000000	6
ta4D	403000000	404000000	14
ta4D	404000000	405000000	7
ta4D	405000000	406000000	7
ta4D	406000000	407000000	4
ta4D	407000000	408000000	6
ta4D	408000000	409000000	9
ta4D	409000000	410000000	8
ta4D	410000000	411000000	11
ta4D	411000000	412000000	8
ta4D	412000000	413000000	10
ta4D	413000000	414000000	7
ta4D	414000000	415000000	9
ta4D	415000000	416000000	3
ta4D	416000000	417000000	0
ta4D	417000000	418000000	1
ta4D	418000000	419000000	1
ta4D	419000000	420000000	8
ta4D	420000000	421000000	5
ta4D	421000000	422000000	2
ta4D	422000000	423000000	0
ta4D	423000000	424000000	2
ta4D	424000000	425000000	0
ta4D	425000000	426000000	0
ta4D	426000000	427000000	6
ta4D	427000000	428000000	9
ta4D	428000000	429000000	12
ta4D	429000000	430000000	7
ta4D	430000000	431000000	14
ta4D	431000000	432000000	14
ta4D	432000000	433000000	6
ta4D	433000000	434000000	10
ta4D	434000000	435000000	9
ta4D	435000000	436000000	11
ta4D	436000000	437000000	9
ta4D	437000000	438000000	7
ta4D	438000000	439000000	11
ta4D	439000000	440000000	5
ta4D	440000000	441000000	14
ta4D	441000000	442000000	5
ta4D	442000000	443000000	4
ta4D	443000000	444000000	6
ta4D	444000000	445000000	2
ta4D	445000000	446000000	11
ta4D	446000000	447000000	11
ta4D	447000000	448000000	17
ta4D	448000000	449000000	9
ta4D	449000000	450000000	6
ta4D	450000000	451000000	14
ta4D	451000000	452000000	2
ta4D	452000000	453000000	13
ta4D	453000000	454000000	7
ta4D	454000000	455000000	17
ta4D	455000000	456000000	16
ta4D	456000000	457000000	11
ta4D	457000000	458000000	11
ta4D	458000000	459000000	11
ta4D	459000000	460000000	10
ta4D	460000000	461000000	7
ta4D	461000000	462000000	5
ta4D	462000000	463000000	9
ta4D	463000000	464000000	17
ta4D	464000000	465000000	12
ta4D	465000000	466000000	7
ta4D	466000000	467000000	11
ta4D	467000000	468000000	1
ta4D	468000000	469000000	27
ta4D	469000000	470000000	10
ta4D	470000000	471000000	3
ta4D	471000000	472000000	2
ta4D	472000000	473000000	14
ta4D	473000000	474000000	14
ta4D	474000000	475000000	12
ta4D	475000000	476000000	11
ta4D	476000000	477000000	11
ta4D	477000000	478000000	15
ta4D	478000000	479000000	23
ta4D	479000000	480000000	9
ta4D	480000000	481000000	12
ta4D	481000000	482000000	21
ta4D	482000000	483000000	16
ta4D	483000000	484000000	8
ta4D	484000000	485000000	6
ta4D	485000000	486000000	16
ta4D	486000000	487000000	8
ta4D	487000000	488000000	11
ta4D	488000000	489000000	9
ta4D	489000000	490000000	7
ta4D	490000000	491000000	34
ta4D	491000000	492000000	13
ta4D	492000000	493000000	16
ta4D	493000000	494000000	9
ta4D	494000000	495000000	14
ta4D	495000000	496000000	12
ta4D	496000000	497000000	24
ta4D	497000000	498000000	31
ta4D	498000000	499000000	15
ta4D	499000000	500000000	22
ta4D	500000000	501000000	11
ta4D	501000000	502000000	16
ta4D	502000000	503000000	15
ta4D	503000000	504000000	18
ta4D	504000000	505000000	14
ta4D	505000000	506000000	2
ta4D	506000000	507000000	13
ta4D	507000000	508000000	14
ta4D	508000000	509000000	7
ta4D	509000000	510000000	7
ta4D	510000000	511000000	25
ta4D	511000000	512000000	15
ta4D	512000000	513000000	31
ta4D	513000000	514000000	28
ta4D	514000000	515000000	9
ta4D	515000000	516000000	12
ta4D	516000000	517000000	25
ta4D	517000000	518000000	27
ta4D	518000000	519000000	17
ta4D	519000000	520000000	21
ta4D	520000000	521000000	9
ta4D	521000000	522000000	20
ta4D	522000000	523000000	14
ta4D	523000000	524000000	19
ta4D	524000000	525000000	26
ta4D	525000000	526000000	10
ta4D	526000000	527000000	24
ta4D	527000000	528000000	28
ta4D	528000000	529000000	21
ta4D	529000000	530000000	53
ta4D	530000000	531000000	13
ta4D	531000000	532000000	36
ta4D	532000000	532397985	3
ta5A	0	1000000	14
ta5A	1000000	2000000	0
ta5A	2000000	3000000	1
ta5A	3000000	4000000	13
ta5A	4000000	5000000	10
ta5A	5000000	6000000	26
ta5A	6000000	7000000	19
ta5A	7000000	8000000	5
ta5A	8000000	9000000	8
ta5A	9000000	10000000	19
ta5A	10000000	11000000	12
ta5A	11000000	12000000	8
ta5A	12000000	13000000	9
ta5A	13000000	14000000	9
ta5A	14000000	15000000	9
ta5A	15000000	16000000	8
ta5A	16000000	17000000	9
ta5A	17000000	18000000	7
ta5A	18000000	19000000	10
ta5A	19000000	20000000	2
ta5A	20000000	21000000	8
ta5A	21000000	22000000	8
ta5A	22000000	23000000	20
ta5A	23000000	24000000	6
ta5A	24000000	25000000	8
ta5A	25000000	26000000	6
ta5A	26000000	27000000	7
ta5A	27000000	28000000	5
ta5A	28000000	29000000	6
ta5A	29000000	30000000	6
ta5A	30000000	31000000	10
ta5A	31000000	32000000	2
ta5A	32000000	33000000	4
ta5A	33000000	34000000	15
ta5A	34000000	35000000	18
ta5A	35000000	36000000	7
ta5A	36000000	37000000	10
ta5A	37000000	38000000	11
ta5A	38000000	39000000	6
ta5A	39000000	40000000	10
ta5A	40000000	41000000	24
ta5A	41000000	42000000	7
ta5A	42000000	43000000	7
ta5A	43000000	44000000	9
ta5A	44000000	45000000	8
ta5A	45000000	46000000	20
ta5A	46000000	47000000	12
ta5A	47000000	48000000	7
ta5A	48000000	49000000	5
ta5A	49000000	50000000	11
ta5A	50000000	51000000	10
ta5A	51000000	52000000	10
ta5A	52000000	53000000	11
ta5A	53000000	54000000	7
ta5A	54000000	55000000	4
ta5A	55000000	56000000	4
ta5A	56000000	57000000	17
ta5A	57000000	58000000	10
ta5A	58000000	59000000	1
ta5A	59000000	60000000	13
ta5A	60000000	61000000	3
ta5A	61000000	62000000	5
ta5A	62000000	63000000	1
ta5A	63000000	64000000	3
ta5A	64000000	65000000	12
ta5A	65000000	66000000	2
ta5A	66000000	67000000	1
ta5A	67000000	68000000	2
ta5A	68000000	69000000	5
ta5A	69000000	70000000	7
ta5A	70000000	71000000	1
ta5A	71000000	72000000	10
ta5A	72000000	73000000	1
ta5A	73000000	74000000	15
ta5A	74000000	75000000	10
ta5A	75000000	76000000	6
ta5A	76000000	77000000	4
ta5A	77000000	78000000	0
ta5A	78000000	79000000	9
ta5A	79000000	80000000	8
ta5A	80000000	81000000	3
ta5A	81000000	82000000	10
ta5A	82000000	83000000	10
ta5A	83000000	84000000	8
ta5A	84000000	85000000	4
ta5A	85000000	86000000	3
ta5A	86000000	87000000	1
ta5A	87000000	88000000	3
ta5A	88000000	89000000	4
ta5A	89000000	90000000	7
ta5A	90000000	91000000	5
ta5A	91000000	92000000	5
ta5A	92000000	93000000	4
ta5A	93000000	94000000	6
ta5A	94000000	95000000	3
ta5A	95000000	96000000	4
ta5A	96000000	97000000	7
ta5A	97000000	98000000	1
ta5A	98000000	99000000	4
ta5A	99000000	100000000	10
ta5A	100000000	101000000	2
ta5A	101000000	102000000	5
ta5A	102000000	103000000	4
ta5A	103000000	104000000	8
ta5A	104000000	105000000	2
ta5A	105000000	106000000	3
ta5A	106000000	107000000	1
ta5A	107000000	108000000	3
ta5A	108000000	109000000	7
ta5A	109000000	110000000	3
ta5A	110000000	111000000	8
ta5A	111000000	112000000	5
ta5A	112000000	113000000	3
ta5A	113000000	114000000	8
ta5A	114000000	115000000	7
ta5A	115000000	116000000	5
ta5A	116000000	117000000	3
ta5A	117000000	118000000	4
ta5A	118000000	119000000	4
ta5A	119000000	120000000	8
ta5A	120000000	121000000	8
ta5A	121000000	122000000	3
ta5A	122000000	123000000	8
ta5A	123000000	124000000	11
ta5A	124000000	125000000	2
ta5A	125000000	126000000	6
ta5A	126000000	127000000	4
ta5A	127000000	128000000	3
ta5A	128000000	129000000	1
ta5A	129000000	130000000	3
ta5A	130000000	131000000	8
ta5A	131000000	132000000	4
ta5A	132000000	133000000	3
ta5A	133000000	134000000	8
ta5A	134000000	135000000	7
ta5A	135000000	136000000	5
ta5A	136000000	137000000	2
ta5A	137000000	138000000	4
ta5A	138000000	139000000	3
ta5A	139000000	140000000	2
ta5A	140000000	141000000	4
ta5A	141000000	142000000	4
ta5A	142000000	143000000	3
ta5A	143000000	144000000	9
ta5A	144000000	145000000	4
ta5A	145000000	146000000	3
ta5A	146000000	147000000	3
ta5A	147000000	148000000	4
ta5A	148000000	149000000	2
ta5A	149000000	150000000	3
ta5A	150000000	151000000	2
ta5A	151000000	152000000	4
ta5A	152000000	153000000	0
ta5A	153000000	154000000	0
ta5A	154000000	155000000	4
ta5A	155000000	156000000	2
ta5A	156000000	157000000	1
ta5A	157000000	158000000	0
ta5A	158000000	159000000	1
ta5A	159000000	160000000	4
ta5A	160000000	161000000	1
ta5A	161000000	162000000	1
ta5A	162000000	163000000	5
ta5A	163000000	164000000	0
ta5A	164000000	165000000	2
ta5A	165000000	166000000	2
ta5A	166000000	167000000	0
ta5A	167000000	168000000	5
ta5A	168000000	169000000	0
ta5A	169000000	170000000	2
ta5A	170000000	171000000	2
ta5A	171000000	172000000	1
ta5A	172000000	173000000	9
ta5A	173000000	174000000	9
ta5A	174000000	175000000	2
ta5A	175000000	176000000	0
ta5A	176000000	177000000	2
ta5A	177000000	178000000	0
ta5A	178000000	179000000	2
ta5A	179000000	180000000	2
ta5A	180000000	181000000	1
ta5A	181000000	182000000	2
ta5A	182000000	183000000	2
ta5A	183000000	184000000	0
ta5A	184000000	185000000	3
ta5A	185000000	186000000	2
ta5A	186000000	187000000	0
ta5A	187000000	188000000	2
ta5A	188000000	189000000	1
ta5A	189000000	190000000	0
ta5A	190000000	191000000	0
ta5A	191000000	192000000	0
ta5A	192000000	193000000	2
ta5A	193000000	194000000	1
ta5A	194000000	195000000	2
ta5A	195000000	196000000	1
ta5A	196000000	197000000	1
ta5A	197000000	198000000	2
ta5A	198000000	199000000	1
ta5A	199000000	200000000	1
ta5A	200000000	201000000	1
ta5A	201000000	202000000	6
ta5A	202000000	203000000	1
ta5A	203000000	204000000	1
ta5A	204000000	205000000	1
ta5A	205000000	206000000	0
ta5A	206000000	207000000	0
ta5A	207000000	208000000	2
ta5A	208000000	209000000	5
ta5A	209000000	210000000	0
ta5A	210000000	211000000	1
ta5A	211000000	212000000	2
ta5A	212000000	213000000	2
ta5A	213000000	214000000	1
ta5A	214000000	215000000	2
ta5A	215000000	216000000	2
ta5A	216000000	217000000	1
ta5A	217000000	218000000	1
ta5A	218000000	219000000	4
ta5A	219000000	220000000	1
ta5A	220000000	221000000	2
ta5A	221000000	222000000	0
ta5A	222000000	223000000	3
ta5A	223000000	224000000	3
ta5A	224000000	225000000	2
ta5A	225000000	226000000	1
ta5A	226000000	227000000	2
ta5A	227000000	228000000	0
ta5A	228000000	229000000	5
ta5A	229000000	230000000	5
ta5A	230000000	231000000	0
ta5A	231000000	232000000	2
ta5A	232000000	233000000	3
ta5A	233000000	234000000	5
ta5A	234000000	235000000	7
ta5A	235000000	236000000	1
ta5A	236000000	237000000	2
ta5A	237000000	238000000	1
ta5A	238000000	239000000	3
ta5A	239000000	240000000	1
ta5A	240000000	241000000	0
ta5A	241000000	242000000	4
ta5A	242000000	243000000	2
ta5A	243000000	244000000	4
ta5A	244000000	245000000	0
ta5A	245000000	246000000	1
ta5A	246000000	247000000	2
ta5A	247000000	248000000	1
ta5A	248000000	249000000	0
ta5A	249000000	250000000	2
ta5A	250000000	251000000	1
ta5A	251000000	252000000	3
ta5A	252000000	253000000	2
ta5A	253000000	254000000	0
ta5A	254000000	255000000	0
ta5A	255000000	256000000	2
ta5A	256000000	257000000	0
ta5A	257000000	258000000	1
ta5A	258000000	259000000	0
ta5A	259000000	260000000	4
ta5A	260000000	261000000	0
ta5A	261000000	262000000	0
ta5A	262000000	263000000	0
ta5A	263000000	264000000	2
ta5A	264000000	265000000	1
ta5A	265000000	266000000	2
ta5A	266000000	267000000	3
ta5A	267000000	268000000	2
ta5A	268000000	269000000	0
ta5A	269000000	270000000	3
ta5A	270000000	271000000	3
ta5A	271000000	272000000	2
ta5A	272000000	273000000	4
ta5A	273000000	274000000	0
ta5A	274000000	275000000	2
ta5A	275000000	276000000	5
ta5A	276000000	277000000	3
ta5A	277000000	278000000	5
ta5A	278000000	279000000	3
ta5A	279000000	280000000	2
ta5A	280000000	281000000	2
ta5A	281000000	282000000	2
ta5A	282000000	283000000	4
ta5A	283000000	284000000	2
ta5A	284000000	285000000	3
ta5A	285000000	286000000	1
ta5A	286000000	287000000	4
ta5A	287000000	288000000	3
ta5A	288000000	289000000	1
ta5A	289000000	290000000	1
ta5A	290000000	291000000	6
ta5A	291000000	292000000	3
ta5A	292000000	293000000	2
ta5A	293000000	294000000	2
ta5A	294000000	295000000	2
ta5A	295000000	296000000	3
ta5A	296000000	297000000	2
ta5A	297000000	298000000	5
ta5A	298000000	299000000	7
ta5A	299000000	300000000	3
ta5A	300000000	301000000	2
ta5A	301000000	302000000	6
ta5A	302000000	303000000	3
ta5A	303000000	304000000	2
ta5A	304000000	305000000	2
ta5A	305000000	306000000	6
ta5A	306000000	307000000	6
ta5A	307000000	308000000	1
ta5A	308000000	309000000	2
ta5A	309000000	310000000	3
ta5A	310000000	311000000	3
ta5A	311000000	312000000	2
ta5A	312000000	313000000	3
ta5A	313000000	314000000	7
ta5A	314000000	315000000	3
ta5A	315000000	316000000	9
ta5A	316000000	317000000	5
ta5A	317000000	318000000	8
ta5A	318000000	319000000	7
ta5A	319000000	320000000	9
ta5A	320000000	321000000	6
ta5A	321000000	322000000	2
ta5A	322000000	323000000	6
ta5A	323000000	324000000	3
ta5A	324000000	325000000	2
ta5A	325000000	326000000	3
ta5A	326000000	327000000	3
ta5A	327000000	328000000	11
ta5A	328000000	329000000	10
ta5A	329000000	330000000	5
ta5A	330000000	331000000	1
ta5A	331000000	332000000	4
ta5A	332000000	333000000	11
ta5A	333000000	334000000	8
ta5A	334000000	335000000	11
ta5A	335000000	336000000	15
ta5A	336000000	337000000	8
ta5A	337000000	338000000	5
ta5A	338000000	339000000	10
ta5A	339000000	340000000	4
ta5A	340000000	341000000	10
ta5A	341000000	342000000	4
ta5A	342000000	343000000	7
ta5A	343000000	344000000	2
ta5A	344000000	345000000	7
ta5A	345000000	346000000	9
ta5A	346000000	347000000	3
ta5A	347000000	348000000	2
ta5A	348000000	349000000	8
ta5A	349000000	350000000	4
ta5A	350000000	351000000	3
ta5A	351000000	352000000	5
ta5A	352000000	353000000	6
ta5A	353000000	354000000	2
ta5A	354000000	355000000	2
ta5A	355000000	356000000	3
ta5A	356000000	357000000	3
ta5A	357000000	358000000	3
ta5A	358000000	359000000	1
ta5A	359000000	360000000	8
ta5A	360000000	361000000	6
ta5A	361000000	362000000	6
ta5A	362000000	363000000	6
ta5A	363000000	364000000	6
ta5A	364000000	365000000	3
ta5A	365000000	366000000	2
ta5A	366000000	367000000	4
ta5A	367000000	368000000	0
ta5A	368000000	369000000	8
ta5A	369000000	370000000	3
ta5A	370000000	371000000	8
ta5A	371000000	372000000	9
ta5A	372000000	373000000	9
ta5A	373000000	374000000	8
ta5A	374000000	375000000	8
ta5A	375000000	376000000	4
ta5A	376000000	377000000	5
ta5A	377000000	378000000	4
ta5A	378000000	379000000	1
ta5A	379000000	380000000	2
ta5A	380000000	381000000	1
ta5A	381000000	382000000	11
ta5A	382000000	383000000	6
ta5A	383000000	384000000	9
ta5A	384000000	385000000	5
ta5A	385000000	386000000	10
ta5A	386000000	387000000	6
ta5A	387000000	388000000	3
ta5A	388000000	389000000	14
ta5A	389000000	390000000	9
ta5A	390000000	391000000	9
ta5A	391000000	392000000	6
ta5A	392000000	393000000	6
ta5A	393000000	394000000	4
ta5A	394000000	395000000	7
ta5A	395000000	396000000	4
ta5A	396000000	397000000	8
ta5A	397000000	398000000	6
ta5A	398000000	399000000	10
ta5A	399000000	400000000	9
ta5A	400000000	401000000	9
ta5A	401000000	402000000	16
ta5A	402000000	403000000	7
ta5A	403000000	404000000	4
ta5A	404000000	405000000	4
ta5A	405000000	406000000	4
ta5A	406000000	407000000	6
ta5A	407000000	408000000	11
ta5A	408000000	409000000	9
ta5A	409000000	410000000	7
ta5A	410000000	411000000	10
ta5A	411000000	412000000	2
ta5A	412000000	413000000	7
ta5A	413000000	414000000	5
ta5A	414000000	415000000	6
ta5A	415000000	416000000	1
ta5A	416000000	417000000	4
ta5A	417000000	418000000	2
ta5A	418000000	419000000	5
ta5A	419000000	420000000	11
ta5A	420000000	421000000	9
ta5A	421000000	422000000	6
ta5A	422000000	423000000	5
ta5A	423000000	424000000	8
ta5A	424000000	425000000	1
ta5A	425000000	426000000	6
ta5A	426000000	427000000	2
ta5A	427000000	428000000	3
ta5A	428000000	429000000	8
ta5A	429000000	430000000	8
ta5A	430000000	431000000	7
ta5A	431000000	432000000	11
ta5A	432000000	433000000	6
ta5A	433000000	434000000	11
ta5A	434000000	435000000	13
ta5A	435000000	436000000	1
ta5A	436000000	437000000	3
ta5A	437000000	438000000	1
ta5A	438000000	439000000	6
ta5A	439000000	440000000	9
ta5A	440000000	441000000	1
ta5A	441000000	442000000	3
ta5A	442000000	443000000	21
ta5A	443000000	444000000	15
ta5A	444000000	445000000	13
ta5A	445000000	446000000	13
ta5A	446000000	447000000	3
ta5A	447000000	448000000	8
ta5A	448000000	449000000	11
ta5A	449000000	450000000	3
ta5A	450000000	451000000	13
ta5A	451000000	452000000	12
ta5A	452000000	453000000	6
ta5A	453000000	454000000	9
ta5A	454000000	455000000	7
ta5A	455000000	456000000	3
ta5A	456000000	457000000	10
ta5A	457000000	458000000	14
ta5A	458000000	459000000	9
ta5A	459000000	460000000	5
ta5A	460000000	461000000	9
ta5A	461000000	462000000	13
ta5A	462000000	463000000	6
ta5A	463000000	464000000	11
ta5A	464000000	465000000	24
ta5A	465000000	466000000	15
ta5A	466000000	467000000	4
ta5A	467000000	468000000	5
ta5A	468000000	469000000	19
ta5A	469000000	470000000	4
ta5A	470000000	471000000	5
ta5A	471000000	472000000	3
ta5A	472000000	473000000	8
ta5A	473000000	474000000	4
ta5A	474000000	475000000	2
ta5A	475000000	476000000	11
ta5A	476000000	477000000	12
ta5A	477000000	478000000	11
ta5A	478000000	479000000	14
ta5A	479000000	480000000	20
ta5A	480000000	481000000	14
ta5A	481000000	482000000	11
ta5A	482000000	483000000	12
ta5A	483000000	484000000	18
ta5A	484000000	485000000	14
ta5A	485000000	486000000	14
ta5A	486000000	487000000	13
ta5A	487000000	488000000	10
ta5A	488000000	489000000	17
ta5A	489000000	490000000	12
ta5A	490000000	491000000	5
ta5A	491000000	492000000	10
ta5A	492000000	493000000	6
ta5A	493000000	494000000	7
ta5A	494000000	495000000	15
ta5A	495000000	496000000	4
ta5A	496000000	497000000	14
ta5A	497000000	498000000	17
ta5A	498000000	499000000	11
ta5A	499000000	500000000	14
ta5A	500000000	501000000	12
ta5A	501000000	502000000	7
ta5A	502000000	503000000	18
ta5A	503000000	504000000	5
ta5A	504000000	505000000	2
ta5A	505000000	506000000	1
ta5A	506000000	507000000	2
ta5A	507000000	508000000	3
ta5A	508000000	509000000	14
ta5A	509000000	510000000	22
ta5A	510000000	511000000	19
ta5A	511000000	512000000	14
ta5A	512000000	513000000	12
ta5A	513000000	514000000	1
ta5A	514000000	515000000	1
ta5A	515000000	516000000	0
ta5A	516000000	517000000	0
ta5A	517000000	518000000	12
ta5A	518000000	519000000	7
ta5A	519000000	520000000	10
ta5A	520000000	521000000	7
ta5A	521000000	522000000	13
ta5A	522000000	523000000	18
ta5A	523000000	524000000	3
ta5A	524000000	525000000	2
ta5A	525000000	526000000	2
ta5A	526000000	527000000	0
ta5A	527000000	528000000	0
ta5A	528000000	529000000	7
ta5A	529000000	530000000	12
ta5A	530000000	531000000	15
ta5A	531000000	532000000	11
ta5A	532000000	533000000	10
ta5A	533000000	534000000	16
ta5A	534000000	535000000	4
ta5A	535000000	536000000	7
ta5A	536000000	537000000	6
ta5A	537000000	538000000	15
ta5A	538000000	539000000	6
ta5A	539000000	540000000	3
ta5A	540000000	541000000	3
ta5A	541000000	542000000	6
ta5A	542000000	543000000	12
ta5A	543000000	544000000	10
ta5A	544000000	545000000	20
ta5A	545000000	546000000	23
ta5A	546000000	547000000	10
ta5A	547000000	548000000	9
ta5A	548000000	549000000	8
ta5A	549000000	550000000	14
ta5A	550000000	551000000	4
ta5A	551000000	552000000	0
ta5A	552000000	553000000	8
ta5A	553000000	554000000	15
ta5A	554000000	555000000	14
ta5A	555000000	556000000	22
ta5A	556000000	557000000	23
ta5A	557000000	558000000	25
ta5A	558000000	559000000	9
ta5A	559000000	560000000	9
ta5A	560000000	561000000	6
ta5A	561000000	562000000	21
ta5A	562000000	563000000	12
ta5A	563000000	564000000	7
ta5A	564000000	565000000	12
ta5A	565000000	566000000	5
ta5A	566000000	567000000	13
ta5A	567000000	568000000	13
ta5A	568000000	569000000	10
ta5A	569000000	570000000	6
ta5A	570000000	571000000	17
ta5A	571000000	572000000	10
ta5A	572000000	573000000	13
ta5A	573000000	574000000	11
ta5A	574000000	575000000	10
ta5A	575000000	576000000	11
ta5A	576000000	577000000	4
ta5A	577000000	578000000	11
ta5A	578000000	579000000	7
ta5A	579000000	580000000	24
ta5A	580000000	581000000	14
ta5A	581000000	582000000	7
ta5A	582000000	583000000	14
ta5A	583000000	584000000	18
ta5A	584000000	585000000	9
ta5A	585000000	586000000	17
ta5A	586000000	587000000	6
ta5A	587000000	588000000	12
ta5A	588000000	589000000	10
ta5A	589000000	590000000	8
ta5A	590000000	591000000	10
ta5A	591000000	592000000	10
ta5A	592000000	593000000	6
ta5A	593000000	594000000	14
ta5A	594000000	595000000	26
ta5A	595000000	596000000	7
ta5A	596000000	597000000	5
ta5A	597000000	598000000	5
ta5A	598000000	599000000	19
ta5A	599000000	600000000	13
ta5A	600000000	601000000	19
ta5A	601000000	602000000	14
ta5A	602000000	603000000	19
ta5A	603000000	604000000	7
ta5A	604000000	605000000	11
ta5A	605000000	606000000	18
ta5A	606000000	607000000	6
ta5A	607000000	608000000	20
ta5A	608000000	609000000	19
ta5A	609000000	610000000	18
ta5A	610000000	611000000	9
ta5A	611000000	612000000	11
ta5A	612000000	613000000	6
ta5A	613000000	614000000	4
ta5A	614000000	615000000	13
ta5A	615000000	616000000	17
ta5A	616000000	617000000	8
ta5A	617000000	618000000	10
ta5A	618000000	619000000	14
ta5A	619000000	620000000	7
ta5A	620000000	621000000	15
ta5A	621000000	622000000	7
ta5A	622000000	623000000	16
ta5A	623000000	624000000	5
ta5A	624000000	625000000	8
ta5A	625000000	626000000	9
ta5A	626000000	627000000	18
ta5A	627000000	628000000	5
ta5A	628000000	629000000	13
ta5A	629000000	630000000	10
ta5A	630000000	631000000	14
ta5A	631000000	632000000	21
ta5A	632000000	633000000	14
ta5A	633000000	634000000	11
ta5A	634000000	635000000	5
ta5A	635000000	636000000	14
ta5A	636000000	637000000	7
ta5A	637000000	638000000	1
ta5A	638000000	639000000	7
ta5A	639000000	640000000	0
ta5A	640000000	641000000	19
ta5A	641000000	642000000	11
ta5A	642000000	643000000	13
ta5A	643000000	644000000	9
ta5A	644000000	645000000	17
ta5A	645000000	646000000	13
ta5A	646000000	647000000	7
ta5A	647000000	648000000	7
ta5A	648000000	649000000	9
ta5A	649000000	650000000	12
ta5A	650000000	651000000	11
ta5A	651000000	652000000	6
ta5A	652000000	653000000	21
ta5A	653000000	654000000	16
ta5A	654000000	655000000	17
ta5A	655000000	656000000	13
ta5A	656000000	657000000	12
ta5A	657000000	658000000	6
ta5A	658000000	659000000	18
ta5A	659000000	660000000	22
ta5A	660000000	661000000	21
ta5A	661000000	662000000	7
ta5A	662000000	663000000	18
ta5A	663000000	664000000	17
ta5A	664000000	665000000	6
ta5A	665000000	666000000	9
ta5A	666000000	667000000	23
ta5A	667000000	668000000	8
ta5A	668000000	669000000	18
ta5A	669000000	670000000	7
ta5A	670000000	671000000	6
ta5A	671000000	672000000	11
ta5A	672000000	673000000	24
ta5A	673000000	674000000	11
ta5A	674000000	675000000	14
ta5A	675000000	676000000	17
ta5A	676000000	677000000	12
ta5A	677000000	678000000	4
ta5A	678000000	679000000	11
ta5A	679000000	680000000	14
ta5A	680000000	681000000	19
ta5A	681000000	682000000	6
ta5A	682000000	683000000	19
ta5A	683000000	684000000	6
ta5A	684000000	685000000	9
ta5A	685000000	686000000	6
ta5A	686000000	687000000	11
ta5A	687000000	688000000	12
ta5A	688000000	689000000	13
ta5A	689000000	690000000	29
ta5A	690000000	691000000	9
ta5A	691000000	692000000	7
ta5A	692000000	693000000	4
ta5A	693000000	694000000	10
ta5A	694000000	695000000	15
ta5A	695000000	696000000	2
ta5A	696000000	697000000	14
ta5A	697000000	698000000	26
ta5A	698000000	699000000	13
ta5A	699000000	700000000	18
ta5A	700000000	701000000	16
ta5A	701000000	702000000	13
ta5A	702000000	703000000	11
ta5A	703000000	704000000	12
ta5A	704000000	705000000	4
ta5A	705000000	706000000	2
ta5A	706000000	707000000	17
ta5A	707000000	708000000	13
ta5A	708000000	709000000	27
ta5A	709000000	710000000	11
ta5A	710000000	711000000	9
ta5A	711000000	712000000	14
ta5A	712000000	713000000	9
ta5A	713000000	714000000	13
ta5A	714000000	715000000	13
ta5A	715000000	716000000	15
ta5A	716000000	717000000	14
ta5A	717000000	718000000	15
ta5A	718000000	719000000	11
ta5A	719000000	720000000	10
ta5A	720000000	721000000	4
ta5A	721000000	721609341	4
ta5B	0	1000000	17
ta5B	1000000	2000000	4
ta5B	2000000	3000000	1
ta5B	3000000	4000000	22
ta5B	4000000	5000000	3
ta5B	5000000	6000000	5
ta5B	6000000	7000000	4
ta5B	7000000	8000000	2
ta5B	8000000	9000000	2
ta5B	9000000	10000000	10
ta5B	10000000	11000000	6
ta5B	11000000	12000000	9
ta5B	12000000	13000000	9
ta5B	13000000	14000000	11
ta5B	14000000	15000000	18
ta5B	15000000	16000000	9
ta5B	16000000	17000000	7
ta5B	17000000	18000000	3
ta5B	18000000	19000000	18
ta5B	19000000	20000000	4
ta5B	20000000	21000000	16
ta5B	21000000	22000000	5
ta5B	22000000	23000000	3
ta5B	23000000	24000000	9
ta5B	24000000	25000000	4
ta5B	25000000	26000000	12
ta5B	26000000	27000000	10
ta5B	27000000	28000000	10
ta5B	28000000	29000000	6
ta5B	29000000	30000000	7
ta5B	30000000	31000000	7
ta5B	31000000	32000000	5
ta5B	32000000	33000000	10
ta5B	33000000	34000000	10
ta5B	34000000	35000000	11
ta5B	35000000	36000000	0
ta5B	36000000	37000000	1
ta5B	37000000	38000000	0
ta5B	38000000	39000000	5
ta5B	39000000	40000000	0
ta5B	40000000	41000000	2
ta5B	41000000	42000000	7
ta5B	42000000	43000000	10
ta5B	43000000	44000000	7
ta5B	44000000	45000000	15
ta5B	45000000	46000000	8
ta5B	46000000	47000000	12
ta5B	47000000	48000000	12
ta5B	48000000	49000000	3
ta5B	49000000	50000000	4
ta5B	50000000	51000000	11
ta5B	51000000	52000000	15
ta5B	52000000	53000000	7
ta5B	53000000	54000000	6
ta5B	54000000	55000000	7
ta5B	55000000	56000000	4
ta5B	56000000	57000000	7
ta5B	57000000	58000000	9
ta5B	58000000	59000000	11
ta5B	59000000	60000000	4
ta5B	60000000	61000000	6
ta5B	61000000	62000000	18
ta5B	62000000	63000000	6
ta5B	63000000	64000000	8
ta5B	64000000	65000000	9
ta5B	65000000	66000000	9
ta5B	66000000	67000000	4
ta5B	67000000	68000000	7
ta5B	68000000	69000000	6
ta5B	69000000	70000000	4
ta5B	70000000	71000000	14
ta5B	71000000	72000000	5
ta5B	72000000	73000000	10
ta5B	73000000	74000000	2
ta5B	74000000	75000000	6
ta5B	75000000	76000000	5
ta5B	76000000	77000000	14
ta5B	77000000	78000000	14
ta5B	78000000	79000000	7
ta5B	79000000	80000000	10
ta5B	80000000	81000000	3
ta5B	81000000	82000000	11
ta5B	82000000	83000000	12
ta5B	83000000	84000000	0
ta5B	84000000	85000000	0
ta5B	85000000	86000000	0
ta5B	86000000	87000000	0
ta5B	87000000	88000000	6
ta5B	88000000	89000000	9
ta5B	89000000	90000000	2
ta5B	90000000	91000000	5
ta5B	91000000	92000000	8
ta5B	92000000	93000000	6
ta5B	93000000	94000000	6
ta5B	94000000	95000000	7
ta5B	95000000	96000000	3
ta5B	96000000	97000000	5
ta5B	97000000	98000000	8
ta5B	98000000	99000000	6
ta5B	99000000	100000000	7
ta5B	100000000	101000000	6
ta5B	101000000	102000000	8
ta5B	102000000	103000000	4
ta5B	103000000	104000000	3
ta5B	104000000	105000000	9
ta5B	105000000	106000000	3
ta5B	106000000	107000000	6
ta5B	107000000	108000000	2
ta5B	108000000	109000000	9
ta5B	109000000	110000000	0
ta5B	110000000	111000000	1
ta5B	111000000	112000000	3
ta5B	112000000	113000000	8
ta5B	113000000	114000000	8
ta5B	114000000	115000000	7
ta5B	115000000	116000000	1
ta5B	116000000	117000000	8
ta5B	117000000	118000000	8
ta5B	118000000	119000000	9
ta5B	119000000	120000000	5
ta5B	120000000	121000000	5
ta5B	121000000	122000000	2
ta5B	122000000	123000000	4
ta5B	123000000	124000000	4
ta5B	124000000	125000000	8
ta5B	125000000	126000000	4
ta5B	126000000	127000000	7
ta5B	127000000	128000000	6
ta5B	128000000	129000000	1
ta5B	129000000	130000000	7
ta5B	130000000	131000000	3
ta5B	131000000	132000000	6
ta5B	132000000	133000000	4
ta5B	133000000	134000000	10
ta5B	134000000	135000000	4
ta5B	135000000	136000000	8
ta5B	136000000	137000000	3
ta5B	137000000	138000000	4
ta5B	138000000	139000000	8
ta5B	139000000	140000000	5
ta5B	140000000	141000000	7
ta5B	141000000	142000000	6
ta5B	142000000	143000000	2
ta5B	143000000	144000000	8
ta5B	144000000	145000000	11
ta5B	145000000	146000000	4
ta5B	146000000	147000000	4
ta5B	147000000	148000000	6
ta5B	148000000	149000000	3
ta5B	149000000	150000000	4
ta5B	150000000	151000000	5
ta5B	151000000	152000000	9
ta5B	152000000	153000000	6
ta5B	153000000	154000000	5
ta5B	154000000	155000000	6
ta5B	155000000	156000000	3
ta5B	156000000	157000000	4
ta5B	157000000	158000000	5
ta5B	158000000	159000000	7
ta5B	159000000	160000000	1
ta5B	160000000	161000000	6
ta5B	161000000	162000000	2
ta5B	162000000	163000000	1
ta5B	163000000	164000000	0
ta5B	164000000	165000000	0
ta5B	165000000	166000000	3
ta5B	166000000	167000000	1
ta5B	167000000	168000000	1
ta5B	168000000	169000000	2
ta5B	169000000	170000000	0
ta5B	170000000	171000000	1
ta5B	171000000	172000000	3
ta5B	172000000	173000000	5
ta5B	173000000	174000000	3
ta5B	174000000	175000000	2
ta5B	175000000	176000000	0
ta5B	176000000	177000000	2
ta5B	177000000	178000000	3
ta5B	178000000	179000000	3
ta5B	179000000	180000000	0
ta5B	180000000	181000000	5
ta5B	181000000	182000000	2
ta5B	182000000	183000000	0
ta5B	183000000	184000000	1
ta5B	184000000	185000000	1
ta5B	185000000	186000000	3
ta5B	186000000	187000000	4
ta5B	187000000	188000000	2
ta5B	188000000	189000000	1
ta5B	189000000	190000000	2
ta5B	190000000	191000000	1
ta5B	191000000	192000000	4
ta5B	192000000	193000000	6
ta5B	193000000	194000000	0
ta5B	194000000	195000000	1
ta5B	195000000	196000000	4
ta5B	196000000	197000000	1
ta5B	197000000	198000000	0
ta5B	198000000	199000000	1
ta5B	199000000	200000000	1
ta5B	200000000	201000000	1
ta5B	201000000	202000000	0
ta5B	202000000	203000000	1
ta5B	203000000	204000000	0
ta5B	204000000	205000000	1
ta5B	205000000	206000000	1
ta5B	206000000	207000000	3
ta5B	207000000	208000000	1
ta5B	208000000	209000000	2
ta5B	209000000	210000000	3
ta5B	210000000	211000000	1
ta5B	211000000	212000000	2
ta5B	212000000	213000000	5
ta5B	213000000	214000000	4
ta5B	214000000	215000000	4
ta5B	215000000	216000000	3
ta5B	216000000	217000000	6
ta5B	217000000	218000000	9
ta5B	218000000	219000000	3
ta5B	219000000	220000000	3
ta5B	220000000	221000000	0
ta5B	221000000	222000000	2
ta5B	222000000	223000000	1
ta5B	223000000	224000000	1
ta5B	224000000	225000000	1
ta5B	225000000	226000000	3
ta5B	226000000	227000000	0
ta5B	227000000	228000000	0
ta5B	228000000	229000000	0
ta5B	229000000	230000000	0
ta5B	230000000	231000000	3
ta5B	231000000	232000000	3
ta5B	232000000	233000000	4
ta5B	233000000	234000000	1
ta5B	234000000	235000000	0
ta5B	235000000	236000000	1
ta5B	236000000	237000000	0
ta5B	237000000	238000000	1
ta5B	238000000	239000000	2
ta5B	239000000	240000000	2
ta5B	240000000	241000000	1
ta5B	241000000	242000000	3
ta5B	242000000	243000000	4
ta5B	243000000	244000000	5
ta5B	244000000	245000000	3
ta5B	245000000	246000000	2
ta5B	246000000	247000000	3
ta5B	247000000	248000000	4
ta5B	248000000	249000000	3
ta5B	249000000	250000000	3
ta5B	250000000	251000000	5
ta5B	251000000	252000000	2
ta5B	252000000	253000000	3
ta5B	253000000	254000000	6
ta5B	254000000	255000000	7
ta5B	255000000	256000000	4
ta5B	256000000	257000000	3
ta5B	257000000	258000000	2
ta5B	258000000	259000000	1
ta5B	259000000	260000000	0
ta5B	260000000	261000000	3
ta5B	261000000	262000000	0
ta5B	262000000	263000000	5
ta5B	263000000	264000000	3
ta5B	264000000	265000000	4
ta5B	265000000	266000000	6
ta5B	266000000	267000000	0
ta5B	267000000	268000000	6
ta5B	268000000	269000000	7
ta5B	269000000	270000000	2
ta5B	270000000	271000000	3
ta5B	271000000	272000000	4
ta5B	272000000	273000000	6
ta5B	273000000	274000000	1
ta5B	274000000	275000000	3
ta5B	275000000	276000000	6
ta5B	276000000	277000000	12
ta5B	277000000	278000000	8
ta5B	278000000	279000000	3
ta5B	279000000	280000000	1
ta5B	280000000	281000000	3
ta5B	281000000	282000000	0
ta5B	282000000	283000000	4
ta5B	283000000	284000000	9
ta5B	284000000	285000000	7
ta5B	285000000	286000000	7
ta5B	286000000	287000000	4
ta5B	287000000	288000000	4
ta5B	288000000	289000000	6
ta5B	289000000	290000000	4
ta5B	290000000	291000000	4
ta5B	291000000	292000000	5
ta5B	292000000	293000000	9
ta5B	293000000	294000000	7
ta5B	294000000	295000000	5
ta5B	295000000	296000000	5
ta5B	296000000	297000000	11
ta5B	297000000	298000000	12
ta5B	298000000	299000000	9
ta5B	299000000	300000000	8
ta5B	300000000	301000000	1
ta5B	301000000	302000000	0
ta5B	302000000	303000000	6
ta5B	303000000	304000000	9
ta5B	304000000	305000000	8
ta5B	305000000	306000000	4
ta5B	306000000	307000000	4
ta5B	307000000	308000000	6
ta5B	308000000	309000000	1
ta5B	309000000	310000000	6
ta5B	310000000	311000000	4
ta5B	311000000	312000000	5
ta5B	312000000	313000000	5
ta5B	313000000	314000000	5
ta5B	314000000	315000000	6
ta5B	315000000	316000000	7
ta5B	316000000	317000000	4
ta5B	317000000	318000000	4
ta5B	318000000	319000000	4
ta5B	319000000	320000000	3
ta5B	320000000	321000000	4
ta5B	321000000	322000000	5
ta5B	322000000	323000000	2
ta5B	323000000	324000000	4
ta5B	324000000	325000000	3
ta5B	325000000	326000000	6
ta5B	326000000	327000000	9
ta5B	327000000	328000000	1
ta5B	328000000	329000000	2
ta5B	329000000	330000000	5
ta5B	330000000	331000000	8
ta5B	331000000	332000000	8
ta5B	332000000	333000000	3
ta5B	333000000	334000000	7
ta5B	334000000	335000000	8
ta5B	335000000	336000000	7
ta5B	336000000	337000000	9
ta5B	337000000	338000000	10
ta5B	338000000	339000000	6
ta5B	339000000	340000000	4
ta5B	340000000	341000000	5
ta5B	341000000	342000000	6
ta5B	342000000	343000000	6
ta5B	343000000	344000000	10
ta5B	344000000	345000000	6
ta5B	345000000	346000000	5
ta5B	346000000	347000000	3
ta5B	347000000	348000000	5
ta5B	348000000	349000000	7
ta5B	349000000	350000000	10
ta5B	350000000	351000000	4
ta5B	351000000	352000000	1
ta5B	352000000	353000000	7
ta5B	353000000	354000000	7
ta5B	354000000	355000000	12
ta5B	355000000	356000000	3
ta5B	356000000	357000000	7
ta5B	357000000	358000000	6
ta5B	358000000	359000000	8
ta5B	359000000	360000000	3
ta5B	360000000	361000000	11
ta5B	361000000	362000000	13
ta5B	362000000	363000000	11
ta5B	363000000	364000000	4
ta5B	364000000	365000000	2
ta5B	365000000	366000000	3
ta5B	366000000	367000000	15
ta5B	367000000	368000000	8
ta5B	368000000	369000000	1
ta5B	369000000	370000000	6
ta5B	370000000	371000000	3
ta5B	371000000	372000000	3
ta5B	372000000	373000000	6
ta5B	373000000	374000000	9
ta5B	374000000	375000000	7
ta5B	375000000	376000000	10
ta5B	376000000	377000000	6
ta5B	377000000	378000000	4
ta5B	378000000	379000000	7
ta5B	379000000	380000000	4
ta5B	380000000	381000000	8
ta5B	381000000	382000000	3
ta5B	382000000	383000000	5
ta5B	383000000	384000000	4
ta5B	384000000	385000000	4
ta5B	385000000	386000000	3
ta5B	386000000	387000000	4
ta5B	387000000	388000000	2
ta5B	388000000	389000000	2
ta5B	389000000	390000000	1
ta5B	390000000	391000000	6
ta5B	391000000	392000000	8
ta5B	392000000	393000000	3
ta5B	393000000	394000000	7
ta5B	394000000	395000000	6
ta5B	395000000	396000000	5
ta5B	396000000	397000000	8
ta5B	397000000	398000000	8
ta5B	398000000	399000000	7
ta5B	399000000	400000000	5
ta5B	400000000	401000000	9
ta5B	401000000	402000000	4
ta5B	402000000	403000000	5
ta5B	403000000	404000000	11
ta5B	404000000	405000000	8
ta5B	405000000	406000000	2
ta5B	406000000	407000000	1
ta5B	407000000	408000000	8
ta5B	408000000	409000000	11
ta5B	409000000	410000000	10
ta5B	410000000	411000000	2
ta5B	411000000	412000000	3
ta5B	412000000	413000000	6
ta5B	413000000	414000000	14
ta5B	414000000	415000000	2
ta5B	415000000	416000000	9
ta5B	416000000	417000000	7
ta5B	417000000	418000000	9
ta5B	418000000	419000000	8
ta5B	419000000	420000000	10
ta5B	420000000	421000000	6
ta5B	421000000	422000000	8
ta5B	422000000	423000000	7
ta5B	423000000	424000000	2
ta5B	424000000	425000000	5
ta5B	425000000	426000000	13
ta5B	426000000	427000000	0
ta5B	427000000	428000000	11
ta5B	428000000	429000000	7
ta5B	429000000	430000000	7
ta5B	430000000	431000000	3
ta5B	431000000	432000000	1
ta5B	432000000	433000000	7
ta5B	433000000	434000000	9
ta5B	434000000	435000000	9
ta5B	435000000	436000000	8
ta5B	436000000	437000000	0
ta5B	437000000	438000000	2
ta5B	438000000	439000000	2
ta5B	439000000	440000000	11
ta5B	440000000	441000000	7
ta5B	441000000	442000000	13
ta5B	442000000	443000000	10
ta5B	443000000	444000000	16
ta5B	444000000	445000000	4
ta5B	445000000	446000000	9
ta5B	446000000	447000000	2
ta5B	447000000	448000000	8
ta5B	448000000	449000000	7
ta5B	449000000	450000000	7
ta5B	450000000	451000000	5
ta5B	451000000	452000000	12
ta5B	452000000	453000000	8
ta5B	453000000	454000000	3
ta5B	454000000	455000000	7
ta5B	455000000	456000000	7
ta5B	456000000	457000000	6
ta5B	457000000	458000000	7
ta5B	458000000	459000000	11
ta5B	459000000	460000000	10
ta5B	460000000	461000000	10
ta5B	461000000	462000000	11
ta5B	462000000	463000000	12
ta5B	463000000	464000000	12
ta5B	464000000	465000000	8
ta5B	465000000	466000000	2
ta5B	466000000	467000000	3
ta5B	467000000	468000000	7
ta5B	468000000	469000000	11
ta5B	469000000	470000000	13
ta5B	470000000	471000000	11
ta5B	471000000	472000000	5
ta5B	472000000	473000000	12
ta5B	473000000	474000000	3
ta5B	474000000	475000000	4
ta5B	475000000	476000000	3
ta5B	476000000	477000000	4
ta5B	477000000	478000000	10
ta5B	478000000	479000000	12
ta5B	479000000	480000000	11
ta5B	480000000	481000000	9
ta5B	481000000	482000000	13
ta5B	482000000	483000000	12
ta5B	483000000	484000000	13
ta5B	484000000	485000000	8
ta5B	485000000	486000000	3
ta5B	486000000	487000000	17
ta5B	487000000	488000000	7
ta5B	488000000	489000000	3
ta5B	489000000	490000000	2
ta5B	490000000	491000000	0
ta5B	491000000	492000000	3
ta5B	492000000	493000000	17
ta5B	493000000	494000000	9
ta5B	494000000	495000000	1
ta5B	495000000	496000000	9
ta5B	496000000	497000000	14
ta5B	497000000	498000000	10
ta5B	498000000	499000000	7
ta5B	499000000	500000000	14
ta5B	500000000	501000000	5
ta5B	501000000	502000000	9
ta5B	502000000	503000000	13
ta5B	503000000	504000000	8
ta5B	504000000	505000000	27
ta5B	505000000	506000000	20
ta5B	506000000	507000000	4
ta5B	507000000	508000000	1
ta5B	508000000	509000000	11
ta5B	509000000	510000000	10
ta5B	510000000	511000000	10
ta5B	511000000	512000000	10
ta5B	512000000	513000000	13
ta5B	513000000	514000000	12
ta5B	514000000	515000000	13
ta5B	515000000	516000000	12
ta5B	516000000	517000000	11
ta5B	517000000	518000000	14
ta5B	518000000	519000000	2
ta5B	519000000	520000000	2
ta5B	520000000	521000000	12
ta5B	521000000	522000000	5
ta5B	522000000	523000000	6
ta5B	523000000	524000000	4
ta5B	524000000	525000000	1
ta5B	525000000	526000000	7
ta5B	526000000	527000000	9
ta5B	527000000	528000000	7
ta5B	528000000	529000000	3
ta5B	529000000	530000000	8
ta5B	530000000	531000000	13
ta5B	531000000	532000000	15
ta5B	532000000	533000000	9
ta5B	533000000	534000000	8
ta5B	534000000	535000000	8
ta5B	535000000	536000000	13
ta5B	536000000	537000000	7
ta5B	537000000	538000000	4
ta5B	538000000	539000000	8
ta5B	539000000	540000000	10
ta5B	540000000	541000000	8
ta5B	541000000	542000000	8
ta5B	542000000	543000000	10
ta5B	543000000	544000000	9
ta5B	544000000	545000000	6
ta5B	545000000	546000000	10
ta5B	546000000	547000000	7
ta5B	547000000	548000000	12
ta5B	548000000	549000000	5
ta5B	549000000	550000000	3
ta5B	550000000	551000000	18
ta5B	551000000	552000000	12
ta5B	552000000	553000000	15
ta5B	553000000	554000000	5
ta5B	554000000	555000000	17
ta5B	555000000	556000000	23
ta5B	556000000	557000000	12
ta5B	557000000	558000000	9
ta5B	558000000	559000000	8
ta5B	559000000	560000000	12
ta5B	560000000	561000000	22
ta5B	561000000	562000000	11
ta5B	562000000	563000000	10
ta5B	563000000	564000000	9
ta5B	564000000	565000000	8
ta5B	565000000	566000000	18
ta5B	566000000	567000000	7
ta5B	567000000	568000000	15
ta5B	568000000	569000000	11
ta5B	569000000	570000000	7
ta5B	570000000	571000000	10
ta5B	571000000	572000000	8
ta5B	572000000	573000000	7
ta5B	573000000	574000000	8
ta5B	574000000	575000000	14
ta5B	575000000	576000000	19
ta5B	576000000	577000000	7
ta5B	577000000	578000000	6
ta5B	578000000	579000000	12
ta5B	579000000	580000000	5
ta5B	580000000	581000000	7
ta5B	581000000	582000000	9
ta5B	582000000	583000000	11
ta5B	583000000	584000000	7
ta5B	584000000	585000000	7
ta5B	585000000	586000000	5
ta5B	586000000	587000000	8
ta5B	587000000	588000000	11
ta5B	588000000	589000000	1
ta5B	589000000	590000000	18
ta5B	590000000	591000000	12
ta5B	591000000	592000000	8
ta5B	592000000	593000000	7
ta5B	593000000	594000000	4
ta5B	594000000	595000000	11
ta5B	595000000	596000000	26
ta5B	596000000	597000000	14
ta5B	597000000	598000000	11
ta5B	598000000	599000000	3
ta5B	599000000	600000000	8
ta5B	600000000	601000000	12
ta5B	601000000	602000000	13
ta5B	602000000	603000000	12
ta5B	603000000	604000000	9
ta5B	604000000	605000000	14
ta5B	605000000	606000000	5
ta5B	606000000	607000000	13
ta5B	607000000	608000000	14
ta5B	608000000	609000000	10
ta5B	609000000	610000000	3
ta5B	610000000	611000000	14
ta5B	611000000	612000000	6
ta5B	612000000	613000000	21
ta5B	613000000	614000000	15
ta5B	614000000	615000000	5
ta5B	615000000	616000000	9
ta5B	616000000	617000000	3
ta5B	617000000	618000000	2
ta5B	618000000	619000000	9
ta5B	619000000	620000000	11
ta5B	620000000	621000000	14
ta5B	621000000	622000000	11
ta5B	622000000	623000000	3
ta5B	623000000	624000000	7
ta5B	624000000	625000000	14
ta5B	625000000	626000000	5
ta5B	626000000	627000000	5
ta5B	627000000	628000000	18
ta5B	628000000	629000000	14
ta5B	629000000	630000000	10
ta5B	630000000	631000000	9
ta5B	631000000	632000000	9
ta5B	632000000	633000000	16
ta5B	633000000	634000000	19
ta5B	634000000	635000000	18
ta5B	635000000	636000000	6
ta5B	636000000	637000000	9
ta5B	637000000	638000000	2
ta5B	638000000	639000000	4
ta5B	639000000	640000000	13
ta5B	640000000	641000000	15
ta5B	641000000	642000000	13
ta5B	642000000	643000000	7
ta5B	643000000	644000000	7
ta5B	644000000	645000000	6
ta5B	645000000	646000000	16
ta5B	646000000	647000000	11
ta5B	647000000	648000000	4
ta5B	648000000	649000000	12
ta5B	649000000	650000000	3
ta5B	650000000	651000000	3
ta5B	651000000	652000000	5
ta5B	652000000	653000000	2
ta5B	653000000	654000000	13
ta5B	654000000	655000000	5
ta5B	655000000	656000000	9
ta5B	656000000	657000000	4
ta5B	657000000	658000000	15
ta5B	658000000	659000000	16
ta5B	659000000	660000000	8
ta5B	660000000	661000000	19
ta5B	661000000	662000000	8
ta5B	662000000	663000000	11
ta5B	663000000	664000000	15
ta5B	664000000	665000000	10
ta5B	665000000	666000000	12
ta5B	666000000	667000000	9
ta5B	667000000	668000000	5
ta5B	668000000	669000000	7
ta5B	669000000	670000000	16
ta5B	670000000	671000000	17
ta5B	671000000	672000000	19
ta5B	672000000	673000000	10
ta5B	673000000	674000000	3
ta5B	674000000	675000000	10
ta5B	675000000	676000000	6
ta5B	676000000	677000000	18
ta5B	677000000	678000000	15
ta5B	678000000	679000000	15
ta5B	679000000	680000000	8
ta5B	680000000	681000000	21
ta5B	681000000	682000000	16
ta5B	682000000	683000000	16
ta5B	683000000	684000000	8
ta5B	684000000	685000000	10
ta5B	685000000	686000000	16
ta5B	686000000	687000000	12
ta5B	687000000	688000000	15
ta5B	688000000	689000000	11
ta5B	689000000	690000000	4
ta5B	690000000	691000000	9
ta5B	691000000	692000000	17
ta5B	692000000	693000000	11
ta5B	693000000	694000000	16
ta5B	694000000	695000000	12
ta5B	695000000	696000000	11
ta5B	696000000	697000000	10
ta5B	697000000	698000000	5
ta5B	698000000	699000000	12
ta5B	699000000	700000000	19
ta5B	700000000	701000000	14
ta5B	701000000	702000000	18
ta5B	702000000	703000000	24
ta5B	703000000	704000000	11
ta5B	704000000	705000000	13
ta5B	705000000	706000000	12
ta5B	706000000	707000000	20
ta5B	707000000	708000000	17
ta5B	708000000	709000000	6
ta5B	709000000	710000000	13
ta5B	710000000	711000000	6
ta5B	711000000	712000000	18
ta5B	712000000	713000000	27
ta5B	713000000	714000000	15
ta5B	714000000	715000000	10
ta5B	715000000	716000000	12
ta5B	716000000	717000000	15
ta5B	717000000	718000000	4
ta5B	718000000	719000000	4
ta5B	719000000	720000000	18
ta5B	720000000	721000000	9
ta5B	721000000	722000000	10
ta5B	722000000	723000000	4
ta5B	723000000	724000000	17
ta5B	724000000	725000000	23
ta5B	725000000	726000000	10
ta5B	726000000	727000000	13
ta5B	727000000	728000000	13
ta5B	728000000	729000000	20
ta5B	729000000	730000000	22
ta5B	730000000	731000000	12
ta5B	731000000	732000000	10
ta5B	732000000	733000000	11
ta5B	733000000	734000000	16
ta5B	734000000	735000000	11
ta5B	735000000	736000000	18
ta5B	736000000	737000000	13
ta5B	737000000	737445512	11
ta5D	0	1000000	8
ta5D	1000000	2000000	6
ta5D	2000000	3000000	19
ta5D	3000000	4000000	23
ta5D	4000000	5000000	16
ta5D	5000000	6000000	14
ta5D	6000000	7000000	8
ta5D	7000000	8000000	11
ta5D	8000000	9000000	21
ta5D	9000000	10000000	21
ta5D	10000000	11000000	12
ta5D	11000000	12000000	12
ta5D	12000000	13000000	3
ta5D	13000000	14000000	5
ta5D	14000000	15000000	13
ta5D	15000000	16000000	9
ta5D	16000000	17000000	4
ta5D	17000000	18000000	3
ta5D	18000000	19000000	7
ta5D	19000000	20000000	1
ta5D	20000000	21000000	5
ta5D	21000000	22000000	1
ta5D	22000000	23000000	3
ta5D	23000000	24000000	8
ta5D	24000000	25000000	1
ta5D	25000000	26000000	7
ta5D	26000000	27000000	5
ta5D	27000000	28000000	9
ta5D	28000000	29000000	13
ta5D	29000000	30000000	3
ta5D	30000000	31000000	10
ta5D	31000000	32000000	18
ta5D	32000000	33000000	11
ta5D	33000000	34000000	9
ta5D	34000000	35000000	9
ta5D	35000000	36000000	3
ta5D	36000000	37000000	4
ta5D	37000000	38000000	11
ta5D	38000000	39000000	7
ta5D	39000000	40000000	10
ta5D	40000000	41000000	13
ta5D	41000000	42000000	1
ta5D	42000000	43000000	1
ta5D	43000000	44000000	5
ta5D	44000000	45000000	19
ta5D	45000000	46000000	16
ta5D	46000000	47000000	22
ta5D	47000000	48000000	15
ta5D	48000000	49000000	18
ta5D	49000000	50000000	23
ta5D	50000000	51000000	14
ta5D	51000000	52000000	8
ta5D	52000000	53000000	11
ta5D	53000000	54000000	9
ta5D	54000000	55000000	20
ta5D	55000000	56000000	25
ta5D	56000000	57000000	2
ta5D	57000000	58000000	7
ta5D	58000000	59000000	13
ta5D	59000000	60000000	10
ta5D	60000000	61000000	9
ta5D	61000000	62000000	23
ta5D	62000000	63000000	11
ta5D	63000000	64000000	17
ta5D	64000000	65000000	8
ta5D	65000000	66000000	13
ta5D	66000000	67000000	5
ta5D	67000000	68000000	5
ta5D	68000000	69000000	5
ta5D	69000000	70000000	7
ta5D	70000000	71000000	1
ta5D	71000000	72000000	11
ta5D	72000000	73000000	10
ta5D	73000000	74000000	3
ta5D	74000000	75000000	0
ta5D	75000000	76000000	9
ta5D	76000000	77000000	11
ta5D	77000000	78000000	14
ta5D	78000000	79000000	10
ta5D	79000000	80000000	6
ta5D	80000000	81000000	8
ta5D	81000000	82000000	12
ta5D	82000000	83000000	4
ta5D	83000000	84000000	7
ta5D	84000000	85000000	5
ta5D	85000000	86000000	9
ta5D	86000000	87000000	2
ta5D	87000000	88000000	3
ta5D	88000000	89000000	7
ta5D	89000000	90000000	0
ta5D	90000000	91000000	4
ta5D	91000000	92000000	8
ta5D	92000000	93000000	3
ta5D	93000000	94000000	4
ta5D	94000000	95000000	7
ta5D	95000000	96000000	11
ta5D	96000000	97000000	2
ta5D	97000000	98000000	7
ta5D	98000000	99000000	6
ta5D	99000000	100000000	5
ta5D	100000000	101000000	11
ta5D	101000000	102000000	6
ta5D	102000000	103000000	6
ta5D	103000000	104000000	6
ta5D	104000000	105000000	4
ta5D	105000000	106000000	10
ta5D	106000000	107000000	3
ta5D	107000000	108000000	15
ta5D	108000000	109000000	6
ta5D	109000000	110000000	2
ta5D	110000000	111000000	14
ta5D	111000000	112000000	11
ta5D	112000000	113000000	3
ta5D	113000000	114000000	7
ta5D	114000000	115000000	3
ta5D	115000000	116000000	6
ta5D	116000000	117000000	7
ta5D	117000000	118000000	10
ta5D	118000000	119000000	9
ta5D	119000000	120000000	6
ta5D	120000000	121000000	7
ta5D	121000000	122000000	12
ta5D	122000000	123000000	11
ta5D	123000000	124000000	12
ta5D	124000000	125000000	7
ta5D	125000000	126000000	6
ta5D	126000000	127000000	6
ta5D	127000000	128000000	7
ta5D	128000000	129000000	5
ta5D	129000000	130000000	12
ta5D	130000000	131000000	4
ta5D	131000000	132000000	10
ta5D	132000000	133000000	3
ta5D	133000000	134000000	8
ta5D	134000000	135000000	1
ta5D	135000000	136000000	4
ta5D	136000000	137000000	9
ta5D	137000000	138000000	7
ta5D	138000000	139000000	11
ta5D	139000000	140000000	5
ta5D	140000000	141000000	2
ta5D	141000000	142000000	3
ta5D	142000000	143000000	2
ta5D	143000000	144000000	0
ta5D	144000000	145000000	0
ta5D	145000000	146000000	0
ta5D	146000000	147000000	0
ta5D	147000000	148000000	3
ta5D	148000000	149000000	1
ta5D	149000000	150000000	1
ta5D	150000000	151000000	2
ta5D	151000000	152000000	0
ta5D	152000000	153000000	0
ta5D	153000000	154000000	0
ta5D	154000000	155000000	1
ta5D	155000000	156000000	1
ta5D	156000000	157000000	3
ta5D	157000000	158000000	0
ta5D	158000000	159000000	1
ta5D	159000000	160000000	0
ta5D	160000000	161000000	5
ta5D	161000000	162000000	1
ta5D	162000000	163000000	3
ta5D	163000000	164000000	2
ta5D	164000000	165000000	2
ta5D	165000000	166000000	0
ta5D	166000000	167000000	4
ta5D	167000000	168000000	3
ta5D	168000000	169000000	1
ta5D	169000000	170000000	2
ta5D	170000000	171000000	2
ta5D	171000000	172000000	2
ta5D	172000000	173000000	2
ta5D	173000000	174000000	2
ta5D	174000000	175000000	3
ta5D	175000000	176000000	0
ta5D	176000000	177000000	2
ta5D	177000000	178000000	5
ta5D	178000000	179000000	5
ta5D	179000000	180000000	3
ta5D	180000000	181000000	3
ta5D	181000000	182000000	5
ta5D	182000000	183000000	4
ta5D	183000000	184000000	5
ta5D	184000000	185000000	2
ta5D	185000000	186000000	4
ta5D	186000000	187000000	1
ta5D	187000000	188000000	5
ta5D	188000000	189000000	2
ta5D	189000000	190000000	2
ta5D	190000000	191000000	2
ta5D	191000000	192000000	2
ta5D	192000000	193000000	2
ta5D	193000000	194000000	0
ta5D	194000000	195000000	2
ta5D	195000000	196000000	1
ta5D	196000000	197000000	0
ta5D	197000000	198000000	1
ta5D	198000000	199000000	0
ta5D	199000000	200000000	4
ta5D	200000000	201000000	4
ta5D	201000000	202000000	3
ta5D	202000000	203000000	4
ta5D	203000000	204000000	5
ta5D	204000000	205000000	9
ta5D	205000000	206000000	1
ta5D	206000000	207000000	1
ta5D	207000000	208000000	6
ta5D	208000000	209000000	6
ta5D	209000000	210000000	4
ta5D	210000000	211000000	3
ta5D	211000000	212000000	4
ta5D	212000000	213000000	5
ta5D	213000000	214000000	5
ta5D	214000000	215000000	3
ta5D	215000000	216000000	3
ta5D	216000000	217000000	5
ta5D	217000000	218000000	5
ta5D	218000000	219000000	6
ta5D	219000000	220000000	4
ta5D	220000000	221000000	7
ta5D	221000000	222000000	4
ta5D	222000000	223000000	4
ta5D	223000000	224000000	9
ta5D	224000000	225000000	7
ta5D	225000000	226000000	7
ta5D	226000000	227000000	10
ta5D	227000000	228000000	12
ta5D	228000000	229000000	6
ta5D	229000000	230000000	7
ta5D	230000000	231000000	7
ta5D	231000000	232000000	3
ta5D	232000000	233000000	6
ta5D	233000000	234000000	5
ta5D	234000000	235000000	6
ta5D	235000000	236000000	6
ta5D	236000000	237000000	8
ta5D	237000000	238000000	5
ta5D	238000000	239000000	0
ta5D	239000000	240000000	11
ta5D	240000000	241000000	13
ta5D	241000000	242000000	6
ta5D	242000000	243000000	6
ta5D	243000000	244000000	10
ta5D	244000000	245000000	11
ta5D	245000000	246000000	9
ta5D	246000000	247000000	4
ta5D	247000000	248000000	3
ta5D	248000000	249000000	4
ta5D	249000000	250000000	11
ta5D	250000000	251000000	10
ta5D	251000000	252000000	8
ta5D	252000000	253000000	9
ta5D	253000000	254000000	11
ta5D	254000000	255000000	12
ta5D	255000000	256000000	8
ta5D	256000000	257000000	14
ta5D	257000000	258000000	5
ta5D	258000000	259000000	6
ta5D	259000000	260000000	4
ta5D	260000000	261000000	6
ta5D	261000000	262000000	8
ta5D	262000000	263000000	7
ta5D	263000000	264000000	7
ta5D	264000000	265000000	6
ta5D	265000000	266000000	5
ta5D	266000000	267000000	8
ta5D	267000000	268000000	9
ta5D	268000000	269000000	8
ta5D	269000000	270000000	6
ta5D	270000000	271000000	5
ta5D	271000000	272000000	7
ta5D	272000000	273000000	7
ta5D	273000000	274000000	3
ta5D	274000000	275000000	6
ta5D	275000000	276000000	2
ta5D	276000000	277000000	5
ta5D	277000000	278000000	10
ta5D	278000000	279000000	6
ta5D	279000000	280000000	9
ta5D	280000000	281000000	16
ta5D	281000000	282000000	8
ta5D	282000000	283000000	0
ta5D	283000000	284000000	7
ta5D	284000000	285000000	6
ta5D	285000000	286000000	4
ta5D	286000000	287000000	9
ta5D	287000000	288000000	6
ta5D	288000000	289000000	15
ta5D	289000000	290000000	14
ta5D	290000000	291000000	4
ta5D	291000000	292000000	4
ta5D	292000000	293000000	9
ta5D	293000000	294000000	5
ta5D	294000000	295000000	9
ta5D	295000000	296000000	4
ta5D	296000000	297000000	8
ta5D	297000000	298000000	6
ta5D	298000000	299000000	6
ta5D	299000000	300000000	15
ta5D	300000000	301000000	12
ta5D	301000000	302000000	10
ta5D	302000000	303000000	5
ta5D	303000000	304000000	10
ta5D	304000000	305000000	11
ta5D	305000000	306000000	4
ta5D	306000000	307000000	8
ta5D	307000000	308000000	2
ta5D	308000000	309000000	9
ta5D	309000000	310000000	12
ta5D	310000000	311000000	16
ta5D	311000000	312000000	7
ta5D	312000000	313000000	7
ta5D	313000000	314000000	15
ta5D	314000000	315000000	6
ta5D	315000000	316000000	5
ta5D	316000000	317000000	5
ta5D	317000000	318000000	7
ta5D	318000000	319000000	5
ta5D	319000000	320000000	6
ta5D	320000000	321000000	9
ta5D	321000000	322000000	9
ta5D	322000000	323000000	5
ta5D	323000000	324000000	8
ta5D	324000000	325000000	12
ta5D	325000000	326000000	5
ta5D	326000000	327000000	7
ta5D	327000000	328000000	6
ta5D	328000000	329000000	1
ta5D	329000000	330000000	3
ta5D	330000000	331000000	15
ta5D	331000000	332000000	6
ta5D	332000000	333000000	5
ta5D	333000000	334000000	14
ta5D	334000000	335000000	6
ta5D	335000000	336000000	10
ta5D	336000000	337000000	18
ta5D	337000000	338000000	6
ta5D	338000000	339000000	12
ta5D	339000000	340000000	6
ta5D	340000000	341000000	10
ta5D	341000000	342000000	12
ta5D	342000000	343000000	7
ta5D	343000000	344000000	11
ta5D	344000000	345000000	8
ta5D	345000000	346000000	10
ta5D	346000000	347000000	15
ta5D	347000000	348000000	7
ta5D	348000000	349000000	11
ta5D	349000000	350000000	6
ta5D	350000000	351000000	13
ta5D	351000000	352000000	6
ta5D	352000000	353000000	14
ta5D	353000000	354000000	4
ta5D	354000000	355000000	7
ta5D	355000000	356000000	1
ta5D	356000000	357000000	16
ta5D	357000000	358000000	15
ta5D	358000000	359000000	5
ta5D	359000000	360000000	9
ta5D	360000000	361000000	5
ta5D	361000000	362000000	8
ta5D	362000000	363000000	14
ta5D	363000000	364000000	10
ta5D	364000000	365000000	7
ta5D	365000000	366000000	16
ta5D	366000000	367000000	18
ta5D	367000000	368000000	13
ta5D	368000000	369000000	15
ta5D	369000000	370000000	9
ta5D	370000000	371000000	5
ta5D	371000000	372000000	6
ta5D	372000000	373000000	13
ta5D	373000000	374000000	14
ta5D	374000000	375000000	9
ta5D	375000000	376000000	6
ta5D	376000000	377000000	10
ta5D	377000000	378000000	6
ta5D	378000000	379000000	15
ta5D	379000000	380000000	14
ta5D	380000000	381000000	20
ta5D	381000000	382000000	19
ta5D	382000000	383000000	16
ta5D	383000000	384000000	13
ta5D	384000000	385000000	3
ta5D	385000000	386000000	9
ta5D	386000000	387000000	15
ta5D	387000000	388000000	16
ta5D	388000000	389000000	9
ta5D	389000000	390000000	16
ta5D	390000000	391000000	14
ta5D	391000000	392000000	10
ta5D	392000000	393000000	5
ta5D	393000000	394000000	15
ta5D	394000000	395000000	10
ta5D	395000000	396000000	10
ta5D	396000000	397000000	14
ta5D	397000000	398000000	10
ta5D	398000000	399000000	13
ta5D	399000000	400000000	21
ta5D	400000000	401000000	12
ta5D	401000000	402000000	21
ta5D	402000000	403000000	14
ta5D	403000000	404000000	8
ta5D	404000000	405000000	2
ta5D	405000000	406000000	22
ta5D	406000000	407000000	5
ta5D	407000000	408000000	10
ta5D	408000000	409000000	12
ta5D	409000000	410000000	12
ta5D	410000000	411000000	25
ta5D	411000000	412000000	12
ta5D	412000000	413000000	5
ta5D	413000000	414000000	2
ta5D	414000000	415000000	0
ta5D	415000000	416000000	0
ta5D	416000000	417000000	9
ta5D	417000000	418000000	7
ta5D	418000000	419000000	5
ta5D	419000000	420000000	15
ta5D	420000000	421000000	16
ta5D	421000000	422000000	12
ta5D	422000000	423000000	18
ta5D	423000000	424000000	8
ta5D	424000000	425000000	21
ta5D	425000000	426000000	10
ta5D	426000000	427000000	20
ta5D	427000000	428000000	14
ta5D	428000000	429000000	4
ta5D	429000000	430000000	13
ta5D	430000000	431000000	12
ta5D	431000000	432000000	5
ta5D	432000000	433000000	11
ta5D	433000000	434000000	6
ta5D	434000000	435000000	15
ta5D	435000000	436000000	18
ta5D	436000000	437000000	16
ta5D	437000000	438000000	25
ta5D	438000000	439000000	16
ta5D	439000000	440000000	10
ta5D	440000000	441000000	17
ta5D	441000000	442000000	3
ta5D	442000000	443000000	14
ta5D	443000000	444000000	13
ta5D	444000000	445000000	6
ta5D	445000000	446000000	20
ta5D	446000000	447000000	20
ta5D	447000000	448000000	11
ta5D	448000000	449000000	24
ta5D	449000000	450000000	19
ta5D	450000000	451000000	19
ta5D	451000000	452000000	22
ta5D	452000000	453000000	22
ta5D	453000000	454000000	12
ta5D	454000000	455000000	22
ta5D	455000000	456000000	15
ta5D	456000000	457000000	13
ta5D	457000000	458000000	18
ta5D	458000000	459000000	18
ta5D	459000000	460000000	17
ta5D	460000000	461000000	14
ta5D	461000000	462000000	26
ta5D	462000000	463000000	12
ta5D	463000000	464000000	17
ta5D	464000000	465000000	21
ta5D	465000000	466000000	15
ta5D	466000000	467000000	13
ta5D	467000000	468000000	14
ta5D	468000000	469000000	13
ta5D	469000000	470000000	9
ta5D	470000000	471000000	11
ta5D	471000000	472000000	14
ta5D	472000000	473000000	25
ta5D	473000000	474000000	16
ta5D	474000000	475000000	13
ta5D	475000000	476000000	12
ta5D	476000000	477000000	9
ta5D	477000000	478000000	18
ta5D	478000000	479000000	21
ta5D	479000000	480000000	12
ta5D	480000000	481000000	7
ta5D	481000000	482000000	9
ta5D	482000000	483000000	10
ta5D	483000000	484000000	20
ta5D	484000000	485000000	8
ta5D	485000000	486000000	2
ta5D	486000000	487000000	26
ta5D	487000000	488000000	11
ta5D	488000000	489000000	8
ta5D	489000000	490000000	14
ta5D	490000000	491000000	14
ta5D	491000000	492000000	8
ta5D	492000000	493000000	13
ta5D	493000000	494000000	13
ta5D	494000000	495000000	30
ta5D	495000000	496000000	12
ta5D	496000000	497000000	17
ta5D	497000000	498000000	10
ta5D	498000000	499000000	9
ta5D	499000000	500000000	15
ta5D	500000000	501000000	13
ta5D	501000000	502000000	15
ta5D	502000000	503000000	16
ta5D	503000000	504000000	17
ta5D	504000000	505000000	17
ta5D	505000000	506000000	10
ta5D	506000000	507000000	11
ta5D	507000000	508000000	18
ta5D	508000000	509000000	26
ta5D	509000000	510000000	17
ta5D	510000000	511000000	14
ta5D	511000000	512000000	13
ta5D	512000000	513000000	28
ta5D	513000000	514000000	19
ta5D	514000000	515000000	14
ta5D	515000000	516000000	12
ta5D	516000000	517000000	2
ta5D	517000000	518000000	14
ta5D	518000000	519000000	9
ta5D	519000000	520000000	7
ta5D	520000000	521000000	12
ta5D	521000000	522000000	13
ta5D	522000000	523000000	15
ta5D	523000000	524000000	14
ta5D	524000000	525000000	16
ta5D	525000000	526000000	20
ta5D	526000000	527000000	23
ta5D	527000000	528000000	11
ta5D	528000000	529000000	13
ta5D	529000000	530000000	12
ta5D	530000000	531000000	13
ta5D	531000000	532000000	19
ta5D	532000000	533000000	9
ta5D	533000000	534000000	16
ta5D	534000000	535000000	10
ta5D	535000000	536000000	15
ta5D	536000000	537000000	26
ta5D	537000000	538000000	26
ta5D	538000000	539000000	13
ta5D	539000000	540000000	6
ta5D	540000000	541000000	8
ta5D	541000000	542000000	20
ta5D	542000000	543000000	23
ta5D	543000000	544000000	28
ta5D	544000000	545000000	16
ta5D	545000000	546000000	20
ta5D	546000000	547000000	20
ta5D	547000000	548000000	19
ta5D	548000000	549000000	15
ta5D	549000000	550000000	18
ta5D	550000000	551000000	15
ta5D	551000000	552000000	7
ta5D	552000000	553000000	18
ta5D	553000000	554000000	18
ta5D	554000000	555000000	19
ta5D	555000000	556000000	28
ta5D	556000000	557000000	22
ta5D	557000000	558000000	13
ta5D	558000000	559000000	3
ta5D	559000000	560000000	20
ta5D	560000000	561000000	30
ta5D	561000000	562000000	7
ta5D	562000000	563000000	14
ta5D	563000000	564000000	22
ta5D	564000000	565000000	20
ta5D	565000000	566000000	16
ta5D	566000000	567000000	23
ta5D	567000000	568000000	21
ta5D	568000000	569000000	18
ta5D	569000000	570000000	11
ta5D	570000000	571000000	16
ta5D	571000000	572000000	14
ta5D	572000000	573000000	20
ta5D	573000000	574000000	20
ta5D	574000000	575000000	36
ta5D	575000000	576000000	13
ta5D	576000000	577000000	10
ta5D	577000000	578000000	11
ta5D	578000000	579000000	23
ta5D	579000000	580000000	23
ta5D	580000000	581000000	27
ta5D	581000000	582000000	10
ta5D	582000000	583000000	16
ta5D	583000000	583004721	1
ta6A	0	1000000	5
ta6A	1000000	2000000	32
ta6A	2000000	3000000	26
ta6A	3000000	4000000	15
ta6A	4000000	5000000	19
ta6A	5000000	6000000	11
ta6A	6000000	7000000	11
ta6A	7000000	8000000	14
ta6A	8000000	9000000	13
ta6A	9000000	10000000	13
ta6A	10000000	11000000	16
ta6A	11000000	12000000	23
ta6A	12000000	13000000	22
ta6A	13000000	14000000	27
ta6A	14000000	15000000	17
ta6A	15000000	16000000	18
ta6A	16000000	17000000	24
ta6A	17000000	18000000	28
ta6A	18000000	19000000	17
ta6A	19000000	20000000	20
ta6A	20000000	21000000	12
ta6A	21000000	22000000	4
ta6A	22000000	23000000	6
ta6A	23000000	24000000	20
ta6A	24000000	25000000	18
ta6A	25000000	26000000	18
ta6A	26000000	27000000	6
ta6A	27000000	28000000	3
ta6A	28000000	29000000	5
ta6A	29000000	30000000	5
ta6A	30000000	31000000	9
ta6A	31000000	32000000	22
ta6A	32000000	33000000	27
ta6A	33000000	34000000	18
ta6A	34000000	35000000	24
ta6A	35000000	36000000	4
ta6A	36000000	37000000	11
ta6A	37000000	38000000	21
ta6A	38000000	39000000	11
ta6A	39000000	40000000	14
ta6A	40000000	41000000	12
ta6A	41000000	42000000	14
ta6A	42000000	43000000	18
ta6A	43000000	44000000	7
ta6A	44000000	45000000	2
ta6A	45000000	46000000	4
ta6A	46000000	47000000	3
ta6A	47000000	48000000	2
ta6A	48000000	49000000	4
ta6A	49000000	50000000	9
ta6A	50000000	51000000	10
ta6A	51000000	52000000	18
ta6A	52000000	53000000	12
ta6A	53000000	54000000	7
ta6A	54000000	55000000	8
ta6A	55000000	56000000	12
ta6A	56000000	57000000	10
ta6A	57000000	58000000	4
ta6A	58000000	59000000	6
ta6A	59000000	60000000	10
ta6A	60000000	61000000	1
ta6A	61000000	62000000	12
ta6A	62000000	63000000	4
ta6A	63000000	64000000	13
ta6A	64000000	65000000	20
ta6A	65000000	66000000	6
ta6A	66000000	67000000	9
ta6A	67000000	68000000	10
ta6A	68000000	69000000	6
ta6A	69000000	70000000	7
ta6A	70000000	71000000	6
ta6A	71000000	72000000	6
ta6A	72000000	73000000	9
ta6A	73000000	74000000	4
ta6A	74000000	75000000	6
ta6A	75000000	76000000	10
ta6A	76000000	77000000	8
ta6A	77000000	78000000	13
ta6A	78000000	79000000	2
ta6A	79000000	80000000	5
ta6A	80000000	81000000	8
ta6A	81000000	82000000	7
ta6A	82000000	83000000	8
ta6A	83000000	84000000	5
ta6A	84000000	85000000	13
ta6A	85000000	86000000	3
ta6A	86000000	87000000	8
ta6A	87000000	88000000	5
ta6A	88000000	89000000	8
ta6A	89000000	90000000	4
ta6A	90000000	91000000	7
ta6A	91000000	92000000	10
ta6A	92000000	93000000	7
ta6A	93000000	94000000	7
ta6A	94000000	95000000	7
ta6A	95000000	96000000	9
ta6A	96000000	97000000	7
ta6A	97000000	98000000	8
ta6A	98000000	99000000	1
ta6A	99000000	100000000	7
ta6A	100000000	101000000	6
ta6A	101000000	102000000	10
ta6A	102000000	103000000	7
ta6A	103000000	104000000	17
ta6A	104000000	105000000	7
ta6A	105000000	106000000	10
ta6A	106000000	107000000	5
ta6A	107000000	108000000	13
ta6A	108000000	109000000	7
ta6A	109000000	110000000	8
ta6A	110000000	111000000	17
ta6A	111000000	112000000	8
ta6A	112000000	113000000	9
ta6A	113000000	114000000	3
ta6A	114000000	115000000	5
ta6A	115000000	116000000	3
ta6A	116000000	117000000	1
ta6A	117000000	118000000	3
ta6A	118000000	119000000	13
ta6A	119000000	120000000	7
ta6A	120000000	121000000	8
ta6A	121000000	122000000	0
ta6A	122000000	123000000	6
ta6A	123000000	124000000	4
ta6A	124000000	125000000	5
ta6A	125000000	126000000	7
ta6A	126000000	127000000	3
ta6A	127000000	128000000	7
ta6A	128000000	129000000	6
ta6A	129000000	130000000	3
ta6A	130000000	131000000	5
ta6A	131000000	132000000	1
ta6A	132000000	133000000	8
ta6A	133000000	134000000	3
ta6A	134000000	135000000	5
ta6A	135000000	136000000	2
ta6A	136000000	137000000	7
ta6A	137000000	138000000	6
ta6A	138000000	139000000	11
ta6A	139000000	140000000	2
ta6A	140000000	141000000	3
ta6A	141000000	142000000	1
ta6A	142000000	143000000	3
ta6A	143000000	144000000	4
ta6A	144000000	145000000	8
ta6A	145000000	146000000	4
ta6A	146000000	147000000	9
ta6A	147000000	148000000	7
ta6A	148000000	149000000	6
ta6A	149000000	150000000	3
ta6A	150000000	151000000	9
ta6A	151000000	152000000	3
ta6A	152000000	153000000	4
ta6A	153000000	154000000	6
ta6A	154000000	155000000	8
ta6A	155000000	156000000	1
ta6A	156000000	157000000	6
ta6A	157000000	158000000	0
ta6A	158000000	159000000	3
ta6A	159000000	160000000	6
ta6A	160000000	161000000	11
ta6A	161000000	162000000	4
ta6A	162000000	163000000	2
ta6A	163000000	164000000	2
ta6A	164000000	165000000	7
ta6A	165000000	166000000	6
ta6A	166000000	167000000	2
ta6A	167000000	168000000	1
ta6A	168000000	169000000	1
ta6A	169000000	170000000	4
ta6A	170000000	171000000	3
ta6A	171000000	172000000	5
ta6A	172000000	173000000	5
ta6A	173000000	174000000	6
ta6A	174000000	175000000	6
ta6A	175000000	176000000	3
ta6A	176000000	177000000	1
ta6A	177000000	178000000	3
ta6A	178000000	179000000	5
ta6A	179000000	180000000	2
ta6A	180000000	181000000	3
ta6A	181000000	182000000	2
ta6A	182000000	183000000	1
ta6A	183000000	184000000	10
ta6A	184000000	185000000	6
ta6A	185000000	186000000	5
ta6A	186000000	187000000	5
ta6A	187000000	188000000	1
ta6A	188000000	189000000	1
ta6A	189000000	190000000	8
ta6A	190000000	191000000	3
ta6A	191000000	192000000	4
ta6A	192000000	193000000	6
ta6A	193000000	194000000	0
ta6A	194000000	195000000	3
ta6A	195000000	196000000	2
ta6A	196000000	197000000	7
ta6A	197000000	198000000	1
ta6A	198000000	199000000	7
ta6A	199000000	200000000	0
ta6A	200000000	201000000	2
ta6A	201000000	202000000	5
ta6A	202000000	203000000	5
ta6A	203000000	204000000	8
ta6A	204000000	205000000	7
ta6A	205000000	206000000	5
ta6A	206000000	207000000	3
ta6A	207000000	208000000	8
ta6A	208000000	209000000	3
ta6A	209000000	210000000	1
ta6A	210000000	211000000	3
ta6A	211000000	212000000	6
ta6A	212000000	213000000	4
ta6A	213000000	214000000	2
ta6A	214000000	215000000	4
ta6A	215000000	216000000	2
ta6A	216000000	217000000	5
ta6A	217000000	218000000	6
ta6A	218000000	219000000	2
ta6A	219000000	220000000	7
ta6A	220000000	221000000	1
ta6A	221000000	222000000	3
ta6A	222000000	223000000	5
ta6A	223000000	224000000	3
ta6A	224000000	225000000	6
ta6A	225000000	226000000	2
ta6A	226000000	227000000	3
ta6A	227000000	228000000	2
ta6A	228000000	229000000	1
ta6A	229000000	230000000	0
ta6A	230000000	231000000	2
ta6A	231000000	232000000	3
ta6A	232000000	233000000	3
ta6A	233000000	234000000	0
ta6A	234000000	235000000	1
ta6A	235000000	236000000	3
ta6A	236000000	237000000	1
ta6A	237000000	238000000	0
ta6A	238000000	239000000	0
ta6A	239000000	240000000	1
ta6A	240000000	241000000	1
ta6A	241000000	242000000	0
ta6A	242000000	243000000	0
ta6A	243000000	244000000	2
ta6A	244000000	245000000	2
ta6A	245000000	246000000	1
ta6A	246000000	247000000	0
ta6A	247000000	248000000	2
ta6A	248000000	249000000	1
ta6A	249000000	250000000	1
ta6A	250000000	251000000	2
ta6A	251000000	252000000	2
ta6A	252000000	253000000	5
ta6A	253000000	254000000	0
ta6A	254000000	255000000	3
ta6A	255000000	256000000	0
ta6A	256000000	257000000	2
ta6A	257000000	258000000	2
ta6A	258000000	259000000	1
ta6A	259000000	260000000	0
ta6A	260000000	261000000	1
ta6A	261000000	262000000	1
ta6A	262000000	263000000	2
ta6A	263000000	264000000	1
ta6A	264000000	265000000	0
ta6A	265000000	266000000	1
ta6A	266000000	267000000	1
ta6A	267000000	268000000	1
ta6A	268000000	269000000	2
ta6A	269000000	270000000	0
ta6A	270000000	271000000	3
ta6A	271000000	272000000	1
ta6A	272000000	273000000	7
ta6A	273000000	274000000	1
ta6A	274000000	275000000	2
ta6A	275000000	276000000	1
ta6A	276000000	277000000	1
ta6A	277000000	278000000	0
ta6A	278000000	279000000	0
ta6A	279000000	280000000	1
ta6A	280000000	281000000	2
ta6A	281000000	282000000	1
ta6A	282000000	283000000	3
ta6A	283000000	284000000	1
ta6A	284000000	285000000	1
ta6A	285000000	286000000	2
ta6A	286000000	287000000	1
ta6A	287000000	288000000	1
ta6A	288000000	289000000	1
ta6A	289000000	290000000	1
ta6A	290000000	291000000	1
ta6A	291000000	292000000	0
ta6A	292000000	293000000	2
ta6A	293000000	294000000	2
ta6A	294000000	295000000	1
ta6A	295000000	296000000	0
ta6A	296000000	297000000	2
ta6A	297000000	298000000	2
ta6A	298000000	299000000	0
ta6A	299000000	300000000	2
ta6A	300000000	301000000	0
ta6A	301000000	302000000	1
ta6A	302000000	303000000	1
ta6A	303000000	304000000	2
ta6A	304000000	305000000	1
ta6A	305000000	306000000	0
ta6A	306000000	307000000	1
ta6A	307000000	308000000	1
ta6A	308000000	309000000	1
ta6A	309000000	310000000	1
ta6A	310000000	311000000	1
ta6A	311000000	312000000	3
ta6A	312000000	313000000	0
ta6A	313000000	314000000	2
ta6A	314000000	315000000	0
ta6A	315000000	316000000	4
ta6A	316000000	317000000	3
ta6A	317000000	318000000	0
ta6A	318000000	319000000	1
ta6A	319000000	320000000	2
ta6A	320000000	321000000	1
ta6A	321000000	322000000	1
ta6A	322000000	323000000	1
ta6A	323000000	324000000	0
ta6A	324000000	325000000	1
ta6A	325000000	326000000	1
ta6A	326000000	327000000	3
ta6A	327000000	328000000	1
ta6A	328000000	329000000	1
ta6A	329000000	330000000	1
ta6A	330000000	331000000	2
ta6A	331000000	332000000	2
ta6A	332000000	333000000	1
ta6A	333000000	334000000	3
ta6A	334000000	335000000	0
ta6A	335000000	336000000	1
ta6A	336000000	337000000	0
ta6A	337000000	338000000	2
ta6A	338000000	339000000	0
ta6A	339000000	340000000	3
ta6A	340000000	341000000	2
ta6A	341000000	342000000	2
ta6A	342000000	343000000	1
ta6A	343000000	344000000	2
ta6A	344000000	345000000	1
ta6A	345000000	346000000	1
ta6A	346000000	347000000	1
ta6A	347000000	348000000	1
ta6A	348000000	349000000	1
ta6A	349000000	350000000	5
ta6A	350000000	351000000	1
ta6A	351000000	352000000	0
ta6A	352000000	353000000	3
ta6A	353000000	354000000	0
ta6A	354000000	355000000	0
ta6A	355000000	356000000	3
ta6A	356000000	357000000	2
ta6A	357000000	358000000	0
ta6A	358000000	359000000	1
ta6A	359000000	360000000	2
ta6A	360000000	361000000	3
ta6A	361000000	362000000	4
ta6A	362000000	363000000	4
ta6A	363000000	364000000	1
ta6A	364000000	365000000	0
ta6A	365000000	366000000	1
ta6A	366000000	367000000	0
ta6A	367000000	368000000	2
ta6A	368000000	369000000	1
ta6A	369000000	370000000	3
ta6A	370000000	371000000	2
ta6A	371000000	372000000	1
ta6A	372000000	373000000	2
ta6A	373000000	374000000	2
ta6A	374000000	375000000	5
ta6A	375000000	376000000	0
ta6A	376000000	377000000	3
ta6A	377000000	378000000	3
ta6A	378000000	379000000	0
ta6A	379000000	380000000	2
ta6A	380000000	381000000	3
ta6A	381000000	382000000	7
ta6A	382000000	383000000	2
ta6A	383000000	384000000	3
ta6A	384000000	385000000	3
ta6A	385000000	386000000	2
ta6A	386000000	387000000	4
ta6A	387000000	388000000	9
ta6A	388000000	389000000	3
ta6A	389000000	390000000	4
ta6A	390000000	391000000	7
ta6A	391000000	392000000	4
ta6A	392000000	393000000	4
ta6A	393000000	394000000	3
ta6A	394000000	395000000	5
ta6A	395000000	396000000	3
ta6A	396000000	397000000	2
ta6A	397000000	398000000	1
ta6A	398000000	399000000	1
ta6A	399000000	400000000	3
ta6A	400000000	401000000	6
ta6A	401000000	402000000	7
ta6A	402000000	403000000	8
ta6A	403000000	404000000	1
ta6A	404000000	405000000	3
ta6A	405000000	406000000	3
ta6A	406000000	407000000	1
ta6A	407000000	408000000	3
ta6A	408000000	409000000	4
ta6A	409000000	410000000	4
ta6A	410000000	411000000	7
ta6A	411000000	412000000	2
ta6A	412000000	413000000	7
ta6A	413000000	414000000	9
ta6A	414000000	415000000	3
ta6A	415000000	416000000	3
ta6A	416000000	417000000	2
ta6A	417000000	418000000	5
ta6A	418000000	419000000	3
ta6A	419000000	420000000	5
ta6A	420000000	421000000	2
ta6A	421000000	422000000	3
ta6A	422000000	423000000	3
ta6A	423000000	424000000	7
ta6A	424000000	425000000	8
ta6A	425000000	426000000	1
ta6A	426000000	427000000	5
ta6A	427000000	428000000	0
ta6A	428000000	429000000	4
ta6A	429000000	430000000	6
ta6A	430000000	431000000	6
ta6A	431000000	432000000	4
ta6A	432000000	433000000	2
ta6A	433000000	434000000	10
ta6A	434000000	435000000	4
ta6A	435000000	436000000	7
ta6A	436000000	437000000	1
ta6A	437000000	438000000	3
ta6A	438000000	439000000	5
ta6A	439000000	440000000	2
ta6A	440000000	441000000	2
ta6A	441000000	442000000	3
ta6A	442000000	443000000	5
ta6A	443000000	444000000	4
ta6A	444000000	445000000	10
ta6A	445000000	446000000	4
ta6A	446000000	447000000	4
ta6A	447000000	448000000	6
ta6A	448000000	449000000	8
ta6A	449000000	450000000	11
ta6A	450000000	451000000	6
ta6A	451000000	452000000	6
ta6A	452000000	453000000	7
ta6A	453000000	454000000	2
ta6A	454000000	455000000	7
ta6A	455000000	456000000	3
ta6A	456000000	457000000	10
ta6A	457000000	458000000	15
ta6A	458000000	459000000	8
ta6A	459000000	460000000	13
ta6A	460000000	461000000	6
ta6A	461000000	462000000	3
ta6A	462000000	463000000	5
ta6A	463000000	464000000	8
ta6A	464000000	465000000	7
ta6A	465000000	466000000	4
ta6A	466000000	467000000	2
ta6A	467000000	468000000	7
ta6A	468000000	469000000	8
ta6A	469000000	470000000	11
ta6A	470000000	471000000	3
ta6A	471000000	472000000	5
ta6A	472000000	473000000	3
ta6A	473000000	474000000	0
ta6A	474000000	475000000	5
ta6A	475000000	476000000	2
ta6A	476000000	477000000	4
ta6A	477000000	478000000	5
ta6A	478000000	479000000	1
ta6A	479000000	480000000	2
ta6A	480000000	481000000	1
ta6A	481000000	482000000	7
ta6A	482000000	483000000	10
ta6A	483000000	484000000	6
ta6A	484000000	485000000	5
ta6A	485000000	486000000	3
ta6A	486000000	487000000	9
ta6A	487000000	488000000	7
ta6A	488000000	489000000	10
ta6A	489000000	490000000	6
ta6A	490000000	491000000	5
ta6A	491000000	492000000	5
ta6A	492000000	493000000	6
ta6A	493000000	494000000	2
ta6A	494000000	495000000	7
ta6A	495000000	496000000	5
ta6A	496000000	497000000	9
ta6A	497000000	498000000	11
ta6A	498000000	499000000	8
ta6A	499000000	500000000	5
ta6A	500000000	501000000	6
ta6A	501000000	502000000	14
ta6A	502000000	503000000	8
ta6A	503000000	504000000	6
ta6A	504000000	505000000	13
ta6A	505000000	506000000	9
ta6A	506000000	507000000	9
ta6A	507000000	508000000	3
ta6A	508000000	509000000	13
ta6A	509000000	510000000	3
ta6A	510000000	511000000	6
ta6A	511000000	512000000	2
ta6A	512000000	513000000	2
ta6A	513000000	514000000	9
ta6A	514000000	515000000	4
ta6A	515000000	516000000	1
ta6A	516000000	517000000	11
ta6A	517000000	518000000	6
ta6A	518000000	519000000	9
ta6A	519000000	520000000	8
ta6A	520000000	521000000	10
ta6A	521000000	522000000	4
ta6A	522000000	523000000	14
ta6A	523000000	524000000	13
ta6A	524000000	525000000	13
ta6A	525000000	526000000	2
ta6A	526000000	527000000	10
ta6A	527000000	528000000	5
ta6A	528000000	529000000	5
ta6A	529000000	530000000	0
ta6A	530000000	531000000	1
ta6A	531000000	532000000	13
ta6A	532000000	533000000	10
ta6A	533000000	534000000	10
ta6A	534000000	535000000	7
ta6A	535000000	536000000	13
ta6A	536000000	537000000	0
ta6A	537000000	538000000	10
ta6A	538000000	539000000	12
ta6A	539000000	540000000	9
ta6A	540000000	541000000	10
ta6A	541000000	542000000	2
ta6A	542000000	543000000	9
ta6A	543000000	544000000	8
ta6A	544000000	545000000	4
ta6A	545000000	546000000	6
ta6A	546000000	547000000	8
ta6A	547000000	548000000	4
ta6A	548000000	549000000	10
ta6A	549000000	550000000	6
ta6A	550000000	551000000	6
ta6A	551000000	552000000	10
ta6A	552000000	553000000	4
ta6A	553000000	554000000	10
ta6A	554000000	555000000	9
ta6A	555000000	556000000	14
ta6A	556000000	557000000	14
ta6A	557000000	558000000	22
ta6A	558000000	559000000	16
ta6A	559000000	560000000	9
ta6A	560000000	561000000	6
ta6A	561000000	562000000	19
ta6A	562000000	563000000	13
ta6A	563000000	564000000	1
ta6A	564000000	565000000	18
ta6A	565000000	566000000	14
ta6A	566000000	567000000	13
ta6A	567000000	568000000	8
ta6A	568000000	569000000	4
ta6A	569000000	570000000	1
ta6A	570000000	571000000	6
ta6A	571000000	572000000	4
ta6A	572000000	573000000	9
ta6A	573000000	574000000	17
ta6A	574000000	575000000	12
ta6A	575000000	576000000	14
ta6A	576000000	577000000	10
ta6A	577000000	578000000	3
ta6A	578000000	579000000	3
ta6A	579000000	580000000	14
ta6A	580000000	581000000	15
ta6A	581000000	582000000	14
ta6A	582000000	583000000	9
ta6A	583000000	584000000	15
ta6A	584000000	585000000	11
ta6A	585000000	586000000	3
ta6A	586000000	587000000	15
ta6A	587000000	588000000	19
ta6A	588000000	589000000	10
ta6A	589000000	590000000	16
ta6A	590000000	591000000	11
ta6A	591000000	592000000	2
ta6A	592000000	593000000	4
ta6A	593000000	594000000	21
ta6A	594000000	595000000	18
ta6A	595000000	596000000	12
ta6A	596000000	597000000	26
ta6A	597000000	598000000	27
ta6A	598000000	599000000	24
ta6A	599000000	600000000	11
ta6A	600000000	601000000	5
ta6A	601000000	602000000	17
ta6A	602000000	603000000	12
ta6A	603000000	604000000	19
ta6A	604000000	605000000	14
ta6A	605000000	606000000	22
ta6A	606000000	607000000	28
ta6A	607000000	608000000	8
ta6A	608000000	609000000	18
ta6A	609000000	610000000	9
ta6A	610000000	611000000	17
ta6A	611000000	612000000	24
ta6A	612000000	613000000	29
ta6A	613000000	614000000	26
ta6A	614000000	615000000	30
ta6A	615000000	616000000	15
ta6A	616000000	617000000	21
ta6A	617000000	618000000	31
ta6A	618000000	619000000	32
ta6A	619000000	620000000	20
ta6A	620000000	621000000	15
ta6A	621000000	622000000	21
ta6A	622000000	623000000	28
ta6A	623000000	623138355	4
ta6B	0	1000000	5
ta6B	1000000	2000000	9
ta6B	2000000	3000000	10
ta6B	3000000	4000000	20
ta6B	4000000	5000000	20
ta6B	5000000	6000000	18
ta6B	6000000	7000000	19
ta6B	7000000	8000000	19
ta6B	8000000	9000000	9
ta6B	9000000	10000000	24
ta6B	10000000	11000000	6
ta6B	11000000	12000000	10
ta6B	12000000	13000000	10
ta6B	13000000	14000000	17
ta6B	14000000	15000000	12
ta6B	15000000	16000000	15
ta6B	16000000	17000000	0
ta6B	17000000	18000000	1
ta6B	18000000	19000000	2
ta6B	19000000	20000000	11
ta6B	20000000	21000000	12
ta6B	21000000	22000000	10
ta6B	22000000	23000000	22
ta6B	23000000	24000000	18
ta6B	24000000	25000000	9
ta6B	25000000	26000000	17
ta6B	26000000	27000000	3
ta6B	27000000	28000000	14
ta6B	28000000	29000000	6
ta6B	29000000	30000000	11
ta6B	30000000	31000000	14
ta6B	31000000	32000000	11
ta6B	32000000	33000000	21
ta6B	33000000	34000000	17
ta6B	34000000	35000000	11
ta6B	35000000	36000000	6
ta6B	36000000	37000000	9
ta6B	37000000	38000000	5
ta6B	38000000	39000000	6
ta6B	39000000	40000000	6
ta6B	40000000	41000000	15
ta6B	41000000	42000000	4
ta6B	42000000	43000000	11
ta6B	43000000	44000000	7
ta6B	44000000	45000000	15
ta6B	45000000	46000000	8
ta6B	46000000	47000000	11
ta6B	47000000	48000000	17
ta6B	48000000	49000000	11
ta6B	49000000	50000000	8
ta6B	50000000	51000000	9
ta6B	51000000	52000000	25
ta6B	52000000	53000000	11
ta6B	53000000	54000000	27
ta6B	54000000	55000000	9
ta6B	55000000	56000000	14
ta6B	56000000	57000000	12
ta6B	57000000	58000000	9
ta6B	58000000	59000000	3
ta6B	59000000	60000000	8
ta6B	60000000	61000000	16
ta6B	61000000	62000000	8
ta6B	62000000	63000000	8
ta6B	63000000	64000000	8
ta6B	64000000	65000000	7
ta6B	65000000	66000000	12
ta6B	66000000	67000000	6
ta6B	67000000	68000000	5
ta6B	68000000	69000000	11
ta6B	69000000	70000000	12
ta6B	70000000	71000000	7
ta6B	71000000	72000000	8
ta6B	72000000	73000000	11
ta6B	73000000	74000000	7
ta6B	74000000	75000000	10
ta6B	75000000	76000000	4
ta6B	76000000	77000000	9
ta6B	77000000	78000000	8
ta6B	78000000	79000000	5
ta6B	79000000	80000000	5
ta6B	80000000	81000000	14
ta6B	81000000	82000000	12
ta6B	82000000	83000000	8
ta6B	83000000	84000000	3
ta6B	84000000	85000000	5
ta6B	85000000	86000000	7
ta6B	86000000	87000000	8
ta6B	87000000	88000000	5
ta6B	88000000	89000000	4
ta6B	89000000	90000000	4
ta6B	90000000	91000000	4
ta6B	91000000	92000000	6
ta6B	92000000	93000000	2
ta6B	93000000	94000000	3
ta6B	94000000	95000000	6
ta6B	95000000	96000000	8
ta6B	96000000	97000000	2
ta6B	97000000	98000000	6
ta6B	98000000	99000000	10
ta6B	99000000	100000000	13
ta6B	100000000	101000000	4
ta6B	101000000	102000000	12
ta6B	102000000	103000000	9
ta6B	103000000	104000000	2
ta6B	104000000	105000000	3
ta6B	105000000	106000000	2
ta6B	106000000	107000000	5
ta6B	107000000	108000000	6
ta6B	108000000	109000000	3
ta6B	109000000	110000000	5
ta6B	110000000	111000000	0
ta6B	111000000	112000000	1
ta6B	112000000	113000000	1
ta6B	113000000	114000000	4
ta6B	114000000	115000000	1
ta6B	115000000	116000000	2
ta6B	116000000	117000000	0
ta6B	117000000	118000000	0
ta6B	118000000	119000000	7
ta6B	119000000	120000000	1
ta6B	120000000	121000000	3
ta6B	121000000	122000000	7
ta6B	122000000	123000000	8
ta6B	123000000	124000000	13
ta6B	124000000	125000000	6
ta6B	125000000	126000000	17
ta6B	126000000	127000000	7
ta6B	127000000	128000000	7
ta6B	128000000	129000000	9
ta6B	129000000	130000000	8
ta6B	130000000	131000000	8
ta6B	131000000	132000000	9
ta6B	132000000	133000000	3
ta6B	133000000	134000000	9
ta6B	134000000	135000000	4
ta6B	135000000	136000000	8
ta6B	136000000	137000000	5
ta6B	137000000	138000000	7
ta6B	138000000	139000000	13
ta6B	139000000	140000000	3
ta6B	140000000	141000000	13
ta6B	141000000	142000000	7
ta6B	142000000	143000000	12
ta6B	143000000	144000000	14
ta6B	144000000	145000000	9
ta6B	145000000	146000000	2
ta6B	146000000	147000000	5
ta6B	147000000	148000000	10
ta6B	148000000	149000000	8
ta6B	149000000	150000000	10
ta6B	150000000	151000000	4
ta6B	151000000	152000000	7
ta6B	152000000	153000000	11
ta6B	153000000	154000000	12
ta6B	154000000	155000000	6
ta6B	155000000	156000000	7
ta6B	156000000	157000000	3
ta6B	157000000	158000000	11
ta6B	158000000	159000000	6
ta6B	159000000	160000000	9
ta6B	160000000	161000000	8
ta6B	161000000	162000000	2
ta6B	162000000	163000000	1
ta6B	163000000	164000000	3
ta6B	164000000	165000000	8
ta6B	165000000	166000000	8
ta6B	166000000	167000000	12
ta6B	167000000	168000000	12
ta6B	168000000	169000000	4
ta6B	169000000	170000000	11
ta6B	170000000	171000000	4
ta6B	171000000	172000000	5
ta6B	172000000	173000000	10
ta6B	173000000	174000000	6
ta6B	174000000	175000000	6
ta6B	175000000	176000000	1
ta6B	176000000	177000000	0
ta6B	177000000	178000000	13
ta6B	178000000	179000000	0
ta6B	179000000	180000000	4
ta6B	180000000	181000000	11
ta6B	181000000	182000000	5
ta6B	182000000	183000000	4
ta6B	183000000	184000000	5
ta6B	184000000	185000000	12
ta6B	185000000	186000000	2
ta6B	186000000	187000000	6
ta6B	187000000	188000000	8
ta6B	188000000	189000000	5
ta6B	189000000	190000000	3
ta6B	190000000	191000000	2
ta6B	191000000	192000000	11
ta6B	192000000	193000000	7
ta6B	193000000	194000000	9
ta6B	194000000	195000000	4
ta6B	195000000	196000000	2
ta6B	196000000	197000000	6
ta6B	197000000	198000000	10
ta6B	198000000	199000000	1
ta6B	199000000	200000000	4
ta6B	200000000	201000000	6
ta6B	201000000	202000000	4
ta6B	202000000	203000000	2
ta6B	203000000	204000000	5
ta6B	204000000	205000000	2
ta6B	205000000	206000000	5
ta6B	206000000	207000000	6
ta6B	207000000	208000000	7
ta6B	208000000	209000000	8
ta6B	209000000	210000000	4
ta6B	210000000	211000000	2
ta6B	211000000	212000000	4
ta6B	212000000	213000000	10
ta6B	213000000	214000000	10
ta6B	214000000	215000000	5
ta6B	215000000	216000000	6
ta6B	216000000	217000000	4
ta6B	217000000	218000000	3
ta6B	218000000	219000000	2
ta6B	219000000	220000000	6
ta6B	220000000	221000000	3
ta6B	221000000	222000000	9
ta6B	222000000	223000000	3
ta6B	223000000	224000000	3
ta6B	224000000	225000000	6
ta6B	225000000	226000000	5
ta6B	226000000	227000000	3
ta6B	227000000	228000000	7
ta6B	228000000	229000000	1
ta6B	229000000	230000000	1
ta6B	230000000	231000000	4
ta6B	231000000	232000000	2
ta6B	232000000	233000000	1
ta6B	233000000	234000000	3
ta6B	234000000	235000000	13
ta6B	235000000	236000000	7
ta6B	236000000	237000000	5
ta6B	237000000	238000000	8
ta6B	238000000	239000000	3
ta6B	239000000	240000000	4
ta6B	240000000	241000000	5
ta6B	241000000	242000000	7
ta6B	242000000	243000000	5
ta6B	243000000	244000000	3
ta6B	244000000	245000000	4
ta6B	245000000	246000000	3
ta6B	246000000	247000000	5
ta6B	247000000	248000000	5
ta6B	248000000	249000000	11
ta6B	249000000	250000000	0
ta6B	250000000	251000000	0
ta6B	251000000	252000000	1
ta6B	252000000	253000000	0
ta6B	253000000	254000000	1
ta6B	254000000	255000000	6
ta6B	255000000	256000000	7
ta6B	256000000	257000000	8
ta6B	257000000	258000000	0
ta6B	258000000	259000000	1
ta6B	259000000	260000000	4
ta6B	260000000	261000000	1
ta6B	261000000	262000000	1
ta6B	262000000	263000000	0
ta6B	263000000	264000000	9
ta6B	264000000	265000000	6
ta6B	265000000	266000000	5
ta6B	266000000	267000000	7
ta6B	267000000	268000000	4
ta6B	268000000	269000000	5
ta6B	269000000	270000000	3
ta6B	270000000	271000000	3
ta6B	271000000	272000000	1
ta6B	272000000	273000000	1
ta6B	273000000	274000000	0
ta6B	274000000	275000000	3
ta6B	275000000	276000000	5
ta6B	276000000	277000000	1
ta6B	277000000	278000000	0
ta6B	278000000	279000000	2
ta6B	279000000	280000000	3
ta6B	280000000	281000000	1
ta6B	281000000	282000000	0
ta6B	282000000	283000000	4
ta6B	283000000	284000000	2
ta6B	284000000	285000000	5
ta6B	285000000	286000000	7
ta6B	286000000	287000000	4
ta6B	287000000	288000000	8
ta6B	288000000	289000000	6
ta6B	289000000	290000000	3
ta6B	290000000	291000000	0
ta6B	291000000	292000000	2
ta6B	292000000	293000000	0
ta6B	293000000	294000000	0
ta6B	294000000	295000000	0
ta6B	295000000	296000000	2
ta6B	296000000	297000000	5
ta6B	297000000	298000000	6
ta6B	298000000	299000000	11
ta6B	299000000	300000000	1
ta6B	300000000	301000000	1
ta6B	301000000	302000000	3
ta6B	302000000	303000000	0
ta6B	303000000	304000000	0
ta6B	304000000	305000000	3
ta6B	305000000	306000000	2
ta6B	306000000	307000000	1
ta6B	307000000	308000000	4
ta6B	308000000	309000000	6
ta6B	309000000	310000000	3
ta6B	310000000	311000000	2
ta6B	311000000	312000000	2
ta6B	312000000	313000000	0
ta6B	313000000	314000000	0
ta6B	314000000	315000000	1
ta6B	315000000	316000000	1
ta6B	316000000	317000000	0
ta6B	317000000	318000000	0
ta6B	318000000	319000000	4
ta6B	319000000	320000000	3
ta6B	320000000	321000000	1
ta6B	321000000	322000000	2
ta6B	322000000	323000000	0
ta6B	323000000	324000000	1
ta6B	324000000	325000000	3
ta6B	325000000	326000000	0
ta6B	326000000	327000000	1
ta6B	327000000	328000000	1
ta6B	328000000	329000000	0
ta6B	329000000	330000000	5
ta6B	330000000	331000000	1
ta6B	331000000	332000000	0
ta6B	332000000	333000000	0
ta6B	333000000	334000000	1
ta6B	334000000	335000000	0
ta6B	335000000	336000000	0
ta6B	336000000	337000000	2
ta6B	337000000	338000000	0
ta6B	338000000	339000000	1
ta6B	339000000	340000000	1
ta6B	340000000	341000000	0
ta6B	341000000	342000000	0
ta6B	342000000	343000000	1
ta6B	343000000	344000000	0
ta6B	344000000	345000000	2
ta6B	345000000	346000000	3
ta6B	346000000	347000000	2
ta6B	347000000	348000000	1
ta6B	348000000	349000000	1
ta6B	349000000	350000000	1
ta6B	350000000	351000000	1
ta6B	351000000	352000000	2
ta6B	352000000	353000000	4
ta6B	353000000	354000000	1
ta6B	354000000	355000000	1
ta6B	355000000	356000000	0
ta6B	356000000	357000000	3
ta6B	357000000	358000000	2
ta6B	358000000	359000000	1
ta6B	359000000	360000000	2
ta6B	360000000	361000000	3
ta6B	361000000	362000000	0
ta6B	362000000	363000000	1
ta6B	363000000	364000000	0
ta6B	364000000	365000000	1
ta6B	365000000	366000000	3
ta6B	366000000	367000000	2
ta6B	367000000	368000000	1
ta6B	368000000	369000000	2
ta6B	369000000	370000000	1
ta6B	370000000	371000000	0
ta6B	371000000	372000000	2
ta6B	372000000	373000000	2
ta6B	373000000	374000000	1
ta6B	374000000	375000000	3
ta6B	375000000	376000000	3
ta6B	376000000	377000000	2
ta6B	377000000	378000000	2
ta6B	378000000	379000000	1
ta6B	379000000	380000000	1
ta6B	380000000	381000000	2
ta6B	381000000	382000000	2
ta6B	382000000	383000000	2
ta6B	383000000	384000000	3
ta6B	384000000	385000000	1
ta6B	385000000	386000000	2
ta6B	386000000	387000000	1
ta6B	387000000	388000000	1
ta6B	388000000	389000000	1
ta6B	389000000	390000000	2
ta6B	390000000	391000000	2
ta6B	391000000	392000000	3
ta6B	392000000	393000000	2
ta6B	393000000	394000000	2
ta6B	394000000	395000000	1
ta6B	395000000	396000000	3
ta6B	396000000	397000000	1
ta6B	397000000	398000000	3
ta6B	398000000	399000000	4
ta6B	399000000	400000000	0
ta6B	400000000	401000000	0
ta6B	401000000	402000000	2
ta6B	402000000	403000000	0
ta6B	403000000	404000000	1
ta6B	404000000	405000000	0
ta6B	405000000	406000000	3
ta6B	406000000	407000000	4
ta6B	407000000	408000000	2
ta6B	408000000	409000000	1
ta6B	409000000	410000000	0
ta6B	410000000	411000000	5
ta6B	411000000	412000000	4
ta6B	412000000	413000000	4
ta6B	413000000	414000000	3
ta6B	414000000	415000000	1
ta6B	415000000	416000000	0
ta6B	416000000	417000000	0
ta6B	417000000	418000000	0
ta6B	418000000	419000000	1
ta6B	419000000	420000000	0
ta6B	420000000	421000000	2
ta6B	421000000	422000000	6
ta6B	422000000	423000000	0
ta6B	423000000	424000000	0
ta6B	424000000	425000000	4
ta6B	425000000	426000000	2
ta6B	426000000	427000000	2
ta6B	427000000	428000000	2
ta6B	428000000	429000000	1
ta6B	429000000	430000000	4
ta6B	430000000	431000000	5
ta6B	431000000	432000000	9
ta6B	432000000	433000000	3
ta6B	433000000	434000000	2
ta6B	434000000	435000000	1
ta6B	435000000	436000000	2
ta6B	436000000	437000000	1
ta6B	437000000	438000000	0
ta6B	438000000	439000000	8
ta6B	439000000	440000000	4
ta6B	440000000	441000000	3
ta6B	441000000	442000000	2
ta6B	442000000	443000000	2
ta6B	443000000	444000000	0
ta6B	444000000	445000000	1
ta6B	445000000	446000000	1
ta6B	446000000	447000000	2
ta6B	447000000	448000000	4
ta6B	448000000	449000000	3
ta6B	449000000	450000000	0
ta6B	450000000	451000000	0
ta6B	451000000	452000000	3
ta6B	452000000	453000000	3
ta6B	453000000	454000000	3
ta6B	454000000	455000000	1
ta6B	455000000	456000000	4
ta6B	456000000	457000000	5
ta6B	457000000	458000000	11
ta6B	458000000	459000000	3
ta6B	459000000	460000000	5
ta6B	460000000	461000000	1
ta6B	461000000	462000000	1
ta6B	462000000	463000000	2
ta6B	463000000	464000000	3
ta6B	464000000	465000000	4
ta6B	465000000	466000000	2
ta6B	466000000	467000000	5
ta6B	467000000	468000000	3
ta6B	468000000	469000000	4
ta6B	469000000	470000000	5
ta6B	470000000	471000000	3
ta6B	471000000	472000000	4
ta6B	472000000	473000000	5
ta6B	473000000	474000000	3
ta6B	474000000	475000000	2
ta6B	475000000	476000000	6
ta6B	476000000	477000000	8
ta6B	477000000	478000000	4
ta6B	478000000	479000000	8
ta6B	479000000	480000000	4
ta6B	480000000	481000000	9
ta6B	481000000	482000000	5
ta6B	482000000	483000000	4
ta6B	483000000	484000000	2
ta6B	484000000	485000000	3
ta6B	485000000	486000000	2
ta6B	486000000	487000000	3
ta6B	487000000	488000000	3
ta6B	488000000	489000000	5
ta6B	489000000	490000000	8
ta6B	490000000	491000000	6
ta6B	491000000	492000000	10
ta6B	492000000	493000000	3
ta6B	493000000	494000000	7
ta6B	494000000	495000000	8
ta6B	495000000	496000000	3
ta6B	496000000	497000000	8
ta6B	497000000	498000000	3
ta6B	498000000	499000000	4
ta6B	499000000	500000000	3
ta6B	500000000	501000000	6
ta6B	501000000	502000000	6
ta6B	502000000	503000000	5
ta6B	503000000	504000000	3
ta6B	504000000	505000000	9
ta6B	505000000	506000000	3
ta6B	506000000	507000000	10
ta6B	507000000	508000000	12
ta6B	508000000	509000000	9
ta6B	509000000	510000000	4
ta6B	510000000	511000000	0
ta6B	511000000	512000000	3
ta6B	512000000	513000000	7
ta6B	513000000	514000000	4
ta6B	514000000	515000000	4
ta6B	515000000	516000000	8
ta6B	516000000	517000000	0
ta6B	517000000	518000000	5
ta6B	518000000	519000000	2
ta6B	519000000	520000000	2
ta6B	520000000	521000000	6
ta6B	521000000	522000000	0
ta6B	522000000	523000000	4
ta6B	523000000	524000000	5
ta6B	524000000	525000000	4
ta6B	525000000	526000000	5
ta6B	526000000	527000000	0
ta6B	527000000	528000000	8
ta6B	528000000	529000000	3
ta6B	529000000	530000000	6
ta6B	530000000	531000000	4
ta6B	531000000	532000000	3
ta6B	532000000	533000000	6
ta6B	533000000	534000000	7
ta6B	534000000	535000000	10
ta6B	535000000	536000000	1
ta6B	536000000	537000000	7
ta6B	537000000	538000000	2
ta6B	538000000	539000000	6
ta6B	539000000	540000000	6
ta6B	540000000	541000000	5
ta6B	541000000	542000000	5
ta6B	542000000	543000000	3
ta6B	543000000	544000000	5
ta6B	544000000	545000000	4
ta6B	545000000	546000000	5
ta6B	546000000	547000000	6
ta6B	547000000	548000000	9
ta6B	548000000	549000000	5
ta6B	549000000	550000000	4
ta6B	550000000	551000000	4
ta6B	551000000	552000000	4
ta6B	552000000	553000000	8
ta6B	553000000	554000000	1
ta6B	554000000	555000000	8
ta6B	555000000	556000000	5
ta6B	556000000	557000000	3
ta6B	557000000	558000000	4
ta6B	558000000	559000000	8
ta6B	559000000	560000000	6
ta6B	560000000	561000000	5
ta6B	561000000	562000000	5
ta6B	562000000	563000000	6
ta6B	563000000	564000000	8
ta6B	564000000	565000000	2
ta6B	565000000	566000000	15
ta6B	566000000	567000000	6
ta6B	567000000	568000000	2
ta6B	568000000	569000000	3
ta6B	569000000	570000000	5
ta6B	570000000	571000000	7
ta6B	571000000	572000000	6
ta6B	572000000	573000000	4
ta6B	573000000	574000000	6
ta6B	574000000	575000000	2
ta6B	575000000	576000000	4
ta6B	576000000	577000000	9
ta6B	577000000	578000000	3
ta6B	578000000	579000000	4
ta6B	579000000	580000000	9
ta6B	580000000	581000000	5
ta6B	581000000	582000000	5
ta6B	582000000	583000000	8
ta6B	583000000	584000000	4
ta6B	584000000	585000000	8
ta6B	585000000	586000000	7
ta6B	586000000	587000000	7
ta6B	587000000	588000000	9
ta6B	588000000	589000000	14
ta6B	589000000	590000000	2
ta6B	590000000	591000000	6
ta6B	591000000	592000000	3
ta6B	592000000	593000000	7
ta6B	593000000	594000000	10
ta6B	594000000	595000000	6
ta6B	595000000	596000000	10
ta6B	596000000	597000000	6
ta6B	597000000	598000000	9
ta6B	598000000	599000000	12
ta6B	599000000	600000000	11
ta6B	600000000	601000000	11
ta6B	601000000	602000000	2
ta6B	602000000	603000000	3
ta6B	603000000	604000000	6
ta6B	604000000	605000000	8
ta6B	605000000	606000000	4
ta6B	606000000	607000000	8
ta6B	607000000	608000000	3
ta6B	608000000	609000000	4
ta6B	609000000	610000000	3
ta6B	610000000	611000000	0
ta6B	611000000	612000000	4
ta6B	612000000	613000000	5
ta6B	613000000	614000000	2
ta6B	614000000	615000000	5
ta6B	615000000	616000000	5
ta6B	616000000	617000000	3
ta6B	617000000	618000000	2
ta6B	618000000	619000000	2
ta6B	619000000	620000000	5
ta6B	620000000	621000000	9
ta6B	621000000	622000000	2
ta6B	622000000	623000000	2
ta6B	623000000	624000000	6
ta6B	624000000	625000000	6
ta6B	625000000	626000000	3
ta6B	626000000	627000000	2
ta6B	627000000	628000000	7
ta6B	628000000	629000000	5
ta6B	629000000	630000000	5
ta6B	630000000	631000000	9
ta6B	631000000	632000000	3
ta6B	632000000	633000000	7
ta6B	633000000	634000000	6
ta6B	634000000	635000000	10
ta6B	635000000	636000000	7
ta6B	636000000	637000000	5
ta6B	637000000	638000000	10
ta6B	638000000	639000000	4
ta6B	639000000	640000000	8
ta6B	640000000	641000000	13
ta6B	641000000	642000000	4
ta6B	642000000	643000000	0
ta6B	643000000	644000000	3
ta6B	644000000	645000000	7
ta6B	645000000	646000000	9
ta6B	646000000	647000000	8
ta6B	647000000	648000000	9
ta6B	648000000	649000000	0
ta6B	649000000	650000000	1
ta6B	650000000	651000000	2
ta6B	651000000	652000000	8
ta6B	652000000	653000000	6
ta6B	653000000	654000000	13
ta6B	654000000	655000000	11
ta6B	655000000	656000000	11
ta6B	656000000	657000000	0
ta6B	657000000	658000000	10
ta6B	658000000	659000000	6
ta6B	659000000	660000000	10
ta6B	660000000	661000000	2
ta6B	661000000	662000000	8
ta6B	662000000	663000000	7
ta6B	663000000	664000000	14
ta6B	664000000	665000000	4
ta6B	665000000	666000000	5
ta6B	666000000	667000000	11
ta6B	667000000	668000000	12
ta6B	668000000	669000000	11
ta6B	669000000	670000000	10
ta6B	670000000	671000000	5
ta6B	671000000	672000000	5
ta6B	672000000	673000000	11
ta6B	673000000	674000000	7
ta6B	674000000	675000000	6
ta6B	675000000	676000000	7
ta6B	676000000	677000000	6
ta6B	677000000	678000000	9
ta6B	678000000	679000000	13
ta6B	679000000	680000000	9
ta6B	680000000	681000000	17
ta6B	681000000	682000000	9
ta6B	682000000	683000000	8
ta6B	683000000	684000000	11
ta6B	684000000	685000000	6
ta6B	685000000	686000000	19
ta6B	686000000	687000000	12
ta6B	687000000	688000000	9
ta6B	688000000	689000000	4
ta6B	689000000	690000000	13
ta6B	690000000	691000000	8
ta6B	691000000	692000000	6
ta6B	692000000	693000000	7
ta6B	693000000	694000000	6
ta6B	694000000	695000000	11
ta6B	695000000	696000000	11
ta6B	696000000	697000000	9
ta6B	697000000	698000000	5
ta6B	698000000	699000000	7
ta6B	699000000	700000000	3
ta6B	700000000	701000000	9
ta6B	701000000	702000000	16
ta6B	702000000	703000000	10
ta6B	703000000	704000000	21
ta6B	704000000	705000000	6
ta6B	705000000	706000000	10
ta6B	706000000	707000000	10
ta6B	707000000	708000000	16
ta6B	708000000	709000000	11
ta6B	709000000	710000000	16
ta6B	710000000	711000000	18
ta6B	711000000	712000000	11
ta6B	712000000	713000000	7
ta6B	713000000	714000000	14
ta6B	714000000	715000000	25
ta6B	715000000	716000000	8
ta6B	716000000	717000000	17
ta6B	717000000	718000000	4
ta6B	718000000	719000000	13
ta6B	719000000	720000000	12
ta6B	720000000	721000000	5
ta6B	721000000	722000000	12
ta6B	722000000	723000000	4
ta6B	723000000	724000000	13
ta6B	724000000	725000000	15
ta6B	725000000	726000000	20
ta6B	726000000	727000000	2
ta6B	727000000	728000000	28
ta6B	728000000	729000000	22
ta6B	729000000	730000000	17
ta6B	730000000	731000000	20
ta6B	731000000	732000000	15
ta6B	732000000	733000000	12
ta6B	733000000	734000000	9
ta6B	734000000	735000000	23
ta6B	735000000	736000000	11
ta6B	736000000	737000000	15
ta6B	737000000	738000000	13
ta6B	738000000	739000000	18
ta6B	739000000	740000000	10
ta6B	740000000	741000000	8
ta6B	741000000	742000000	9
ta6B	742000000	743000000	22
ta6B	743000000	744000000	20
ta6B	744000000	745000000	7
ta6B	745000000	746000000	18
ta6B	746000000	747000000	15
ta6B	747000000	748000000	14
ta6B	748000000	748007528	1
ta6D	0	1000000	27
ta6D	1000000	2000000	29
ta6D	2000000	3000000	24
ta6D	3000000	4000000	31
ta6D	4000000	5000000	2
ta6D	5000000	6000000	13
ta6D	6000000	7000000	16
ta6D	7000000	8000000	17
ta6D	8000000	9000000	17
ta6D	9000000	10000000	15
ta6D	10000000	11000000	20
ta6D	11000000	12000000	26
ta6D	12000000	13000000	30
ta6D	13000000	14000000	24
ta6D	14000000	15000000	12
ta6D	15000000	16000000	21
ta6D	16000000	17000000	25
ta6D	17000000	18000000	15
ta6D	18000000	19000000	23
ta6D	19000000	20000000	17
ta6D	20000000	21000000	9
ta6D	21000000	22000000	1
ta6D	22000000	23000000	6
ta6D	23000000	24000000	9
ta6D	24000000	25000000	17
ta6D	25000000	26000000	13
ta6D	26000000	27000000	12
ta6D	27000000	28000000	18
ta6D	28000000	29000000	18
ta6D	29000000	30000000	21
ta6D	30000000	31000000	13
ta6D	31000000	32000000	19
ta6D	32000000	33000000	24
ta6D	33000000	34000000	2
ta6D	34000000	35000000	11
ta6D	35000000	36000000	22
ta6D	36000000	37000000	31
ta6D	37000000	38000000	15
ta6D	38000000	39000000	29
ta6D	39000000	40000000	3
ta6D	40000000	41000000	6
ta6D	41000000	42000000	16
ta6D	42000000	43000000	22
ta6D	43000000	44000000	8
ta6D	44000000	45000000	14
ta6D	45000000	46000000	14
ta6D	46000000	47000000	15
ta6D	47000000	48000000	6
ta6D	48000000	49000000	11
ta6D	49000000	50000000	12
ta6D	50000000	51000000	14
ta6D	51000000	52000000	8
ta6D	52000000	53000000	8
ta6D	53000000	54000000	0
ta6D	54000000	55000000	0
ta6D	55000000	56000000	16
ta6D	56000000	57000000	19
ta6D	57000000	58000000	16
ta6D	58000000	59000000	14
ta6D	59000000	60000000	3
ta6D	60000000	61000000	5
ta6D	61000000	62000000	10
ta6D	62000000	63000000	3
ta6D	63000000	64000000	11
ta6D	64000000	65000000	9
ta6D	65000000	66000000	15
ta6D	66000000	67000000	12
ta6D	67000000	68000000	13
ta6D	68000000	69000000	6
ta6D	69000000	70000000	9
ta6D	70000000	71000000	7
ta6D	71000000	72000000	6
ta6D	72000000	73000000	0
ta6D	73000000	74000000	3
ta6D	74000000	75000000	7
ta6D	75000000	76000000	7
ta6D	76000000	77000000	9
ta6D	77000000	78000000	16
ta6D	78000000	79000000	12
ta6D	79000000	80000000	9
ta6D	80000000	81000000	6
ta6D	81000000	82000000	10
ta6D	82000000	83000000	7
ta6D	83000000	84000000	7
ta6D	84000000	85000000	15
ta6D	85000000	86000000	9
ta6D	86000000	87000000	13
ta6D	87000000	88000000	17
ta6D	88000000	89000000	17
ta6D	89000000	90000000	14
ta6D	90000000	91000000	17
ta6D	91000000	92000000	13
ta6D	92000000	93000000	17
ta6D	93000000	94000000	9
ta6D	94000000	95000000	7
ta6D	95000000	96000000	12
ta6D	96000000	97000000	6
ta6D	97000000	98000000	8
ta6D	98000000	99000000	16
ta6D	99000000	100000000	13
ta6D	100000000	101000000	11
ta6D	101000000	102000000	7
ta6D	102000000	103000000	6
ta6D	103000000	104000000	7
ta6D	104000000	105000000	6
ta6D	105000000	106000000	4
ta6D	106000000	107000000	20
ta6D	107000000	108000000	1
ta6D	108000000	109000000	14
ta6D	109000000	110000000	14
ta6D	110000000	111000000	12
ta6D	111000000	112000000	3
ta6D	112000000	113000000	15
ta6D	113000000	114000000	12
ta6D	114000000	115000000	8
ta6D	115000000	116000000	14
ta6D	116000000	117000000	10
ta6D	117000000	118000000	15
ta6D	118000000	119000000	10
ta6D	119000000	120000000	17
ta6D	120000000	121000000	19
ta6D	121000000	122000000	10
ta6D	122000000	123000000	10
ta6D	123000000	124000000	0
ta6D	124000000	125000000	13
ta6D	125000000	126000000	5
ta6D	126000000	127000000	5
ta6D	127000000	128000000	6
ta6D	128000000	129000000	26
ta6D	129000000	130000000	2
ta6D	130000000	131000000	7
ta6D	131000000	132000000	6
ta6D	132000000	133000000	10
ta6D	133000000	134000000	10
ta6D	134000000	135000000	5
ta6D	135000000	136000000	8
ta6D	136000000	137000000	9
ta6D	137000000	138000000	6
ta6D	138000000	139000000	3
ta6D	139000000	140000000	7
ta6D	140000000	141000000	4
ta6D	141000000	142000000	9
ta6D	142000000	143000000	3
ta6D	143000000	144000000	9
ta6D	144000000	145000000	6
ta6D	145000000	146000000	7
ta6D	146000000	147000000	9
ta6D	147000000	148000000	9
ta6D	148000000	149000000	2
ta6D	149000000	150000000	4
ta6D	150000000	151000000	9
ta6D	151000000	152000000	7
ta6D	152000000	153000000	5
ta6D	153000000	154000000	9
ta6D	154000000	155000000	11
ta6D	155000000	156000000	8
ta6D	156000000	157000000	3
ta6D	157000000	158000000	11
ta6D	158000000	159000000	9
ta6D	159000000	160000000	3
ta6D	160000000	161000000	8
ta6D	161000000	162000000	0
ta6D	162000000	163000000	11
ta6D	163000000	164000000	6
ta6D	164000000	165000000	12
ta6D	165000000	166000000	13
ta6D	166000000	167000000	1
ta6D	167000000	168000000	5
ta6D	168000000	169000000	5
ta6D	169000000	170000000	5
ta6D	170000000	171000000	9
ta6D	171000000	172000000	8
ta6D	172000000	173000000	5
ta6D	173000000	174000000	9
ta6D	174000000	175000000	14
ta6D	175000000	176000000	7
ta6D	176000000	177000000	2
ta6D	177000000	178000000	2
ta6D	178000000	179000000	8
ta6D	179000000	180000000	6
ta6D	180000000	181000000	7
ta6D	181000000	182000000	2
ta6D	182000000	183000000	4
ta6D	183000000	184000000	3
ta6D	184000000	185000000	4
ta6D	185000000	186000000	4
ta6D	186000000	187000000	6
ta6D	187000000	188000000	9
ta6D	188000000	189000000	15
ta6D	189000000	190000000	9
ta6D	190000000	191000000	8
ta6D	191000000	192000000	6
ta6D	192000000	193000000	6
ta6D	193000000	194000000	4
ta6D	194000000	195000000	2
ta6D	195000000	196000000	2
ta6D	196000000	197000000	3
ta6D	197000000	198000000	1
ta6D	198000000	199000000	3
ta6D	199000000	200000000	3
ta6D	200000000	201000000	3
ta6D	201000000	202000000	2
ta6D	202000000	203000000	1
ta6D	203000000	204000000	2
ta6D	204000000	205000000	2
ta6D	205000000	206000000	5
ta6D	206000000	207000000	3
ta6D	207000000	208000000	4
ta6D	208000000	209000000	4
ta6D	209000000	210000000	2
ta6D	210000000	211000000	1
ta6D	211000000	212000000	0
ta6D	212000000	213000000	2
ta6D	213000000	214000000	2
ta6D	214000000	215000000	2
ta6D	215000000	216000000	3
ta6D	216000000	217000000	3
ta6D	217000000	218000000	4
ta6D	218000000	219000000	2
ta6D	219000000	220000000	3
ta6D	220000000	221000000	2
ta6D	221000000	222000000	0
ta6D	222000000	223000000	5
ta6D	223000000	224000000	2
ta6D	224000000	225000000	1
ta6D	225000000	226000000	0
ta6D	226000000	227000000	1
ta6D	227000000	228000000	1
ta6D	228000000	229000000	2
ta6D	229000000	230000000	4
ta6D	230000000	231000000	5
ta6D	231000000	232000000	5
ta6D	232000000	233000000	1
ta6D	233000000	234000000	4
ta6D	234000000	235000000	1
ta6D	235000000	236000000	3
ta6D	236000000	237000000	1
ta6D	237000000	238000000	3
ta6D	238000000	239000000	2
ta6D	239000000	240000000	1
ta6D	240000000	241000000	2
ta6D	241000000	242000000	3
ta6D	242000000	243000000	4
ta6D	243000000	244000000	1
ta6D	244000000	245000000	3
ta6D	245000000	246000000	2
ta6D	246000000	247000000	2
ta6D	247000000	248000000	1
ta6D	248000000	249000000	4
ta6D	249000000	250000000	2
ta6D	250000000	251000000	4
ta6D	251000000	252000000	3
ta6D	252000000	253000000	3
ta6D	253000000	254000000	4
ta6D	254000000	255000000	0
ta6D	255000000	256000000	2
ta6D	256000000	257000000	2
ta6D	257000000	258000000	2
ta6D	258000000	259000000	2
ta6D	259000000	260000000	4
ta6D	260000000	261000000	2
ta6D	261000000	262000000	0
ta6D	262000000	263000000	4
ta6D	263000000	264000000	1
ta6D	264000000	265000000	3
ta6D	265000000	266000000	2
ta6D	266000000	267000000	0
ta6D	267000000	268000000	5
ta6D	268000000	269000000	4
ta6D	269000000	270000000	4
ta6D	270000000	271000000	0
ta6D	271000000	272000000	0
ta6D	272000000	273000000	4
ta6D	273000000	274000000	1
ta6D	274000000	275000000	2
ta6D	275000000	276000000	3
ta6D	276000000	277000000	1
ta6D	277000000	278000000	0
ta6D	278000000	279000000	3
ta6D	279000000	280000000	8
ta6D	280000000	281000000	1
ta6D	281000000	282000000	1
ta6D	282000000	283000000	2
ta6D	283000000	284000000	3
ta6D	284000000	285000000	2
ta6D	285000000	286000000	8
ta6D	286000000	287000000	2
ta6D	287000000	288000000	2
ta6D	288000000	289000000	4
ta6D	289000000	290000000	3
ta6D	290000000	291000000	1
ta6D	291000000	292000000	3
ta6D	292000000	293000000	10
ta6D	293000000	294000000	12
ta6D	294000000	295000000	8
ta6D	295000000	296000000	4
ta6D	296000000	297000000	5
ta6D	297000000	298000000	9
ta6D	298000000	299000000	3
ta6D	299000000	300000000	2
ta6D	300000000	301000000	9
ta6D	301000000	302000000	11
ta6D	302000000	303000000	5
ta6D	303000000	304000000	8
ta6D	304000000	305000000	6
ta6D	305000000	306000000	3
ta6D	306000000	307000000	4
ta6D	307000000	308000000	13
ta6D	308000000	309000000	8
ta6D	309000000	310000000	2
ta6D	310000000	311000000	0
ta6D	311000000	312000000	0
ta6D	312000000	313000000	0
ta6D	313000000	314000000	2
ta6D	314000000	315000000	1
ta6D	315000000	316000000	4
ta6D	316000000	317000000	3
ta6D	317000000	318000000	5
ta6D	318000000	319000000	6
ta6D	319000000	320000000	4
ta6D	320000000	321000000	3
ta6D	321000000	322000000	8
ta6D	322000000	323000000	5
ta6D	323000000	324000000	11
ta6D	324000000	325000000	12
ta6D	325000000	326000000	5
ta6D	326000000	327000000	4
ta6D	327000000	328000000	6
ta6D	328000000	329000000	10
ta6D	329000000	330000000	4
ta6D	330000000	331000000	6
ta6D	331000000	332000000	7
ta6D	332000000	333000000	5
ta6D	333000000	334000000	6
ta6D	334000000	335000000	4
ta6D	335000000	336000000	4
ta6D	336000000	337000000	9
ta6D	337000000	338000000	14
ta6D	338000000	339000000	15
ta6D	339000000	340000000	6
ta6D	340000000	341000000	13
ta6D	341000000	342000000	8
ta6D	342000000	343000000	6
ta6D	343000000	344000000	8
ta6D	344000000	345000000	7
ta6D	345000000	346000000	7
ta6D	346000000	347000000	3
ta6D	347000000	348000000	16
ta6D	348000000	349000000	12
ta6D	349000000	350000000	10
ta6D	350000000	351000000	14
ta6D	351000000	352000000	7
ta6D	352000000	353000000	5
ta6D	353000000	354000000	4
ta6D	354000000	355000000	4
ta6D	355000000	356000000	6
ta6D	356000000	357000000	7
ta6D	357000000	358000000	8
ta6D	358000000	359000000	4
ta6D	359000000	360000000	10
ta6D	360000000	361000000	6
ta6D	361000000	362000000	6
ta6D	362000000	363000000	3
ta6D	363000000	364000000	4
ta6D	364000000	365000000	6
ta6D	365000000	366000000	4
ta6D	366000000	367000000	3
ta6D	367000000	368000000	4
ta6D	368000000	369000000	3
ta6D	369000000	370000000	2
ta6D	370000000	371000000	9
ta6D	371000000	372000000	6
ta6D	372000000	373000000	8
ta6D	373000000	374000000	5
ta6D	374000000	375000000	1
ta6D	375000000	376000000	15
ta6D	376000000	377000000	9
ta6D	377000000	378000000	7
ta6D	378000000	379000000	6
ta6D	379000000	380000000	9
ta6D	380000000	381000000	9
ta6D	381000000	382000000	11
ta6D	382000000	383000000	14
ta6D	383000000	384000000	3
ta6D	384000000	385000000	8
ta6D	385000000	386000000	10
ta6D	386000000	387000000	11
ta6D	387000000	388000000	6
ta6D	388000000	389000000	8
ta6D	389000000	390000000	9
ta6D	390000000	391000000	4
ta6D	391000000	392000000	4
ta6D	392000000	393000000	16
ta6D	393000000	394000000	2
ta6D	394000000	395000000	17
ta6D	395000000	396000000	5
ta6D	396000000	397000000	6
ta6D	397000000	398000000	4
ta6D	398000000	399000000	5
ta6D	399000000	400000000	5
ta6D	400000000	401000000	3
ta6D	401000000	402000000	8
ta6D	402000000	403000000	10
ta6D	403000000	404000000	7
ta6D	404000000	405000000	10
ta6D	405000000	406000000	4
ta6D	406000000	407000000	11
ta6D	407000000	408000000	7
ta6D	408000000	409000000	8
ta6D	409000000	410000000	7
ta6D	410000000	411000000	10
ta6D	411000000	412000000	18
ta6D	412000000	413000000	16
ta6D	413000000	414000000	8
ta6D	414000000	415000000	9
ta6D	415000000	416000000	12
ta6D	416000000	417000000	5
ta6D	417000000	418000000	18
ta6D	418000000	419000000	13
ta6D	419000000	420000000	16
ta6D	420000000	421000000	6
ta6D	421000000	422000000	16
ta6D	422000000	423000000	8
ta6D	423000000	424000000	7
ta6D	424000000	425000000	7
ta6D	425000000	426000000	4
ta6D	426000000	427000000	10
ta6D	427000000	428000000	6
ta6D	428000000	429000000	8
ta6D	429000000	430000000	7
ta6D	430000000	431000000	3
ta6D	431000000	432000000	5
ta6D	432000000	433000000	15
ta6D	433000000	434000000	7
ta6D	434000000	435000000	4
ta6D	435000000	436000000	6
ta6D	436000000	437000000	9
ta6D	437000000	438000000	12
ta6D	438000000	439000000	10
ta6D	439000000	440000000	9
ta6D	440000000	441000000	13
ta6D	441000000	442000000	20
ta6D	442000000	443000000	10
ta6D	443000000	444000000	13
ta6D	444000000	445000000	7
ta6D	445000000	446000000	13
ta6D	446000000	447000000	7
ta6D	447000000	448000000	4
ta6D	448000000	449000000	1
ta6D	449000000	450000000	15
ta6D	450000000	451000000	12
ta6D	451000000	452000000	17
ta6D	452000000	453000000	16
ta6D	453000000	454000000	16
ta6D	454000000	455000000	7
ta6D	455000000	456000000	10
ta6D	456000000	457000000	7
ta6D	457000000	458000000	18
ta6D	458000000	459000000	12
ta6D	459000000	460000000	8
ta6D	460000000	461000000	24
ta6D	461000000	462000000	13
ta6D	462000000	463000000	14
ta6D	463000000	464000000	17
ta6D	464000000	465000000	15
ta6D	465000000	466000000	27
ta6D	466000000	467000000	14
ta6D	467000000	468000000	11
ta6D	468000000	469000000	14
ta6D	469000000	470000000	19
ta6D	470000000	471000000	14
ta6D	471000000	472000000	14
ta6D	472000000	473000000	8
ta6D	473000000	474000000	13
ta6D	474000000	475000000	5
ta6D	475000000	476000000	1
ta6D	476000000	477000000	11
ta6D	477000000	478000000	11
ta6D	478000000	479000000	29
ta6D	479000000	480000000	16
ta6D	480000000	481000000	17
ta6D	481000000	482000000	32
ta6D	482000000	483000000	19
ta6D	483000000	484000000	29
ta6D	484000000	485000000	15
ta6D	485000000	486000000	29
ta6D	486000000	487000000	15
ta6D	487000000	488000000	20
ta6D	488000000	489000000	24
ta6D	489000000	490000000	25
ta6D	490000000	491000000	19
ta6D	491000000	492000000	21
ta6D	492000000	493000000	12
ta6D	493000000	494000000	26
ta6D	494000000	495000000	26
ta6D	495000000	496000000	30
ta6D	496000000	497000000	24
ta6D	497000000	498000000	32
ta6D	498000000	499000000	7
ta6D	499000000	500000000	13
ta6D	500000000	501000000	38
ta6D	501000000	502000000	27
ta6D	502000000	503000000	27
ta6D	503000000	504000000	27
ta6D	504000000	505000000	14
ta6D	505000000	506000000	24
ta6D	506000000	506519885	11
ta7A	0	1000000	12
ta7A	1000000	2000000	18
ta7A	2000000	3000000	13
ta7A	3000000	4000000	11
ta7A	4000000	5000000	15
ta7A	5000000	6000000	18
ta7A	6000000	7000000	16
ta7A	7000000	8000000	17
ta7A	8000000	9000000	23
ta7A	9000000	10000000	22
ta7A	10000000	11000000	26
ta7A	11000000	12000000	24
ta7A	12000000	13000000	13
ta7A	13000000	14000000	15
ta7A	14000000	15000000	15
ta7A	15000000	16000000	10
ta7A	16000000	17000000	12
ta7A	17000000	18000000	10
ta7A	18000000	19000000	18
ta7A	19000000	20000000	30
ta7A	20000000	21000000	12
ta7A	21000000	22000000	12
ta7A	22000000	23000000	25
ta7A	23000000	24000000	16
ta7A	24000000	25000000	9
ta7A	25000000	26000000	13
ta7A	26000000	27000000	16
ta7A	27000000	28000000	2
ta7A	28000000	29000000	17
ta7A	29000000	30000000	18
ta7A	30000000	31000000	10
ta7A	31000000	32000000	14
ta7A	32000000	33000000	9
ta7A	33000000	34000000	20
ta7A	34000000	35000000	13
ta7A	35000000	36000000	11
ta7A	36000000	37000000	24
ta7A	37000000	38000000	13
ta7A	38000000	39000000	10
ta7A	39000000	40000000	12
ta7A	40000000	41000000	3
ta7A	41000000	42000000	8
ta7A	42000000	43000000	7
ta7A	43000000	44000000	11
ta7A	44000000	45000000	10
ta7A	45000000	46000000	15
ta7A	46000000	47000000	14
ta7A	47000000	48000000	3
ta7A	48000000	49000000	1
ta7A	49000000	50000000	6
ta7A	50000000	51000000	15
ta7A	51000000	52000000	17
ta7A	52000000	53000000	13
ta7A	53000000	54000000	14
ta7A	54000000	55000000	12
ta7A	55000000	56000000	8
ta7A	56000000	57000000	9
ta7A	57000000	58000000	10
ta7A	58000000	59000000	10
ta7A	59000000	60000000	14
ta7A	60000000	61000000	10
ta7A	61000000	62000000	8
ta7A	62000000	63000000	9
ta7A	63000000	64000000	10
ta7A	64000000	65000000	15
ta7A	65000000	66000000	11
ta7A	66000000	67000000	1
ta7A	67000000	68000000	12
ta7A	68000000	69000000	28
ta7A	69000000	70000000	11
ta7A	70000000	71000000	22
ta7A	71000000	72000000	12
ta7A	72000000	73000000	16
ta7A	73000000	74000000	11
ta7A	74000000	75000000	9
ta7A	75000000	76000000	13
ta7A	76000000	77000000	1
ta7A	77000000	78000000	0
ta7A	78000000	79000000	0
ta7A	79000000	80000000	8
ta7A	80000000	81000000	8
ta7A	81000000	82000000	21
ta7A	82000000	83000000	21
ta7A	83000000	84000000	17
ta7A	84000000	85000000	8
ta7A	85000000	86000000	14
ta7A	86000000	87000000	16
ta7A	87000000	88000000	11
ta7A	88000000	89000000	20
ta7A	89000000	90000000	9
ta7A	90000000	91000000	18
ta7A	91000000	92000000	11
ta7A	92000000	93000000	4
ta7A	93000000	94000000	5
ta7A	94000000	95000000	13
ta7A	95000000	96000000	18
ta7A	96000000	97000000	12
ta7A	97000000	98000000	10
ta7A	98000000	99000000	14
ta7A	99000000	100000000	10
ta7A	100000000	101000000	6
ta7A	101000000	102000000	10
ta7A	102000000	103000000	4
ta7A	103000000	104000000	5
ta7A	104000000	105000000	5
ta7A	105000000	106000000	8
ta7A	106000000	107000000	9
ta7A	107000000	108000000	3
ta7A	108000000	109000000	4
ta7A	109000000	110000000	12
ta7A	110000000	111000000	4
ta7A	111000000	112000000	4
ta7A	112000000	113000000	17
ta7A	113000000	114000000	9
ta7A	114000000	115000000	13
ta7A	115000000	116000000	11
ta7A	116000000	117000000	9
ta7A	117000000	118000000	6
ta7A	118000000	119000000	0
ta7A	119000000	120000000	5
ta7A	120000000	121000000	6
ta7A	121000000	122000000	3
ta7A	122000000	123000000	13
ta7A	123000000	124000000	17
ta7A	124000000	125000000	9
ta7A	125000000	126000000	16
ta7A	126000000	127000000	4
ta7A	127000000	128000000	10
ta7A	128000000	129000000	7
ta7A	129000000	130000000	15
ta7A	130000000	131000000	5
ta7A	131000000	132000000	3
ta7A	132000000	133000000	8
ta7A	133000000	134000000	18
ta7A	134000000	135000000	15
ta7A	135000000	136000000	16
ta7A	136000000	137000000	16
ta7A	137000000	138000000	8
ta7A	138000000	139000000	9
ta7A	139000000	140000000	5
ta7A	140000000	141000000	4
ta7A	141000000	142000000	8
ta7A	142000000	143000000	13
ta7A	143000000	144000000	5
ta7A	144000000	145000000	1
ta7A	145000000	146000000	12
ta7A	146000000	147000000	17
ta7A	147000000	148000000	8
ta7A	148000000	149000000	9
ta7A	149000000	150000000	3
ta7A	150000000	151000000	6
ta7A	151000000	152000000	5
ta7A	152000000	153000000	5
ta7A	153000000	154000000	7
ta7A	154000000	155000000	4
ta7A	155000000	156000000	5
ta7A	156000000	157000000	7
ta7A	157000000	158000000	5
ta7A	158000000	159000000	11
ta7A	159000000	160000000	13
ta7A	160000000	161000000	4
ta7A	161000000	162000000	7
ta7A	162000000	163000000	7
ta7A	163000000	164000000	15
ta7A	164000000	165000000	5
ta7A	165000000	166000000	2
ta7A	166000000	167000000	6
ta7A	167000000	168000000	6
ta7A	168000000	169000000	6
ta7A	169000000	170000000	5
ta7A	170000000	171000000	9
ta7A	171000000	172000000	8
ta7A	172000000	173000000	8
ta7A	173000000	174000000	1
ta7A	174000000	175000000	4
ta7A	175000000	176000000	4
ta7A	176000000	177000000	10
ta7A	177000000	178000000	6
ta7A	178000000	179000000	6
ta7A	179000000	180000000	2
ta7A	180000000	181000000	5
ta7A	181000000	182000000	6
ta7A	182000000	183000000	6
ta7A	183000000	184000000	10
ta7A	184000000	185000000	5
ta7A	185000000	186000000	10
ta7A	186000000	187000000	11
ta7A	187000000	188000000	5
ta7A	188000000	189000000	2
ta7A	189000000	190000000	3
ta7A	190000000	191000000	7
ta7A	191000000	192000000	6
ta7A	192000000	193000000	7
ta7A	193000000	194000000	8
ta7A	194000000	195000000	9
ta7A	195000000	196000000	5
ta7A	196000000	197000000	6
ta7A	197000000	198000000	5
ta7A	198000000	199000000	5
ta7A	199000000	200000000	9
ta7A	200000000	201000000	2
ta7A	201000000	202000000	15
ta7A	202000000	203000000	9
ta7A	203000000	204000000	5
ta7A	204000000	205000000	8
ta7A	205000000	206000000	11
ta7A	206000000	207000000	1
ta7A	207000000	208000000	2
ta7A	208000000	209000000	10
ta7A	209000000	210000000	8
ta7A	210000000	211000000	9
ta7A	211000000	212000000	6
ta7A	212000000	213000000	5
ta7A	213000000	214000000	8
ta7A	214000000	215000000	9
ta7A	215000000	216000000	7
ta7A	216000000	217000000	8
ta7A	217000000	218000000	9
ta7A	218000000	219000000	5
ta7A	219000000	220000000	6
ta7A	220000000	221000000	3
ta7A	221000000	222000000	1
ta7A	222000000	223000000	1
ta7A	223000000	224000000	8
ta7A	224000000	225000000	5
ta7A	225000000	226000000	9
ta7A	226000000	227000000	11
ta7A	227000000	228000000	5
ta7A	228000000	229000000	7
ta7A	229000000	230000000	2
ta7A	230000000	231000000	5
ta7A	231000000	232000000	6
ta7A	232000000	233000000	5
ta7A	233000000	234000000	3
ta7A	234000000	235000000	4
ta7A	235000000	236000000	6
ta7A	236000000	237000000	2
ta7A	237000000	238000000	6
ta7A	238000000	239000000	3
ta7A	239000000	240000000	6
ta7A	240000000	241000000	4
ta7A	241000000	242000000	9
ta7A	242000000	243000000	3
ta7A	243000000	244000000	5
ta7A	244000000	245000000	4
ta7A	245000000	246000000	3
ta7A	246000000	247000000	10
ta7A	247000000	248000000	1
ta7A	248000000	249000000	7
ta7A	249000000	250000000	2
ta7A	250000000	251000000	5
ta7A	251000000	252000000	4
ta7A	252000000	253000000	8
ta7A	253000000	254000000	7
ta7A	254000000	255000000	2
ta7A	255000000	256000000	7
ta7A	256000000	257000000	6
ta7A	257000000	258000000	0
ta7A	258000000	259000000	7
ta7A	259000000	260000000	9
ta7A	260000000	261000000	9
ta7A	261000000	262000000	6
ta7A	262000000	263000000	1
ta7A	263000000	264000000	4
ta7A	264000000	265000000	4
ta7A	265000000	266000000	4
ta7A	266000000	267000000	4
ta7A	267000000	268000000	2
ta7A	268000000	269000000	4
ta7A	269000000	270000000	4
ta7A	270000000	271000000	5
ta7A	271000000	272000000	6
ta7A	272000000	273000000	5
ta7A	273000000	274000000	1
ta7A	274000000	275000000	3
ta7A	275000000	276000000	4
ta7A	276000000	277000000	6
ta7A	277000000	278000000	4
ta7A	278000000	279000000	5
ta7A	279000000	280000000	7
ta7A	280000000	281000000	9
ta7A	281000000	282000000	1
ta7A	282000000	283000000	5
ta7A	283000000	284000000	3
ta7A	284000000	285000000	3
ta7A	285000000	286000000	7
ta7A	286000000	287000000	2
ta7A	287000000	288000000	1
ta7A	288000000	289000000	1
ta7A	289000000	290000000	1
ta7A	290000000	291000000	1
ta7A	291000000	292000000	2
ta7A	292000000	293000000	0
ta7A	293000000	294000000	7
ta7A	294000000	295000000	8
ta7A	295000000	296000000	7
ta7A	296000000	297000000	18
ta7A	297000000	298000000	9
ta7A	298000000	299000000	3
ta7A	299000000	300000000	5
ta7A	300000000	301000000	4
ta7A	301000000	302000000	3
ta7A	302000000	303000000	3
ta7A	303000000	304000000	4
ta7A	304000000	305000000	3
ta7A	305000000	306000000	5
ta7A	306000000	307000000	0
ta7A	307000000	308000000	3
ta7A	308000000	309000000	10
ta7A	309000000	310000000	1
ta7A	310000000	311000000	2
ta7A	311000000	312000000	0
ta7A	312000000	313000000	3
ta7A	313000000	314000000	2
ta7A	314000000	315000000	2
ta7A	315000000	316000000	2
ta7A	316000000	317000000	3
ta7A	317000000	318000000	2
ta7A	318000000	319000000	4
ta7A	319000000	320000000	2
ta7A	320000000	321000000	3
ta7A	321000000	322000000	1
ta7A	322000000	323000000	1
ta7A	323000000	324000000	1
ta7A	324000000	325000000	3
ta7A	325000000	326000000	2
ta7A	326000000	327000000	1
ta7A	327000000	328000000	0
ta7A	328000000	329000000	1
ta7A	329000000	330000000	2
ta7A	330000000	331000000	3
ta7A	331000000	332000000	0
ta7A	332000000	333000000	2
ta7A	333000000	334000000	2
ta7A	334000000	335000000	1
ta7A	335000000	336000000	1
ta7A	336000000	337000000	0
ta7A	337000000	338000000	1
ta7A	338000000	339000000	2
ta7A	339000000	340000000	2
ta7A	340000000	341000000	2
ta7A	341000000	342000000	3
ta7A	342000000	343000000	4
ta7A	343000000	344000000	1
ta7A	344000000	345000000	1
ta7A	345000000	346000000	1
ta7A	346000000	347000000	0
ta7A	347000000	348000000	1
ta7A	348000000	349000000	3
ta7A	349000000	350000000	0
ta7A	350000000	351000000	2
ta7A	351000000	352000000	4
ta7A	352000000	353000000	3
ta7A	353000000	354000000	2
ta7A	354000000	355000000	1
ta7A	355000000	356000000	0
ta7A	356000000	357000000	3
ta7A	357000000	358000000	1
ta7A	358000000	359000000	1
ta7A	359000000	360000000	1
ta7A	360000000	361000000	0
ta7A	361000000	362000000	1
ta7A	362000000	363000000	3
ta7A	363000000	364000000	1
ta7A	364000000	365000000	3
ta7A	365000000	366000000	2
ta7A	366000000	367000000	0
ta7A	367000000	368000000	1
ta7A	368000000	369000000	1
ta7A	369000000	370000000	2
ta7A	370000000	371000000	0
ta7A	371000000	372000000	0
ta7A	372000000	373000000	4
ta7A	373000000	374000000	1
ta7A	374000000	375000000	0
ta7A	375000000	376000000	2
ta7A	376000000	377000000	3
ta7A	377000000	378000000	3
ta7A	378000000	379000000	1
ta7A	379000000	380000000	4
ta7A	380000000	381000000	2
ta7A	381000000	382000000	0
ta7A	382000000	383000000	3
ta7A	383000000	384000000	1
ta7A	384000000	385000000	1
ta7A	385000000	386000000	1
ta7A	386000000	387000000	1
ta7A	387000000	388000000	3
ta7A	388000000	389000000	1
ta7A	389000000	390000000	3
ta7A	390000000	391000000	3
ta7A	391000000	392000000	5
ta7A	392000000	393000000	0
ta7A	393000000	394000000	2
ta7A	394000000	395000000	1
ta7A	395000000	396000000	0
ta7A	396000000	397000000	0
ta7A	397000000	398000000	1
ta7A	398000000	399000000	1
ta7A	399000000	400000000	1
ta7A	400000000	401000000	1
ta7A	401000000	402000000	0
ta7A	402000000	403000000	0
ta7A	403000000	404000000	2
ta7A	404000000	405000000	1
ta7A	405000000	406000000	2
ta7A	406000000	407000000	3
ta7A	407000000	408000000	0
ta7A	408000000	409000000	4
ta7A	409000000	410000000	0
ta7A	410000000	411000000	2
ta7A	411000000	412000000	0
ta7A	412000000	413000000	1
ta7A	413000000	414000000	4
ta7A	414000000	415000000	2
ta7A	415000000	416000000	2
ta7A	416000000	417000000	3
ta7A	417000000	418000000	3
ta7A	418000000	419000000	0
ta7A	419000000	420000000	2
ta7A	420000000	421000000	2
ta7A	421000000	422000000	2
ta7A	422000000	423000000	1
ta7A	423000000	424000000	1
ta7A	424000000	425000000	3
ta7A	425000000	426000000	1
ta7A	426000000	427000000	0
ta7A	427000000	428000000	0
ta7A	428000000	429000000	2
ta7A	429000000	430000000	4
ta7A	430000000	431000000	3
ta7A	431000000	432000000	2
ta7A	432000000	433000000	2
ta7A	433000000	434000000	1
ta7A	434000000	435000000	3
ta7A	435000000	436000000	1
ta7A	436000000	437000000	7
ta7A	437000000	438000000	2
ta7A	438000000	439000000	4
ta7A	439000000	440000000	7
ta7A	440000000	441000000	8
ta7A	441000000	442000000	5
ta7A	442000000	443000000	9
ta7A	443000000	444000000	4
ta7A	444000000	445000000	4
ta7A	445000000	446000000	6
ta7A	446000000	447000000	3
ta7A	447000000	448000000	6
ta7A	448000000	449000000	10
ta7A	449000000	450000000	7
ta7A	450000000	451000000	2
ta7A	451000000	452000000	5
ta7A	452000000	453000000	6
ta7A	453000000	454000000	4
ta7A	454000000	455000000	5
ta7A	455000000	456000000	6
ta7A	456000000	457000000	4
ta7A	457000000	458000000	4
ta7A	458000000	459000000	1
ta7A	459000000	460000000	10
ta7A	460000000	461000000	3
ta7A	461000000	462000000	9
ta7A	462000000	463000000	2
ta7A	463000000	464000000	3
ta7A	464000000	465000000	3
ta7A	465000000	466000000	2
ta7A	466000000	467000000	0
ta7A	467000000	468000000	2
ta7A	468000000	469000000	1
ta7A	469000000	470000000	6
ta7A	470000000	471000000	9
ta7A	471000000	472000000	9
ta7A	472000000	473000000	4
ta7A	473000000	474000000	2
ta7A	474000000	475000000	5
ta7A	475000000	476000000	5
ta7A	476000000	477000000	4
ta7A	477000000	478000000	0
ta7A	478000000	479000000	8
ta7A	479000000	480000000	1
ta7A	480000000	481000000	1
ta7A	481000000	482000000	4
ta7A	482000000	483000000	5
ta7A	483000000	484000000	7
ta7A	484000000	485000000	6
ta7A	485000000	486000000	4
ta7A	486000000	487000000	9
ta7A	487000000	488000000	3
ta7A	488000000	489000000	3
ta7A	489000000	490000000	3
ta7A	490000000	491000000	8
ta7A	491000000	492000000	0
ta7A	492000000	493000000	1
ta7A	493000000	494000000	3
ta7A	494000000	495000000	4
ta7A	495000000	496000000	3
ta7A	496000000	497000000	10
ta7A	497000000	498000000	4
ta7A	498000000	499000000	7
ta7A	499000000	500000000	10
ta7A	500000000	501000000	2
ta7A	501000000	502000000	1
ta7A	502000000	503000000	8
ta7A	503000000	504000000	6
ta7A	504000000	505000000	10
ta7A	505000000	506000000	7
ta7A	506000000	507000000	4
ta7A	507000000	508000000	9
ta7A	508000000	509000000	4
ta7A	509000000	510000000	9
ta7A	510000000	511000000	4
ta7A	511000000	512000000	3
ta7A	512000000	513000000	3
ta7A	513000000	514000000	11
ta7A	514000000	515000000	10
ta7A	515000000	516000000	4
ta7A	516000000	517000000	3
ta7A	517000000	518000000	5
ta7A	518000000	519000000	9
ta7A	519000000	520000000	5
ta7A	520000000	521000000	5
ta7A	521000000	522000000	12
ta7A	522000000	523000000	8
ta7A	523000000	524000000	6
ta7A	524000000	525000000	8
ta7A	525000000	526000000	5
ta7A	526000000	527000000	12
ta7A	527000000	528000000	6
ta7A	528000000	529000000	12
ta7A	529000000	530000000	6
ta7A	530000000	531000000	5
ta7A	531000000	532000000	5
ta7A	532000000	533000000	5
ta7A	533000000	534000000	8
ta7A	534000000	535000000	5
ta7A	535000000	536000000	1
ta7A	536000000	537000000	3
ta7A	537000000	538000000	1
ta7A	538000000	539000000	3
ta7A	539000000	540000000	3
ta7A	540000000	541000000	2
ta7A	541000000	542000000	2
ta7A	542000000	543000000	0
ta7A	543000000	544000000	1
ta7A	544000000	545000000	2
ta7A	545000000	546000000	8
ta7A	546000000	547000000	13
ta7A	547000000	548000000	2
ta7A	548000000	549000000	5
ta7A	549000000	550000000	11
ta7A	550000000	551000000	5
ta7A	551000000	552000000	14
ta7A	552000000	553000000	11
ta7A	553000000	554000000	6
ta7A	554000000	555000000	9
ta7A	555000000	556000000	11
ta7A	556000000	557000000	14
ta7A	557000000	558000000	5
ta7A	558000000	559000000	17
ta7A	559000000	560000000	8
ta7A	560000000	561000000	12
ta7A	561000000	562000000	8
ta7A	562000000	563000000	7
ta7A	563000000	564000000	0
ta7A	564000000	565000000	2
ta7A	565000000	566000000	7
ta7A	566000000	567000000	10
ta7A	567000000	568000000	6
ta7A	568000000	569000000	19
ta7A	569000000	570000000	6
ta7A	570000000	571000000	9
ta7A	571000000	572000000	7
ta7A	572000000	573000000	3
ta7A	573000000	574000000	6
ta7A	574000000	575000000	19
ta7A	575000000	576000000	4
ta7A	576000000	577000000	6
ta7A	577000000	578000000	2
ta7A	578000000	579000000	13
ta7A	579000000	580000000	8
ta7A	580000000	581000000	5
ta7A	581000000	582000000	6
ta7A	582000000	583000000	6
ta7A	583000000	584000000	5
ta7A	584000000	585000000	4
ta7A	585000000	586000000	13
ta7A	586000000	587000000	10
ta7A	587000000	588000000	7
ta7A	588000000	589000000	6
ta7A	589000000	590000000	5
ta7A	590000000	591000000	4
ta7A	591000000	592000000	7
ta7A	592000000	593000000	11
ta7A	593000000	594000000	18
ta7A	594000000	595000000	4
ta7A	595000000	596000000	3
ta7A	596000000	597000000	6
ta7A	597000000	598000000	6
ta7A	598000000	599000000	3
ta7A	599000000	600000000	1
ta7A	600000000	601000000	0
ta7A	601000000	602000000	8
ta7A	602000000	603000000	3
ta7A	603000000	604000000	4
ta7A	604000000	605000000	5
ta7A	605000000	606000000	6
ta7A	606000000	607000000	6
ta7A	607000000	608000000	6
ta7A	608000000	609000000	9
ta7A	609000000	610000000	0
ta7A	610000000	611000000	2
ta7A	611000000	612000000	2
ta7A	612000000	613000000	1
ta7A	613000000	614000000	2
ta7A	614000000	615000000	9
ta7A	615000000	616000000	10
ta7A	616000000	617000000	6
ta7A	617000000	618000000	1
ta7A	618000000	619000000	7
ta7A	619000000	620000000	2
ta7A	620000000	621000000	15
ta7A	621000000	622000000	8
ta7A	622000000	623000000	12
ta7A	623000000	624000000	13
ta7A	624000000	625000000	11
ta7A	625000000	626000000	3
ta7A	626000000	627000000	0
ta7A	627000000	628000000	4
ta7A	628000000	629000000	10
ta7A	629000000	630000000	9
ta7A	630000000	631000000	7
ta7A	631000000	632000000	9
ta7A	632000000	633000000	6
ta7A	633000000	634000000	7
ta7A	634000000	635000000	6
ta7A	635000000	636000000	5
ta7A	636000000	637000000	4
ta7A	637000000	638000000	9
ta7A	638000000	639000000	12
ta7A	639000000	640000000	10
ta7A	640000000	641000000	4
ta7A	641000000	642000000	13
ta7A	642000000	643000000	5
ta7A	643000000	644000000	3
ta7A	644000000	645000000	9
ta7A	645000000	646000000	11
ta7A	646000000	647000000	6
ta7A	647000000	648000000	15
ta7A	648000000	649000000	10
ta7A	649000000	650000000	6
ta7A	650000000	651000000	14
ta7A	651000000	652000000	7
ta7A	652000000	653000000	4
ta7A	653000000	654000000	13
ta7A	654000000	655000000	6
ta7A	655000000	656000000	12
ta7A	656000000	657000000	13
ta7A	657000000	658000000	17
ta7A	658000000	659000000	1
ta7A	659000000	660000000	7
ta7A	660000000	661000000	8
ta7A	661000000	662000000	5
ta7A	662000000	663000000	6
ta7A	663000000	664000000	3
ta7A	664000000	665000000	5
ta7A	665000000	666000000	18
ta7A	666000000	667000000	9
ta7A	667000000	668000000	6
ta7A	668000000	669000000	4
ta7A	669000000	670000000	12
ta7A	670000000	671000000	8
ta7A	671000000	672000000	7
ta7A	672000000	673000000	7
ta7A	673000000	674000000	10
ta7A	674000000	675000000	7
ta7A	675000000	676000000	4
ta7A	676000000	677000000	15
ta7A	677000000	678000000	10
ta7A	678000000	679000000	9
ta7A	679000000	680000000	12
ta7A	680000000	681000000	9
ta7A	681000000	682000000	12
ta7A	682000000	683000000	17
ta7A	683000000	684000000	10
ta7A	684000000	685000000	26
ta7A	685000000	686000000	8
ta7A	686000000	687000000	10
ta7A	687000000	688000000	11
ta7A	688000000	689000000	21
ta7A	689000000	690000000	6
ta7A	690000000	691000000	0
ta7A	691000000	692000000	11
ta7A	692000000	693000000	8
ta7A	693000000	694000000	21
ta7A	694000000	695000000	13
ta7A	695000000	696000000	10
ta7A	696000000	697000000	15
ta7A	697000000	698000000	7
ta7A	698000000	699000000	6
ta7A	699000000	700000000	1
ta7A	700000000	701000000	6
ta7A	701000000	702000000	15
ta7A	702000000	703000000	1
ta7A	703000000	704000000	12
ta7A	704000000	705000000	8
ta7A	705000000	706000000	16
ta7A	706000000	707000000	23
ta7A	707000000	708000000	11
ta7A	708000000	709000000	18
ta7A	709000000	710000000	15
ta7A	710000000	711000000	1
ta7A	711000000	712000000	2
ta7A	712000000	713000000	7
ta7A	713000000	714000000	15
ta7A	714000000	715000000	5
ta7A	715000000	716000000	9
ta7A	716000000	717000000	20
ta7A	717000000	718000000	30
ta7A	718000000	719000000	29
ta7A	719000000	720000000	3
ta7A	720000000	721000000	8
ta7A	721000000	722000000	16
ta7A	722000000	723000000	19
ta7A	723000000	724000000	10
ta7A	724000000	725000000	18
ta7A	725000000	726000000	18
ta7A	726000000	727000000	15
ta7A	727000000	728000000	5
ta7A	728000000	729000000	21
ta7A	729000000	730000000	4
ta7A	730000000	731000000	14
ta7A	731000000	732000000	10
ta7A	732000000	733000000	11
ta7A	733000000	734000000	20
ta7A	734000000	735000000	5
ta7A	735000000	736000000	12
ta7A	736000000	737000000	14
ta7A	737000000	738000000	13
ta7A	738000000	739000000	20
ta7A	739000000	740000000	9
ta7A	740000000	741000000	16
ta7A	741000000	742000000	19
ta7A	742000000	743000000	10
ta7A	743000000	744000000	16
ta7A	744000000	745000000	16
ta7A	745000000	746000000	6
ta7A	746000000	747000000	2
ta7A	747000000	748000000	9
ta7A	748000000	749000000	15
ta7A	749000000	750000000	16
ta7A	750000000	751000000	17
ta7A	751000000	752000000	12
ta7A	752000000	753000000	12
ta7A	753000000	753907715	22
ta7B	0	1000000	18
ta7B	1000000	2000000	15
ta7B	2000000	3000000	21
ta7B	3000000	4000000	13
ta7B	4000000	5000000	14
ta7B	5000000	6000000	8
ta7B	6000000	7000000	13
ta7B	7000000	8000000	14
ta7B	8000000	9000000	1
ta7B	9000000	10000000	10
ta7B	10000000	11000000	12
ta7B	11000000	12000000	4
ta7B	12000000	13000000	9
ta7B	13000000	14000000	5
ta7B	14000000	15000000	11
ta7B	15000000	16000000	7
ta7B	16000000	17000000	18
ta7B	17000000	18000000	8
ta7B	18000000	19000000	10
ta7B	19000000	20000000	6
ta7B	20000000	21000000	4
ta7B	21000000	22000000	8
ta7B	22000000	23000000	3
ta7B	23000000	24000000	2
ta7B	24000000	25000000	10
ta7B	25000000	26000000	10
ta7B	26000000	27000000	11
ta7B	27000000	28000000	4
ta7B	28000000	29000000	12
ta7B	29000000	30000000	10
ta7B	30000000	31000000	7
ta7B	31000000	32000000	9
ta7B	32000000	33000000	4
ta7B	33000000	34000000	0
ta7B	34000000	35000000	11
ta7B	35000000	36000000	10
ta7B	36000000	37000000	12
ta7B	37000000	38000000	14
ta7B	38000000	39000000	4
ta7B	39000000	40000000	11
ta7B	40000000	41000000	6
ta7B	41000000	42000000	6
ta7B	42000000	43000000	14
ta7B	43000000	44000000	10
ta7B	44000000	45000000	8
ta7B	45000000	46000000	6
ta7B	46000000	47000000	16
ta7B	47000000	48000000	7
ta7B	48000000	49000000	5
ta7B	49000000	50000000	6
ta7B	50000000	51000000	6
ta7B	51000000	52000000	5
ta7B	52000000	53000000	0
ta7B	53000000	54000000	4
ta7B	54000000	55000000	3
ta7B	55000000	56000000	6
ta7B	56000000	57000000	5
ta7B	57000000	58000000	4
ta7B	58000000	59000000	4
ta7B	59000000	60000000	7
ta7B	60000000	61000000	6
ta7B	61000000	62000000	10
ta7B	62000000	63000000	14
ta7B	63000000	64000000	11
ta7B	64000000	65000000	8
ta7B	65000000	66000000	14
ta7B	66000000	67000000	6
ta7B	67000000	68000000	1
ta7B	68000000	69000000	2
ta7B	69000000	70000000	2
ta7B	70000000	71000000	0
ta7B	71000000	72000000	9
ta7B	72000000	73000000	4
ta7B	73000000	74000000	8
ta7B	74000000	75000000	8
ta7B	75000000	76000000	6
ta7B	76000000	77000000	16
ta7B	77000000	78000000	6
ta7B	78000000	79000000	9
ta7B	79000000	80000000	2
ta7B	80000000	81000000	2
ta7B	81000000	82000000	6
ta7B	82000000	83000000	8
ta7B	83000000	84000000	6
ta7B	84000000	85000000	4
ta7B	85000000	86000000	4
ta7B	86000000	87000000	4
ta7B	87000000	88000000	6
ta7B	88000000	89000000	8
ta7B	89000000	90000000	7
ta7B	90000000	91000000	8
ta7B	91000000	92000000	7
ta7B	92000000	93000000	11
ta7B	93000000	94000000	9
ta7B	94000000	95000000	3
ta7B	95000000	96000000	10
ta7B	96000000	97000000	5
ta7B	97000000	98000000	6
ta7B	98000000	99000000	8
ta7B	99000000	100000000	3
ta7B	100000000	101000000	8
ta7B	101000000	102000000	9
ta7B	102000000	103000000	1
ta7B	103000000	104000000	8
ta7B	104000000	105000000	5
ta7B	105000000	106000000	2
ta7B	106000000	107000000	4
ta7B	107000000	108000000	12
ta7B	108000000	109000000	16
ta7B	109000000	110000000	10
ta7B	110000000	111000000	9
ta7B	111000000	112000000	6
ta7B	112000000	113000000	8
ta7B	113000000	114000000	4
ta7B	114000000	115000000	2
ta7B	115000000	116000000	11
ta7B	116000000	117000000	8
ta7B	117000000	118000000	13
ta7B	118000000	119000000	5
ta7B	119000000	120000000	12
ta7B	120000000	121000000	10
ta7B	121000000	122000000	3
ta7B	122000000	123000000	3
ta7B	123000000	124000000	10
ta7B	124000000	125000000	4
ta7B	125000000	126000000	6
ta7B	126000000	127000000	5
ta7B	127000000	128000000	7
ta7B	128000000	129000000	14
ta7B	129000000	130000000	14
ta7B	130000000	131000000	4
ta7B	131000000	132000000	5
ta7B	132000000	133000000	7
ta7B	133000000	134000000	7
ta7B	134000000	135000000	7
ta7B	135000000	136000000	3
ta7B	136000000	137000000	7
ta7B	137000000	138000000	5
ta7B	138000000	139000000	11
ta7B	139000000	140000000	4
ta7B	140000000	141000000	3
ta7B	141000000	142000000	5
ta7B	142000000	143000000	10
ta7B	143000000	144000000	7
ta7B	144000000	145000000	3
ta7B	145000000	146000000	6
ta7B	146000000	147000000	5
ta7B	147000000	148000000	5
ta7B	148000000	149000000	5
ta7B	149000000	150000000	8
ta7B	150000000	151000000	13
ta7B	151000000	152000000	6
ta7B	152000000	153000000	2
ta7B	153000000	154000000	0
ta7B	154000000	155000000	6
ta7B	155000000	156000000	8
ta7B	156000000	157000000	6
ta7B	157000000	158000000	10
ta7B	158000000	159000000	6
ta7B	159000000	160000000	7
ta7B	160000000	161000000	7
ta7B	161000000	162000000	7
ta7B	162000000	163000000	8
ta7B	163000000	164000000	3
ta7B	164000000	165000000	5
ta7B	165000000	166000000	5
ta7B	166000000	167000000	3
ta7B	167000000	168000000	7
ta7B	168000000	169000000	3
ta7B	169000000	170000000	8
ta7B	170000000	171000000	5
ta7B	171000000	172000000	5
ta7B	172000000	173000000	4
ta7B	173000000	174000000	3
ta7B	174000000	175000000	1
ta7B	175000000	176000000	10
ta7B	176000000	177000000	6
ta7B	177000000	178000000	5
ta7B	178000000	179000000	7
ta7B	179000000	180000000	3
ta7B	180000000	181000000	2
ta7B	181000000	182000000	4
ta7B	182000000	183000000	6
ta7B	183000000	184000000	6
ta7B	184000000	185000000	0
ta7B	185000000	186000000	2
ta7B	186000000	187000000	5
ta7B	187000000	188000000	9
ta7B	188000000	189000000	3
ta7B	189000000	190000000	6
ta7B	190000000	191000000	1
ta7B	191000000	192000000	5
ta7B	192000000	193000000	9
ta7B	193000000	194000000	1
ta7B	194000000	195000000	6
ta7B	195000000	196000000	1
ta7B	196000000	197000000	4
ta7B	197000000	198000000	5
ta7B	198000000	199000000	3
ta7B	199000000	200000000	6
ta7B	200000000	201000000	3
ta7B	201000000	202000000	5
ta7B	202000000	203000000	4
ta7B	203000000	204000000	3
ta7B	204000000	205000000	5
ta7B	205000000	206000000	1
ta7B	206000000	207000000	8
ta7B	207000000	208000000	3
ta7B	208000000	209000000	3
ta7B	209000000	210000000	9
ta7B	210000000	211000000	0
ta7B	211000000	212000000	9
ta7B	212000000	213000000	5
ta7B	213000000	214000000	7
ta7B	214000000	215000000	4
ta7B	215000000	216000000	4
ta7B	216000000	217000000	6
ta7B	217000000	218000000	4
ta7B	218000000	219000000	6
ta7B	219000000	220000000	1
ta7B	220000000	221000000	2
ta7B	221000000	222000000	2
ta7B	222000000	223000000	2
ta7B	223000000	224000000	9
ta7B	224000000	225000000	5
ta7B	225000000	226000000	10
ta7B	226000000	227000000	7
ta7B	227000000	228000000	3
ta7B	228000000	229000000	1
ta7B	229000000	230000000	7
ta7B	230000000	231000000	3
ta7B	231000000	232000000	4
ta7B	232000000	233000000	5
ta7B	233000000	234000000	2
ta7B	234000000	235000000	6
ta7B	235000000	236000000	5
ta7B	236000000	237000000	2
ta7B	237000000	238000000	3
ta7B	238000000	239000000	9
ta7B	239000000	240000000	6
ta7B	240000000	241000000	5
ta7B	241000000	242000000	7
ta7B	242000000	243000000	5
ta7B	243000000	244000000	3
ta7B	244000000	245000000	3
ta7B	245000000	246000000	5
ta7B	246000000	247000000	1
ta7B	247000000	248000000	4
ta7B	248000000	249000000	1
ta7B	249000000	250000000	2
ta7B	250000000	251000000	2
ta7B	251000000	252000000	1
ta7B	252000000	253000000	2
ta7B	253000000	254000000	5
ta7B	254000000	255000000	3
ta7B	255000000	256000000	7
ta7B	256000000	257000000	5
ta7B	257000000	258000000	24
ta7B	258000000	259000000	8
ta7B	259000000	260000000	4
ta7B	260000000	261000000	6
ta7B	261000000	262000000	3
ta7B	262000000	263000000	1
ta7B	263000000	264000000	1
ta7B	264000000	265000000	2
ta7B	265000000	266000000	1
ta7B	266000000	267000000	6
ta7B	267000000	268000000	3
ta7B	268000000	269000000	2
ta7B	269000000	270000000	0
ta7B	270000000	271000000	1
ta7B	271000000	272000000	1
ta7B	272000000	273000000	2
ta7B	273000000	274000000	0
ta7B	274000000	275000000	3
ta7B	275000000	276000000	1
ta7B	276000000	277000000	5
ta7B	277000000	278000000	0
ta7B	278000000	279000000	3
ta7B	279000000	280000000	1
ta7B	280000000	281000000	3
ta7B	281000000	282000000	0
ta7B	282000000	283000000	1
ta7B	283000000	284000000	3
ta7B	284000000	285000000	2
ta7B	285000000	286000000	2
ta7B	286000000	287000000	3
ta7B	287000000	288000000	1
ta7B	288000000	289000000	0
ta7B	289000000	290000000	1
ta7B	290000000	291000000	3
ta7B	291000000	292000000	1
ta7B	292000000	293000000	1
ta7B	293000000	294000000	0
ta7B	294000000	295000000	1
ta7B	295000000	296000000	1
ta7B	296000000	297000000	2
ta7B	297000000	298000000	1
ta7B	298000000	299000000	3
ta7B	299000000	300000000	0
ta7B	300000000	301000000	2
ta7B	301000000	302000000	2
ta7B	302000000	303000000	2
ta7B	303000000	304000000	0
ta7B	304000000	305000000	3
ta7B	305000000	306000000	1
ta7B	306000000	307000000	2
ta7B	307000000	308000000	4
ta7B	308000000	309000000	1
ta7B	309000000	310000000	0
ta7B	310000000	311000000	0
ta7B	311000000	312000000	0
ta7B	312000000	313000000	0
ta7B	313000000	314000000	0
ta7B	314000000	315000000	1
ta7B	315000000	316000000	2
ta7B	316000000	317000000	2
ta7B	317000000	318000000	2
ta7B	318000000	319000000	2
ta7B	319000000	320000000	3
ta7B	320000000	321000000	0
ta7B	321000000	322000000	3
ta7B	322000000	323000000	1
ta7B	323000000	324000000	2
ta7B	324000000	325000000	3
ta7B	325000000	326000000	2
ta7B	326000000	327000000	2
ta7B	327000000	328000000	0
ta7B	328000000	329000000	3
ta7B	329000000	330000000	2
ta7B	330000000	331000000	1
ta7B	331000000	332000000	1
ta7B	332000000	333000000	4
ta7B	333000000	334000000	1
ta7B	334000000	335000000	1
ta7B	335000000	336000000	1
ta7B	336000000	337000000	4
ta7B	337000000	338000000	5
ta7B	338000000	339000000	2
ta7B	339000000	340000000	2
ta7B	340000000	341000000	3
ta7B	341000000	342000000	1
ta7B	342000000	343000000	2
ta7B	343000000	344000000	3
ta7B	344000000	345000000	2
ta7B	345000000	346000000	1
ta7B	346000000	347000000	1
ta7B	347000000	348000000	1
ta7B	348000000	349000000	2
ta7B	349000000	350000000	2
ta7B	350000000	351000000	2
ta7B	351000000	352000000	3
ta7B	352000000	353000000	2
ta7B	353000000	354000000	4
ta7B	354000000	355000000	2
ta7B	355000000	356000000	1
ta7B	356000000	357000000	1
ta7B	357000000	358000000	1
ta7B	358000000	359000000	2
ta7B	359000000	360000000	2
ta7B	360000000	361000000	0
ta7B	361000000	362000000	2
ta7B	362000000	363000000	2
ta7B	363000000	364000000	3
ta7B	364000000	365000000	0
ta7B	365000000	366000000	3
ta7B	366000000	367000000	1
ta7B	367000000	368000000	4
ta7B	368000000	369000000	1
ta7B	369000000	370000000	2
ta7B	370000000	371000000	2
ta7B	371000000	372000000	3
ta7B	372000000	373000000	2
ta7B	373000000	374000000	6
ta7B	374000000	375000000	2
ta7B	375000000	376000000	3
ta7B	376000000	377000000	6
ta7B	377000000	378000000	8
ta7B	378000000	379000000	1
ta7B	379000000	380000000	9
ta7B	380000000	381000000	4
ta7B	381000000	382000000	11
ta7B	382000000	383000000	3
ta7B	383000000	384000000	2
ta7B	384000000	385000000	4
ta7B	385000000	386000000	9
ta7B	386000000	387000000	8
ta7B	387000000	388000000	13
ta7B	388000000	389000000	5
ta7B	389000000	390000000	4
ta7B	390000000	391000000	6
ta7B	391000000	392000000	5
ta7B	392000000	393000000	5
ta7B	393000000	394000000	4
ta7B	394000000	395000000	3
ta7B	395000000	396000000	1
ta7B	396000000	397000000	1
ta7B	397000000	398000000	3
ta7B	398000000	399000000	5
ta7B	399000000	400000000	5
ta7B	400000000	401000000	6
ta7B	401000000	402000000	2
ta7B	402000000	403000000	2
ta7B	403000000	404000000	1
ta7B	404000000	405000000	3
ta7B	405000000	406000000	8
ta7B	406000000	407000000	6
ta7B	407000000	408000000	0
ta7B	408000000	409000000	4
ta7B	409000000	410000000	1
ta7B	410000000	411000000	1
ta7B	411000000	412000000	1
ta7B	412000000	413000000	0
ta7B	413000000	414000000	3
ta7B	414000000	415000000	3
ta7B	415000000	416000000	7
ta7B	416000000	417000000	10
ta7B	417000000	418000000	5
ta7B	418000000	419000000	9
ta7B	419000000	420000000	1
ta7B	420000000	421000000	2
ta7B	421000000	422000000	3
ta7B	422000000	423000000	2
ta7B	423000000	424000000	5
ta7B	424000000	425000000	5
ta7B	425000000	426000000	0
ta7B	426000000	427000000	1
ta7B	427000000	428000000	0
ta7B	428000000	429000000	2
ta7B	429000000	430000000	8
ta7B	430000000	431000000	3
ta7B	431000000	432000000	8
ta7B	432000000	433000000	15
ta7B	433000000	434000000	7
ta7B	434000000	435000000	6
ta7B	435000000	436000000	0
ta7B	436000000	437000000	8
ta7B	437000000	438000000	1
ta7B	438000000	439000000	6
ta7B	439000000	440000000	3
ta7B	440000000	441000000	9
ta7B	441000000	442000000	7
ta7B	442000000	443000000	7
ta7B	443000000	444000000	4
ta7B	444000000	445000000	5
ta7B	445000000	446000000	12
ta7B	446000000	447000000	7
ta7B	447000000	448000000	4
ta7B	448000000	449000000	8
ta7B	449000000	450000000	7
ta7B	450000000	451000000	7
ta7B	451000000	452000000	1
ta7B	452000000	453000000	5
ta7B	453000000	454000000	3
ta7B	454000000	455000000	5
ta7B	455000000	456000000	9
ta7B	456000000	457000000	8
ta7B	457000000	458000000	6
ta7B	458000000	459000000	14
ta7B	459000000	460000000	9
ta7B	460000000	461000000	2
ta7B	461000000	462000000	3
ta7B	462000000	463000000	9
ta7B	463000000	464000000	8
ta7B	464000000	465000000	5
ta7B	465000000	466000000	4
ta7B	466000000	467000000	10
ta7B	467000000	468000000	7
ta7B	468000000	469000000	7
ta7B	469000000	470000000	5
ta7B	470000000	471000000	7
ta7B	471000000	472000000	7
ta7B	472000000	473000000	8
ta7B	473000000	474000000	6
ta7B	474000000	475000000	2
ta7B	475000000	476000000	1
ta7B	476000000	477000000	2
ta7B	477000000	478000000	4
ta7B	478000000	479000000	2
ta7B	479000000	480000000	6
ta7B	480000000	481000000	6
ta7B	481000000	482000000	2
ta7B	482000000	483000000	3
ta7B	483000000	484000000	4
ta7B	484000000	485000000	9
ta7B	485000000	486000000	11
ta7B	486000000	487000000	8
ta7B	487000000	488000000	7
ta7B	488000000	489000000	5
ta7B	489000000	490000000	10
ta7B	490000000	491000000	4
ta7B	491000000	492000000	2
ta7B	492000000	493000000	2
ta7B	493000000	494000000	11
ta7B	494000000	495000000	4
ta7B	495000000	496000000	8
ta7B	496000000	497000000	5
ta7B	497000000	498000000	5
ta7B	498000000	499000000	3
ta7B	499000000	500000000	5
ta7B	500000000	501000000	8
ta7B	501000000	502000000	2
ta7B	502000000	503000000	1
ta7B	503000000	504000000	12
ta7B	504000000	505000000	5
ta7B	505000000	506000000	7
ta7B	506000000	507000000	4
ta7B	507000000	508000000	3
ta7B	508000000	509000000	10
ta7B	509000000	510000000	7
ta7B	510000000	511000000	8
ta7B	511000000	512000000	7
ta7B	512000000	513000000	7
ta7B	513000000	514000000	3
ta7B	514000000	515000000	6
ta7B	515000000	516000000	1
ta7B	516000000	517000000	8
ta7B	517000000	518000000	2
ta7B	518000000	519000000	11
ta7B	519000000	520000000	3
ta7B	520000000	521000000	0
ta7B	521000000	522000000	11
ta7B	522000000	523000000	8
ta7B	523000000	524000000	13
ta7B	524000000	525000000	2
ta7B	525000000	526000000	6
ta7B	526000000	527000000	9
ta7B	527000000	528000000	6
ta7B	528000000	529000000	8
ta7B	529000000	530000000	12
ta7B	530000000	531000000	1
ta7B	531000000	532000000	13
ta7B	532000000	533000000	7
ta7B	533000000	534000000	4
ta7B	534000000	535000000	4
ta7B	535000000	536000000	1
ta7B	536000000	537000000	9
ta7B	537000000	538000000	4
ta7B	538000000	539000000	7
ta7B	539000000	540000000	9
ta7B	540000000	541000000	9
ta7B	541000000	542000000	6
ta7B	542000000	543000000	13
ta7B	543000000	544000000	6
ta7B	544000000	545000000	17
ta7B	545000000	546000000	12
ta7B	546000000	547000000	3
ta7B	547000000	548000000	5
ta7B	548000000	549000000	1
ta7B	549000000	550000000	1
ta7B	550000000	551000000	4
ta7B	551000000	552000000	6
ta7B	552000000	553000000	7
ta7B	553000000	554000000	3
ta7B	554000000	555000000	3
ta7B	555000000	556000000	3
ta7B	556000000	557000000	4
ta7B	557000000	558000000	5
ta7B	558000000	559000000	8
ta7B	559000000	560000000	10
ta7B	560000000	561000000	10
ta7B	561000000	562000000	1
ta7B	562000000	563000000	5
ta7B	563000000	564000000	7
ta7B	564000000	565000000	6
ta7B	565000000	566000000	7
ta7B	566000000	567000000	3
ta7B	567000000	568000000	7
ta7B	568000000	569000000	4
ta7B	569000000	570000000	3
ta7B	570000000	571000000	2
ta7B	571000000	572000000	1
ta7B	572000000	573000000	8
ta7B	573000000	574000000	4
ta7B	574000000	575000000	8
ta7B	575000000	576000000	4
ta7B	576000000	577000000	8
ta7B	577000000	578000000	0
ta7B	578000000	579000000	10
ta7B	579000000	580000000	10
ta7B	580000000	581000000	4
ta7B	581000000	582000000	3
ta7B	582000000	583000000	0
ta7B	583000000	584000000	7
ta7B	584000000	585000000	5
ta7B	585000000	586000000	6
ta7B	586000000	587000000	4
ta7B	587000000	588000000	9
ta7B	588000000	589000000	5
ta7B	589000000	590000000	5
ta7B	590000000	591000000	11
ta7B	591000000	592000000	4
ta7B	592000000	593000000	5
ta7B	593000000	594000000	7
ta7B	594000000	595000000	7
ta7B	595000000	596000000	7
ta7B	596000000	597000000	6
ta7B	597000000	598000000	7
ta7B	598000000	599000000	8
ta7B	599000000	600000000	16
ta7B	600000000	601000000	13
ta7B	601000000	602000000	8
ta7B	602000000	603000000	6
ta7B	603000000	604000000	6
ta7B	604000000	605000000	11
ta7B	605000000	606000000	7
ta7B	606000000	607000000	3
ta7B	607000000	608000000	4
ta7B	608000000	609000000	11
ta7B	609000000	610000000	6
ta7B	610000000	611000000	2
ta7B	611000000	612000000	11
ta7B	612000000	613000000	6
ta7B	613000000	614000000	13
ta7B	614000000	615000000	6
ta7B	615000000	616000000	11
ta7B	616000000	617000000	6
ta7B	617000000	618000000	3
ta7B	618000000	619000000	5
ta7B	619000000	620000000	8
ta7B	620000000	621000000	5
ta7B	621000000	622000000	3
ta7B	622000000	623000000	3
ta7B	623000000	624000000	1
ta7B	624000000	625000000	3
ta7B	625000000	626000000	3
ta7B	626000000	627000000	4
ta7B	627000000	628000000	3
ta7B	628000000	629000000	5
ta7B	629000000	630000000	10
ta7B	630000000	631000000	4
ta7B	631000000	632000000	10
ta7B	632000000	633000000	6
ta7B	633000000	634000000	10
ta7B	634000000	635000000	4
ta7B	635000000	636000000	8
ta7B	636000000	637000000	4
ta7B	637000000	638000000	8
ta7B	638000000	639000000	6
ta7B	639000000	640000000	9
ta7B	640000000	641000000	2
ta7B	641000000	642000000	15
ta7B	642000000	643000000	19
ta7B	643000000	644000000	9
ta7B	644000000	645000000	5
ta7B	645000000	646000000	5
ta7B	646000000	647000000	10
ta7B	647000000	648000000	10
ta7B	648000000	649000000	15
ta7B	649000000	650000000	10
ta7B	650000000	651000000	15
ta7B	651000000	652000000	11
ta7B	652000000	653000000	11
ta7B	653000000	654000000	3
ta7B	654000000	655000000	10
ta7B	655000000	656000000	7
ta7B	656000000	657000000	5
ta7B	657000000	658000000	8
ta7B	658000000	659000000	6
ta7B	659000000	660000000	11
ta7B	660000000	661000000	8
ta7B	661000000	662000000	2
ta7B	662000000	663000000	8
ta7B	663000000	664000000	7
ta7B	664000000	665000000	3
ta7B	665000000	666000000	8
ta7B	666000000	667000000	8
ta7B	667000000	668000000	15
ta7B	668000000	669000000	11
ta7B	669000000	670000000	9
ta7B	670000000	671000000	1
ta7B	671000000	672000000	10
ta7B	672000000	673000000	11
ta7B	673000000	674000000	10
ta7B	674000000	675000000	6
ta7B	675000000	676000000	8
ta7B	676000000	677000000	15
ta7B	677000000	678000000	5
ta7B	678000000	679000000	2
ta7B	679000000	680000000	1
ta7B	680000000	681000000	1
ta7B	681000000	682000000	16
ta7B	682000000	683000000	8
ta7B	683000000	684000000	8
ta7B	684000000	685000000	6
ta7B	685000000	686000000	4
ta7B	686000000	687000000	6
ta7B	687000000	688000000	9
ta7B	688000000	689000000	6
ta7B	689000000	690000000	7
ta7B	690000000	691000000	15
ta7B	691000000	692000000	2
ta7B	692000000	693000000	13
ta7B	693000000	694000000	14
ta7B	694000000	695000000	3
ta7B	695000000	696000000	5
ta7B	696000000	697000000	4
ta7B	697000000	698000000	3
ta7B	698000000	699000000	8
ta7B	699000000	700000000	9
ta7B	700000000	701000000	10
ta7B	701000000	702000000	6
ta7B	702000000	703000000	5
ta7B	703000000	704000000	8
ta7B	704000000	705000000	15
ta7B	705000000	706000000	5
ta7B	706000000	707000000	4
ta7B	707000000	708000000	5
ta7B	708000000	709000000	9
ta7B	709000000	710000000	16
ta7B	710000000	711000000	8
ta7B	711000000	712000000	19
ta7B	712000000	713000000	16
ta7B	713000000	714000000	12
ta7B	714000000	715000000	15
ta7B	715000000	716000000	8
ta7B	716000000	717000000	17
ta7B	717000000	718000000	7
ta7B	718000000	719000000	4
ta7B	719000000	720000000	7
ta7B	720000000	721000000	10
ta7B	721000000	722000000	7
ta7B	722000000	723000000	18
ta7B	723000000	724000000	22
ta7B	724000000	725000000	14
ta7B	725000000	726000000	12
ta7B	726000000	727000000	13
ta7B	727000000	728000000	11
ta7B	728000000	729000000	5
ta7B	729000000	730000000	18
ta7B	730000000	731000000	20
ta7B	731000000	732000000	6
ta7B	732000000	733000000	7
ta7B	733000000	734000000	10
ta7B	734000000	735000000	12
ta7B	735000000	736000000	5
ta7B	736000000	737000000	3
ta7B	737000000	738000000	16
ta7B	738000000	739000000	8
ta7B	739000000	740000000	10
ta7B	740000000	741000000	7
ta7B	741000000	742000000	16
ta7B	742000000	743000000	17
ta7B	743000000	744000000	10
ta7B	744000000	745000000	13
ta7B	745000000	746000000	11
ta7B	746000000	747000000	6
ta7B	747000000	748000000	12
ta7B	748000000	749000000	18
ta7B	749000000	750000000	21
ta7B	750000000	751000000	9
ta7B	751000000	752000000	1
ta7B	752000000	753000000	2
ta7B	753000000	754000000	2
ta7B	754000000	755000000	3
ta7B	755000000	756000000	10
ta7B	756000000	757000000	8
ta7B	757000000	758000000	8
ta7B	758000000	759000000	22
ta7B	759000000	760000000	16
ta7B	760000000	761000000	15
ta7B	761000000	762000000	20
ta7B	762000000	763000000	8
ta7B	763000000	764000000	22
ta7B	764000000	765000000	20
ta7B	765000000	765614999	12
ta7D	0	1000000	21
ta7D	1000000	2000000	16
ta7D	2000000	3000000	20
ta7D	3000000	4000000	36
ta7D	4000000	5000000	19
ta7D	5000000	6000000	24
ta7D	6000000	7000000	28
ta7D	7000000	8000000	22
ta7D	8000000	9000000	19
ta7D	9000000	10000000	29
ta7D	10000000	11000000	21
ta7D	11000000	12000000	15
ta7D	12000000	13000000	20
ta7D	13000000	14000000	7
ta7D	14000000	15000000	11
ta7D	15000000	16000000	12
ta7D	16000000	17000000	23
ta7D	17000000	18000000	22
ta7D	18000000	19000000	13
ta7D	19000000	20000000	14
ta7D	20000000	21000000	21
ta7D	21000000	22000000	31
ta7D	22000000	23000000	14
ta7D	23000000	24000000	5
ta7D	24000000	25000000	11
ta7D	25000000	26000000	12
ta7D	26000000	27000000	11
ta7D	27000000	28000000	21
ta7D	28000000	29000000	20
ta7D	29000000	30000000	15
ta7D	30000000	31000000	17
ta7D	31000000	32000000	12
ta7D	32000000	33000000	7
ta7D	33000000	34000000	22
ta7D	34000000	35000000	19
ta7D	35000000	36000000	21
ta7D	36000000	37000000	13
ta7D	37000000	38000000	13
ta7D	38000000	39000000	15
ta7D	39000000	40000000	12
ta7D	40000000	41000000	11
ta7D	41000000	42000000	4
ta7D	42000000	43000000	4
ta7D	43000000	44000000	16
ta7D	44000000	45000000	14
ta7D	45000000	46000000	9
ta7D	46000000	47000000	12
ta7D	47000000	48000000	15
ta7D	48000000	49000000	20
ta7D	49000000	50000000	7
ta7D	50000000	51000000	15
ta7D	51000000	52000000	25
ta7D	52000000	53000000	18
ta7D	53000000	54000000	17
ta7D	54000000	55000000	9
ta7D	55000000	56000000	10
ta7D	56000000	57000000	7
ta7D	57000000	58000000	17
ta7D	58000000	59000000	16
ta7D	59000000	60000000	31
ta7D	60000000	61000000	19
ta7D	61000000	62000000	14
ta7D	62000000	63000000	13
ta7D	63000000	64000000	8
ta7D	64000000	65000000	28
ta7D	65000000	66000000	18
ta7D	66000000	67000000	20
ta7D	67000000	68000000	6
ta7D	68000000	69000000	12
ta7D	69000000	70000000	28
ta7D	70000000	71000000	17
ta7D	71000000	72000000	15
ta7D	72000000	73000000	16
ta7D	73000000	74000000	2
ta7D	74000000	75000000	12
ta7D	75000000	76000000	24
ta7D	76000000	77000000	15
ta7D	77000000	78000000	8
ta7D	78000000	79000000	14
ta7D	79000000	80000000	13
ta7D	80000000	81000000	11
ta7D	81000000	82000000	8
ta7D	82000000	83000000	13
ta7D	83000000	84000000	11
ta7D	84000000	85000000	18
ta7D	85000000	86000000	13
ta7D	86000000	87000000	15
ta7D	87000000	88000000	13
ta7D	88000000	89000000	11
ta7D	89000000	90000000	24
ta7D	90000000	91000000	11
ta7D	91000000	92000000	11
ta7D	92000000	93000000	11
ta7D	93000000	94000000	13
ta7D	94000000	95000000	15
ta7D	95000000	96000000	22
ta7D	96000000	97000000	18
ta7D	97000000	98000000	17
ta7D	98000000	99000000	18
ta7D	99000000	100000000	7
ta7D	100000000	101000000	10
ta7D	101000000	102000000	5
ta7D	102000000	103000000	6
ta7D	103000000	104000000	3
ta7D	104000000	105000000	8
ta7D	105000000	106000000	2
ta7D	106000000	107000000	7
ta7D	107000000	108000000	18
ta7D	108000000	109000000	19
ta7D	109000000	110000000	11
ta7D	110000000	111000000	12
ta7D	111000000	112000000	14
ta7D	112000000	113000000	12
ta7D	113000000	114000000	6
ta7D	114000000	115000000	2
ta7D	115000000	116000000	4
ta7D	116000000	117000000	5
ta7D	117000000	118000000	9
ta7D	118000000	119000000	17
ta7D	119000000	120000000	13
ta7D	120000000	121000000	17
ta7D	121000000	122000000	7
ta7D	122000000	123000000	7
ta7D	123000000	124000000	11
ta7D	124000000	125000000	3
ta7D	125000000	126000000	10
ta7D	126000000	127000000	6
ta7D	127000000	128000000	8
ta7D	128000000	129000000	4
ta7D	129000000	130000000	5
ta7D	130000000	131000000	4
ta7D	131000000	132000000	14
ta7D	132000000	133000000	15
ta7D	133000000	134000000	3
ta7D	134000000	135000000	13
ta7D	135000000	136000000	16
ta7D	136000000	137000000	8
ta7D	137000000	138000000	10
ta7D	138000000	139000000	1
ta7D	139000000	140000000	8
ta7D	140000000	141000000	9
ta7D	141000000	142000000	10
ta7D	142000000	143000000	9
ta7D	143000000	144000000	17
ta7D	144000000	145000000	11
ta7D	145000000	146000000	8
ta7D	146000000	147000000	19
ta7D	147000000	148000000	9
ta7D	148000000	149000000	14
ta7D	149000000	150000000	9
ta7D	150000000	151000000	3
ta7D	151000000	152000000	2
ta7D	152000000	153000000	3
ta7D	153000000	154000000	0
ta7D	154000000	155000000	11
ta7D	155000000	156000000	6
ta7D	156000000	157000000	7
ta7D	157000000	158000000	6
ta7D	158000000	159000000	2
ta7D	159000000	160000000	14
ta7D	160000000	161000000	8
ta7D	161000000	162000000	8
ta7D	162000000	163000000	14
ta7D	163000000	164000000	9
ta7D	164000000	165000000	10
ta7D	165000000	166000000	8
ta7D	166000000	167000000	2
ta7D	167000000	168000000	12
ta7D	168000000	169000000	11
ta7D	169000000	170000000	15
ta7D	170000000	171000000	16
ta7D	171000000	172000000	19
ta7D	172000000	173000000	7
ta7D	173000000	174000000	13
ta7D	174000000	175000000	7
ta7D	175000000	176000000	11
ta7D	176000000	177000000	9
ta7D	177000000	178000000	8
ta7D	178000000	179000000	9
ta7D	179000000	180000000	11
ta7D	180000000	181000000	6
ta7D	181000000	182000000	4
ta7D	182000000	183000000	11
ta7D	183000000	184000000	10
ta7D	184000000	185000000	13
ta7D	185000000	186000000	3
ta7D	186000000	187000000	9
ta7D	187000000	188000000	9
ta7D	188000000	189000000	12
ta7D	189000000	190000000	7
ta7D	190000000	191000000	9
ta7D	191000000	192000000	8
ta7D	192000000	193000000	15
ta7D	193000000	194000000	20
ta7D	194000000	195000000	12
ta7D	195000000	196000000	7
ta7D	196000000	197000000	10
ta7D	197000000	198000000	8
ta7D	198000000	199000000	6
ta7D	199000000	200000000	7
ta7D	200000000	201000000	9
ta7D	201000000	202000000	8
ta7D	202000000	203000000	11
ta7D	203000000	204000000	8
ta7D	204000000	205000000	4
ta7D	205000000	206000000	9
ta7D	206000000	207000000	5
ta7D	207000000	208000000	10
ta7D	208000000	209000000	4
ta7D	209000000	210000000	6
ta7D	210000000	211000000	7
ta7D	211000000	212000000	6
ta7D	212000000	213000000	10
ta7D	213000000	214000000	16
ta7D	214000000	215000000	7
ta7D	215000000	216000000	10
ta7D	216000000	217000000	4
ta7D	217000000	218000000	1
ta7D	218000000	219000000	6
ta7D	219000000	220000000	3
ta7D	220000000	221000000	1
ta7D	221000000	222000000	6
ta7D	222000000	223000000	8
ta7D	223000000	224000000	9
ta7D	224000000	225000000	3
ta7D	225000000	226000000	3
ta7D	226000000	227000000	5
ta7D	227000000	228000000	4
ta7D	228000000	229000000	15
ta7D	229000000	230000000	9
ta7D	230000000	231000000	8
ta7D	231000000	232000000	5
ta7D	232000000	233000000	8
ta7D	233000000	234000000	1
ta7D	234000000	235000000	5
ta7D	235000000	236000000	7
ta7D	236000000	237000000	3
ta7D	237000000	238000000	5
ta7D	238000000	239000000	7
ta7D	239000000	240000000	4
ta7D	240000000	241000000	3
ta7D	241000000	242000000	7
ta7D	242000000	243000000	11
ta7D	243000000	244000000	9
ta7D	244000000	245000000	10
ta7D	245000000	246000000	8
ta7D	246000000	247000000	1
ta7D	247000000	248000000	3
ta7D	248000000	249000000	1
ta7D	249000000	250000000	7
ta7D	250000000	251000000	5
ta7D	251000000	252000000	1
ta7D	252000000	253000000	8
ta7D	253000000	254000000	8
ta7D	254000000	255000000	6
ta7D	255000000	256000000	7
ta7D	256000000	257000000	3
ta7D	257000000	258000000	9
ta7D	258000000	259000000	3
ta7D	259000000	260000000	5
ta7D	260000000	261000000	9
ta7D	261000000	262000000	3
ta7D	262000000	263000000	6
ta7D	263000000	264000000	7
ta7D	264000000	265000000	6
ta7D	265000000	266000000	3
ta7D	266000000	267000000	2
ta7D	267000000	268000000	2
ta7D	268000000	269000000	5
ta7D	269000000	270000000	2
ta7D	270000000	271000000	9
ta7D	271000000	272000000	7
ta7D	272000000	273000000	22
ta7D	273000000	274000000	9
ta7D	274000000	275000000	3
ta7D	275000000	276000000	4
ta7D	276000000	277000000	10
ta7D	277000000	278000000	6
ta7D	278000000	279000000	5
ta7D	279000000	280000000	6
ta7D	280000000	281000000	9
ta7D	281000000	282000000	5
ta7D	282000000	283000000	2
ta7D	283000000	284000000	1
ta7D	284000000	285000000	1
ta7D	285000000	286000000	7
ta7D	286000000	287000000	1
ta7D	287000000	288000000	2
ta7D	288000000	289000000	2
ta7D	289000000	290000000	0
ta7D	290000000	291000000	0
ta7D	291000000	292000000	3
ta7D	292000000	293000000	1
ta7D	293000000	294000000	3
ta7D	294000000	295000000	1
ta7D	295000000	296000000	4
ta7D	296000000	297000000	5
ta7D	297000000	298000000	2
ta7D	298000000	299000000	4
ta7D	299000000	300000000	4
ta7D	300000000	301000000	4
ta7D	301000000	302000000	2
ta7D	302000000	303000000	1
ta7D	303000000	304000000	1
ta7D	304000000	305000000	6
ta7D	305000000	306000000	0
ta7D	306000000	307000000	1
ta7D	307000000	308000000	3
ta7D	308000000	309000000	1
ta7D	309000000	310000000	3
ta7D	310000000	311000000	2
ta7D	311000000	312000000	1
ta7D	312000000	313000000	1
ta7D	313000000	314000000	2
ta7D	314000000	315000000	2
ta7D	315000000	316000000	0
ta7D	316000000	317000000	0
ta7D	317000000	318000000	3
ta7D	318000000	319000000	2
ta7D	319000000	320000000	5
ta7D	320000000	321000000	2
ta7D	321000000	322000000	1
ta7D	322000000	323000000	1
ta7D	323000000	324000000	1
ta7D	324000000	325000000	4
ta7D	325000000	326000000	0
ta7D	326000000	327000000	4
ta7D	327000000	328000000	1
ta7D	328000000	329000000	1
ta7D	329000000	330000000	1
ta7D	330000000	331000000	0
ta7D	331000000	332000000	1
ta7D	332000000	333000000	3
ta7D	333000000	334000000	1
ta7D	334000000	335000000	3
ta7D	335000000	336000000	1
ta7D	336000000	337000000	3
ta7D	337000000	338000000	2
ta7D	338000000	339000000	1
ta7D	339000000	340000000	0
ta7D	340000000	341000000	2
ta7D	341000000	342000000	1
ta7D	342000000	343000000	3
ta7D	343000000	344000000	2
ta7D	344000000	345000000	1
ta7D	345000000	346000000	1
ta7D	346000000	347000000	2
ta7D	347000000	348000000	2
ta7D	348000000	349000000	0
ta7D	349000000	350000000	0
ta7D	350000000	351000000	2
ta7D	351000000	352000000	3
ta7D	352000000	353000000	0
ta7D	353000000	354000000	1
ta7D	354000000	355000000	4
ta7D	355000000	356000000	2
ta7D	356000000	357000000	3
ta7D	357000000	358000000	1
ta7D	358000000	359000000	4
ta7D	359000000	360000000	5
ta7D	360000000	361000000	0
ta7D	361000000	362000000	2
ta7D	362000000	363000000	2
ta7D	363000000	364000000	3
ta7D	364000000	365000000	3
ta7D	365000000	366000000	1
ta7D	366000000	367000000	0
ta7D	367000000	368000000	0
ta7D	368000000	369000000	3
ta7D	369000000	370000000	3
ta7D	370000000	371000000	4
ta7D	371000000	372000000	4
ta7D	372000000	373000000	5
ta7D	373000000	374000000	9
ta7D	374000000	375000000	2
ta7D	375000000	376000000	1
ta7D	376000000	377000000	3
ta7D	377000000	378000000	4
ta7D	378000000	379000000	4
ta7D	379000000	380000000	4
ta7D	380000000	381000000	4
ta7D	381000000	382000000	2
ta7D	382000000	383000000	2
ta7D	383000000	384000000	2
ta7D	384000000	385000000	9
ta7D	385000000	386000000	4
ta7D	386000000	387000000	7
ta7D	387000000	388000000	10
ta7D	388000000	389000000	5
ta7D	389000000	390000000	3
ta7D	390000000	391000000	12
ta7D	391000000	392000000	4
ta7D	392000000	393000000	5
ta7D	393000000	394000000	6
ta7D	394000000	395000000	14
ta7D	395000000	396000000	12
ta7D	396000000	397000000	7
ta7D	397000000	398000000	1
ta7D	398000000	399000000	12
ta7D	399000000	400000000	3
ta7D	400000000	401000000	7
ta7D	401000000	402000000	8
ta7D	402000000	403000000	10
ta7D	403000000	404000000	7
ta7D	404000000	405000000	8
ta7D	405000000	406000000	10
ta7D	406000000	407000000	2
ta7D	407000000	408000000	3
ta7D	408000000	409000000	0
ta7D	409000000	410000000	2
ta7D	410000000	411000000	10
ta7D	411000000	412000000	12
ta7D	412000000	413000000	4
ta7D	413000000	414000000	8
ta7D	414000000	415000000	4
ta7D	415000000	416000000	3
ta7D	416000000	417000000	7
ta7D	417000000	418000000	9
ta7D	418000000	419000000	1
ta7D	419000000	420000000	8
ta7D	420000000	421000000	7
ta7D	421000000	422000000	7
ta7D	422000000	423000000	11
ta7D	423000000	424000000	16
ta7D	424000000	425000000	10
ta7D	425000000	426000000	5
ta7D	426000000	427000000	9
ta7D	427000000	428000000	9
ta7D	428000000	429000000	4
ta7D	429000000	430000000	7
ta7D	430000000	431000000	7
ta7D	431000000	432000000	7
ta7D	432000000	433000000	15
ta7D	433000000	434000000	13
ta7D	434000000	435000000	7
ta7D	435000000	436000000	3
ta7D	436000000	437000000	11
ta7D	437000000	438000000	5
ta7D	438000000	439000000	1
ta7D	439000000	440000000	0
ta7D	440000000	441000000	9
ta7D	441000000	442000000	5
ta7D	442000000	443000000	7
ta7D	443000000	444000000	5
ta7D	444000000	445000000	9
ta7D	445000000	446000000	4
ta7D	446000000	447000000	4
ta7D	447000000	448000000	10
ta7D	448000000	449000000	10
ta7D	449000000	450000000	5
ta7D	450000000	451000000	13
ta7D	451000000	452000000	3
ta7D	452000000	453000000	4
ta7D	453000000	454000000	5
ta7D	454000000	455000000	2
ta7D	455000000	456000000	7
ta7D	456000000	457000000	4
ta7D	457000000	458000000	13
ta7D	458000000	459000000	4
ta7D	459000000	460000000	8
ta7D	460000000	461000000	10
ta7D	461000000	462000000	7
ta7D	462000000	463000000	8
ta7D	463000000	464000000	13
ta7D	464000000	465000000	4
ta7D	465000000	466000000	7
ta7D	466000000	467000000	0
ta7D	467000000	468000000	8
ta7D	468000000	469000000	7
ta7D	469000000	470000000	8
ta7D	470000000	471000000	15
ta7D	471000000	472000000	8
ta7D	472000000	473000000	12
ta7D	473000000	474000000	3
ta7D	474000000	475000000	13
ta7D	475000000	476000000	1
ta7D	476000000	477000000	6
ta7D	477000000	478000000	3
ta7D	478000000	479000000	8
ta7D	479000000	480000000	6
ta7D	480000000	481000000	5
ta7D	481000000	482000000	6
ta7D	482000000	483000000	5
ta7D	483000000	484000000	4
ta7D	484000000	485000000	6
ta7D	485000000	486000000	12
ta7D	486000000	487000000	4
ta7D	487000000	488000000	6
ta7D	488000000	489000000	10
ta7D	489000000	490000000	15
ta7D	490000000	491000000	9
ta7D	491000000	492000000	5
ta7D	492000000	493000000	8
ta7D	493000000	494000000	3
ta7D	494000000	495000000	7
ta7D	495000000	496000000	10
ta7D	496000000	497000000	14
ta7D	497000000	498000000	5
ta7D	498000000	499000000	5
ta7D	499000000	500000000	13
ta7D	500000000	501000000	7
ta7D	501000000	502000000	5
ta7D	502000000	503000000	8
ta7D	503000000	504000000	2
ta7D	504000000	505000000	3
ta7D	505000000	506000000	6
ta7D	506000000	507000000	14
ta7D	507000000	508000000	9
ta7D	508000000	509000000	3
ta7D	509000000	510000000	6
ta7D	510000000	511000000	10
ta7D	511000000	512000000	20
ta7D	512000000	513000000	8
ta7D	513000000	514000000	4
ta7D	514000000	515000000	7
ta7D	515000000	516000000	8
ta7D	516000000	517000000	6
ta7D	517000000	518000000	16
ta7D	518000000	519000000	3
ta7D	519000000	520000000	11
ta7D	520000000	521000000	16
ta7D	521000000	522000000	13
ta7D	522000000	523000000	12
ta7D	523000000	524000000	3
ta7D	524000000	525000000	2
ta7D	525000000	526000000	11
ta7D	526000000	527000000	8
ta7D	527000000	528000000	3
ta7D	528000000	529000000	7
ta7D	529000000	530000000	16
ta7D	530000000	531000000	10
ta7D	531000000	532000000	6
ta7D	532000000	533000000	13
ta7D	533000000	534000000	13
ta7D	534000000	535000000	11
ta7D	535000000	536000000	7
ta7D	536000000	537000000	6
ta7D	537000000	538000000	7
ta7D	538000000	539000000	11
ta7D	539000000	540000000	6
ta7D	540000000	541000000	16
ta7D	541000000	542000000	12
ta7D	542000000	543000000	9
ta7D	543000000	544000000	8
ta7D	544000000	545000000	5
ta7D	545000000	546000000	12
ta7D	546000000	547000000	12
ta7D	547000000	548000000	7
ta7D	548000000	549000000	8
ta7D	549000000	550000000	9
ta7D	550000000	551000000	7
ta7D	551000000	552000000	14
ta7D	552000000	553000000	2
ta7D	553000000	554000000	3
ta7D	554000000	555000000	8
ta7D	555000000	556000000	11
ta7D	556000000	557000000	17
ta7D	557000000	558000000	4
ta7D	558000000	559000000	14
ta7D	559000000	560000000	22
ta7D	560000000	561000000	20
ta7D	561000000	562000000	10
ta7D	562000000	563000000	9
ta7D	563000000	564000000	12
ta7D	564000000	565000000	3
ta7D	565000000	566000000	12
ta7D	566000000	567000000	13
ta7D	567000000	568000000	8
ta7D	568000000	569000000	6
ta7D	569000000	570000000	10
ta7D	570000000	571000000	12
ta7D	571000000	572000000	3
ta7D	572000000	573000000	16
ta7D	573000000	574000000	9
ta7D	574000000	575000000	6
ta7D	575000000	576000000	6
ta7D	576000000	577000000	3
ta7D	577000000	578000000	10
ta7D	578000000	579000000	17
ta7D	579000000	580000000	12
ta7D	580000000	581000000	25
ta7D	581000000	582000000	10
ta7D	582000000	583000000	7
ta7D	583000000	584000000	5
ta7D	584000000	585000000	18
ta7D	585000000	586000000	5
ta7D	586000000	587000000	20
ta7D	587000000	588000000	12
ta7D	588000000	589000000	20
ta7D	589000000	590000000	23
ta7D	590000000	591000000	22
ta7D	591000000	592000000	20
ta7D	592000000	593000000	18
ta7D	593000000	594000000	19
ta7D	594000000	595000000	12
ta7D	595000000	596000000	4
ta7D	596000000	597000000	9
ta7D	597000000	598000000	1
ta7D	598000000	599000000	16
ta7D	599000000	600000000	12
ta7D	600000000	601000000	28
ta7D	601000000	602000000	16
ta7D	602000000	603000000	9
ta7D	603000000	604000000	20
ta7D	604000000	605000000	19
ta7D	605000000	606000000	7
ta7D	606000000	607000000	15
ta7D	607000000	608000000	10
ta7D	608000000	609000000	10
ta7D	609000000	610000000	12
ta7D	610000000	611000000	10
ta7D	611000000	612000000	15
ta7D	612000000	613000000	12
ta7D	613000000	614000000	19
ta7D	614000000	615000000	22
ta7D	615000000	616000000	20
ta7D	616000000	617000000	11
ta7D	617000000	618000000	7
ta7D	618000000	619000000	15
ta7D	619000000	620000000	14
ta7D	620000000	621000000	15
ta7D	621000000	622000000	10
ta7D	622000000	623000000	16
ta7D	623000000	624000000	22
ta7D	624000000	625000000	16
ta7D	625000000	626000000	30
ta7D	626000000	627000000	9
ta7D	627000000	628000000	10
ta7D	628000000	629000000	27
ta7D	629000000	630000000	19
ta7D	630000000	631000000	11
ta7D	631000000	632000000	25
ta7D	632000000	633000000	9
ta7D	633000000	634000000	20
ta7D	634000000	635000000	15
ta7D	635000000	636000000	16
ta7D	636000000	637000000	10
ta7D	637000000	638000000	4
ta7D	638000000	639000000	18
ta7D	639000000	640000000	17
ta7D	640000000	641000000	23
ta7D	641000000	642000000	24
ta7D	642000000	643000000	29
ta7D	643000000	644000000	21
ta7D	644000000	645000000	11
ta7D	645000000	646000000	6
ta7D	646000000	647000000	5
ta7D	647000000	648000000	21
ta7D	648000000	649000000	13
ta7D	649000000	650000000	5
ta7D	650000000	651000000	24
ta7D	651000000	652000000	16
ta7D	652000000	653000000	10
ta7D	653000000	653595455	20
